ID,ApprovalStep_ID,GID,createdAt,createdBy,modifiedAt,modifiedBy
1950ce15-bbf3-435d-9df2-7560e9eb163c,5f89758a-493a-4e48-90da-963c3ee5e75a,Z004TAMU,2026-08-20T00:00:00Z,admin,2026-08-20T00:00:00Z,admin
afb48fc5-c266-4936-a09c-887914905086,5f89758a-493a-4e48-90da-963c3ee5e75a,Z00531DY,2026-08-20T00:00:00Z,admin,2026-08-20T00:00:00Z,admin
c90b2272-2949-45d0-82cc-309bfa6cefae,5f89758a-493a-4e48-90da-963c3ee5e75a,Z004XVAC,2026-08-20T00:00:00Z,admin,2026-08-20T00:00:00Z,admin
9cf0b31e-55db-4d27-96e5-5877d5938be6,5f89758a-493a-4e48-90da-963c3ee5e75a,Z0052TYP,2026-08-20T00:00:00Z,admin,2026-08-20T00:00:00Z,admin
a55e2dda-aab9-4f58-a3fa-65c6668f0db6,5f89758a-493a-4e48-90da-963c3ee5e75a,Z002Z66N,2026-08-20T00:00:00Z,admin,2026-08-20T00:00:00Z,admin
81f176ac-0649-4515-80f5-b34a48078e1f,5f89758a-493a-4e48-90da-963c3ee5e75a,Z004YK1R,2026-08-20T00:00:00Z,admin,2026-08-20T00:00:00Z,admin
b4714012-0619-4271-b734-84c6f855bc07,5f89758a-493a-4e48-90da-963c3ee5e75a,Z004Z7ZE,2026-08-20T00:00:00Z,admin,2026-08-20T00:00:00Z,admin
796b6f06-8e13-4bb1-ac40-73b3aa731ac6,5f89758a-493a-4e48-90da-963c3ee5e75a,Z0054KNE,2026-08-20T00:00:00Z,admin,2026-08-20T00:00:00Z,admin
070f9208-2d0b-47ea-9cb0-6b3e44c09c63,5f89758a-493a-4e48-90da-963c3ee5e75a,Z0028XMJ,2026-08-20T00:00:00Z,admin,2026-08-20T00:00:00Z,admin
7cead2c9-ce29-41a4-8ab1-997a4e264c4a,5f89758a-493a-4e48-90da-963c3ee5e75a,Z004FUJT,2026-08-20T00:00:00Z,admin,2026-08-20T00:00:00Z,admin
f5c104d6-1048-4dab-b54e-97bf740ba145,5f89758a-493a-4e48-90da-963c3ee5e75a,Z001WYDU,2026-08-20T00:00:00Z,admin,2026-08-20T00:00:00Z,admin
9101cc47-18d4-4204-ae0c-4132df9e87b9,5f89758a-493a-4e48-90da-963c3ee5e75a,Z0014WKT,2026-08-20T00:00:00Z,admin,2026-08-20T00:00:00Z,admin
062e4317-4070-4dc1-991d-49a2bf2b46ff,5f89758a-493a-4e48-90da-963c3ee5e75a,Z0039MYX,2026-08-20T00:00:00Z,admin,2026-08-20T00:00:00Z,admin
55b441d7-57b1-4d55-98be-146035bc7846,5f89758a-493a-4e48-90da-963c3ee5e75a,Z0051EJU,2026-08-20T00:00:00Z,admin,2026-08-20T00:00:00Z,admin
6877251b-8b88-410f-94fa-9b16bc2cc6d2,5f89758a-493a-4e48-90da-963c3ee5e75a,Z003RN6R,2026-08-20T00:00:00Z,admin,2026-08-20T00:00:00Z,admin
677e0ae6-57cc-4120-93a2-37e9dea55437,5f89758a-493a-4e48-90da-963c3ee5e75a,Z0046D7W,2026-08-20T00:00:00Z,admin,2026-08-20T00:00:00Z,admin
a2961b71-a001-4cad-850a-3e3ba23903bd,5f89758a-493a-4e48-90da-963c3ee5e75a,Z000268E,2026-08-20T00:00:00Z,admin,2026-08-20T00:00:00Z,admin
c090600f-05bc-4a7d-a502-e228e609a96a,5f89758a-493a-4e48-90da-963c3ee5e75a,Z002JB9N,2026-08-20T00:00:00Z,admin,2026-08-20T00:00:00Z,admin
e6ab1183-1310-4062-a3cd-1e1bcd4d1acb,5f89758a-493a-4e48-90da-963c3ee5e75a,Z002ZJEH,2026-08-20T00:00:00Z,admin,2026-08-20T00:00:00Z,admin
98208cae-2162-4c88-8931-f226daef3a27,5f89758a-493a-4e48-90da-963c3ee5e75a,Z0033TXK,2026-08-20T00:00:00Z,admin,2026-08-20T00:00:00Z,admin
413274f8-6cbb-4042-adfd-1c6fa54ed623,5f89758a-493a-4e48-90da-963c3ee5e75a,Z0037XDV,2026-08-20T00:00:00Z,admin,2026-08-20T00:00:00Z,admin
0c2343ab-587d-49f8-b5a2-dfc19b93f5dc,5f89758a-493a-4e48-90da-963c3ee5e75a,Z0030F0C,2026-08-20T00:00:00Z,admin,2026-08-20T00:00:00Z,admin
2bf1c7ba-df40-4bad-bcf1-ee92cafa788d,5f89758a-493a-4e48-90da-963c3ee5e75a,Z0049ETY,2026-08-20T00:00:00Z,admin,2026-08-20T00:00:00Z,admin
17d95df9-dcc0-4444-ab7f-7de71425f387,5f89758a-493a-4e48-90da-963c3ee5e75a,Z00531ED,2026-08-20T00:00:00Z,admin,2026-08-20T00:00:00Z,admin
91cbe95e-1201-43c7-b8e0-e60aef106ab2,5f89758a-493a-4e48-90da-963c3ee5e75a,Z00578UN,2026-08-20T00:00:00Z,admin,2026-08-20T00:00:00Z,admin
44a0dc9c-b994-4411-958f-ecea21c792b5,5f89758a-493a-4e48-90da-963c3ee5e75a,Z0022MPU,2026-08-20T00:00:00Z,admin,2026-08-20T00:00:00Z,admin
cf3e86b7-728f-4f5b-a2d0-6dcbbaac5420,5f89758a-493a-4e48-90da-963c3ee5e75a,Z00360RB,2026-08-20T00:00:00Z,admin,2026-08-20T00:00:00Z,admin
428eb088-4924-4834-b3bc-e1d97dbc9428,5f89758a-493a-4e48-90da-963c3ee5e75a,Z00580YJ,2026-08-20T00:00:00Z,admin,2026-08-20T00:00:00Z,admin
9a95ae80-6a64-4b34-8188-2de4a16f6117,5f89758a-493a-4e48-90da-963c3ee5e75a,Z004XVAB,2026-08-20T00:00:00Z,admin,2026-08-20T00:00:00Z,admin
87637fb1-4e68-48a5-a4af-cad54c01f582,5f89758a-493a-4e48-90da-963c3ee5e75a,Z00503ZF,2026-08-20T00:00:00Z,admin,2026-08-20T00:00:00Z,admin
8663147e-c04f-4c8a-ba6f-6c946b5043c7,5f89758a-493a-4e48-90da-963c3ee5e75a,Z0053X3Z,2026-08-20T00:00:00Z,admin,2026-08-20T00:00:00Z,admin
de1a049a-f155-4684-a965-5d0a5ef7a5dc,5f89758a-493a-4e48-90da-963c3ee5e75a,Z004Z8HY,2026-08-20T00:00:00Z,admin,2026-08-20T00:00:00Z,admin
73f4fcf1-c74d-46e6-a6ce-7de144019051,5f89758a-493a-4e48-90da-963c3ee5e75a,Z00366PH,2026-08-20T00:00:00Z,admin,2026-08-20T00:00:00Z,admin
16bea0bf-284d-4eb8-9be0-f20128eab358,5f89758a-493a-4e48-90da-963c3ee5e75a,Z002M9XR,2026-08-20T00:00:00Z,admin,2026-08-20T00:00:00Z,admin
84e5c600-dcd4-4899-a160-358b8ce6e775,5f89758a-493a-4e48-90da-963c3ee5e75a,Z0059DWT,2026-08-20T00:00:00Z,admin,2026-08-20T00:00:00Z,admin
aec6a3d2-12ab-4193-8a11-3866aac3a18d,5f89758a-493a-4e48-90da-963c3ee5e75a,Z005989N,2026-08-20T00:00:00Z,admin,2026-08-20T00:00:00Z,admin
df877960-cd53-45ae-9826-bbe8ee70057c,5f89758a-493a-4e48-90da-963c3ee5e75a,Z0059DYC,2026-08-20T00:00:00Z,admin,2026-08-20T00:00:00Z,admin
495aa295-2c98-48e7-99a3-de3ae4eb904d,5f89758a-493a-4e48-90da-963c3ee5e75a,Z0047WTV,2026-08-20T00:00:00Z,admin,2026-08-20T00:00:00Z,admin
80311a5f-888d-4c3a-90a3-2ec065c09cc5,197e993c-586d-43fd-9c06-5102c273ecd4,Z004TAMU,2026-08-20T00:00:00Z,admin,2026-08-20T00:00:00Z,admin
e25f14cc-948b-49d7-a507-a3b7f7d8ccc7,197e993c-586d-43fd-9c06-5102c273ecd4,Z00531DY,2026-08-20T00:00:00Z,admin,2026-08-20T00:00:00Z,admin
a8f94ea8-3b78-43a6-ab5b-c59c4586ba2e,197e993c-586d-43fd-9c06-5102c273ecd4,Z004XVAC,2026-08-20T00:00:00Z,admin,2026-08-20T00:00:00Z,admin
d3706d8f-c5a3-4931-ab23-6babbdc70eaa,197e993c-586d-43fd-9c06-5102c273ecd4,Z0052TYP,2026-08-20T00:00:00Z,admin,2026-08-20T00:00:00Z,admin
31118675-f829-4389-a63c-1c0fc6ec77da,197e993c-586d-43fd-9c06-5102c273ecd4,Z002Z66N,2026-08-20T00:00:00Z,admin,2026-08-20T00:00:00Z,admin
7dcc334c-5926-45bf-9a8d-8ead8030e4c5,197e993c-586d-43fd-9c06-5102c273ecd4,Z004YK1R,2026-08-20T00:00:00Z,admin,2026-08-20T00:00:00Z,admin
b450d192-9711-473f-8b77-f57fadfd551b,197e993c-586d-43fd-9c06-5102c273ecd4,Z004Z7ZE,2026-08-20T00:00:00Z,admin,2026-08-20T00:00:00Z,admin
1d4ccc22-af29-4f2a-a997-27bdc277eb0c,197e993c-586d-43fd-9c06-5102c273ecd4,Z0054KNE,2026-08-20T00:00:00Z,admin,2026-08-20T00:00:00Z,admin
1245bf44-a159-4a12-b2eb-fc1afb40a7c0,197e993c-586d-43fd-9c06-5102c273ecd4,Z0028XMJ,2026-08-20T00:00:00Z,admin,2026-08-20T00:00:00Z,admin
0e6edbb1-5232-4cc0-a788-a0640e9a4be5,197e993c-586d-43fd-9c06-5102c273ecd4,Z004FUJT,2026-08-20T00:00:00Z,admin,2026-08-20T00:00:00Z,admin
5d3c7d27-6dc4-4f9a-b029-2023477a1dd8,197e993c-586d-43fd-9c06-5102c273ecd4,Z001WYDU,2026-08-20T00:00:00Z,admin,2026-08-20T00:00:00Z,admin
3960638b-f7a3-4bab-960c-b033cb4c3c9f,197e993c-586d-43fd-9c06-5102c273ecd4,Z0014WKT,2026-08-20T00:00:00Z,admin,2026-08-20T00:00:00Z,admin
187f5bfa-aed0-4e1c-9879-535e927f78a4,197e993c-586d-43fd-9c06-5102c273ecd4,Z0039MYX,2026-08-20T00:00:00Z,admin,2026-08-20T00:00:00Z,admin
b09451bb-7d39-4d1b-a8e8-400aed7bc098,197e993c-586d-43fd-9c06-5102c273ecd4,Z0051EJU,2026-08-20T00:00:00Z,admin,2026-08-20T00:00:00Z,admin
77eb555a-5c11-4f5e-81f5-f1d69ff8ea5e,197e993c-586d-43fd-9c06-5102c273ecd4,Z003RN6R,2026-08-20T00:00:00Z,admin,2026-08-20T00:00:00Z,admin
e42ef80a-c482-41f4-8cd0-2f74d1d93ed7,197e993c-586d-43fd-9c06-5102c273ecd4,Z0046D7W,2026-08-20T00:00:00Z,admin,2026-08-20T00:00:00Z,admin
a3b9f8ac-b7de-4659-be0c-99be182ea648,197e993c-586d-43fd-9c06-5102c273ecd4,Z000268E,2026-08-20T00:00:00Z,admin,2026-08-20T00:00:00Z,admin
f094a75d-cf48-4166-a4e8-67f6bc7d57cf,197e993c-586d-43fd-9c06-5102c273ecd4,Z002JB9N,2026-08-20T00:00:00Z,admin,2026-08-20T00:00:00Z,admin
bbab1134-903b-4183-a740-76f4ec4583e5,197e993c-586d-43fd-9c06-5102c273ecd4,Z002ZJEH,2026-08-20T00:00:00Z,admin,2026-08-20T00:00:00Z,admin
b60d1429-5c24-4b31-b192-a67d96600db9,197e993c-586d-43fd-9c06-5102c273ecd4,Z0033TXK,2026-08-20T00:00:00Z,admin,2026-08-20T00:00:00Z,admin
ae93ce5f-68e7-4177-9cca-e6278868b561,197e993c-586d-43fd-9c06-5102c273ecd4,Z0037XDV,2026-08-20T00:00:00Z,admin,2026-08-20T00:00:00Z,admin
3a6a7de0-a195-43bf-93cf-15135207cee6,197e993c-586d-43fd-9c06-5102c273ecd4,Z0030F0C,2026-08-20T00:00:00Z,admin,2026-08-20T00:00:00Z,admin
cdc9af93-8b72-4de4-858c-3a3194544658,197e993c-586d-43fd-9c06-5102c273ecd4,Z0049ETY,2026-08-20T00:00:00Z,admin,2026-08-20T00:00:00Z,admin
6d4e8084-5874-41dc-909d-25e9d8979139,197e993c-586d-43fd-9c06-5102c273ecd4,Z00531ED,2026-08-20T00:00:00Z,admin,2026-08-20T00:00:00Z,admin
dc0b9587-6e46-4c3b-af71-9890d942686b,197e993c-586d-43fd-9c06-5102c273ecd4,Z00578UN,2026-08-20T00:00:00Z,admin,2026-08-20T00:00:00Z,admin
632fa1fe-6316-4227-bd29-c01aeffba4b8,197e993c-586d-43fd-9c06-5102c273ecd4,Z0022MPU,2026-08-20T00:00:00Z,admin,2026-08-20T00:00:00Z,admin
600ff09b-fefd-41d6-9f0e-80fe4edef772,197e993c-586d-43fd-9c06-5102c273ecd4,Z00360RB,2026-08-20T00:00:00Z,admin,2026-08-20T00:00:00Z,admin
b5152cdc-1222-4208-b721-dff9957268a2,197e993c-586d-43fd-9c06-5102c273ecd4,Z00580YJ,2026-08-20T00:00:00Z,admin,2026-08-20T00:00:00Z,admin
82634d2d-2a8f-4350-9ad9-2c3a6e530374,197e993c-586d-43fd-9c06-5102c273ecd4,Z004XVAB,2026-08-20T00:00:00Z,admin,2026-08-20T00:00:00Z,admin
3d746152-29eb-4856-b767-7d4086b12c77,197e993c-586d-43fd-9c06-5102c273ecd4,Z00503ZF,2026-08-20T00:00:00Z,admin,2026-08-20T00:00:00Z,admin
42534def-cf45-4814-bf35-d95a64fa49dd,197e993c-586d-43fd-9c06-5102c273ecd4,Z0053X3Z,2026-08-20T00:00:00Z,admin,2026-08-20T00:00:00Z,admin
eb4fd296-18e1-46dc-a06f-a0355d73fb23,197e993c-586d-43fd-9c06-5102c273ecd4,Z004Z8HY,2026-08-20T00:00:00Z,admin,2026-08-20T00:00:00Z,admin
02ba7b5d-9676-48b0-84f1-394d50b09eef,197e993c-586d-43fd-9c06-5102c273ecd4,Z00366PH,2026-08-20T00:00:00Z,admin,2026-08-20T00:00:00Z,admin
5323047c-90f4-48b0-b1cf-5cd9affcd010,197e993c-586d-43fd-9c06-5102c273ecd4,Z002M9XR,2026-08-20T00:00:00Z,admin,2026-08-20T00:00:00Z,admin
558a08ad-fc39-44a1-95a6-f9df2f74e9c8,197e993c-586d-43fd-9c06-5102c273ecd4,Z0059DWT,2026-08-20T00:00:00Z,admin,2026-08-20T00:00:00Z,admin
396eefe5-99f4-4b7f-96e5-973fa31da489,197e993c-586d-43fd-9c06-5102c273ecd4,Z005989N,2026-08-20T00:00:00Z,admin,2026-08-20T00:00:00Z,admin
d1a0e77e-5d38-4ca6-b364-cf815fc3410e,197e993c-586d-43fd-9c06-5102c273ecd4,Z0059DYC,2026-08-20T00:00:00Z,admin,2026-08-20T00:00:00Z,admin
7000ff58-cb77-418c-a288-5c9b7a0be32d,197e993c-586d-43fd-9c06-5102c273ecd4,Z0047WTV,2026-08-20T00:00:00Z,admin,2026-08-20T00:00:00Z,admin
9191d308-49f5-4333-9ed6-a020511b24c8,10863079-de52-431b-be5f-eed3cf76e58b,Z004TAMU,2026-08-20T00:00:00Z,admin,2026-08-20T00:00:00Z,admin
bd08e148-eab8-4ee8-b845-6f729fa8db00,10863079-de52-431b-be5f-eed3cf76e58b,Z00531DY,2026-08-20T00:00:00Z,admin,2026-08-20T00:00:00Z,admin
0c57a062-4b1a-4cf9-8d37-bebe7b077878,10863079-de52-431b-be5f-eed3cf76e58b,Z004XVAC,2026-08-20T00:00:00Z,admin,2026-08-20T00:00:00Z,admin
ee4666a2-1c20-4fb9-ac1a-b338851a99f0,10863079-de52-431b-be5f-eed3cf76e58b,Z0052TYP,2026-08-20T00:00:00Z,admin,2026-08-20T00:00:00Z,admin
e89a4986-99e6-4a2a-8674-723c492d2c89,10863079-de52-431b-be5f-eed3cf76e58b,Z002Z66N,2026-08-20T00:00:00Z,admin,2026-08-20T00:00:00Z,admin
f22d5a51-98e8-40ab-9afa-ad454a60dd9b,10863079-de52-431b-be5f-eed3cf76e58b,Z004YK1R,2026-08-20T00:00:00Z,admin,2026-08-20T00:00:00Z,admin
760ed3bc-1719-422f-9022-1c02bfbd0b7f,10863079-de52-431b-be5f-eed3cf76e58b,Z004Z7ZE,2026-08-20T00:00:00Z,admin,2026-08-20T00:00:00Z,admin
a7d81682-3cb4-4b59-a220-217e3f101079,10863079-de52-431b-be5f-eed3cf76e58b,Z0054KNE,2026-08-20T00:00:00Z,admin,2026-08-20T00:00:00Z,admin
fb8879ac-e7fc-4530-8dba-cc7b591b8e8f,10863079-de52-431b-be5f-eed3cf76e58b,Z0028XMJ,2026-08-20T00:00:00Z,admin,2026-08-20T00:00:00Z,admin
b57f191c-d0ed-46e0-b4d1-5ec9e4d40f07,10863079-de52-431b-be5f-eed3cf76e58b,Z004FUJT,2026-08-20T00:00:00Z,admin,2026-08-20T00:00:00Z,admin
f4ded38a-0d4e-45b2-a96d-4f3499ac0386,10863079-de52-431b-be5f-eed3cf76e58b,Z001WYDU,2026-08-20T00:00:00Z,admin,2026-08-20T00:00:00Z,admin
93b20dc9-df6a-494f-88f5-ff6416239701,10863079-de52-431b-be5f-eed3cf76e58b,Z0014WKT,2026-08-20T00:00:00Z,admin,2026-08-20T00:00:00Z,admin
cf6be9b2-0aeb-4f00-82bf-0a7e82df2629,10863079-de52-431b-be5f-eed3cf76e58b,Z0039MYX,2026-08-20T00:00:00Z,admin,2026-08-20T00:00:00Z,admin
70755ad3-5fe8-47b9-b88c-92ccb4d63ec7,10863079-de52-431b-be5f-eed3cf76e58b,Z0051EJU,2026-08-20T00:00:00Z,admin,2026-08-20T00:00:00Z,admin
88049bf2-7430-4e5f-b217-223840295e4d,10863079-de52-431b-be5f-eed3cf76e58b,Z003RN6R,2026-08-20T00:00:00Z,admin,2026-08-20T00:00:00Z,admin
1ff1efbe-ee46-4fb8-9647-b011dbfc29bd,10863079-de52-431b-be5f-eed3cf76e58b,Z0046D7W,2026-08-20T00:00:00Z,admin,2026-08-20T00:00:00Z,admin
dc2e2593-685f-4076-a93f-a9e5771048e3,10863079-de52-431b-be5f-eed3cf76e58b,Z000268E,2026-08-20T00:00:00Z,admin,2026-08-20T00:00:00Z,admin
f7118a24-0ed4-4a10-85e2-35a33a7f7faf,10863079-de52-431b-be5f-eed3cf76e58b,Z002JB9N,2026-08-20T00:00:00Z,admin,2026-08-20T00:00:00Z,admin
45273952-7e8d-4c1e-8a5c-38de83ebb68e,10863079-de52-431b-be5f-eed3cf76e58b,Z002ZJEH,2026-08-20T00:00:00Z,admin,2026-08-20T00:00:00Z,admin
87a0268c-6a3e-47b7-aee0-b5cd4030c302,10863079-de52-431b-be5f-eed3cf76e58b,Z0033TXK,2026-08-20T00:00:00Z,admin,2026-08-20T00:00:00Z,admin
5cd80a5e-57b5-43bc-b76b-d78b4d90000e,10863079-de52-431b-be5f-eed3cf76e58b,Z0037XDV,2026-08-20T00:00:00Z,admin,2026-08-20T00:00:00Z,admin
637baf0a-fc6e-4de0-800a-4038aea38eb4,10863079-de52-431b-be5f-eed3cf76e58b,Z0030F0C,2026-08-20T00:00:00Z,admin,2026-08-20T00:00:00Z,admin
626d15c4-6c28-47f4-8d36-4122e8520201,10863079-de52-431b-be5f-eed3cf76e58b,Z0049ETY,2026-08-20T00:00:00Z,admin,2026-08-20T00:00:00Z,admin
7e65e30b-2288-48ef-9800-1ca2fe549069,10863079-de52-431b-be5f-eed3cf76e58b,Z00531ED,2026-08-20T00:00:00Z,admin,2026-08-20T00:00:00Z,admin
be28cb21-0658-4722-9994-738157df1976,10863079-de52-431b-be5f-eed3cf76e58b,Z00578UN,2026-08-20T00:00:00Z,admin,2026-08-20T00:00:00Z,admin
4a4e2312-2a86-45ff-a8ff-de6bfc5dd0dd,10863079-de52-431b-be5f-eed3cf76e58b,Z0022MPU,2026-08-20T00:00:00Z,admin,2026-08-20T00:00:00Z,admin
9add9389-934a-4b18-b340-6c9976ecec11,10863079-de52-431b-be5f-eed3cf76e58b,Z00360RB,2026-08-20T00:00:00Z,admin,2026-08-20T00:00:00Z,admin
d3e3c824-9926-4a57-808f-ba2b05dea8c4,10863079-de52-431b-be5f-eed3cf76e58b,Z00580YJ,2026-08-20T00:00:00Z,admin,2026-08-20T00:00:00Z,admin
f0db9150-faa3-49c9-9637-850476bde8aa,10863079-de52-431b-be5f-eed3cf76e58b,Z004XVAB,2026-08-20T00:00:00Z,admin,2026-08-20T00:00:00Z,admin
055dccc6-deef-4ad0-8a9e-53285b49aa94,10863079-de52-431b-be5f-eed3cf76e58b,Z00503ZF,2026-08-20T00:00:00Z,admin,2026-08-20T00:00:00Z,admin
ab754330-0c10-4045-8477-eb75fa006468,10863079-de52-431b-be5f-eed3cf76e58b,Z0053X3Z,2026-08-20T00:00:00Z,admin,2026-08-20T00:00:00Z,admin
08c3d84e-9f5f-4855-bae9-744a529ec84d,10863079-de52-431b-be5f-eed3cf76e58b,Z004Z8HY,2026-08-20T00:00:00Z,admin,2026-08-20T00:00:00Z,admin
62090d34-c37f-43b7-a429-599d2cd33b18,10863079-de52-431b-be5f-eed3cf76e58b,Z00366PH,2026-08-20T00:00:00Z,admin,2026-08-20T00:00:00Z,admin
6ffa8e4b-1b93-4327-830c-b1268e71d103,10863079-de52-431b-be5f-eed3cf76e58b,Z002M9XR,2026-08-20T00:00:00Z,admin,2026-08-20T00:00:00Z,admin
01e5d284-18cd-43cb-bfa3-248a1490a725,10863079-de52-431b-be5f-eed3cf76e58b,Z0059DWT,2026-08-20T00:00:00Z,admin,2026-08-20T00:00:00Z,admin
13d13b00-43ca-41b4-a925-984496378342,10863079-de52-431b-be5f-eed3cf76e58b,Z005989N,2026-08-20T00:00:00Z,admin,2026-08-20T00:00:00Z,admin
148f27e4-b032-4563-aba8-255f6280235a,10863079-de52-431b-be5f-eed3cf76e58b,Z0059DYC,2026-08-20T00:00:00Z,admin,2026-08-20T00:00:00Z,admin
ab6cf849-d221-49c3-942f-f92a5dc6c876,10863079-de52-431b-be5f-eed3cf76e58b,Z0047WTV,2026-08-20T00:00:00Z,admin,2026-08-20T00:00:00Z,admin
3d22bd85-4b52-49e8-918f-8cac52a86cfd,240d61b8-b473-4aac-89d4-1b551d0316ac,Z004TAMU,2026-08-20T00:00:00Z,admin,2026-08-20T00:00:00Z,admin
071916c5-2be0-4750-9c02-c9b46b3af5cb,240d61b8-b473-4aac-89d4-1b551d0316ac,Z00531DY,2026-08-20T00:00:00Z,admin,2026-08-20T00:00:00Z,admin
580770f1-630e-41dd-8ab4-b7eca3e4471e,240d61b8-b473-4aac-89d4-1b551d0316ac,Z004XVAC,2026-08-20T00:00:00Z,admin,2026-08-20T00:00:00Z,admin
a02f7269-1382-47d8-a65f-02ca4b16e5c5,240d61b8-b473-4aac-89d4-1b551d0316ac,Z0052TYP,2026-08-20T00:00:00Z,admin,2026-08-20T00:00:00Z,admin
16b22eda-a1af-4e53-9190-ea720b7f9379,240d61b8-b473-4aac-89d4-1b551d0316ac,Z002Z66N,2026-08-20T00:00:00Z,admin,2026-08-20T00:00:00Z,admin
06dc14ef-8f66-4521-82bc-49d1d9268baa,240d61b8-b473-4aac-89d4-1b551d0316ac,Z004YK1R,2026-08-20T00:00:00Z,admin,2026-08-20T00:00:00Z,admin
49036680-dcce-4788-a508-3be1c5314107,240d61b8-b473-4aac-89d4-1b551d0316ac,Z004Z7ZE,2026-08-20T00:00:00Z,admin,2026-08-20T00:00:00Z,admin
c0b23e96-d92d-42af-ad20-27826e614e51,240d61b8-b473-4aac-89d4-1b551d0316ac,Z0054KNE,2026-08-20T00:00:00Z,admin,2026-08-20T00:00:00Z,admin
a9398d62-390e-4068-973d-90e5a33fe97e,240d61b8-b473-4aac-89d4-1b551d0316ac,Z0028XMJ,2026-08-20T00:00:00Z,admin,2026-08-20T00:00:00Z,admin
86a1d8d5-c8f2-4055-b2dc-0dc56cff9810,240d61b8-b473-4aac-89d4-1b551d0316ac,Z004FUJT,2026-08-20T00:00:00Z,admin,2026-08-20T00:00:00Z,admin
70ce69f4-1921-4b59-9a66-6b12d8c31ca4,240d61b8-b473-4aac-89d4-1b551d0316ac,Z001WYDU,2026-08-20T00:00:00Z,admin,2026-08-20T00:00:00Z,admin
74657452-3252-46c4-a475-c762d7e4a7ba,240d61b8-b473-4aac-89d4-1b551d0316ac,Z0014WKT,2026-08-20T00:00:00Z,admin,2026-08-20T00:00:00Z,admin
affc6dc7-1333-449f-ab4e-f632e360f1a1,240d61b8-b473-4aac-89d4-1b551d0316ac,Z0039MYX,2026-08-20T00:00:00Z,admin,2026-08-20T00:00:00Z,admin
87daf077-07fa-481e-9d98-20abfe214a0f,240d61b8-b473-4aac-89d4-1b551d0316ac,Z0051EJU,2026-08-20T00:00:00Z,admin,2026-08-20T00:00:00Z,admin
eb8c39dc-4b10-4915-94f0-783655e7a201,240d61b8-b473-4aac-89d4-1b551d0316ac,Z003RN6R,2026-08-20T00:00:00Z,admin,2026-08-20T00:00:00Z,admin
acdc5993-a94a-415e-ac19-cebfe2885a73,240d61b8-b473-4aac-89d4-1b551d0316ac,Z0046D7W,2026-08-20T00:00:00Z,admin,2026-08-20T00:00:00Z,admin
494e83b1-8925-45c7-87ad-54082a1ab468,240d61b8-b473-4aac-89d4-1b551d0316ac,Z000268E,2026-08-20T00:00:00Z,admin,2026-08-20T00:00:00Z,admin
91c0432c-b538-42f4-98d6-daf79c9a47dc,240d61b8-b473-4aac-89d4-1b551d0316ac,Z002JB9N,2026-08-20T00:00:00Z,admin,2026-08-20T00:00:00Z,admin
3119d0df-946f-4423-91d7-f265344e3318,240d61b8-b473-4aac-89d4-1b551d0316ac,Z002ZJEH,2026-08-20T00:00:00Z,admin,2026-08-20T00:00:00Z,admin
c043687b-c765-45f1-ab10-6e585607e85c,240d61b8-b473-4aac-89d4-1b551d0316ac,Z0033TXK,2026-08-20T00:00:00Z,admin,2026-08-20T00:00:00Z,admin
37d05358-f895-48b1-840e-c2a1656c84a7,240d61b8-b473-4aac-89d4-1b551d0316ac,Z0037XDV,2026-08-20T00:00:00Z,admin,2026-08-20T00:00:00Z,admin
27b19940-93e0-4a99-811f-b8770b9aa33e,240d61b8-b473-4aac-89d4-1b551d0316ac,Z0030F0C,2026-08-20T00:00:00Z,admin,2026-08-20T00:00:00Z,admin
4f598bc3-a180-4b7d-8f48-365970983637,240d61b8-b473-4aac-89d4-1b551d0316ac,Z0049ETY,2026-08-20T00:00:00Z,admin,2026-08-20T00:00:00Z,admin
413ada1a-201f-46c2-810c-4cad6ee481a3,240d61b8-b473-4aac-89d4-1b551d0316ac,Z00531ED,2026-08-20T00:00:00Z,admin,2026-08-20T00:00:00Z,admin
50b7da10-6f88-4bbd-9f90-03b288e630fe,240d61b8-b473-4aac-89d4-1b551d0316ac,Z00578UN,2026-08-20T00:00:00Z,admin,2026-08-20T00:00:00Z,admin
c9098b54-b992-4bf6-836d-dc08c5197634,240d61b8-b473-4aac-89d4-1b551d0316ac,Z0022MPU,2026-08-20T00:00:00Z,admin,2026-08-20T00:00:00Z,admin
94f54afe-1089-4a13-a434-07a0281ab20e,240d61b8-b473-4aac-89d4-1b551d0316ac,Z00360RB,2026-08-20T00:00:00Z,admin,2026-08-20T00:00:00Z,admin
e84ff0cc-7168-49d1-87c1-98b804367cf8,240d61b8-b473-4aac-89d4-1b551d0316ac,Z00580YJ,2026-08-20T00:00:00Z,admin,2026-08-20T00:00:00Z,admin
5cb1280e-dff1-4c14-98f7-4a581156e1a1,240d61b8-b473-4aac-89d4-1b551d0316ac,Z004XVAB,2026-08-20T00:00:00Z,admin,2026-08-20T00:00:00Z,admin
842de5c0-f17a-4250-a375-9fa49399f957,240d61b8-b473-4aac-89d4-1b551d0316ac,Z00503ZF,2026-08-20T00:00:00Z,admin,2026-08-20T00:00:00Z,admin
12e0cae4-6de0-4d25-8f80-a80e4d7e14c2,240d61b8-b473-4aac-89d4-1b551d0316ac,Z0053X3Z,2026-08-20T00:00:00Z,admin,2026-08-20T00:00:00Z,admin
955534d0-e9f8-496c-a05e-ed3ad677ddf7,240d61b8-b473-4aac-89d4-1b551d0316ac,Z004Z8HY,2026-08-20T00:00:00Z,admin,2026-08-20T00:00:00Z,admin
fe3ccda1-2ac1-4dc3-beca-75a9acf8c40f,240d61b8-b473-4aac-89d4-1b551d0316ac,Z00366PH,2026-08-20T00:00:00Z,admin,2026-08-20T00:00:00Z,admin
8ea51f68-0419-4fd6-9b3a-f43a68280ec6,240d61b8-b473-4aac-89d4-1b551d0316ac,Z002M9XR,2026-08-20T00:00:00Z,admin,2026-08-20T00:00:00Z,admin
0c3e3054-740a-408a-9590-65f53730bf62,240d61b8-b473-4aac-89d4-1b551d0316ac,Z0059DWT,2026-08-20T00:00:00Z,admin,2026-08-20T00:00:00Z,admin
193049a3-1204-4c93-8fea-2691f65d2e04,240d61b8-b473-4aac-89d4-1b551d0316ac,Z005989N,2026-08-20T00:00:00Z,admin,2026-08-20T00:00:00Z,admin
16171af4-bc9e-4075-9643-9f8cbdf3d7e7,240d61b8-b473-4aac-89d4-1b551d0316ac,Z0059DYC,2026-08-20T00:00:00Z,admin,2026-08-20T00:00:00Z,admin
7564b0ad-056e-4cbe-a094-c9260afd4907,240d61b8-b473-4aac-89d4-1b551d0316ac,Z0047WTV,2026-08-20T00:00:00Z,admin,2026-08-20T00:00:00Z,admin
7acd9113-165c-4214-a040-30b59b40f76b,ffe53737-063b-4ee9-a04c-1b537975e548,Z004TAMU,2026-08-20T00:00:00Z,admin,2026-08-20T00:00:00Z,admin
53decc29-cd6a-4109-93ff-c62c5b45c131,ffe53737-063b-4ee9-a04c-1b537975e548,Z00531DY,2026-08-20T00:00:00Z,admin,2026-08-20T00:00:00Z,admin
77581a00-dd7c-4579-a41b-1964bac74d50,ffe53737-063b-4ee9-a04c-1b537975e548,Z004XVAC,2026-08-20T00:00:00Z,admin,2026-08-20T00:00:00Z,admin
4b6cfcf8-a6dd-4817-adc6-9ce5f0bf1f31,ffe53737-063b-4ee9-a04c-1b537975e548,Z0052TYP,2026-08-20T00:00:00Z,admin,2026-08-20T00:00:00Z,admin
0b976e2b-9ee7-436d-8fef-a2ab06b90652,ffe53737-063b-4ee9-a04c-1b537975e548,Z002Z66N,2026-08-20T00:00:00Z,admin,2026-08-20T00:00:00Z,admin
32c20790-3d92-43eb-8cc8-18ead6ffa01e,ffe53737-063b-4ee9-a04c-1b537975e548,Z004YK1R,2026-08-20T00:00:00Z,admin,2026-08-20T00:00:00Z,admin
b76859e4-bcbe-4373-8a53-49374307afd3,ffe53737-063b-4ee9-a04c-1b537975e548,Z004Z7ZE,2026-08-20T00:00:00Z,admin,2026-08-20T00:00:00Z,admin
08a919cd-9ac7-4bd0-8ffe-8e55c7b473e4,ffe53737-063b-4ee9-a04c-1b537975e548,Z0054KNE,2026-08-20T00:00:00Z,admin,2026-08-20T00:00:00Z,admin
e5420333-49a5-4ccb-9f32-00722613761b,ffe53737-063b-4ee9-a04c-1b537975e548,Z0028XMJ,2026-08-20T00:00:00Z,admin,2026-08-20T00:00:00Z,admin
02f9ee81-84f6-46f4-bbd6-ceb17ba06045,ffe53737-063b-4ee9-a04c-1b537975e548,Z004FUJT,2026-08-20T00:00:00Z,admin,2026-08-20T00:00:00Z,admin
2fa83e3a-362d-4942-9b26-f53e2ddce623,ffe53737-063b-4ee9-a04c-1b537975e548,Z001WYDU,2026-08-20T00:00:00Z,admin,2026-08-20T00:00:00Z,admin
1a1cd7bf-a385-460f-b022-aad281017b84,ffe53737-063b-4ee9-a04c-1b537975e548,Z0014WKT,2026-08-20T00:00:00Z,admin,2026-08-20T00:00:00Z,admin
63a162cc-6734-41b4-a807-bf6f8656a60c,ffe53737-063b-4ee9-a04c-1b537975e548,Z0039MYX,2026-08-20T00:00:00Z,admin,2026-08-20T00:00:00Z,admin
ef316822-7bad-4fa9-b2f7-60a8db8a2dbd,ffe53737-063b-4ee9-a04c-1b537975e548,Z0051EJU,2026-08-20T00:00:00Z,admin,2026-08-20T00:00:00Z,admin
97dd683d-f4f9-4c0c-9153-5ecade50beff,ffe53737-063b-4ee9-a04c-1b537975e548,Z003RN6R,2026-08-20T00:00:00Z,admin,2026-08-20T00:00:00Z,admin
88ca7ced-753a-4b9e-a1b0-b11702510eb7,ffe53737-063b-4ee9-a04c-1b537975e548,Z0046D7W,2026-08-20T00:00:00Z,admin,2026-08-20T00:00:00Z,admin
42588545-3578-4116-a990-607cae7c22c2,ffe53737-063b-4ee9-a04c-1b537975e548,Z000268E,2026-08-20T00:00:00Z,admin,2026-08-20T00:00:00Z,admin
7e4a26bd-fef1-4e9a-9246-9950c87a1b3d,ffe53737-063b-4ee9-a04c-1b537975e548,Z002JB9N,2026-08-20T00:00:00Z,admin,2026-08-20T00:00:00Z,admin
992290c4-9326-4a4c-8e64-95831c1b9f9d,ffe53737-063b-4ee9-a04c-1b537975e548,Z002ZJEH,2026-08-20T00:00:00Z,admin,2026-08-20T00:00:00Z,admin
38f4b5c4-71ec-4f0f-bae2-78a74c9ae335,ffe53737-063b-4ee9-a04c-1b537975e548,Z0033TXK,2026-08-20T00:00:00Z,admin,2026-08-20T00:00:00Z,admin
cc7e753b-1911-436a-89a7-5c1d2477d7f7,ffe53737-063b-4ee9-a04c-1b537975e548,Z0037XDV,2026-08-20T00:00:00Z,admin,2026-08-20T00:00:00Z,admin
2a056c08-21fe-4009-8cdf-f096eec36bad,ffe53737-063b-4ee9-a04c-1b537975e548,Z0030F0C,2026-08-20T00:00:00Z,admin,2026-08-20T00:00:00Z,admin
8c0ef3d0-547c-41bc-ab65-dded14aced32,ffe53737-063b-4ee9-a04c-1b537975e548,Z0049ETY,2026-08-20T00:00:00Z,admin,2026-08-20T00:00:00Z,admin
30dbec8f-f8e7-4dc4-885a-9280f89cc51e,ffe53737-063b-4ee9-a04c-1b537975e548,Z00531ED,2026-08-20T00:00:00Z,admin,2026-08-20T00:00:00Z,admin
2f395392-c307-4f37-9336-fb040d61f430,ffe53737-063b-4ee9-a04c-1b537975e548,Z00578UN,2026-08-20T00:00:00Z,admin,2026-08-20T00:00:00Z,admin
a7e69cd4-5133-4471-8f16-fe291fee9e4f,ffe53737-063b-4ee9-a04c-1b537975e548,Z0022MPU,2026-08-20T00:00:00Z,admin,2026-08-20T00:00:00Z,admin
6a973567-7a6b-4c15-844b-d6e8b034873b,ffe53737-063b-4ee9-a04c-1b537975e548,Z00360RB,2026-08-20T00:00:00Z,admin,2026-08-20T00:00:00Z,admin
1b5e62cc-c2f4-46c9-91a5-977276bd8eed,ffe53737-063b-4ee9-a04c-1b537975e548,Z00580YJ,2026-08-20T00:00:00Z,admin,2026-08-20T00:00:00Z,admin
42161e22-dcad-4544-a935-9079b068a5e9,ffe53737-063b-4ee9-a04c-1b537975e548,Z004XVAB,2026-08-20T00:00:00Z,admin,2026-08-20T00:00:00Z,admin
2efb1589-521e-4116-b20f-298b65a346c4,ffe53737-063b-4ee9-a04c-1b537975e548,Z00503ZF,2026-08-20T00:00:00Z,admin,2026-08-20T00:00:00Z,admin
6fcbfc4a-c527-4f3f-8141-3db58d6dc47b,ffe53737-063b-4ee9-a04c-1b537975e548,Z0053X3Z,2026-08-20T00:00:00Z,admin,2026-08-20T00:00:00Z,admin
5a39c049-04dd-4e17-a983-1b913bb3215e,ffe53737-063b-4ee9-a04c-1b537975e548,Z004Z8HY,2026-08-20T00:00:00Z,admin,2026-08-20T00:00:00Z,admin
eb149b95-1ae6-4b81-aea3-bd74b8a1d23d,ffe53737-063b-4ee9-a04c-1b537975e548,Z00366PH,2026-08-20T00:00:00Z,admin,2026-08-20T00:00:00Z,admin
8ce4cced-e00e-433b-86b0-800627f96b97,ffe53737-063b-4ee9-a04c-1b537975e548,Z002M9XR,2026-08-20T00:00:00Z,admin,2026-08-20T00:00:00Z,admin
71244e4a-d0d1-42ee-b73c-4989456febd7,ffe53737-063b-4ee9-a04c-1b537975e548,Z0059DWT,2026-08-20T00:00:00Z,admin,2026-08-20T00:00:00Z,admin
e9943ac8-cada-4971-9e70-c98bd21e0c54,ffe53737-063b-4ee9-a04c-1b537975e548,Z005989N,2026-08-20T00:00:00Z,admin,2026-08-20T00:00:00Z,admin
905a5aa7-40d2-4356-8058-57832817cb83,ffe53737-063b-4ee9-a04c-1b537975e548,Z0059DYC,2026-08-20T00:00:00Z,admin,2026-08-20T00:00:00Z,admin
8b7105cb-9a60-4531-8c82-2c4d0070460e,ffe53737-063b-4ee9-a04c-1b537975e548,Z0047WTV,2026-08-20T00:00:00Z,admin,2026-08-20T00:00:00Z,admin
a7cf5e7d-b4e7-448c-938e-ba8188c46c3a,2588ad96-38ac-4d7b-ac07-91842bf00ab7,Z004TAMU,2026-08-20T00:00:00Z,admin,2026-08-20T00:00:00Z,admin
591afa45-9d70-48a5-bee4-1c31518bb9ea,2588ad96-38ac-4d7b-ac07-91842bf00ab7,Z00531DY,2026-08-20T00:00:00Z,admin,2026-08-20T00:00:00Z,admin
58f9a9dc-10f4-4381-bed3-9c46e2d64535,2588ad96-38ac-4d7b-ac07-91842bf00ab7,Z004XVAC,2026-08-20T00:00:00Z,admin,2026-08-20T00:00:00Z,admin
713853c4-e3d3-4b5a-9708-b0e2d5f52f3e,2588ad96-38ac-4d7b-ac07-91842bf00ab7,Z0052TYP,2026-08-20T00:00:00Z,admin,2026-08-20T00:00:00Z,admin
4f889e50-ec3a-4ac1-894d-8fddae287ae8,2588ad96-38ac-4d7b-ac07-91842bf00ab7,Z002Z66N,2026-08-20T00:00:00Z,admin,2026-08-20T00:00:00Z,admin
993ad836-81c5-4ecd-93dc-c2fb8685b220,2588ad96-38ac-4d7b-ac07-91842bf00ab7,Z004YK1R,2026-08-20T00:00:00Z,admin,2026-08-20T00:00:00Z,admin
61f171f6-752c-46a6-aed6-cb8e005d4daa,2588ad96-38ac-4d7b-ac07-91842bf00ab7,Z004Z7ZE,2026-08-20T00:00:00Z,admin,2026-08-20T00:00:00Z,admin
90686149-d7e7-49c1-a964-d6140b511170,2588ad96-38ac-4d7b-ac07-91842bf00ab7,Z0054KNE,2026-08-20T00:00:00Z,admin,2026-08-20T00:00:00Z,admin
cd298ebf-44b3-486d-9782-870250228d3c,2588ad96-38ac-4d7b-ac07-91842bf00ab7,Z0028XMJ,2026-08-20T00:00:00Z,admin,2026-08-20T00:00:00Z,admin
207c1918-c475-4e4f-9feb-8cfbaa4220b1,2588ad96-38ac-4d7b-ac07-91842bf00ab7,Z004FUJT,2026-08-20T00:00:00Z,admin,2026-08-20T00:00:00Z,admin
8d5abeb6-6da5-4dbb-8727-74613df77da7,2588ad96-38ac-4d7b-ac07-91842bf00ab7,Z001WYDU,2026-08-20T00:00:00Z,admin,2026-08-20T00:00:00Z,admin
4cb58e30-50e4-42b3-a872-e55213b41e91,2588ad96-38ac-4d7b-ac07-91842bf00ab7,Z0014WKT,2026-08-20T00:00:00Z,admin,2026-08-20T00:00:00Z,admin
b18da399-818e-436f-b758-91cae0db40b0,2588ad96-38ac-4d7b-ac07-91842bf00ab7,Z0039MYX,2026-08-20T00:00:00Z,admin,2026-08-20T00:00:00Z,admin
22e22ef8-6192-4b17-9e8f-cb9ca6e4ebde,2588ad96-38ac-4d7b-ac07-91842bf00ab7,Z0051EJU,2026-08-20T00:00:00Z,admin,2026-08-20T00:00:00Z,admin
b254d369-167a-4809-b1eb-10379ee5bdf2,2588ad96-38ac-4d7b-ac07-91842bf00ab7,Z003RN6R,2026-08-20T00:00:00Z,admin,2026-08-20T00:00:00Z,admin
0f92344f-b4cd-4d7a-acae-ab80ee60112f,2588ad96-38ac-4d7b-ac07-91842bf00ab7,Z0046D7W,2026-08-20T00:00:00Z,admin,2026-08-20T00:00:00Z,admin
1fb754ef-3e38-4c26-aaf0-e1bcac2bbbba,2588ad96-38ac-4d7b-ac07-91842bf00ab7,Z000268E,2026-08-20T00:00:00Z,admin,2026-08-20T00:00:00Z,admin
16a94cf9-4210-468a-98dd-2bd4a4f5e405,2588ad96-38ac-4d7b-ac07-91842bf00ab7,Z002JB9N,2026-08-20T00:00:00Z,admin,2026-08-20T00:00:00Z,admin
c53a820c-336e-4145-bc0d-60062a3d06df,2588ad96-38ac-4d7b-ac07-91842bf00ab7,Z002ZJEH,2026-08-20T00:00:00Z,admin,2026-08-20T00:00:00Z,admin
a371693a-7225-4d46-87e7-f24da06216ab,2588ad96-38ac-4d7b-ac07-91842bf00ab7,Z0033TXK,2026-08-20T00:00:00Z,admin,2026-08-20T00:00:00Z,admin
df55ee77-e274-4664-9a1f-f29c706bf8bc,2588ad96-38ac-4d7b-ac07-91842bf00ab7,Z0037XDV,2026-08-20T00:00:00Z,admin,2026-08-20T00:00:00Z,admin
e519aec0-c438-45d6-8c7a-83579642f660,2588ad96-38ac-4d7b-ac07-91842bf00ab7,Z0030F0C,2026-08-20T00:00:00Z,admin,2026-08-20T00:00:00Z,admin
0872b7e0-34a1-4df3-8873-0f27e385a19e,2588ad96-38ac-4d7b-ac07-91842bf00ab7,Z0049ETY,2026-08-20T00:00:00Z,admin,2026-08-20T00:00:00Z,admin
1ec91aad-d325-4509-8165-4894ff352976,2588ad96-38ac-4d7b-ac07-91842bf00ab7,Z00531ED,2026-08-20T00:00:00Z,admin,2026-08-20T00:00:00Z,admin
f7c1f758-0608-4952-9a89-89cd642cb980,2588ad96-38ac-4d7b-ac07-91842bf00ab7,Z00578UN,2026-08-20T00:00:00Z,admin,2026-08-20T00:00:00Z,admin
9187f876-a2ef-4fd4-806e-cbd65fde0b5f,2588ad96-38ac-4d7b-ac07-91842bf00ab7,Z0022MPU,2026-08-20T00:00:00Z,admin,2026-08-20T00:00:00Z,admin
4868f685-590b-46b0-aaae-bcce25bf278b,2588ad96-38ac-4d7b-ac07-91842bf00ab7,Z00360RB,2026-08-20T00:00:00Z,admin,2026-08-20T00:00:00Z,admin
1ceaf02d-3a15-4cac-9f8a-d8d19c6b08ad,2588ad96-38ac-4d7b-ac07-91842bf00ab7,Z00580YJ,2026-08-20T00:00:00Z,admin,2026-08-20T00:00:00Z,admin
954a7fa4-3d51-46ea-b00d-14a111774457,2588ad96-38ac-4d7b-ac07-91842bf00ab7,Z004XVAB,2026-08-20T00:00:00Z,admin,2026-08-20T00:00:00Z,admin
bb7272a1-83c5-4519-b229-c83f26819d18,2588ad96-38ac-4d7b-ac07-91842bf00ab7,Z00503ZF,2026-08-20T00:00:00Z,admin,2026-08-20T00:00:00Z,admin
5f3d300d-255c-4f3f-8ccc-9f465ec60fc6,2588ad96-38ac-4d7b-ac07-91842bf00ab7,Z0053X3Z,2026-08-20T00:00:00Z,admin,2026-08-20T00:00:00Z,admin
9193f6ba-0a6c-44e3-8f9e-92d744dd94f7,2588ad96-38ac-4d7b-ac07-91842bf00ab7,Z004Z8HY,2026-08-20T00:00:00Z,admin,2026-08-20T00:00:00Z,admin
29a6c7d0-55e3-42f6-9833-a33eaa8acb3c,2588ad96-38ac-4d7b-ac07-91842bf00ab7,Z00366PH,2026-08-20T00:00:00Z,admin,2026-08-20T00:00:00Z,admin
5305ce01-3149-4123-a736-07a7c5550c80,2588ad96-38ac-4d7b-ac07-91842bf00ab7,Z002M9XR,2026-08-20T00:00:00Z,admin,2026-08-20T00:00:00Z,admin
b81f6789-98be-439e-90c4-cd2a5b6fd2ff,2588ad96-38ac-4d7b-ac07-91842bf00ab7,Z0059DWT,2026-08-20T00:00:00Z,admin,2026-08-20T00:00:00Z,admin
f3b86307-ae61-4c05-ada8-37cb3564dfe6,2588ad96-38ac-4d7b-ac07-91842bf00ab7,Z005989N,2026-08-20T00:00:00Z,admin,2026-08-20T00:00:00Z,admin
9b48264b-268e-463a-b139-d3fe3b68389e,2588ad96-38ac-4d7b-ac07-91842bf00ab7,Z0059DYC,2026-08-20T00:00:00Z,admin,2026-08-20T00:00:00Z,admin
62d7686b-d7ea-430e-a780-3015e6489e36,2588ad96-38ac-4d7b-ac07-91842bf00ab7,Z0047WTV,2026-08-20T00:00:00Z,admin,2026-08-20T00:00:00Z,admin
c01927c2-62c9-45e5-992e-71e63652073e,bf3b236d-0cd1-4313-b35f-8b2ebc8f3cbe,Z004TAMU,2026-08-20T00:00:00Z,admin,2026-08-20T00:00:00Z,admin
f9ab64cf-5d00-4257-b79e-de00ccf6e4fa,bf3b236d-0cd1-4313-b35f-8b2ebc8f3cbe,Z00531DY,2026-08-20T00:00:00Z,admin,2026-08-20T00:00:00Z,admin
eb82d528-6413-494f-abff-345ef981320b,bf3b236d-0cd1-4313-b35f-8b2ebc8f3cbe,Z004XVAC,2026-08-20T00:00:00Z,admin,2026-08-20T00:00:00Z,admin
6b3209da-2898-4e89-ae1c-db17d658d273,bf3b236d-0cd1-4313-b35f-8b2ebc8f3cbe,Z0052TYP,2026-08-20T00:00:00Z,admin,2026-08-20T00:00:00Z,admin
6769cd7c-938a-4bca-97fb-c3a56a8148d1,bf3b236d-0cd1-4313-b35f-8b2ebc8f3cbe,Z002Z66N,2026-08-20T00:00:00Z,admin,2026-08-20T00:00:00Z,admin
efcb9897-6112-41af-998e-f8803f2ccf8b,bf3b236d-0cd1-4313-b35f-8b2ebc8f3cbe,Z004YK1R,2026-08-20T00:00:00Z,admin,2026-08-20T00:00:00Z,admin
368f680e-26f2-4044-9758-e0c6166e0692,bf3b236d-0cd1-4313-b35f-8b2ebc8f3cbe,Z004Z7ZE,2026-08-20T00:00:00Z,admin,2026-08-20T00:00:00Z,admin
dd440ab1-7cbc-4810-b9d3-43cbd2d2834b,bf3b236d-0cd1-4313-b35f-8b2ebc8f3cbe,Z0054KNE,2026-08-20T00:00:00Z,admin,2026-08-20T00:00:00Z,admin
db2e4460-4d63-40bf-804c-96cef73b3a2f,bf3b236d-0cd1-4313-b35f-8b2ebc8f3cbe,Z0028XMJ,2026-08-20T00:00:00Z,admin,2026-08-20T00:00:00Z,admin
c10243a7-b05f-4a96-9161-ca7a09fceb4d,bf3b236d-0cd1-4313-b35f-8b2ebc8f3cbe,Z004FUJT,2026-08-20T00:00:00Z,admin,2026-08-20T00:00:00Z,admin
693e9717-e992-40a1-8478-6871d22db241,bf3b236d-0cd1-4313-b35f-8b2ebc8f3cbe,Z001WYDU,2026-08-20T00:00:00Z,admin,2026-08-20T00:00:00Z,admin
92bc92c1-a071-45c0-b779-5df7b1cfc58f,bf3b236d-0cd1-4313-b35f-8b2ebc8f3cbe,Z0014WKT,2026-08-20T00:00:00Z,admin,2026-08-20T00:00:00Z,admin
f3a28ad2-d86b-452a-8c0a-7e895fae49a5,bf3b236d-0cd1-4313-b35f-8b2ebc8f3cbe,Z0039MYX,2026-08-20T00:00:00Z,admin,2026-08-20T00:00:00Z,admin
3ce37e83-7f05-4f86-9ced-79541e3c668e,bf3b236d-0cd1-4313-b35f-8b2ebc8f3cbe,Z0051EJU,2026-08-20T00:00:00Z,admin,2026-08-20T00:00:00Z,admin
511f0464-9f55-4e01-8d29-7b8a1190ecbd,bf3b236d-0cd1-4313-b35f-8b2ebc8f3cbe,Z003RN6R,2026-08-20T00:00:00Z,admin,2026-08-20T00:00:00Z,admin
1b3d0f8b-0e3d-4d7e-a403-e3f7d3129d6c,bf3b236d-0cd1-4313-b35f-8b2ebc8f3cbe,Z0046D7W,2026-08-20T00:00:00Z,admin,2026-08-20T00:00:00Z,admin
bca1c2ab-fd36-4f68-ae66-820ee10b7ba6,bf3b236d-0cd1-4313-b35f-8b2ebc8f3cbe,Z000268E,2026-08-20T00:00:00Z,admin,2026-08-20T00:00:00Z,admin
e1418a66-f467-40e1-8f4f-606c1010e0da,bf3b236d-0cd1-4313-b35f-8b2ebc8f3cbe,Z002JB9N,2026-08-20T00:00:00Z,admin,2026-08-20T00:00:00Z,admin
eded6c6a-b3bb-4e91-811e-d6f1f9dac9a7,bf3b236d-0cd1-4313-b35f-8b2ebc8f3cbe,Z002ZJEH,2026-08-20T00:00:00Z,admin,2026-08-20T00:00:00Z,admin
a4083b79-4c93-4528-9a90-230145319681,bf3b236d-0cd1-4313-b35f-8b2ebc8f3cbe,Z0033TXK,2026-08-20T00:00:00Z,admin,2026-08-20T00:00:00Z,admin
8df59742-d0a0-408f-9d89-6474c224b078,bf3b236d-0cd1-4313-b35f-8b2ebc8f3cbe,Z0037XDV,2026-08-20T00:00:00Z,admin,2026-08-20T00:00:00Z,admin
76b7d264-cd40-4b88-b976-01c6d8014adf,bf3b236d-0cd1-4313-b35f-8b2ebc8f3cbe,Z0030F0C,2026-08-20T00:00:00Z,admin,2026-08-20T00:00:00Z,admin
92f19a84-5a84-4070-b6de-831b91e2aa67,bf3b236d-0cd1-4313-b35f-8b2ebc8f3cbe,Z0049ETY,2026-08-20T00:00:00Z,admin,2026-08-20T00:00:00Z,admin
daf1eb84-90bc-45d6-a86c-be71695c08ac,bf3b236d-0cd1-4313-b35f-8b2ebc8f3cbe,Z00531ED,2026-08-20T00:00:00Z,admin,2026-08-20T00:00:00Z,admin
99f7d343-3d58-4722-bc5d-0775393d3e0c,bf3b236d-0cd1-4313-b35f-8b2ebc8f3cbe,Z00578UN,2026-08-20T00:00:00Z,admin,2026-08-20T00:00:00Z,admin
7c470c98-c5db-49a3-92b7-f7581261b04e,bf3b236d-0cd1-4313-b35f-8b2ebc8f3cbe,Z0022MPU,2026-08-20T00:00:00Z,admin,2026-08-20T00:00:00Z,admin
7d96faca-bdfa-4cdc-97eb-591c3f6fbb00,bf3b236d-0cd1-4313-b35f-8b2ebc8f3cbe,Z00360RB,2026-08-20T00:00:00Z,admin,2026-08-20T00:00:00Z,admin
bc15964e-5ffd-4db5-9875-c97ac3ff3333,bf3b236d-0cd1-4313-b35f-8b2ebc8f3cbe,Z00580YJ,2026-08-20T00:00:00Z,admin,2026-08-20T00:00:00Z,admin
b55421c8-1a7e-4bf2-b7af-1e1177fd4362,bf3b236d-0cd1-4313-b35f-8b2ebc8f3cbe,Z004XVAB,2026-08-20T00:00:00Z,admin,2026-08-20T00:00:00Z,admin
fff0b0ba-33ec-4254-9e8f-b18f14344c25,bf3b236d-0cd1-4313-b35f-8b2ebc8f3cbe,Z00503ZF,2026-08-20T00:00:00Z,admin,2026-08-20T00:00:00Z,admin
3fcbf137-dee2-4fd1-919a-469fb51cd109,bf3b236d-0cd1-4313-b35f-8b2ebc8f3cbe,Z0053X3Z,2026-08-20T00:00:00Z,admin,2026-08-20T00:00:00Z,admin
570eb546-4823-44c8-9e48-f4c759d09c57,bf3b236d-0cd1-4313-b35f-8b2ebc8f3cbe,Z004Z8HY,2026-08-20T00:00:00Z,admin,2026-08-20T00:00:00Z,admin
c3448b2f-fa36-400d-a373-9800f601c1df,bf3b236d-0cd1-4313-b35f-8b2ebc8f3cbe,Z00366PH,2026-08-20T00:00:00Z,admin,2026-08-20T00:00:00Z,admin
953c4bc2-72ad-4117-9f85-b58c5741e2d8,bf3b236d-0cd1-4313-b35f-8b2ebc8f3cbe,Z002M9XR,2026-08-20T00:00:00Z,admin,2026-08-20T00:00:00Z,admin
53b4a4fc-8670-40ae-a7da-7fc78cf1795f,bf3b236d-0cd1-4313-b35f-8b2ebc8f3cbe,Z0059DWT,2026-08-20T00:00:00Z,admin,2026-08-20T00:00:00Z,admin
6a80f1eb-2371-40af-9aed-dd9d69a2b8f4,bf3b236d-0cd1-4313-b35f-8b2ebc8f3cbe,Z005989N,2026-08-20T00:00:00Z,admin,2026-08-20T00:00:00Z,admin
fcb62439-87a4-480e-b176-1ac086910d37,bf3b236d-0cd1-4313-b35f-8b2ebc8f3cbe,Z0059DYC,2026-08-20T00:00:00Z,admin,2026-08-20T00:00:00Z,admin
32de85ec-d5e6-4a2a-aa7f-03c693dc19be,bf3b236d-0cd1-4313-b35f-8b2ebc8f3cbe,Z0047WTV,2026-08-20T00:00:00Z,admin,2026-08-20T00:00:00Z,admin
e5584587-b9b3-4baf-a35a-131f438dd98a,44e4cf87-782f-4551-8d91-8d4ac7475f64,Z004TAMU,2026-08-20T00:00:00Z,admin,2026-08-20T00:00:00Z,admin
9e8f7cc1-c315-45a1-9966-3299b26344d5,44e4cf87-782f-4551-8d91-8d4ac7475f64,Z00531DY,2026-08-20T00:00:00Z,admin,2026-08-20T00:00:00Z,admin
705869b4-007d-4eec-9cb8-985ff8511365,44e4cf87-782f-4551-8d91-8d4ac7475f64,Z004XVAC,2026-08-20T00:00:00Z,admin,2026-08-20T00:00:00Z,admin
755a88ba-b596-4058-a008-8af559b12f97,44e4cf87-782f-4551-8d91-8d4ac7475f64,Z0052TYP,2026-08-20T00:00:00Z,admin,2026-08-20T00:00:00Z,admin
3f039202-72d7-41fc-9f39-007d3d8ba642,44e4cf87-782f-4551-8d91-8d4ac7475f64,Z002Z66N,2026-08-20T00:00:00Z,admin,2026-08-20T00:00:00Z,admin
b99dd2dc-eb2e-4e0c-b43d-e6a92e2bd80a,44e4cf87-782f-4551-8d91-8d4ac7475f64,Z004YK1R,2026-08-20T00:00:00Z,admin,2026-08-20T00:00:00Z,admin
6a1b0296-301b-4ad6-a142-5fe1f094d7fc,44e4cf87-782f-4551-8d91-8d4ac7475f64,Z004Z7ZE,2026-08-20T00:00:00Z,admin,2026-08-20T00:00:00Z,admin
fe999f60-7e64-420a-a095-8250790b4f82,44e4cf87-782f-4551-8d91-8d4ac7475f64,Z0054KNE,2026-08-20T00:00:00Z,admin,2026-08-20T00:00:00Z,admin
9d667ef9-da3f-45a4-9613-da341994491b,44e4cf87-782f-4551-8d91-8d4ac7475f64,Z0028XMJ,2026-08-20T00:00:00Z,admin,2026-08-20T00:00:00Z,admin
0032c8eb-d5be-44fe-8894-70bd908df3f5,44e4cf87-782f-4551-8d91-8d4ac7475f64,Z004FUJT,2026-08-20T00:00:00Z,admin,2026-08-20T00:00:00Z,admin
5fd9fb6b-09b6-4fbb-80a4-25c0f5c4363a,44e4cf87-782f-4551-8d91-8d4ac7475f64,Z001WYDU,2026-08-20T00:00:00Z,admin,2026-08-20T00:00:00Z,admin
fab65f28-f19d-4ffd-898c-4faf3b4e139c,44e4cf87-782f-4551-8d91-8d4ac7475f64,Z0014WKT,2026-08-20T00:00:00Z,admin,2026-08-20T00:00:00Z,admin
798c9286-c638-4df9-98e3-48bac6bcd38c,44e4cf87-782f-4551-8d91-8d4ac7475f64,Z0039MYX,2026-08-20T00:00:00Z,admin,2026-08-20T00:00:00Z,admin
5f1e07e3-50bd-4635-a742-9bc77201d2b0,44e4cf87-782f-4551-8d91-8d4ac7475f64,Z0051EJU,2026-08-20T00:00:00Z,admin,2026-08-20T00:00:00Z,admin
eb9627eb-22d0-4cea-a06f-93d7c729501e,44e4cf87-782f-4551-8d91-8d4ac7475f64,Z003RN6R,2026-08-20T00:00:00Z,admin,2026-08-20T00:00:00Z,admin
b9990eed-b9ad-43c9-933a-532c31e3d13a,44e4cf87-782f-4551-8d91-8d4ac7475f64,Z0046D7W,2026-08-20T00:00:00Z,admin,2026-08-20T00:00:00Z,admin
12afb8f9-6b86-4e59-9775-20a5d196c5a5,44e4cf87-782f-4551-8d91-8d4ac7475f64,Z000268E,2026-08-20T00:00:00Z,admin,2026-08-20T00:00:00Z,admin
629ec414-b461-48d6-aef5-28c614adbf1d,44e4cf87-782f-4551-8d91-8d4ac7475f64,Z002JB9N,2026-08-20T00:00:00Z,admin,2026-08-20T00:00:00Z,admin
429ee6b4-6069-4ee6-9e15-d5965da4af35,44e4cf87-782f-4551-8d91-8d4ac7475f64,Z002ZJEH,2026-08-20T00:00:00Z,admin,2026-08-20T00:00:00Z,admin
904da7bf-bf89-4fe3-ac3d-055ad98f1455,44e4cf87-782f-4551-8d91-8d4ac7475f64,Z0033TXK,2026-08-20T00:00:00Z,admin,2026-08-20T00:00:00Z,admin
696edefd-2017-4c88-a402-78eed7158383,44e4cf87-782f-4551-8d91-8d4ac7475f64,Z0037XDV,2026-08-20T00:00:00Z,admin,2026-08-20T00:00:00Z,admin
1fcb8758-222f-44c5-acb1-b8f742a1f429,44e4cf87-782f-4551-8d91-8d4ac7475f64,Z0030F0C,2026-08-20T00:00:00Z,admin,2026-08-20T00:00:00Z,admin
90c8f1f8-3488-49ea-8561-7cf5afb0e8e8,44e4cf87-782f-4551-8d91-8d4ac7475f64,Z0049ETY,2026-08-20T00:00:00Z,admin,2026-08-20T00:00:00Z,admin
ad7b5327-a889-4bd4-a15a-9721e45da696,44e4cf87-782f-4551-8d91-8d4ac7475f64,Z00531ED,2026-08-20T00:00:00Z,admin,2026-08-20T00:00:00Z,admin
da2e2a72-fb80-4790-85e6-fee70d275387,44e4cf87-782f-4551-8d91-8d4ac7475f64,Z00578UN,2026-08-20T00:00:00Z,admin,2026-08-20T00:00:00Z,admin
6d178a05-13f1-4941-8eb6-3ead700b27e7,44e4cf87-782f-4551-8d91-8d4ac7475f64,Z0022MPU,2026-08-20T00:00:00Z,admin,2026-08-20T00:00:00Z,admin
92b8deab-6c75-48bc-a72f-fd0b3edf9bc1,44e4cf87-782f-4551-8d91-8d4ac7475f64,Z00360RB,2026-08-20T00:00:00Z,admin,2026-08-20T00:00:00Z,admin
f665efeb-e3a1-4e1b-8b40-76d5341e8352,44e4cf87-782f-4551-8d91-8d4ac7475f64,Z00580YJ,2026-08-20T00:00:00Z,admin,2026-08-20T00:00:00Z,admin
3b2c7aa2-dd3e-4ab4-9f0c-9e0900aff546,44e4cf87-782f-4551-8d91-8d4ac7475f64,Z004XVAB,2026-08-20T00:00:00Z,admin,2026-08-20T00:00:00Z,admin
8529edcb-37d9-42c0-939d-da130992f368,44e4cf87-782f-4551-8d91-8d4ac7475f64,Z00503ZF,2026-08-20T00:00:00Z,admin,2026-08-20T00:00:00Z,admin
c87e64c3-18c0-41d6-b65c-d4f90778a5b1,44e4cf87-782f-4551-8d91-8d4ac7475f64,Z0053X3Z,2026-08-20T00:00:00Z,admin,2026-08-20T00:00:00Z,admin
89c23056-105b-493f-a637-6559dd5cd744,44e4cf87-782f-4551-8d91-8d4ac7475f64,Z004Z8HY,2026-08-20T00:00:00Z,admin,2026-08-20T00:00:00Z,admin
a4e5a0b1-c26c-4d80-bd95-18e6c7dc432e,44e4cf87-782f-4551-8d91-8d4ac7475f64,Z00366PH,2026-08-20T00:00:00Z,admin,2026-08-20T00:00:00Z,admin
51c8d7a9-77bf-498b-a79c-601024f3c669,44e4cf87-782f-4551-8d91-8d4ac7475f64,Z002M9XR,2026-08-20T00:00:00Z,admin,2026-08-20T00:00:00Z,admin
15ba27f8-631f-4050-9975-b0a1eee16023,44e4cf87-782f-4551-8d91-8d4ac7475f64,Z0059DWT,2026-08-20T00:00:00Z,admin,2026-08-20T00:00:00Z,admin
fee2bd7a-f64c-4779-8196-0d1b5db6b97d,44e4cf87-782f-4551-8d91-8d4ac7475f64,Z005989N,2026-08-20T00:00:00Z,admin,2026-08-20T00:00:00Z,admin
10e993ed-aaa2-48a7-8612-60c8f61aeab4,44e4cf87-782f-4551-8d91-8d4ac7475f64,Z0059DYC,2026-08-20T00:00:00Z,admin,2026-08-20T00:00:00Z,admin
b3fd9dbe-6a07-4752-bbe0-78d465f260d8,44e4cf87-782f-4551-8d91-8d4ac7475f64,Z0047WTV,2026-08-20T00:00:00Z,admin,2026-08-20T00:00:00Z,admin
f59fda64-f11c-4a85-8247-b066bd4b477d,6f9aa3fc-324b-4420-a96f-0de5d8dd95df,Z004TAMU,2026-08-20T00:00:00Z,admin,2026-08-20T00:00:00Z,admin
d3dc5e5f-5b72-4909-afaa-7c790208980d,6f9aa3fc-324b-4420-a96f-0de5d8dd95df,Z00531DY,2026-08-20T00:00:00Z,admin,2026-08-20T00:00:00Z,admin
594e5f75-dd8a-4efc-a328-44829871c297,6f9aa3fc-324b-4420-a96f-0de5d8dd95df,Z004XVAC,2026-08-20T00:00:00Z,admin,2026-08-20T00:00:00Z,admin
4b29310f-1cc2-4158-b2ed-ea67c992aaf9,6f9aa3fc-324b-4420-a96f-0de5d8dd95df,Z0052TYP,2026-08-20T00:00:00Z,admin,2026-08-20T00:00:00Z,admin
01dd35f7-4f76-4356-bd39-6587462b3bac,6f9aa3fc-324b-4420-a96f-0de5d8dd95df,Z002Z66N,2026-08-20T00:00:00Z,admin,2026-08-20T00:00:00Z,admin
3c066990-e5d0-4679-93b1-293e62f67bf7,6f9aa3fc-324b-4420-a96f-0de5d8dd95df,Z004YK1R,2026-08-20T00:00:00Z,admin,2026-08-20T00:00:00Z,admin
d315e1df-2802-472f-98e8-ec1aadd34e1e,6f9aa3fc-324b-4420-a96f-0de5d8dd95df,Z004Z7ZE,2026-08-20T00:00:00Z,admin,2026-08-20T00:00:00Z,admin
03f9cfec-1542-491c-817b-ff5a09667b6a,6f9aa3fc-324b-4420-a96f-0de5d8dd95df,Z0054KNE,2026-08-20T00:00:00Z,admin,2026-08-20T00:00:00Z,admin
aadaf41f-799f-409d-a33e-efce0dcca49a,6f9aa3fc-324b-4420-a96f-0de5d8dd95df,Z0028XMJ,2026-08-20T00:00:00Z,admin,2026-08-20T00:00:00Z,admin
33183a33-93bb-427b-9175-9ff5f62bd0c3,6f9aa3fc-324b-4420-a96f-0de5d8dd95df,Z004FUJT,2026-08-20T00:00:00Z,admin,2026-08-20T00:00:00Z,admin
bb81bc27-37fe-47ba-abb0-8db6887c3737,6f9aa3fc-324b-4420-a96f-0de5d8dd95df,Z001WYDU,2026-08-20T00:00:00Z,admin,2026-08-20T00:00:00Z,admin
c6c40c80-7102-49d3-a03e-1abe7d39640d,6f9aa3fc-324b-4420-a96f-0de5d8dd95df,Z0014WKT,2026-08-20T00:00:00Z,admin,2026-08-20T00:00:00Z,admin
baa1a0bb-72d3-4481-b90c-63a04d69f303,6f9aa3fc-324b-4420-a96f-0de5d8dd95df,Z0039MYX,2026-08-20T00:00:00Z,admin,2026-08-20T00:00:00Z,admin
24f6ee7c-7747-4a4c-adf3-eeef00b34b6b,6f9aa3fc-324b-4420-a96f-0de5d8dd95df,Z0051EJU,2026-08-20T00:00:00Z,admin,2026-08-20T00:00:00Z,admin
4888cf5d-2361-467a-aa49-f6ca8d69f961,6f9aa3fc-324b-4420-a96f-0de5d8dd95df,Z003RN6R,2026-08-20T00:00:00Z,admin,2026-08-20T00:00:00Z,admin
354a9971-a278-48eb-96d2-f4ceb1473f2b,6f9aa3fc-324b-4420-a96f-0de5d8dd95df,Z0046D7W,2026-08-20T00:00:00Z,admin,2026-08-20T00:00:00Z,admin
958406d9-3095-4fb5-bd59-c38000f59714,6f9aa3fc-324b-4420-a96f-0de5d8dd95df,Z000268E,2026-08-20T00:00:00Z,admin,2026-08-20T00:00:00Z,admin
39aab10c-15c6-4cda-9850-1ba609bde3f2,6f9aa3fc-324b-4420-a96f-0de5d8dd95df,Z002JB9N,2026-08-20T00:00:00Z,admin,2026-08-20T00:00:00Z,admin
c6398a76-6515-4607-8abc-54a718ee8f70,6f9aa3fc-324b-4420-a96f-0de5d8dd95df,Z002ZJEH,2026-08-20T00:00:00Z,admin,2026-08-20T00:00:00Z,admin
6b5fad55-daa6-43ec-95a5-3fe398e15f26,6f9aa3fc-324b-4420-a96f-0de5d8dd95df,Z0033TXK,2026-08-20T00:00:00Z,admin,2026-08-20T00:00:00Z,admin
e0172616-bb1f-4156-916f-18b48c6a06a2,6f9aa3fc-324b-4420-a96f-0de5d8dd95df,Z0037XDV,2026-08-20T00:00:00Z,admin,2026-08-20T00:00:00Z,admin
66a5be21-04fc-44f6-953b-c57f012821b3,6f9aa3fc-324b-4420-a96f-0de5d8dd95df,Z0030F0C,2026-08-20T00:00:00Z,admin,2026-08-20T00:00:00Z,admin
b525e734-394f-4c18-b922-265dc60e865d,6f9aa3fc-324b-4420-a96f-0de5d8dd95df,Z0049ETY,2026-08-20T00:00:00Z,admin,2026-08-20T00:00:00Z,admin
201a23d8-6893-4a3e-98cd-1c56984d8831,6f9aa3fc-324b-4420-a96f-0de5d8dd95df,Z00531ED,2026-08-20T00:00:00Z,admin,2026-08-20T00:00:00Z,admin
303b149f-fc8b-49aa-893c-edde4c372440,6f9aa3fc-324b-4420-a96f-0de5d8dd95df,Z00578UN,2026-08-20T00:00:00Z,admin,2026-08-20T00:00:00Z,admin
5e4780c1-3bd8-4cf8-bd38-0d12302fecea,6f9aa3fc-324b-4420-a96f-0de5d8dd95df,Z0022MPU,2026-08-20T00:00:00Z,admin,2026-08-20T00:00:00Z,admin
2dd6252c-ad49-46e5-90a8-59b014dee1ac,6f9aa3fc-324b-4420-a96f-0de5d8dd95df,Z00360RB,2026-08-20T00:00:00Z,admin,2026-08-20T00:00:00Z,admin
b271a0a5-d8de-4773-85a7-15791dcaa154,6f9aa3fc-324b-4420-a96f-0de5d8dd95df,Z00580YJ,2026-08-20T00:00:00Z,admin,2026-08-20T00:00:00Z,admin
d9c0b3f9-baf0-4e08-9fda-ff106ed12f84,6f9aa3fc-324b-4420-a96f-0de5d8dd95df,Z004XVAB,2026-08-20T00:00:00Z,admin,2026-08-20T00:00:00Z,admin
c07ade3e-900a-418c-9b66-d5344f0221cf,6f9aa3fc-324b-4420-a96f-0de5d8dd95df,Z00503ZF,2026-08-20T00:00:00Z,admin,2026-08-20T00:00:00Z,admin
5c2e4912-3337-4b51-9dd1-b01e7ff22827,6f9aa3fc-324b-4420-a96f-0de5d8dd95df,Z0053X3Z,2026-08-20T00:00:00Z,admin,2026-08-20T00:00:00Z,admin
6785999b-ef2a-4c20-8be5-a7d1b119c083,6f9aa3fc-324b-4420-a96f-0de5d8dd95df,Z004Z8HY,2026-08-20T00:00:00Z,admin,2026-08-20T00:00:00Z,admin
726b26c7-96d4-4760-bf0d-375c24662613,6f9aa3fc-324b-4420-a96f-0de5d8dd95df,Z00366PH,2026-08-20T00:00:00Z,admin,2026-08-20T00:00:00Z,admin
6b68cac2-6490-4d31-8ead-3a7428b6ffb6,6f9aa3fc-324b-4420-a96f-0de5d8dd95df,Z002M9XR,2026-08-20T00:00:00Z,admin,2026-08-20T00:00:00Z,admin
7735ee7f-6aab-4f06-904d-0a602429a183,6f9aa3fc-324b-4420-a96f-0de5d8dd95df,Z0059DWT,2026-08-20T00:00:00Z,admin,2026-08-20T00:00:00Z,admin
67d38714-c046-4edc-a4c7-66c19a9fa038,6f9aa3fc-324b-4420-a96f-0de5d8dd95df,Z005989N,2026-08-20T00:00:00Z,admin,2026-08-20T00:00:00Z,admin
d8e90ffc-f530-4af9-ad05-5c9617cea38d,6f9aa3fc-324b-4420-a96f-0de5d8dd95df,Z0059DYC,2026-08-20T00:00:00Z,admin,2026-08-20T00:00:00Z,admin
2f1dcd25-7b43-40de-ab3b-c3926f4c4c81,6f9aa3fc-324b-4420-a96f-0de5d8dd95df,Z0047WTV,2026-08-20T00:00:00Z,admin,2026-08-20T00:00:00Z,admin
08cd8b1d-021a-41b7-84a4-b39bb988ca33,13a70b64-72f2-4251-bb72-d2e8d665e3f5,Z004TAMU,2026-08-20T00:00:00Z,admin,2026-08-20T00:00:00Z,admin
74d33a0d-da59-4f2d-bdb9-ab77664c1dbe,13a70b64-72f2-4251-bb72-d2e8d665e3f5,Z00531DY,2026-08-20T00:00:00Z,admin,2026-08-20T00:00:00Z,admin
228ed392-0e90-4ec8-aee7-308ae824216a,13a70b64-72f2-4251-bb72-d2e8d665e3f5,Z004XVAC,2026-08-20T00:00:00Z,admin,2026-08-20T00:00:00Z,admin
b1d57d03-bc21-40f2-96ab-1a20a2cdaf27,13a70b64-72f2-4251-bb72-d2e8d665e3f5,Z0052TYP,2026-08-20T00:00:00Z,admin,2026-08-20T00:00:00Z,admin
974903b8-0a82-4190-b694-d74edb756562,13a70b64-72f2-4251-bb72-d2e8d665e3f5,Z002Z66N,2026-08-20T00:00:00Z,admin,2026-08-20T00:00:00Z,admin
3e9c8416-b3b8-4120-b815-f897339508cb,13a70b64-72f2-4251-bb72-d2e8d665e3f5,Z004YK1R,2026-08-20T00:00:00Z,admin,2026-08-20T00:00:00Z,admin
937632a1-706d-4423-8561-c982308c8e01,13a70b64-72f2-4251-bb72-d2e8d665e3f5,Z004Z7ZE,2026-08-20T00:00:00Z,admin,2026-08-20T00:00:00Z,admin
cdfbf6b0-36fc-4805-a09e-3bfbb17d6ffa,13a70b64-72f2-4251-bb72-d2e8d665e3f5,Z0054KNE,2026-08-20T00:00:00Z,admin,2026-08-20T00:00:00Z,admin
c0ec4a09-0438-456a-a7f2-3d2b07f5fd10,13a70b64-72f2-4251-bb72-d2e8d665e3f5,Z0028XMJ,2026-08-20T00:00:00Z,admin,2026-08-20T00:00:00Z,admin
daa8b6ff-f57e-43eb-b026-417fc78e1ce5,13a70b64-72f2-4251-bb72-d2e8d665e3f5,Z004FUJT,2026-08-20T00:00:00Z,admin,2026-08-20T00:00:00Z,admin
c75f0765-6227-4ffa-b586-d3c7b8e78ebc,13a70b64-72f2-4251-bb72-d2e8d665e3f5,Z001WYDU,2026-08-20T00:00:00Z,admin,2026-08-20T00:00:00Z,admin
4b803a62-ddc8-47c9-b0b3-7029fb16658e,13a70b64-72f2-4251-bb72-d2e8d665e3f5,Z0014WKT,2026-08-20T00:00:00Z,admin,2026-08-20T00:00:00Z,admin
0e7a531a-7c8e-44e3-a9fa-bafd3d3c56a1,13a70b64-72f2-4251-bb72-d2e8d665e3f5,Z0039MYX,2026-08-20T00:00:00Z,admin,2026-08-20T00:00:00Z,admin
49c038be-b977-4067-b2f7-9b1af0b12452,13a70b64-72f2-4251-bb72-d2e8d665e3f5,Z0051EJU,2026-08-20T00:00:00Z,admin,2026-08-20T00:00:00Z,admin
d88e812c-88c1-40c4-a45e-3ca97c161c30,13a70b64-72f2-4251-bb72-d2e8d665e3f5,Z003RN6R,2026-08-20T00:00:00Z,admin,2026-08-20T00:00:00Z,admin
1927aec9-fd1f-4d36-89b5-fe8182203711,13a70b64-72f2-4251-bb72-d2e8d665e3f5,Z0046D7W,2026-08-20T00:00:00Z,admin,2026-08-20T00:00:00Z,admin
c99f584c-7f68-481f-9070-75e44956e7c1,13a70b64-72f2-4251-bb72-d2e8d665e3f5,Z000268E,2026-08-20T00:00:00Z,admin,2026-08-20T00:00:00Z,admin
8126e3fe-834a-41cf-b4b8-ac7bc9ec720b,13a70b64-72f2-4251-bb72-d2e8d665e3f5,Z002JB9N,2026-08-20T00:00:00Z,admin,2026-08-20T00:00:00Z,admin
5704e3b4-64ee-4e01-9dd2-cf68b243693d,13a70b64-72f2-4251-bb72-d2e8d665e3f5,Z002ZJEH,2026-08-20T00:00:00Z,admin,2026-08-20T00:00:00Z,admin
389c5fad-8e55-47b8-97ab-ff87ca25101b,13a70b64-72f2-4251-bb72-d2e8d665e3f5,Z0033TXK,2026-08-20T00:00:00Z,admin,2026-08-20T00:00:00Z,admin
c6f584ad-dafa-4ae5-888d-da6be9cdb6c2,13a70b64-72f2-4251-bb72-d2e8d665e3f5,Z0037XDV,2026-08-20T00:00:00Z,admin,2026-08-20T00:00:00Z,admin
80fcd35f-cab1-4f2a-b394-3eb43e738c69,13a70b64-72f2-4251-bb72-d2e8d665e3f5,Z0030F0C,2026-08-20T00:00:00Z,admin,2026-08-20T00:00:00Z,admin
0a1a49cb-846a-4f2f-8970-7ee476955c77,13a70b64-72f2-4251-bb72-d2e8d665e3f5,Z0049ETY,2026-08-20T00:00:00Z,admin,2026-08-20T00:00:00Z,admin
28d71671-6cc0-45bc-ad32-85aee931ac17,13a70b64-72f2-4251-bb72-d2e8d665e3f5,Z00531ED,2026-08-20T00:00:00Z,admin,2026-08-20T00:00:00Z,admin
80c8b2f2-6503-4c6c-9a25-628f4cfa6ede,13a70b64-72f2-4251-bb72-d2e8d665e3f5,Z00578UN,2026-08-20T00:00:00Z,admin,2026-08-20T00:00:00Z,admin
e480f92e-296b-4f82-a4f7-2b0a4eaa6e7c,13a70b64-72f2-4251-bb72-d2e8d665e3f5,Z0022MPU,2026-08-20T00:00:00Z,admin,2026-08-20T00:00:00Z,admin
88e5b27e-cc98-4690-957b-49e902b1b7d1,13a70b64-72f2-4251-bb72-d2e8d665e3f5,Z00360RB,2026-08-20T00:00:00Z,admin,2026-08-20T00:00:00Z,admin
b0604cd6-a12c-4d15-abb0-5f32f7d18c20,13a70b64-72f2-4251-bb72-d2e8d665e3f5,Z00580YJ,2026-08-20T00:00:00Z,admin,2026-08-20T00:00:00Z,admin
1d512e98-262e-4060-bfc1-3bf248f18100,13a70b64-72f2-4251-bb72-d2e8d665e3f5,Z004XVAB,2026-08-20T00:00:00Z,admin,2026-08-20T00:00:00Z,admin
6b1275dd-35e4-47c6-82bd-450df42c3b47,13a70b64-72f2-4251-bb72-d2e8d665e3f5,Z00503ZF,2026-08-20T00:00:00Z,admin,2026-08-20T00:00:00Z,admin
bb58f636-3509-47c6-9fe4-209fd64f9881,13a70b64-72f2-4251-bb72-d2e8d665e3f5,Z0053X3Z,2026-08-20T00:00:00Z,admin,2026-08-20T00:00:00Z,admin
986f9213-b540-4280-abea-11fd5fe89368,13a70b64-72f2-4251-bb72-d2e8d665e3f5,Z004Z8HY,2026-08-20T00:00:00Z,admin,2026-08-20T00:00:00Z,admin
6c2eb3da-e934-443f-a281-790c4ea4573e,13a70b64-72f2-4251-bb72-d2e8d665e3f5,Z00366PH,2026-08-20T00:00:00Z,admin,2026-08-20T00:00:00Z,admin
ef0123ba-ba9e-4dc5-84dd-640f5ed0dfb8,13a70b64-72f2-4251-bb72-d2e8d665e3f5,Z002M9XR,2026-08-20T00:00:00Z,admin,2026-08-20T00:00:00Z,admin
123012cd-4482-4ab7-8a3f-bce4e741a113,13a70b64-72f2-4251-bb72-d2e8d665e3f5,Z0059DWT,2026-08-20T00:00:00Z,admin,2026-08-20T00:00:00Z,admin
4a90d548-60dd-484f-8234-9c87fba6ab4c,13a70b64-72f2-4251-bb72-d2e8d665e3f5,Z005989N,2026-08-20T00:00:00Z,admin,2026-08-20T00:00:00Z,admin
c5db4bb6-498d-4817-b6e9-c45696ed5a8a,13a70b64-72f2-4251-bb72-d2e8d665e3f5,Z0059DYC,2026-08-20T00:00:00Z,admin,2026-08-20T00:00:00Z,admin
01b6ee3c-4499-46be-a4c7-75e5f324fa3d,13a70b64-72f2-4251-bb72-d2e8d665e3f5,Z0047WTV,2026-08-20T00:00:00Z,admin,2026-08-20T00:00:00Z,admin
2f7f825b-7b9d-45fc-9bdd-a9abab94d739,d7c6b425-8324-468d-a329-916ccf1a8c60,Z004TAMU,2026-08-20T00:00:00Z,admin,2026-08-20T00:00:00Z,admin
784f4300-eed0-450b-a6cf-5130786d0087,d7c6b425-8324-468d-a329-916ccf1a8c60,Z00531DY,2026-08-20T00:00:00Z,admin,2026-08-20T00:00:00Z,admin
c93a6733-8149-43cb-abdf-2243d99ca0f5,d7c6b425-8324-468d-a329-916ccf1a8c60,Z004XVAC,2026-08-20T00:00:00Z,admin,2026-08-20T00:00:00Z,admin
0addbba7-6f78-43b6-a020-d713ae80171b,d7c6b425-8324-468d-a329-916ccf1a8c60,Z0052TYP,2026-08-20T00:00:00Z,admin,2026-08-20T00:00:00Z,admin
6b0a0fb0-d2c8-4d04-9c78-81471dd21a7c,d7c6b425-8324-468d-a329-916ccf1a8c60,Z002Z66N,2026-08-20T00:00:00Z,admin,2026-08-20T00:00:00Z,admin
a24d8f8e-b03a-43e3-9a92-1d68aca48025,d7c6b425-8324-468d-a329-916ccf1a8c60,Z004YK1R,2026-08-20T00:00:00Z,admin,2026-08-20T00:00:00Z,admin
f173fac3-9068-49dc-a88b-b63c917f25cc,d7c6b425-8324-468d-a329-916ccf1a8c60,Z004Z7ZE,2026-08-20T00:00:00Z,admin,2026-08-20T00:00:00Z,admin
ec39b5c2-4ea9-4443-9772-fa968b36dc99,d7c6b425-8324-468d-a329-916ccf1a8c60,Z0054KNE,2026-08-20T00:00:00Z,admin,2026-08-20T00:00:00Z,admin
f537ff54-0741-4051-ac8f-1d6c632a5e96,d7c6b425-8324-468d-a329-916ccf1a8c60,Z0028XMJ,2026-08-20T00:00:00Z,admin,2026-08-20T00:00:00Z,admin
015fead0-a766-4c65-9e4d-0a20f8f33790,d7c6b425-8324-468d-a329-916ccf1a8c60,Z004FUJT,2026-08-20T00:00:00Z,admin,2026-08-20T00:00:00Z,admin
684c9e92-9fc5-47b4-832a-4ef7b50989bf,d7c6b425-8324-468d-a329-916ccf1a8c60,Z001WYDU,2026-08-20T00:00:00Z,admin,2026-08-20T00:00:00Z,admin
b6c28638-a941-4674-8073-0c010ee1c0af,d7c6b425-8324-468d-a329-916ccf1a8c60,Z0014WKT,2026-08-20T00:00:00Z,admin,2026-08-20T00:00:00Z,admin
9b9d71af-b7bc-443c-a10d-661757a1f2fe,d7c6b425-8324-468d-a329-916ccf1a8c60,Z0039MYX,2026-08-20T00:00:00Z,admin,2026-08-20T00:00:00Z,admin
fcf2c4c4-1e08-41a7-8b69-96bde2c5f748,d7c6b425-8324-468d-a329-916ccf1a8c60,Z0051EJU,2026-08-20T00:00:00Z,admin,2026-08-20T00:00:00Z,admin
b48f8e2f-f251-434d-9847-7396333f327d,d7c6b425-8324-468d-a329-916ccf1a8c60,Z003RN6R,2026-08-20T00:00:00Z,admin,2026-08-20T00:00:00Z,admin
7d6ad770-8853-45dd-ac64-2fe3f1ba1b19,d7c6b425-8324-468d-a329-916ccf1a8c60,Z0046D7W,2026-08-20T00:00:00Z,admin,2026-08-20T00:00:00Z,admin
7cf97c3d-6b3e-48a9-bb0e-a7361158a0da,d7c6b425-8324-468d-a329-916ccf1a8c60,Z000268E,2026-08-20T00:00:00Z,admin,2026-08-20T00:00:00Z,admin
6b0c54bb-a218-4cf1-a852-1eca90026aec,d7c6b425-8324-468d-a329-916ccf1a8c60,Z002JB9N,2026-08-20T00:00:00Z,admin,2026-08-20T00:00:00Z,admin
0e0c4789-8517-4754-9ec6-fa64256f1178,d7c6b425-8324-468d-a329-916ccf1a8c60,Z002ZJEH,2026-08-20T00:00:00Z,admin,2026-08-20T00:00:00Z,admin
4cf6bf53-a354-4d73-9542-56b9203f1da2,d7c6b425-8324-468d-a329-916ccf1a8c60,Z0033TXK,2026-08-20T00:00:00Z,admin,2026-08-20T00:00:00Z,admin
e5f60d84-23d8-4cf8-9f3a-3eb63e8fab14,d7c6b425-8324-468d-a329-916ccf1a8c60,Z0037XDV,2026-08-20T00:00:00Z,admin,2026-08-20T00:00:00Z,admin
a69fb0ec-7741-49e0-be18-7096791952be,d7c6b425-8324-468d-a329-916ccf1a8c60,Z0030F0C,2026-08-20T00:00:00Z,admin,2026-08-20T00:00:00Z,admin
902a2059-9ddd-4f34-8bad-fb161c1b60be,d7c6b425-8324-468d-a329-916ccf1a8c60,Z0049ETY,2026-08-20T00:00:00Z,admin,2026-08-20T00:00:00Z,admin
40e91ba3-03ae-46d1-8568-5f6ba364e5f8,d7c6b425-8324-468d-a329-916ccf1a8c60,Z00531ED,2026-08-20T00:00:00Z,admin,2026-08-20T00:00:00Z,admin
14c77731-9db0-4652-8d59-16eb1816d921,d7c6b425-8324-468d-a329-916ccf1a8c60,Z00578UN,2026-08-20T00:00:00Z,admin,2026-08-20T00:00:00Z,admin
569175d2-4200-4b28-9fa8-c744a1fe486d,d7c6b425-8324-468d-a329-916ccf1a8c60,Z0022MPU,2026-08-20T00:00:00Z,admin,2026-08-20T00:00:00Z,admin
e19c2cb2-6aa2-49b2-838f-e46637186fdd,d7c6b425-8324-468d-a329-916ccf1a8c60,Z00360RB,2026-08-20T00:00:00Z,admin,2026-08-20T00:00:00Z,admin
45cad99d-7fbc-481b-b2dc-d3c61afa8d7d,d7c6b425-8324-468d-a329-916ccf1a8c60,Z00580YJ,2026-08-20T00:00:00Z,admin,2026-08-20T00:00:00Z,admin
73a1b294-e4c1-4302-8b17-f60ccf02bbd2,d7c6b425-8324-468d-a329-916ccf1a8c60,Z004XVAB,2026-08-20T00:00:00Z,admin,2026-08-20T00:00:00Z,admin
0773a4a0-c3a4-4a43-bbc3-8e3e885a3efa,d7c6b425-8324-468d-a329-916ccf1a8c60,Z00503ZF,2026-08-20T00:00:00Z,admin,2026-08-20T00:00:00Z,admin
8dc703b9-8fb5-4e5a-8599-f78ac504cfa4,d7c6b425-8324-468d-a329-916ccf1a8c60,Z0053X3Z,2026-08-20T00:00:00Z,admin,2026-08-20T00:00:00Z,admin
589b0aa3-9c53-4cd2-81f4-8488f673d06a,d7c6b425-8324-468d-a329-916ccf1a8c60,Z004Z8HY,2026-08-20T00:00:00Z,admin,2026-08-20T00:00:00Z,admin
a55155c7-6757-478a-b171-9eab1e166f94,d7c6b425-8324-468d-a329-916ccf1a8c60,Z00366PH,2026-08-20T00:00:00Z,admin,2026-08-20T00:00:00Z,admin
87e0a7ae-065d-441c-8377-d5abd6cef914,d7c6b425-8324-468d-a329-916ccf1a8c60,Z002M9XR,2026-08-20T00:00:00Z,admin,2026-08-20T00:00:00Z,admin
4944d7f8-f9b9-4438-a738-ddc2abdc9762,d7c6b425-8324-468d-a329-916ccf1a8c60,Z0059DWT,2026-08-20T00:00:00Z,admin,2026-08-20T00:00:00Z,admin
37083865-f0d9-4e6e-8d64-1055c1e8808a,d7c6b425-8324-468d-a329-916ccf1a8c60,Z005989N,2026-08-20T00:00:00Z,admin,2026-08-20T00:00:00Z,admin
69445749-65c9-457c-9d5e-1d2a6cb45132,d7c6b425-8324-468d-a329-916ccf1a8c60,Z0059DYC,2026-08-20T00:00:00Z,admin,2026-08-20T00:00:00Z,admin
932c185c-b31d-4715-9b21-dea8c30fb30a,d7c6b425-8324-468d-a329-916ccf1a8c60,Z0047WTV,2026-08-20T00:00:00Z,admin,2026-08-20T00:00:00Z,admin
48143741-b487-4485-bb91-668e294a71df,6155a979-333a-415e-a156-6d70cb1ee926,Z004TAMU,2026-08-20T00:00:00Z,admin,2026-08-20T00:00:00Z,admin
e40af8c8-3428-4796-90ef-6fed22392e0f,6155a979-333a-415e-a156-6d70cb1ee926,Z00531DY,2026-08-20T00:00:00Z,admin,2026-08-20T00:00:00Z,admin
cf1b4c1f-9171-4c41-9143-be46219548f3,6155a979-333a-415e-a156-6d70cb1ee926,Z004XVAC,2026-08-20T00:00:00Z,admin,2026-08-20T00:00:00Z,admin
22e6892d-7ce8-4298-b5df-69d920c827de,6155a979-333a-415e-a156-6d70cb1ee926,Z0052TYP,2026-08-20T00:00:00Z,admin,2026-08-20T00:00:00Z,admin
639cc862-6a7b-4159-8d1f-0ab0e34446ad,6155a979-333a-415e-a156-6d70cb1ee926,Z002Z66N,2026-08-20T00:00:00Z,admin,2026-08-20T00:00:00Z,admin
4509aa10-4cda-4697-b713-80d8b4ddb761,6155a979-333a-415e-a156-6d70cb1ee926,Z004YK1R,2026-08-20T00:00:00Z,admin,2026-08-20T00:00:00Z,admin
adf4f449-3d30-4c10-a592-3492c61bdfee,6155a979-333a-415e-a156-6d70cb1ee926,Z004Z7ZE,2026-08-20T00:00:00Z,admin,2026-08-20T00:00:00Z,admin
07cfbed9-4dbc-44e8-ac54-368a7d51222d,6155a979-333a-415e-a156-6d70cb1ee926,Z0054KNE,2026-08-20T00:00:00Z,admin,2026-08-20T00:00:00Z,admin
5836af85-9d69-4c2b-9ec0-7c463f0942fd,6155a979-333a-415e-a156-6d70cb1ee926,Z0028XMJ,2026-08-20T00:00:00Z,admin,2026-08-20T00:00:00Z,admin
b070a90b-f464-41b5-b9c4-6c68d8ecc4e4,6155a979-333a-415e-a156-6d70cb1ee926,Z004FUJT,2026-08-20T00:00:00Z,admin,2026-08-20T00:00:00Z,admin
7eca54f7-558e-4f6f-b1e3-52061e517931,6155a979-333a-415e-a156-6d70cb1ee926,Z001WYDU,2026-08-20T00:00:00Z,admin,2026-08-20T00:00:00Z,admin
fe4b0514-c32d-43a8-bae6-99c9e7c09a0c,6155a979-333a-415e-a156-6d70cb1ee926,Z0014WKT,2026-08-20T00:00:00Z,admin,2026-08-20T00:00:00Z,admin
74af83a4-f6be-45b2-b47d-af94018aabf4,6155a979-333a-415e-a156-6d70cb1ee926,Z0039MYX,2026-08-20T00:00:00Z,admin,2026-08-20T00:00:00Z,admin
304ab9ec-15a7-40dd-9731-23a5d08373dc,6155a979-333a-415e-a156-6d70cb1ee926,Z0051EJU,2026-08-20T00:00:00Z,admin,2026-08-20T00:00:00Z,admin
53f0f6d5-2ade-47b7-8b2f-432755c6aff1,6155a979-333a-415e-a156-6d70cb1ee926,Z003RN6R,2026-08-20T00:00:00Z,admin,2026-08-20T00:00:00Z,admin
d78f99e9-3e8e-4014-a33c-3fc9bd4756de,6155a979-333a-415e-a156-6d70cb1ee926,Z0046D7W,2026-08-20T00:00:00Z,admin,2026-08-20T00:00:00Z,admin
3db903bd-fe15-44a4-a322-e5b1be693583,6155a979-333a-415e-a156-6d70cb1ee926,Z000268E,2026-08-20T00:00:00Z,admin,2026-08-20T00:00:00Z,admin
bf3309f5-d2c7-4cfe-b3cf-8e9a7435af8e,6155a979-333a-415e-a156-6d70cb1ee926,Z002JB9N,2026-08-20T00:00:00Z,admin,2026-08-20T00:00:00Z,admin
c97ce3cb-c6f3-4232-9780-cb2838afe7d2,6155a979-333a-415e-a156-6d70cb1ee926,Z002ZJEH,2026-08-20T00:00:00Z,admin,2026-08-20T00:00:00Z,admin
8147d848-25f3-402c-804e-7ca94d401c09,6155a979-333a-415e-a156-6d70cb1ee926,Z0033TXK,2026-08-20T00:00:00Z,admin,2026-08-20T00:00:00Z,admin
b02343c8-257d-4a43-bd67-bec3277504d6,6155a979-333a-415e-a156-6d70cb1ee926,Z0037XDV,2026-08-20T00:00:00Z,admin,2026-08-20T00:00:00Z,admin
00775166-ac98-4635-a116-6ce3c0820ff6,6155a979-333a-415e-a156-6d70cb1ee926,Z0030F0C,2026-08-20T00:00:00Z,admin,2026-08-20T00:00:00Z,admin
92b04911-da2f-4f92-b468-71c234c94c94,6155a979-333a-415e-a156-6d70cb1ee926,Z0049ETY,2026-08-20T00:00:00Z,admin,2026-08-20T00:00:00Z,admin
7808a530-7254-473d-a47e-23210e44b5cf,6155a979-333a-415e-a156-6d70cb1ee926,Z00531ED,2026-08-20T00:00:00Z,admin,2026-08-20T00:00:00Z,admin
77832286-c98c-4776-b592-d9089bd5c773,6155a979-333a-415e-a156-6d70cb1ee926,Z00578UN,2026-08-20T00:00:00Z,admin,2026-08-20T00:00:00Z,admin
e1be741d-27c9-44ad-9a46-7be5b47d5dbb,6155a979-333a-415e-a156-6d70cb1ee926,Z0022MPU,2026-08-20T00:00:00Z,admin,2026-08-20T00:00:00Z,admin
3d14c0bb-5330-4992-ba65-58cfb8d7b713,6155a979-333a-415e-a156-6d70cb1ee926,Z00360RB,2026-08-20T00:00:00Z,admin,2026-08-20T00:00:00Z,admin
b6642741-0641-4db3-ac40-9cb57a3bf2cb,6155a979-333a-415e-a156-6d70cb1ee926,Z00580YJ,2026-08-20T00:00:00Z,admin,2026-08-20T00:00:00Z,admin
e86e27b5-9209-4cfd-a263-818ab8953610,6155a979-333a-415e-a156-6d70cb1ee926,Z004XVAB,2026-08-20T00:00:00Z,admin,2026-08-20T00:00:00Z,admin
aeb9838a-42c8-4671-a77d-212bd6e82162,6155a979-333a-415e-a156-6d70cb1ee926,Z00503ZF,2026-08-20T00:00:00Z,admin,2026-08-20T00:00:00Z,admin
7e2ed5fb-83b9-4eab-9818-b1e4cfb940cf,6155a979-333a-415e-a156-6d70cb1ee926,Z0053X3Z,2026-08-20T00:00:00Z,admin,2026-08-20T00:00:00Z,admin
f44a915b-cd9d-4909-b895-357877fadf3d,6155a979-333a-415e-a156-6d70cb1ee926,Z004Z8HY,2026-08-20T00:00:00Z,admin,2026-08-20T00:00:00Z,admin
a2c3acac-7a99-4fc2-9582-254478b39904,6155a979-333a-415e-a156-6d70cb1ee926,Z00366PH,2026-08-20T00:00:00Z,admin,2026-08-20T00:00:00Z,admin
2c50043c-b793-4402-97f7-fc0c31ed34a3,6155a979-333a-415e-a156-6d70cb1ee926,Z002M9XR,2026-08-20T00:00:00Z,admin,2026-08-20T00:00:00Z,admin
ce97dd75-6bba-4ae1-8619-77686abf5b24,6155a979-333a-415e-a156-6d70cb1ee926,Z0059DWT,2026-08-20T00:00:00Z,admin,2026-08-20T00:00:00Z,admin
2c315bf5-b0dc-449a-96aa-1ea8fc8f6ccf,6155a979-333a-415e-a156-6d70cb1ee926,Z005989N,2026-08-20T00:00:00Z,admin,2026-08-20T00:00:00Z,admin
d71c6d1d-56c8-4ab6-b665-a2322efe403b,6155a979-333a-415e-a156-6d70cb1ee926,Z0059DYC,2026-08-20T00:00:00Z,admin,2026-08-20T00:00:00Z,admin
6b72682e-b37d-4ab9-94ac-2886662b4692,6155a979-333a-415e-a156-6d70cb1ee926,Z0047WTV,2026-08-20T00:00:00Z,admin,2026-08-20T00:00:00Z,admin
311cff9f-74b1-489b-9d51-710f91fc6f3c,c711ae79-6eb4-4ae4-93f4-e7fedb8ef354,Z004TAMU,2026-08-20T00:00:00Z,admin,2026-08-20T00:00:00Z,admin
b6321622-7661-4c06-9c0c-862316b61b6e,c711ae79-6eb4-4ae4-93f4-e7fedb8ef354,Z00531DY,2026-08-20T00:00:00Z,admin,2026-08-20T00:00:00Z,admin
49a0c656-ff4e-4a8f-915b-35781eb09516,c711ae79-6eb4-4ae4-93f4-e7fedb8ef354,Z004XVAC,2026-08-20T00:00:00Z,admin,2026-08-20T00:00:00Z,admin
8eb3a609-b506-4d27-b032-3256aa3c6dd6,c711ae79-6eb4-4ae4-93f4-e7fedb8ef354,Z0052TYP,2026-08-20T00:00:00Z,admin,2026-08-20T00:00:00Z,admin
1075466c-23fc-48f5-998e-b24c3612ffc4,c711ae79-6eb4-4ae4-93f4-e7fedb8ef354,Z002Z66N,2026-08-20T00:00:00Z,admin,2026-08-20T00:00:00Z,admin
f29498d0-160f-4a38-b7c1-ed89fc428ead,c711ae79-6eb4-4ae4-93f4-e7fedb8ef354,Z004YK1R,2026-08-20T00:00:00Z,admin,2026-08-20T00:00:00Z,admin
3ef948ea-d60d-4ccd-b167-6a1c8f748249,c711ae79-6eb4-4ae4-93f4-e7fedb8ef354,Z004Z7ZE,2026-08-20T00:00:00Z,admin,2026-08-20T00:00:00Z,admin
1638d68f-e6f8-4950-8ae5-6889a2d4ca09,c711ae79-6eb4-4ae4-93f4-e7fedb8ef354,Z0054KNE,2026-08-20T00:00:00Z,admin,2026-08-20T00:00:00Z,admin
e67c0cbf-219f-44a2-8440-f0e8f1637ade,c711ae79-6eb4-4ae4-93f4-e7fedb8ef354,Z0028XMJ,2026-08-20T00:00:00Z,admin,2026-08-20T00:00:00Z,admin
07004c8a-2303-425c-9d2e-1eff54404bae,c711ae79-6eb4-4ae4-93f4-e7fedb8ef354,Z004FUJT,2026-08-20T00:00:00Z,admin,2026-08-20T00:00:00Z,admin
6f313001-c9ab-4376-8fa7-c54f83f1a070,c711ae79-6eb4-4ae4-93f4-e7fedb8ef354,Z001WYDU,2026-08-20T00:00:00Z,admin,2026-08-20T00:00:00Z,admin
2c04d629-7ea6-4bab-b4ab-7ca30d61b082,c711ae79-6eb4-4ae4-93f4-e7fedb8ef354,Z0014WKT,2026-08-20T00:00:00Z,admin,2026-08-20T00:00:00Z,admin
50bb7f62-d2e7-47cd-8379-a6c61684a725,c711ae79-6eb4-4ae4-93f4-e7fedb8ef354,Z0039MYX,2026-08-20T00:00:00Z,admin,2026-08-20T00:00:00Z,admin
81586a50-8216-4432-af0b-2de7772cd737,c711ae79-6eb4-4ae4-93f4-e7fedb8ef354,Z0051EJU,2026-08-20T00:00:00Z,admin,2026-08-20T00:00:00Z,admin
252009b0-4d3b-4ab8-994b-c586b4730401,c711ae79-6eb4-4ae4-93f4-e7fedb8ef354,Z003RN6R,2026-08-20T00:00:00Z,admin,2026-08-20T00:00:00Z,admin
054bdd09-9cc0-4925-8b1d-140000228b98,c711ae79-6eb4-4ae4-93f4-e7fedb8ef354,Z0046D7W,2026-08-20T00:00:00Z,admin,2026-08-20T00:00:00Z,admin
376bffef-c613-46d6-b61b-d65ccc8b0bf7,c711ae79-6eb4-4ae4-93f4-e7fedb8ef354,Z000268E,2026-08-20T00:00:00Z,admin,2026-08-20T00:00:00Z,admin
8e678997-9b61-467e-bded-336e587092a7,c711ae79-6eb4-4ae4-93f4-e7fedb8ef354,Z002JB9N,2026-08-20T00:00:00Z,admin,2026-08-20T00:00:00Z,admin
9a0b50ed-d783-44ff-b773-797497ab9f6c,c711ae79-6eb4-4ae4-93f4-e7fedb8ef354,Z002ZJEH,2026-08-20T00:00:00Z,admin,2026-08-20T00:00:00Z,admin
8faf5c70-444a-4ac9-ad50-60c6c296580a,c711ae79-6eb4-4ae4-93f4-e7fedb8ef354,Z0033TXK,2026-08-20T00:00:00Z,admin,2026-08-20T00:00:00Z,admin
ae332818-61ff-4b43-b1ee-879407d6caf5,c711ae79-6eb4-4ae4-93f4-e7fedb8ef354,Z0037XDV,2026-08-20T00:00:00Z,admin,2026-08-20T00:00:00Z,admin
9f6d51ae-f020-4b69-9c20-6212989ce17f,c711ae79-6eb4-4ae4-93f4-e7fedb8ef354,Z0030F0C,2026-08-20T00:00:00Z,admin,2026-08-20T00:00:00Z,admin
352abf81-7ff0-46d1-bec3-5a4f71c592f0,c711ae79-6eb4-4ae4-93f4-e7fedb8ef354,Z0049ETY,2026-08-20T00:00:00Z,admin,2026-08-20T00:00:00Z,admin
14e2a374-5793-4802-aa52-3f61bcf093e6,c711ae79-6eb4-4ae4-93f4-e7fedb8ef354,Z00531ED,2026-08-20T00:00:00Z,admin,2026-08-20T00:00:00Z,admin
6074fc4e-9c9e-4c07-92f9-c50683a7737b,c711ae79-6eb4-4ae4-93f4-e7fedb8ef354,Z00578UN,2026-08-20T00:00:00Z,admin,2026-08-20T00:00:00Z,admin
0d9d19f4-7ac1-4802-bc1c-e94e8716441b,c711ae79-6eb4-4ae4-93f4-e7fedb8ef354,Z0022MPU,2026-08-20T00:00:00Z,admin,2026-08-20T00:00:00Z,admin
ea2e31e3-3ac4-4112-a8c8-b884e7985682,c711ae79-6eb4-4ae4-93f4-e7fedb8ef354,Z00360RB,2026-08-20T00:00:00Z,admin,2026-08-20T00:00:00Z,admin
14523904-8a39-4d64-bda6-da0026fdb03c,c711ae79-6eb4-4ae4-93f4-e7fedb8ef354,Z00580YJ,2026-08-20T00:00:00Z,admin,2026-08-20T00:00:00Z,admin
dbbfd0d2-15f2-4119-b3c5-1763875e91ea,c711ae79-6eb4-4ae4-93f4-e7fedb8ef354,Z004XVAB,2026-08-20T00:00:00Z,admin,2026-08-20T00:00:00Z,admin
61678fac-0ba0-4a55-af70-894e26de1cfb,c711ae79-6eb4-4ae4-93f4-e7fedb8ef354,Z00503ZF,2026-08-20T00:00:00Z,admin,2026-08-20T00:00:00Z,admin
4ccb464c-eee3-47b6-b0f2-ab0e0154250b,c711ae79-6eb4-4ae4-93f4-e7fedb8ef354,Z0053X3Z,2026-08-20T00:00:00Z,admin,2026-08-20T00:00:00Z,admin
94e92c22-ddc6-419f-bb91-de8fcbc78990,c711ae79-6eb4-4ae4-93f4-e7fedb8ef354,Z004Z8HY,2026-08-20T00:00:00Z,admin,2026-08-20T00:00:00Z,admin
8ce8b700-04fe-422b-b532-2c930c83be16,c711ae79-6eb4-4ae4-93f4-e7fedb8ef354,Z00366PH,2026-08-20T00:00:00Z,admin,2026-08-20T00:00:00Z,admin
aacab067-765c-4f8f-9ddc-f3501b8cbad8,c711ae79-6eb4-4ae4-93f4-e7fedb8ef354,Z002M9XR,2026-08-20T00:00:00Z,admin,2026-08-20T00:00:00Z,admin
8dea37e9-07eb-4c4c-9632-70c7b0867638,c711ae79-6eb4-4ae4-93f4-e7fedb8ef354,Z0059DWT,2026-08-20T00:00:00Z,admin,2026-08-20T00:00:00Z,admin
e3e1d939-b1b2-45ee-9f62-7d0c0c1a1f5f,c711ae79-6eb4-4ae4-93f4-e7fedb8ef354,Z005989N,2026-08-20T00:00:00Z,admin,2026-08-20T00:00:00Z,admin
532f50f7-a4c1-49c2-8eea-e58a924b0c4a,c711ae79-6eb4-4ae4-93f4-e7fedb8ef354,Z0059DYC,2026-08-20T00:00:00Z,admin,2026-08-20T00:00:00Z,admin
555e6ac5-38e3-4ecc-9b14-884e5bc1f8b9,c711ae79-6eb4-4ae4-93f4-e7fedb8ef354,Z0047WTV,2026-08-20T00:00:00Z,admin,2026-08-20T00:00:00Z,admin
d2596a7d-f31b-4abf-9a0b-cff2e2112a5c,7c92b262-7c1e-4749-9eb2-25c5d036566b,Z004TAMU,2026-08-20T00:00:00Z,admin,2026-08-20T00:00:00Z,admin
8fc50088-fed2-4900-949a-50171eface70,7c92b262-7c1e-4749-9eb2-25c5d036566b,Z00531DY,2026-08-20T00:00:00Z,admin,2026-08-20T00:00:00Z,admin
39c6f4af-09b4-4f7a-9e11-3410623c83cf,7c92b262-7c1e-4749-9eb2-25c5d036566b,Z004XVAC,2026-08-20T00:00:00Z,admin,2026-08-20T00:00:00Z,admin
e5a7306d-623a-4965-9ded-de17e3f1f515,7c92b262-7c1e-4749-9eb2-25c5d036566b,Z0052TYP,2026-08-20T00:00:00Z,admin,2026-08-20T00:00:00Z,admin
d38fc38f-6849-401d-926e-36647721b2a2,7c92b262-7c1e-4749-9eb2-25c5d036566b,Z002Z66N,2026-08-20T00:00:00Z,admin,2026-08-20T00:00:00Z,admin
fcbdc225-12b0-4e67-b8a7-d9b9090d0813,7c92b262-7c1e-4749-9eb2-25c5d036566b,Z004YK1R,2026-08-20T00:00:00Z,admin,2026-08-20T00:00:00Z,admin
6653dbe8-59e6-4c15-9aa0-a44e8e002ff7,7c92b262-7c1e-4749-9eb2-25c5d036566b,Z004Z7ZE,2026-08-20T00:00:00Z,admin,2026-08-20T00:00:00Z,admin
7e85e387-161d-404b-bfe1-764ca44dec37,7c92b262-7c1e-4749-9eb2-25c5d036566b,Z0054KNE,2026-08-20T00:00:00Z,admin,2026-08-20T00:00:00Z,admin
280f820a-4280-4a3e-9350-269f5f952801,7c92b262-7c1e-4749-9eb2-25c5d036566b,Z0028XMJ,2026-08-20T00:00:00Z,admin,2026-08-20T00:00:00Z,admin
29bf6136-2bff-4863-95d7-2affdbd39a74,7c92b262-7c1e-4749-9eb2-25c5d036566b,Z004FUJT,2026-08-20T00:00:00Z,admin,2026-08-20T00:00:00Z,admin
d6f88d97-afbd-4db7-b6b2-c718e9336502,7c92b262-7c1e-4749-9eb2-25c5d036566b,Z001WYDU,2026-08-20T00:00:00Z,admin,2026-08-20T00:00:00Z,admin
39301949-fc72-4f67-b2fc-38411e641d58,7c92b262-7c1e-4749-9eb2-25c5d036566b,Z0014WKT,2026-08-20T00:00:00Z,admin,2026-08-20T00:00:00Z,admin
1256d2ac-e4c3-4b86-ab20-a434aa593dd2,7c92b262-7c1e-4749-9eb2-25c5d036566b,Z0039MYX,2026-08-20T00:00:00Z,admin,2026-08-20T00:00:00Z,admin
9fdde56e-0b61-4b36-909c-d519b787d5eb,7c92b262-7c1e-4749-9eb2-25c5d036566b,Z0051EJU,2026-08-20T00:00:00Z,admin,2026-08-20T00:00:00Z,admin
15206114-b87d-4855-93e1-ca8a9dd61479,7c92b262-7c1e-4749-9eb2-25c5d036566b,Z003RN6R,2026-08-20T00:00:00Z,admin,2026-08-20T00:00:00Z,admin
3c5599c1-1072-4db1-a725-041fdffcd097,7c92b262-7c1e-4749-9eb2-25c5d036566b,Z0046D7W,2026-08-20T00:00:00Z,admin,2026-08-20T00:00:00Z,admin
18bc64e1-124f-441d-bee5-3e9e1b049cb2,7c92b262-7c1e-4749-9eb2-25c5d036566b,Z000268E,2026-08-20T00:00:00Z,admin,2026-08-20T00:00:00Z,admin
af404801-d8c2-4050-bf31-92a82a0aff5c,7c92b262-7c1e-4749-9eb2-25c5d036566b,Z002JB9N,2026-08-20T00:00:00Z,admin,2026-08-20T00:00:00Z,admin
c8df01bf-370e-4925-8a6d-eb79ba482bd9,7c92b262-7c1e-4749-9eb2-25c5d036566b,Z002ZJEH,2026-08-20T00:00:00Z,admin,2026-08-20T00:00:00Z,admin
5d1c86d3-7689-40d1-96bf-e2e566ef5e78,7c92b262-7c1e-4749-9eb2-25c5d036566b,Z0033TXK,2026-08-20T00:00:00Z,admin,2026-08-20T00:00:00Z,admin
80d7b0f5-a082-4863-9f3a-d98cbccce316,7c92b262-7c1e-4749-9eb2-25c5d036566b,Z0037XDV,2026-08-20T00:00:00Z,admin,2026-08-20T00:00:00Z,admin
4c6055e4-d8f6-4242-9034-f163944a56c4,7c92b262-7c1e-4749-9eb2-25c5d036566b,Z0030F0C,2026-08-20T00:00:00Z,admin,2026-08-20T00:00:00Z,admin
6d0225de-b020-46ca-aa9d-44a0493c2e48,7c92b262-7c1e-4749-9eb2-25c5d036566b,Z0049ETY,2026-08-20T00:00:00Z,admin,2026-08-20T00:00:00Z,admin
5ae07565-a8bc-41a9-a6db-45537ca1a45c,7c92b262-7c1e-4749-9eb2-25c5d036566b,Z00531ED,2026-08-20T00:00:00Z,admin,2026-08-20T00:00:00Z,admin
2743a675-2193-46e3-b13a-69005337d914,7c92b262-7c1e-4749-9eb2-25c5d036566b,Z00578UN,2026-08-20T00:00:00Z,admin,2026-08-20T00:00:00Z,admin
9507d217-fd10-4fc9-a617-5fd05f25d10a,7c92b262-7c1e-4749-9eb2-25c5d036566b,Z0022MPU,2026-08-20T00:00:00Z,admin,2026-08-20T00:00:00Z,admin
f0974024-9e45-4cae-82be-32e70263de0c,7c92b262-7c1e-4749-9eb2-25c5d036566b,Z00360RB,2026-08-20T00:00:00Z,admin,2026-08-20T00:00:00Z,admin
3b39fe26-3cda-4410-b2b4-51d479dd7d99,7c92b262-7c1e-4749-9eb2-25c5d036566b,Z00580YJ,2026-08-20T00:00:00Z,admin,2026-08-20T00:00:00Z,admin
4850dacf-abf1-4759-9924-9b960f8c526c,7c92b262-7c1e-4749-9eb2-25c5d036566b,Z004XVAB,2026-08-20T00:00:00Z,admin,2026-08-20T00:00:00Z,admin
74e9fb7e-5094-4753-8abe-143941883f21,7c92b262-7c1e-4749-9eb2-25c5d036566b,Z00503ZF,2026-08-20T00:00:00Z,admin,2026-08-20T00:00:00Z,admin
80c377f1-ebfa-4ee1-9093-e08217b5c58a,7c92b262-7c1e-4749-9eb2-25c5d036566b,Z0053X3Z,2026-08-20T00:00:00Z,admin,2026-08-20T00:00:00Z,admin
ef4512b4-544c-428f-bd04-aad3b9d322c1,7c92b262-7c1e-4749-9eb2-25c5d036566b,Z004Z8HY,2026-08-20T00:00:00Z,admin,2026-08-20T00:00:00Z,admin
43619693-6e4c-4f93-80e5-72a14a34bfcc,7c92b262-7c1e-4749-9eb2-25c5d036566b,Z00366PH,2026-08-20T00:00:00Z,admin,2026-08-20T00:00:00Z,admin
5d5c523f-99bc-42b2-8519-6e11b08a75c1,7c92b262-7c1e-4749-9eb2-25c5d036566b,Z002M9XR,2026-08-20T00:00:00Z,admin,2026-08-20T00:00:00Z,admin
d8d67dc0-228e-4b3c-8f49-4a5b82a5d12a,7c92b262-7c1e-4749-9eb2-25c5d036566b,Z0059DWT,2026-08-20T00:00:00Z,admin,2026-08-20T00:00:00Z,admin
5034ee03-549e-4e0f-bff9-cf7760884385,7c92b262-7c1e-4749-9eb2-25c5d036566b,Z005989N,2026-08-20T00:00:00Z,admin,2026-08-20T00:00:00Z,admin
691087a1-20de-449c-bed4-7c59bb2334f0,7c92b262-7c1e-4749-9eb2-25c5d036566b,Z0059DYC,2026-08-20T00:00:00Z,admin,2026-08-20T00:00:00Z,admin
6ce355c4-93fc-45c8-94c6-6e986285139a,7c92b262-7c1e-4749-9eb2-25c5d036566b,Z0047WTV,2026-08-20T00:00:00Z,admin,2026-08-20T00:00:00Z,admin
0259321b-5682-4d3d-ac7e-2ced068e6ff0,067c51e1-69c3-4640-9090-f96890278258,Z004TAMU,2026-08-20T00:00:00Z,admin,2026-08-20T00:00:00Z,admin
ed1a8c32-89c5-444e-a4a9-556e1784bedd,067c51e1-69c3-4640-9090-f96890278258,Z00531DY,2026-08-20T00:00:00Z,admin,2026-08-20T00:00:00Z,admin
8a273a11-b460-4006-ad9c-8c3d8391be94,067c51e1-69c3-4640-9090-f96890278258,Z004XVAC,2026-08-20T00:00:00Z,admin,2026-08-20T00:00:00Z,admin
1ccc2c45-0733-4f3c-b61a-51be19fdd618,067c51e1-69c3-4640-9090-f96890278258,Z0052TYP,2026-08-20T00:00:00Z,admin,2026-08-20T00:00:00Z,admin
0602a2fe-a577-4efd-ab91-f29238087e5b,067c51e1-69c3-4640-9090-f96890278258,Z002Z66N,2026-08-20T00:00:00Z,admin,2026-08-20T00:00:00Z,admin
fd457175-fcf8-464b-91d6-46fb0ed30018,067c51e1-69c3-4640-9090-f96890278258,Z004YK1R,2026-08-20T00:00:00Z,admin,2026-08-20T00:00:00Z,admin
3a2a900d-9a3c-44ff-9fbc-2daa920ca5a8,067c51e1-69c3-4640-9090-f96890278258,Z004Z7ZE,2026-08-20T00:00:00Z,admin,2026-08-20T00:00:00Z,admin
403163ab-58ab-41ba-b012-c16fe599acf4,067c51e1-69c3-4640-9090-f96890278258,Z0054KNE,2026-08-20T00:00:00Z,admin,2026-08-20T00:00:00Z,admin
9f640efd-7c9b-4953-a627-ebac35ef6380,067c51e1-69c3-4640-9090-f96890278258,Z0028XMJ,2026-08-20T00:00:00Z,admin,2026-08-20T00:00:00Z,admin
f07b8e7f-a9f1-4776-b891-4fd112031e3a,067c51e1-69c3-4640-9090-f96890278258,Z004FUJT,2026-08-20T00:00:00Z,admin,2026-08-20T00:00:00Z,admin
c9e019f3-ff59-43f1-95b1-a34ba6784d61,067c51e1-69c3-4640-9090-f96890278258,Z001WYDU,2026-08-20T00:00:00Z,admin,2026-08-20T00:00:00Z,admin
c292b197-a3e4-431f-b32b-6c12c9424161,067c51e1-69c3-4640-9090-f96890278258,Z0014WKT,2026-08-20T00:00:00Z,admin,2026-08-20T00:00:00Z,admin
ad418cfd-062f-42f8-aee1-02e336704fe4,067c51e1-69c3-4640-9090-f96890278258,Z0039MYX,2026-08-20T00:00:00Z,admin,2026-08-20T00:00:00Z,admin
70e6174f-2957-4226-aafc-c20fa09c3a3f,067c51e1-69c3-4640-9090-f96890278258,Z0051EJU,2026-08-20T00:00:00Z,admin,2026-08-20T00:00:00Z,admin
72a9a43b-60d9-4e75-a097-55cff6d7479a,067c51e1-69c3-4640-9090-f96890278258,Z003RN6R,2026-08-20T00:00:00Z,admin,2026-08-20T00:00:00Z,admin
a6281238-7537-495d-938f-3fb6ef20594c,067c51e1-69c3-4640-9090-f96890278258,Z0046D7W,2026-08-20T00:00:00Z,admin,2026-08-20T00:00:00Z,admin
0492556b-9048-47c2-b164-4f5961215fcd,067c51e1-69c3-4640-9090-f96890278258,Z000268E,2026-08-20T00:00:00Z,admin,2026-08-20T00:00:00Z,admin
166cab11-8d47-4179-a811-5be9a963b57d,067c51e1-69c3-4640-9090-f96890278258,Z002JB9N,2026-08-20T00:00:00Z,admin,2026-08-20T00:00:00Z,admin
246f4fdd-80e9-4007-b4e9-9450a2500639,067c51e1-69c3-4640-9090-f96890278258,Z002ZJEH,2026-08-20T00:00:00Z,admin,2026-08-20T00:00:00Z,admin
85c29022-09ac-4231-b71d-7cfb6ef105b8,067c51e1-69c3-4640-9090-f96890278258,Z0033TXK,2026-08-20T00:00:00Z,admin,2026-08-20T00:00:00Z,admin
60db67aa-10e7-4522-a5ae-ac04bbc445da,067c51e1-69c3-4640-9090-f96890278258,Z0037XDV,2026-08-20T00:00:00Z,admin,2026-08-20T00:00:00Z,admin
edf4e4ac-8ab5-4b1d-b7d1-50d772496311,067c51e1-69c3-4640-9090-f96890278258,Z0030F0C,2026-08-20T00:00:00Z,admin,2026-08-20T00:00:00Z,admin
a32b593e-79d0-4f83-91f3-66ffb53d0a21,067c51e1-69c3-4640-9090-f96890278258,Z0049ETY,2026-08-20T00:00:00Z,admin,2026-08-20T00:00:00Z,admin
323e6eba-617c-48b5-9408-e7d9c2faf2c6,067c51e1-69c3-4640-9090-f96890278258,Z00531ED,2026-08-20T00:00:00Z,admin,2026-08-20T00:00:00Z,admin
d87ff383-9547-4d12-bddc-3dfcf62c4aaf,067c51e1-69c3-4640-9090-f96890278258,Z00578UN,2026-08-20T00:00:00Z,admin,2026-08-20T00:00:00Z,admin
04dd6d10-a902-4482-89cc-3b0e747197b8,067c51e1-69c3-4640-9090-f96890278258,Z0022MPU,2026-08-20T00:00:00Z,admin,2026-08-20T00:00:00Z,admin
b7fdb426-36e2-462c-9009-7f271fe6df92,067c51e1-69c3-4640-9090-f96890278258,Z00360RB,2026-08-20T00:00:00Z,admin,2026-08-20T00:00:00Z,admin
8f58d08a-52e5-4ffb-97bf-a081002174d2,067c51e1-69c3-4640-9090-f96890278258,Z00580YJ,2026-08-20T00:00:00Z,admin,2026-08-20T00:00:00Z,admin
53a8d859-f7c9-4efc-a79b-1b3339b35a36,067c51e1-69c3-4640-9090-f96890278258,Z004XVAB,2026-08-20T00:00:00Z,admin,2026-08-20T00:00:00Z,admin
1278991d-c62e-44d8-9d9d-9c5e58870974,067c51e1-69c3-4640-9090-f96890278258,Z00503ZF,2026-08-20T00:00:00Z,admin,2026-08-20T00:00:00Z,admin
34053bd8-d83c-4d52-a3c5-c8554d4343bc,067c51e1-69c3-4640-9090-f96890278258,Z0053X3Z,2026-08-20T00:00:00Z,admin,2026-08-20T00:00:00Z,admin
0ee5b637-0b2a-4935-bb2e-7d426660dc35,067c51e1-69c3-4640-9090-f96890278258,Z004Z8HY,2026-08-20T00:00:00Z,admin,2026-08-20T00:00:00Z,admin
e5f5535a-3ef6-4054-89aa-22f975ef426c,067c51e1-69c3-4640-9090-f96890278258,Z00366PH,2026-08-20T00:00:00Z,admin,2026-08-20T00:00:00Z,admin
d67002a0-7eec-4813-af98-15a3614e11b5,067c51e1-69c3-4640-9090-f96890278258,Z002M9XR,2026-08-20T00:00:00Z,admin,2026-08-20T00:00:00Z,admin
9c029762-cc7e-4159-9aa2-e306ad829dec,067c51e1-69c3-4640-9090-f96890278258,Z0059DWT,2026-08-20T00:00:00Z,admin,2026-08-20T00:00:00Z,admin
726df0f3-8000-48a9-bd9b-c5125a351282,067c51e1-69c3-4640-9090-f96890278258,Z005989N,2026-08-20T00:00:00Z,admin,2026-08-20T00:00:00Z,admin
b7a855c7-e3cd-40d5-a305-de4e4aea067f,067c51e1-69c3-4640-9090-f96890278258,Z0059DYC,2026-08-20T00:00:00Z,admin,2026-08-20T00:00:00Z,admin
bf733254-f714-47cd-87b2-ce6ae7e66f3d,067c51e1-69c3-4640-9090-f96890278258,Z0047WTV,2026-08-20T00:00:00Z,admin,2026-08-20T00:00:00Z,admin
47a11c50-5c1f-4f2e-abca-3de481c1a4b3,58fdab5a-1b33-495a-9818-e4955c2be0d2,Z004TAMU,2026-08-20T00:00:00Z,admin,2026-08-20T00:00:00Z,admin
635ed990-15d9-4a4c-bb63-a70236945e72,58fdab5a-1b33-495a-9818-e4955c2be0d2,Z00531DY,2026-08-20T00:00:00Z,admin,2026-08-20T00:00:00Z,admin
7102d1e0-e25a-4e20-94f5-b9e1ba9558f9,58fdab5a-1b33-495a-9818-e4955c2be0d2,Z004XVAC,2026-08-20T00:00:00Z,admin,2026-08-20T00:00:00Z,admin
ea6e78ae-f4ca-45d1-9de5-9c5b5558ea2f,58fdab5a-1b33-495a-9818-e4955c2be0d2,Z0052TYP,2026-08-20T00:00:00Z,admin,2026-08-20T00:00:00Z,admin
dba17818-15ec-455a-a120-a86608b00c00,58fdab5a-1b33-495a-9818-e4955c2be0d2,Z002Z66N,2026-08-20T00:00:00Z,admin,2026-08-20T00:00:00Z,admin
d49b919f-75a7-46e0-a143-5a8113417c28,58fdab5a-1b33-495a-9818-e4955c2be0d2,Z004YK1R,2026-08-20T00:00:00Z,admin,2026-08-20T00:00:00Z,admin
0ff5c478-0e6c-47da-acce-3c4a11e8c00a,58fdab5a-1b33-495a-9818-e4955c2be0d2,Z004Z7ZE,2026-08-20T00:00:00Z,admin,2026-08-20T00:00:00Z,admin
8c992e43-d8f9-44e6-88a2-4239fb8a9b36,58fdab5a-1b33-495a-9818-e4955c2be0d2,Z0054KNE,2026-08-20T00:00:00Z,admin,2026-08-20T00:00:00Z,admin
6dbf99eb-8054-49d3-bfc7-102792c603e0,58fdab5a-1b33-495a-9818-e4955c2be0d2,Z0028XMJ,2026-08-20T00:00:00Z,admin,2026-08-20T00:00:00Z,admin
3d910e94-c752-4e3e-a732-fedff58a122b,58fdab5a-1b33-495a-9818-e4955c2be0d2,Z004FUJT,2026-08-20T00:00:00Z,admin,2026-08-20T00:00:00Z,admin
edb9d93c-bd8a-4a6c-aa0c-8f66aa22c9e1,58fdab5a-1b33-495a-9818-e4955c2be0d2,Z001WYDU,2026-08-20T00:00:00Z,admin,2026-08-20T00:00:00Z,admin
7e28789a-ee71-4045-be88-41a662c0f5ae,58fdab5a-1b33-495a-9818-e4955c2be0d2,Z0014WKT,2026-08-20T00:00:00Z,admin,2026-08-20T00:00:00Z,admin
82c196e7-e20f-4a6f-aed5-f4feba55796f,58fdab5a-1b33-495a-9818-e4955c2be0d2,Z0039MYX,2026-08-20T00:00:00Z,admin,2026-08-20T00:00:00Z,admin
a57e6b51-d88f-40b7-b6ce-7cff33b00e10,58fdab5a-1b33-495a-9818-e4955c2be0d2,Z0051EJU,2026-08-20T00:00:00Z,admin,2026-08-20T00:00:00Z,admin
e645f5f2-2060-425a-b5b4-20267535a111,58fdab5a-1b33-495a-9818-e4955c2be0d2,Z003RN6R,2026-08-20T00:00:00Z,admin,2026-08-20T00:00:00Z,admin
0dd49210-5483-46bc-b090-21f1927204c1,58fdab5a-1b33-495a-9818-e4955c2be0d2,Z0046D7W,2026-08-20T00:00:00Z,admin,2026-08-20T00:00:00Z,admin
363928b8-dec9-469b-bc71-9739b5382916,58fdab5a-1b33-495a-9818-e4955c2be0d2,Z000268E,2026-08-20T00:00:00Z,admin,2026-08-20T00:00:00Z,admin
83aeedcf-2cea-4e19-8b5a-319d0dd12522,58fdab5a-1b33-495a-9818-e4955c2be0d2,Z002JB9N,2026-08-20T00:00:00Z,admin,2026-08-20T00:00:00Z,admin
0ef31f4a-54dd-46fb-ba51-d4079ff4fbd8,58fdab5a-1b33-495a-9818-e4955c2be0d2,Z002ZJEH,2026-08-20T00:00:00Z,admin,2026-08-20T00:00:00Z,admin
a781fbf5-8a01-4ec4-9b5f-bff82b847a87,58fdab5a-1b33-495a-9818-e4955c2be0d2,Z0033TXK,2026-08-20T00:00:00Z,admin,2026-08-20T00:00:00Z,admin
281d0259-618e-402f-886b-f611ce22b802,58fdab5a-1b33-495a-9818-e4955c2be0d2,Z0037XDV,2026-08-20T00:00:00Z,admin,2026-08-20T00:00:00Z,admin
0f055e94-9274-421c-a2d0-f02380b4d302,58fdab5a-1b33-495a-9818-e4955c2be0d2,Z0030F0C,2026-08-20T00:00:00Z,admin,2026-08-20T00:00:00Z,admin
12000b8f-e5cb-4b6d-b6a2-e25cf0852e39,58fdab5a-1b33-495a-9818-e4955c2be0d2,Z0049ETY,2026-08-20T00:00:00Z,admin,2026-08-20T00:00:00Z,admin
2825e215-1fa3-4940-8044-4adc0f513df2,58fdab5a-1b33-495a-9818-e4955c2be0d2,Z00531ED,2026-08-20T00:00:00Z,admin,2026-08-20T00:00:00Z,admin
5a55b563-9505-4693-b9c2-c6fd1cbf5b76,58fdab5a-1b33-495a-9818-e4955c2be0d2,Z00578UN,2026-08-20T00:00:00Z,admin,2026-08-20T00:00:00Z,admin
283ddf6d-b61a-4f61-a6f3-59d528ffadaf,58fdab5a-1b33-495a-9818-e4955c2be0d2,Z0022MPU,2026-08-20T00:00:00Z,admin,2026-08-20T00:00:00Z,admin
f19b2ee4-7330-4252-9882-79c85468b661,58fdab5a-1b33-495a-9818-e4955c2be0d2,Z00360RB,2026-08-20T00:00:00Z,admin,2026-08-20T00:00:00Z,admin
eb010d79-fd4d-47eb-9e0f-93a4439926ad,58fdab5a-1b33-495a-9818-e4955c2be0d2,Z00580YJ,2026-08-20T00:00:00Z,admin,2026-08-20T00:00:00Z,admin
0d2e39c7-418b-4f2a-95c7-daf13d517de6,58fdab5a-1b33-495a-9818-e4955c2be0d2,Z004XVAB,2026-08-20T00:00:00Z,admin,2026-08-20T00:00:00Z,admin
50edfe4d-282c-4f5c-9364-014c0c12b49b,58fdab5a-1b33-495a-9818-e4955c2be0d2,Z00503ZF,2026-08-20T00:00:00Z,admin,2026-08-20T00:00:00Z,admin
83822548-05e9-4864-81bd-60678224b232,58fdab5a-1b33-495a-9818-e4955c2be0d2,Z0053X3Z,2026-08-20T00:00:00Z,admin,2026-08-20T00:00:00Z,admin
d8ab9bfb-3d62-42b3-ad2c-9606b27ca53e,58fdab5a-1b33-495a-9818-e4955c2be0d2,Z004Z8HY,2026-08-20T00:00:00Z,admin,2026-08-20T00:00:00Z,admin
e9f6c716-9842-418c-ab5e-28e3452a2124,58fdab5a-1b33-495a-9818-e4955c2be0d2,Z00366PH,2026-08-20T00:00:00Z,admin,2026-08-20T00:00:00Z,admin
4a58b450-9a95-4e5e-9ef5-d29e15b0332e,58fdab5a-1b33-495a-9818-e4955c2be0d2,Z002M9XR,2026-08-20T00:00:00Z,admin,2026-08-20T00:00:00Z,admin
52d6ab85-de59-4727-9cc8-b2932b2eba86,58fdab5a-1b33-495a-9818-e4955c2be0d2,Z0059DWT,2026-08-20T00:00:00Z,admin,2026-08-20T00:00:00Z,admin
c396278a-bf06-42a4-b09b-21e4950dde7b,58fdab5a-1b33-495a-9818-e4955c2be0d2,Z005989N,2026-08-20T00:00:00Z,admin,2026-08-20T00:00:00Z,admin
270d8577-8a50-4844-b15d-3f60358186d4,58fdab5a-1b33-495a-9818-e4955c2be0d2,Z0059DYC,2026-08-20T00:00:00Z,admin,2026-08-20T00:00:00Z,admin
f701ca9b-ac84-47b1-b473-705278e2142d,58fdab5a-1b33-495a-9818-e4955c2be0d2,Z0047WTV,2026-08-20T00:00:00Z,admin,2026-08-20T00:00:00Z,admin
173b75e3-5e7a-4998-b4ff-54d0866521de,cbcd6f70-8aa6-4fe3-a76e-8d6cb30180f5,Z004TAMU,2026-08-20T00:00:00Z,admin,2026-08-20T00:00:00Z,admin
82f70477-a263-4b0b-936c-94db03c6eb25,cbcd6f70-8aa6-4fe3-a76e-8d6cb30180f5,Z00531DY,2026-08-20T00:00:00Z,admin,2026-08-20T00:00:00Z,admin
00e95153-d2e0-446b-9923-35b4d81bb60e,cbcd6f70-8aa6-4fe3-a76e-8d6cb30180f5,Z004XVAC,2026-08-20T00:00:00Z,admin,2026-08-20T00:00:00Z,admin
04a210f7-bddc-40e0-8f8c-85f3381b0a9f,cbcd6f70-8aa6-4fe3-a76e-8d6cb30180f5,Z0052TYP,2026-08-20T00:00:00Z,admin,2026-08-20T00:00:00Z,admin
210a553c-3175-4326-aee8-2f05d092e667,cbcd6f70-8aa6-4fe3-a76e-8d6cb30180f5,Z002Z66N,2026-08-20T00:00:00Z,admin,2026-08-20T00:00:00Z,admin
47d67519-4c95-47f4-a8ad-2d1b9db42ebb,cbcd6f70-8aa6-4fe3-a76e-8d6cb30180f5,Z004YK1R,2026-08-20T00:00:00Z,admin,2026-08-20T00:00:00Z,admin
b122beb6-90fb-4427-a997-fa3fde533fb1,cbcd6f70-8aa6-4fe3-a76e-8d6cb30180f5,Z004Z7ZE,2026-08-20T00:00:00Z,admin,2026-08-20T00:00:00Z,admin
bfb98338-aacc-4c5e-89bd-ed660daab58f,cbcd6f70-8aa6-4fe3-a76e-8d6cb30180f5,Z0054KNE,2026-08-20T00:00:00Z,admin,2026-08-20T00:00:00Z,admin
811c279b-42dc-486d-b492-92843e346ae5,cbcd6f70-8aa6-4fe3-a76e-8d6cb30180f5,Z0028XMJ,2026-08-20T00:00:00Z,admin,2026-08-20T00:00:00Z,admin
f03f9d1f-737c-4e64-aa45-763f6e38ae14,cbcd6f70-8aa6-4fe3-a76e-8d6cb30180f5,Z004FUJT,2026-08-20T00:00:00Z,admin,2026-08-20T00:00:00Z,admin
48ef1ba1-9847-49bf-904c-92ee59638016,cbcd6f70-8aa6-4fe3-a76e-8d6cb30180f5,Z001WYDU,2026-08-20T00:00:00Z,admin,2026-08-20T00:00:00Z,admin
ca0bf426-c39a-405d-b4af-721259aabb31,cbcd6f70-8aa6-4fe3-a76e-8d6cb30180f5,Z0014WKT,2026-08-20T00:00:00Z,admin,2026-08-20T00:00:00Z,admin
1eb48f8a-3ea7-4239-b9d0-95831040e91e,cbcd6f70-8aa6-4fe3-a76e-8d6cb30180f5,Z0039MYX,2026-08-20T00:00:00Z,admin,2026-08-20T00:00:00Z,admin
ce53e2ad-902c-474a-ac14-afa0195f2312,cbcd6f70-8aa6-4fe3-a76e-8d6cb30180f5,Z0051EJU,2026-08-20T00:00:00Z,admin,2026-08-20T00:00:00Z,admin
e5a7b6ca-f9d8-4154-89ed-638055657e26,cbcd6f70-8aa6-4fe3-a76e-8d6cb30180f5,Z003RN6R,2026-08-20T00:00:00Z,admin,2026-08-20T00:00:00Z,admin
95206d64-1346-4888-b957-45e4e5fec6a8,cbcd6f70-8aa6-4fe3-a76e-8d6cb30180f5,Z0046D7W,2026-08-20T00:00:00Z,admin,2026-08-20T00:00:00Z,admin
29d73c38-0853-4ddb-a079-c64e11ccd331,cbcd6f70-8aa6-4fe3-a76e-8d6cb30180f5,Z000268E,2026-08-20T00:00:00Z,admin,2026-08-20T00:00:00Z,admin
96ee6f0c-fb2b-45db-aada-218ca22f0411,cbcd6f70-8aa6-4fe3-a76e-8d6cb30180f5,Z002JB9N,2026-08-20T00:00:00Z,admin,2026-08-20T00:00:00Z,admin
273cdfc4-d2e8-4363-9837-c62f1e486c73,cbcd6f70-8aa6-4fe3-a76e-8d6cb30180f5,Z002ZJEH,2026-08-20T00:00:00Z,admin,2026-08-20T00:00:00Z,admin
d560a323-87ac-434a-996c-9c7f208b7ab9,cbcd6f70-8aa6-4fe3-a76e-8d6cb30180f5,Z0033TXK,2026-08-20T00:00:00Z,admin,2026-08-20T00:00:00Z,admin
0f08ba1e-6bb0-408d-a932-dae0b999ec82,cbcd6f70-8aa6-4fe3-a76e-8d6cb30180f5,Z0037XDV,2026-08-20T00:00:00Z,admin,2026-08-20T00:00:00Z,admin
e42292e4-c3b0-471e-9f1c-dd8d0ada8698,cbcd6f70-8aa6-4fe3-a76e-8d6cb30180f5,Z0030F0C,2026-08-20T00:00:00Z,admin,2026-08-20T00:00:00Z,admin
a61578b8-e843-4007-9972-f5aa3108a30b,cbcd6f70-8aa6-4fe3-a76e-8d6cb30180f5,Z0049ETY,2026-08-20T00:00:00Z,admin,2026-08-20T00:00:00Z,admin
11a55228-77f3-4457-a640-9aed4b622a1e,cbcd6f70-8aa6-4fe3-a76e-8d6cb30180f5,Z00531ED,2026-08-20T00:00:00Z,admin,2026-08-20T00:00:00Z,admin
b3bc65a9-8651-4616-8e9a-108bbdabd72a,cbcd6f70-8aa6-4fe3-a76e-8d6cb30180f5,Z00578UN,2026-08-20T00:00:00Z,admin,2026-08-20T00:00:00Z,admin
5fbe7200-549e-42be-831c-6a9e9dd8bc3d,cbcd6f70-8aa6-4fe3-a76e-8d6cb30180f5,Z0022MPU,2026-08-20T00:00:00Z,admin,2026-08-20T00:00:00Z,admin
23c7bdbe-058d-4ddf-8d99-5f63fe6bd2a0,cbcd6f70-8aa6-4fe3-a76e-8d6cb30180f5,Z00360RB,2026-08-20T00:00:00Z,admin,2026-08-20T00:00:00Z,admin
22798692-c866-4cc6-b317-8851e1900b42,cbcd6f70-8aa6-4fe3-a76e-8d6cb30180f5,Z00580YJ,2026-08-20T00:00:00Z,admin,2026-08-20T00:00:00Z,admin
02057e66-a320-4d38-818e-4f5876359e03,cbcd6f70-8aa6-4fe3-a76e-8d6cb30180f5,Z004XVAB,2026-08-20T00:00:00Z,admin,2026-08-20T00:00:00Z,admin
bd38d28c-9492-48f9-b713-c738319a1331,cbcd6f70-8aa6-4fe3-a76e-8d6cb30180f5,Z00503ZF,2026-08-20T00:00:00Z,admin,2026-08-20T00:00:00Z,admin
0fe58b70-241a-4f0c-b5b2-8f39df696671,cbcd6f70-8aa6-4fe3-a76e-8d6cb30180f5,Z0053X3Z,2026-08-20T00:00:00Z,admin,2026-08-20T00:00:00Z,admin
a5df2469-efbe-4fa1-a589-f0bec8759a21,cbcd6f70-8aa6-4fe3-a76e-8d6cb30180f5,Z004Z8HY,2026-08-20T00:00:00Z,admin,2026-08-20T00:00:00Z,admin
dbf4eb47-5d00-4be5-940b-bc3f7c5b4f9f,cbcd6f70-8aa6-4fe3-a76e-8d6cb30180f5,Z00366PH,2026-08-20T00:00:00Z,admin,2026-08-20T00:00:00Z,admin
ea636839-83a1-4b49-976e-4ed8c3c7b395,cbcd6f70-8aa6-4fe3-a76e-8d6cb30180f5,Z002M9XR,2026-08-20T00:00:00Z,admin,2026-08-20T00:00:00Z,admin
ed17924b-1cdc-4747-b80b-3c72b9fce143,cbcd6f70-8aa6-4fe3-a76e-8d6cb30180f5,Z0059DWT,2026-08-20T00:00:00Z,admin,2026-08-20T00:00:00Z,admin
41a18e9b-b110-4749-9eae-293001d0fe6e,cbcd6f70-8aa6-4fe3-a76e-8d6cb30180f5,Z005989N,2026-08-20T00:00:00Z,admin,2026-08-20T00:00:00Z,admin
13507c19-63ec-4852-a9d0-c60084735094,cbcd6f70-8aa6-4fe3-a76e-8d6cb30180f5,Z0059DYC,2026-08-20T00:00:00Z,admin,2026-08-20T00:00:00Z,admin
c24d4458-345e-4398-9ff7-2863636f931a,cbcd6f70-8aa6-4fe3-a76e-8d6cb30180f5,Z0047WTV,2026-08-20T00:00:00Z,admin,2026-08-20T00:00:00Z,admin
93d17310-734b-4e32-b716-a91c38168e92,2f964493-be2f-4468-84ba-c2b8a0f4ca58,Z004TAMU,2026-08-20T00:00:00Z,admin,2026-08-20T00:00:00Z,admin
0a28ab9a-c205-4f5e-a551-8d837cc2d1f3,2f964493-be2f-4468-84ba-c2b8a0f4ca58,Z00531DY,2026-08-20T00:00:00Z,admin,2026-08-20T00:00:00Z,admin
3d1318c9-2ed8-4db8-b20f-2492a6b0d24d,2f964493-be2f-4468-84ba-c2b8a0f4ca58,Z004XVAC,2026-08-20T00:00:00Z,admin,2026-08-20T00:00:00Z,admin
85037cb1-4813-48ba-ad3b-d61609286b3e,2f964493-be2f-4468-84ba-c2b8a0f4ca58,Z0052TYP,2026-08-20T00:00:00Z,admin,2026-08-20T00:00:00Z,admin
91b3bee0-da64-4c0c-9362-2a76aa5c76bd,2f964493-be2f-4468-84ba-c2b8a0f4ca58,Z002Z66N,2026-08-20T00:00:00Z,admin,2026-08-20T00:00:00Z,admin
9f6c2f07-55d3-45f6-b83b-4526ff20d0f7,2f964493-be2f-4468-84ba-c2b8a0f4ca58,Z004YK1R,2026-08-20T00:00:00Z,admin,2026-08-20T00:00:00Z,admin
dffb81c6-1db9-4694-9c41-f2437104170f,2f964493-be2f-4468-84ba-c2b8a0f4ca58,Z004Z7ZE,2026-08-20T00:00:00Z,admin,2026-08-20T00:00:00Z,admin
e5aadb96-4cb0-4c78-8623-37879e5df3ba,2f964493-be2f-4468-84ba-c2b8a0f4ca58,Z0054KNE,2026-08-20T00:00:00Z,admin,2026-08-20T00:00:00Z,admin
c543f726-6704-4217-8a90-e6742ef68567,2f964493-be2f-4468-84ba-c2b8a0f4ca58,Z0028XMJ,2026-08-20T00:00:00Z,admin,2026-08-20T00:00:00Z,admin
c054ead0-833c-4ca7-88ff-f302c365da58,2f964493-be2f-4468-84ba-c2b8a0f4ca58,Z004FUJT,2026-08-20T00:00:00Z,admin,2026-08-20T00:00:00Z,admin
af2ed90e-88fb-470d-8945-4972f927f465,2f964493-be2f-4468-84ba-c2b8a0f4ca58,Z001WYDU,2026-08-20T00:00:00Z,admin,2026-08-20T00:00:00Z,admin
8648e0b1-5828-45cb-8bad-6ef7ca70d23c,2f964493-be2f-4468-84ba-c2b8a0f4ca58,Z0014WKT,2026-08-20T00:00:00Z,admin,2026-08-20T00:00:00Z,admin
0f768104-66da-4072-a2d9-898e48fd6cbb,2f964493-be2f-4468-84ba-c2b8a0f4ca58,Z0039MYX,2026-08-20T00:00:00Z,admin,2026-08-20T00:00:00Z,admin
ab6535b2-277c-4ed3-a8cc-7a8fd3645a27,2f964493-be2f-4468-84ba-c2b8a0f4ca58,Z0051EJU,2026-08-20T00:00:00Z,admin,2026-08-20T00:00:00Z,admin
b8cc56d5-f71b-4633-91eb-c4476cbda04f,2f964493-be2f-4468-84ba-c2b8a0f4ca58,Z003RN6R,2026-08-20T00:00:00Z,admin,2026-08-20T00:00:00Z,admin
0a0310ff-35ef-4f8f-9493-d8a839268220,2f964493-be2f-4468-84ba-c2b8a0f4ca58,Z0046D7W,2026-08-20T00:00:00Z,admin,2026-08-20T00:00:00Z,admin
13f82ee7-702b-4e47-83ac-f4cfc1aac6aa,2f964493-be2f-4468-84ba-c2b8a0f4ca58,Z000268E,2026-08-20T00:00:00Z,admin,2026-08-20T00:00:00Z,admin
ac40bab2-32e1-4977-b3ad-b29ae54a6f77,2f964493-be2f-4468-84ba-c2b8a0f4ca58,Z002JB9N,2026-08-20T00:00:00Z,admin,2026-08-20T00:00:00Z,admin
75439535-eec8-4c8a-b0f7-e645d1e15e7e,2f964493-be2f-4468-84ba-c2b8a0f4ca58,Z002ZJEH,2026-08-20T00:00:00Z,admin,2026-08-20T00:00:00Z,admin
91029a2c-e7cf-480f-b8e2-6cffa9866d04,2f964493-be2f-4468-84ba-c2b8a0f4ca58,Z0033TXK,2026-08-20T00:00:00Z,admin,2026-08-20T00:00:00Z,admin
1359a929-2605-4942-aabc-0103bd291b3f,2f964493-be2f-4468-84ba-c2b8a0f4ca58,Z0037XDV,2026-08-20T00:00:00Z,admin,2026-08-20T00:00:00Z,admin
23f2d003-93cd-4a4e-8cd6-636ad1b3e9cc,2f964493-be2f-4468-84ba-c2b8a0f4ca58,Z0030F0C,2026-08-20T00:00:00Z,admin,2026-08-20T00:00:00Z,admin
8836fd1f-e15a-4627-a18b-4f0bd1e28614,2f964493-be2f-4468-84ba-c2b8a0f4ca58,Z0049ETY,2026-08-20T00:00:00Z,admin,2026-08-20T00:00:00Z,admin
3088f90d-b7b9-412a-9dfa-0118c3e48a2b,2f964493-be2f-4468-84ba-c2b8a0f4ca58,Z00531ED,2026-08-20T00:00:00Z,admin,2026-08-20T00:00:00Z,admin
a3a9ff46-d8a3-417b-a3a6-220457b6cbe5,2f964493-be2f-4468-84ba-c2b8a0f4ca58,Z00578UN,2026-08-20T00:00:00Z,admin,2026-08-20T00:00:00Z,admin
a10b9749-110f-4b05-825e-c3aed501ce07,2f964493-be2f-4468-84ba-c2b8a0f4ca58,Z0022MPU,2026-08-20T00:00:00Z,admin,2026-08-20T00:00:00Z,admin
f7d3442c-4500-443e-a431-4f2728379e27,2f964493-be2f-4468-84ba-c2b8a0f4ca58,Z00360RB,2026-08-20T00:00:00Z,admin,2026-08-20T00:00:00Z,admin
fe770614-8490-44be-ae2c-e3a7c3ed5552,2f964493-be2f-4468-84ba-c2b8a0f4ca58,Z00580YJ,2026-08-20T00:00:00Z,admin,2026-08-20T00:00:00Z,admin
dbc2b508-82f9-4e24-844a-2652d77c6d0c,2f964493-be2f-4468-84ba-c2b8a0f4ca58,Z004XVAB,2026-08-20T00:00:00Z,admin,2026-08-20T00:00:00Z,admin
27625772-6dc9-4353-8ddc-2e05643e6912,2f964493-be2f-4468-84ba-c2b8a0f4ca58,Z00503ZF,2026-08-20T00:00:00Z,admin,2026-08-20T00:00:00Z,admin
05d9caaa-3ae9-47d0-a76f-a56a704c2c26,2f964493-be2f-4468-84ba-c2b8a0f4ca58,Z0053X3Z,2026-08-20T00:00:00Z,admin,2026-08-20T00:00:00Z,admin
362b57d7-4977-444b-8b24-52e4f1d16124,2f964493-be2f-4468-84ba-c2b8a0f4ca58,Z004Z8HY,2026-08-20T00:00:00Z,admin,2026-08-20T00:00:00Z,admin
4b853214-5384-4872-9948-ba8719b15b48,2f964493-be2f-4468-84ba-c2b8a0f4ca58,Z00366PH,2026-08-20T00:00:00Z,admin,2026-08-20T00:00:00Z,admin
968144c6-84a4-4cc9-b5d7-9d5c033977ce,2f964493-be2f-4468-84ba-c2b8a0f4ca58,Z002M9XR,2026-08-20T00:00:00Z,admin,2026-08-20T00:00:00Z,admin
2b78e16a-c92d-400a-8a5e-7e565aa8606c,2f964493-be2f-4468-84ba-c2b8a0f4ca58,Z0059DWT,2026-08-20T00:00:00Z,admin,2026-08-20T00:00:00Z,admin
b55486b4-a5a0-4e27-ab98-410bbaabed00,2f964493-be2f-4468-84ba-c2b8a0f4ca58,Z005989N,2026-08-20T00:00:00Z,admin,2026-08-20T00:00:00Z,admin
6257180d-88a8-45fb-bcef-4d5ee30eae94,2f964493-be2f-4468-84ba-c2b8a0f4ca58,Z0059DYC,2026-08-20T00:00:00Z,admin,2026-08-20T00:00:00Z,admin
67021b44-f7cd-4d1a-8eea-c7e7e0bb8878,2f964493-be2f-4468-84ba-c2b8a0f4ca58,Z0047WTV,2026-08-20T00:00:00Z,admin,2026-08-20T00:00:00Z,admin
0665685b-a68c-4403-80b6-b200981636cd,775b75a0-3155-49f1-a170-522b9231da3e,Z004TAMU,2026-08-20T00:00:00Z,admin,2026-08-20T00:00:00Z,admin
74cb3bed-b77c-4215-adf5-64268a016c55,775b75a0-3155-49f1-a170-522b9231da3e,Z00531DY,2026-08-20T00:00:00Z,admin,2026-08-20T00:00:00Z,admin
d03a2368-3844-4ae8-a0bb-67ad086d18f2,775b75a0-3155-49f1-a170-522b9231da3e,Z004XVAC,2026-08-20T00:00:00Z,admin,2026-08-20T00:00:00Z,admin
6f0f53ae-939b-4678-bd92-4721a5c77b44,775b75a0-3155-49f1-a170-522b9231da3e,Z0052TYP,2026-08-20T00:00:00Z,admin,2026-08-20T00:00:00Z,admin
fde5a8b6-e146-46f5-80f8-44a841948fa8,775b75a0-3155-49f1-a170-522b9231da3e,Z002Z66N,2026-08-20T00:00:00Z,admin,2026-08-20T00:00:00Z,admin
b929f899-87e1-4c1c-824d-55309e96476a,775b75a0-3155-49f1-a170-522b9231da3e,Z004YK1R,2026-08-20T00:00:00Z,admin,2026-08-20T00:00:00Z,admin
eb30c05b-c215-48ba-b817-d72909dcd0b5,775b75a0-3155-49f1-a170-522b9231da3e,Z004Z7ZE,2026-08-20T00:00:00Z,admin,2026-08-20T00:00:00Z,admin
896ce708-1b86-4d8d-a494-557de9b86b8b,775b75a0-3155-49f1-a170-522b9231da3e,Z0054KNE,2026-08-20T00:00:00Z,admin,2026-08-20T00:00:00Z,admin
b90f03e9-44a4-4e07-94db-303a5fc8a002,775b75a0-3155-49f1-a170-522b9231da3e,Z0028XMJ,2026-08-20T00:00:00Z,admin,2026-08-20T00:00:00Z,admin
be6fd4c3-3127-4eb7-bfcb-6efa92037a19,775b75a0-3155-49f1-a170-522b9231da3e,Z004FUJT,2026-08-20T00:00:00Z,admin,2026-08-20T00:00:00Z,admin
63a3c6f5-d0ba-48c9-b3b8-887df6cb6d7b,775b75a0-3155-49f1-a170-522b9231da3e,Z001WYDU,2026-08-20T00:00:00Z,admin,2026-08-20T00:00:00Z,admin
24a26a8a-17cd-47f0-9c8c-3a2e13e8d343,775b75a0-3155-49f1-a170-522b9231da3e,Z0014WKT,2026-08-20T00:00:00Z,admin,2026-08-20T00:00:00Z,admin
11861126-aea3-4073-bb94-b166a34f0fd4,775b75a0-3155-49f1-a170-522b9231da3e,Z0039MYX,2026-08-20T00:00:00Z,admin,2026-08-20T00:00:00Z,admin
b5e2d298-de61-4bf2-81e6-adc11d0e3ec7,775b75a0-3155-49f1-a170-522b9231da3e,Z0051EJU,2026-08-20T00:00:00Z,admin,2026-08-20T00:00:00Z,admin
97143f72-a15e-4edf-bd61-262959021fd6,775b75a0-3155-49f1-a170-522b9231da3e,Z003RN6R,2026-08-20T00:00:00Z,admin,2026-08-20T00:00:00Z,admin
3f851cda-fc36-44bc-9c9d-db3ed1bab99b,775b75a0-3155-49f1-a170-522b9231da3e,Z0046D7W,2026-08-20T00:00:00Z,admin,2026-08-20T00:00:00Z,admin
8c3562dd-d150-4e55-b6fe-22ff7946c247,775b75a0-3155-49f1-a170-522b9231da3e,Z000268E,2026-08-20T00:00:00Z,admin,2026-08-20T00:00:00Z,admin
5fc02450-5f36-49dc-8c0d-565ad76641e5,775b75a0-3155-49f1-a170-522b9231da3e,Z002JB9N,2026-08-20T00:00:00Z,admin,2026-08-20T00:00:00Z,admin
71f2dc90-1882-432f-bfe5-92bf2d23d706,775b75a0-3155-49f1-a170-522b9231da3e,Z002ZJEH,2026-08-20T00:00:00Z,admin,2026-08-20T00:00:00Z,admin
0f669788-1736-4afd-8f07-bd6ab0119dd3,775b75a0-3155-49f1-a170-522b9231da3e,Z0033TXK,2026-08-20T00:00:00Z,admin,2026-08-20T00:00:00Z,admin
9773d06b-c33b-4100-821e-34b82f1ac2ac,775b75a0-3155-49f1-a170-522b9231da3e,Z0037XDV,2026-08-20T00:00:00Z,admin,2026-08-20T00:00:00Z,admin
1cab5205-8a17-4a69-a407-fe016b594237,775b75a0-3155-49f1-a170-522b9231da3e,Z0030F0C,2026-08-20T00:00:00Z,admin,2026-08-20T00:00:00Z,admin
f2fd04b2-941e-48c9-a6fa-cde683ba2fc7,775b75a0-3155-49f1-a170-522b9231da3e,Z0049ETY,2026-08-20T00:00:00Z,admin,2026-08-20T00:00:00Z,admin
95d8ba87-d136-4e32-ae9d-200af2bd2dd8,775b75a0-3155-49f1-a170-522b9231da3e,Z00531ED,2026-08-20T00:00:00Z,admin,2026-08-20T00:00:00Z,admin
bde2b01d-29ce-48b4-a360-afb194f8c926,775b75a0-3155-49f1-a170-522b9231da3e,Z00578UN,2026-08-20T00:00:00Z,admin,2026-08-20T00:00:00Z,admin
94c649ac-b659-43ec-b590-3557189141ff,775b75a0-3155-49f1-a170-522b9231da3e,Z0022MPU,2026-08-20T00:00:00Z,admin,2026-08-20T00:00:00Z,admin
ad4a60bc-7e82-4dce-afb7-e750d1ea7422,775b75a0-3155-49f1-a170-522b9231da3e,Z00360RB,2026-08-20T00:00:00Z,admin,2026-08-20T00:00:00Z,admin
45325ac0-de29-43c6-bbf2-0567efe1b74f,775b75a0-3155-49f1-a170-522b9231da3e,Z00580YJ,2026-08-20T00:00:00Z,admin,2026-08-20T00:00:00Z,admin
580d86ae-b316-4952-9099-71db996d7c8d,775b75a0-3155-49f1-a170-522b9231da3e,Z004XVAB,2026-08-20T00:00:00Z,admin,2026-08-20T00:00:00Z,admin
7997c64c-6f54-4c39-aae3-43eb0d84d878,775b75a0-3155-49f1-a170-522b9231da3e,Z00503ZF,2026-08-20T00:00:00Z,admin,2026-08-20T00:00:00Z,admin
c7f59d37-3688-4799-a694-08bc0d84ee95,775b75a0-3155-49f1-a170-522b9231da3e,Z0053X3Z,2026-08-20T00:00:00Z,admin,2026-08-20T00:00:00Z,admin
3c363589-43fa-4aa3-a17a-00279de21a3d,775b75a0-3155-49f1-a170-522b9231da3e,Z004Z8HY,2026-08-20T00:00:00Z,admin,2026-08-20T00:00:00Z,admin
a3ae55e8-b146-4fbb-a698-d34d9c0b5100,775b75a0-3155-49f1-a170-522b9231da3e,Z00366PH,2026-08-20T00:00:00Z,admin,2026-08-20T00:00:00Z,admin
5fb041fe-be5a-491d-aeb4-9133d1956b6e,775b75a0-3155-49f1-a170-522b9231da3e,Z002M9XR,2026-08-20T00:00:00Z,admin,2026-08-20T00:00:00Z,admin
627f9014-a7c4-401f-8d36-33062a44863a,775b75a0-3155-49f1-a170-522b9231da3e,Z0059DWT,2026-08-20T00:00:00Z,admin,2026-08-20T00:00:00Z,admin
6b021538-29f2-4d72-b813-5ff1865a7499,775b75a0-3155-49f1-a170-522b9231da3e,Z005989N,2026-08-20T00:00:00Z,admin,2026-08-20T00:00:00Z,admin
da9962ec-36c5-493b-8db0-7cac1401f3c9,775b75a0-3155-49f1-a170-522b9231da3e,Z0059DYC,2026-08-20T00:00:00Z,admin,2026-08-20T00:00:00Z,admin
ef2b18a6-3689-4f52-aab6-b732f7f4903e,775b75a0-3155-49f1-a170-522b9231da3e,Z0047WTV,2026-08-20T00:00:00Z,admin,2026-08-20T00:00:00Z,admin
8df714a4-d9fc-4bdf-94a5-75e26416416f,f5859295-306c-4195-9027-773a324469f5,Z004TAMU,2026-08-20T00:00:00Z,admin,2026-08-20T00:00:00Z,admin
5687baea-2d83-426b-9fa6-f7ab7c7e154e,f5859295-306c-4195-9027-773a324469f5,Z00531DY,2026-08-20T00:00:00Z,admin,2026-08-20T00:00:00Z,admin
8f164086-c312-468d-b6d4-bb7402dca2d6,f5859295-306c-4195-9027-773a324469f5,Z004XVAC,2026-08-20T00:00:00Z,admin,2026-08-20T00:00:00Z,admin
4b21aac1-ca67-466f-b5c0-190b640e17b7,f5859295-306c-4195-9027-773a324469f5,Z0052TYP,2026-08-20T00:00:00Z,admin,2026-08-20T00:00:00Z,admin
749f6546-4565-4d67-922a-a676ee61960d,f5859295-306c-4195-9027-773a324469f5,Z002Z66N,2026-08-20T00:00:00Z,admin,2026-08-20T00:00:00Z,admin
a8f2861c-8d2e-4aa7-9d19-b83cc2a851e1,f5859295-306c-4195-9027-773a324469f5,Z004YK1R,2026-08-20T00:00:00Z,admin,2026-08-20T00:00:00Z,admin
66cbf40a-1a43-4f0f-baf5-730f9ba28d82,f5859295-306c-4195-9027-773a324469f5,Z004Z7ZE,2026-08-20T00:00:00Z,admin,2026-08-20T00:00:00Z,admin
8d583163-b068-45e9-8b25-9a544aff602f,f5859295-306c-4195-9027-773a324469f5,Z0054KNE,2026-08-20T00:00:00Z,admin,2026-08-20T00:00:00Z,admin
1820eaff-9de8-4121-8fd2-c2461f942ceb,f5859295-306c-4195-9027-773a324469f5,Z0028XMJ,2026-08-20T00:00:00Z,admin,2026-08-20T00:00:00Z,admin
6c896ae8-c12f-44dc-a64f-cb888553772f,f5859295-306c-4195-9027-773a324469f5,Z004FUJT,2026-08-20T00:00:00Z,admin,2026-08-20T00:00:00Z,admin
faaaa15f-f7b5-46bd-9b6b-77e23fd185b1,f5859295-306c-4195-9027-773a324469f5,Z001WYDU,2026-08-20T00:00:00Z,admin,2026-08-20T00:00:00Z,admin
1a1adcea-e6d7-49b0-8e4a-a8cd91fa1463,f5859295-306c-4195-9027-773a324469f5,Z0014WKT,2026-08-20T00:00:00Z,admin,2026-08-20T00:00:00Z,admin
1f5c7796-cf12-4eac-9ea1-9fcb01e5d966,f5859295-306c-4195-9027-773a324469f5,Z0039MYX,2026-08-20T00:00:00Z,admin,2026-08-20T00:00:00Z,admin
4de73b97-9156-41c9-b32d-72ad71c779f1,f5859295-306c-4195-9027-773a324469f5,Z0051EJU,2026-08-20T00:00:00Z,admin,2026-08-20T00:00:00Z,admin
c73eee6d-729f-4ca9-acb3-c1aaa2695395,f5859295-306c-4195-9027-773a324469f5,Z003RN6R,2026-08-20T00:00:00Z,admin,2026-08-20T00:00:00Z,admin
9990f742-2b63-4205-938e-5a9a84994351,f5859295-306c-4195-9027-773a324469f5,Z0046D7W,2026-08-20T00:00:00Z,admin,2026-08-20T00:00:00Z,admin
b5463a5a-76fe-4c85-bbe4-0d596204feb3,f5859295-306c-4195-9027-773a324469f5,Z000268E,2026-08-20T00:00:00Z,admin,2026-08-20T00:00:00Z,admin
53d0a5b3-6fd3-44d9-b90a-7bea843664c0,f5859295-306c-4195-9027-773a324469f5,Z002JB9N,2026-08-20T00:00:00Z,admin,2026-08-20T00:00:00Z,admin
83d7b75e-8759-45af-8a21-e4732497ad93,f5859295-306c-4195-9027-773a324469f5,Z002ZJEH,2026-08-20T00:00:00Z,admin,2026-08-20T00:00:00Z,admin
e7040b2a-cf8b-4144-8db4-da9730f516a5,f5859295-306c-4195-9027-773a324469f5,Z0033TXK,2026-08-20T00:00:00Z,admin,2026-08-20T00:00:00Z,admin
df224dd7-27a0-4029-a197-d7599499b38e,f5859295-306c-4195-9027-773a324469f5,Z0037XDV,2026-08-20T00:00:00Z,admin,2026-08-20T00:00:00Z,admin
fb16b795-ddce-477c-b6e9-e1956b95ae40,f5859295-306c-4195-9027-773a324469f5,Z0030F0C,2026-08-20T00:00:00Z,admin,2026-08-20T00:00:00Z,admin
87468c2b-87eb-4534-a6c7-a53c17b61dc9,f5859295-306c-4195-9027-773a324469f5,Z0049ETY,2026-08-20T00:00:00Z,admin,2026-08-20T00:00:00Z,admin
2d6daaf5-9089-4121-87e3-5801178b4222,f5859295-306c-4195-9027-773a324469f5,Z00531ED,2026-08-20T00:00:00Z,admin,2026-08-20T00:00:00Z,admin
f12bf04c-3bc4-4b60-81d7-f943fb87d141,f5859295-306c-4195-9027-773a324469f5,Z00578UN,2026-08-20T00:00:00Z,admin,2026-08-20T00:00:00Z,admin
e25f314b-dc04-4adf-8c15-d67ccf75695e,f5859295-306c-4195-9027-773a324469f5,Z0022MPU,2026-08-20T00:00:00Z,admin,2026-08-20T00:00:00Z,admin
71e595d1-0468-4d04-a6e7-643da8da98e4,f5859295-306c-4195-9027-773a324469f5,Z00360RB,2026-08-20T00:00:00Z,admin,2026-08-20T00:00:00Z,admin
eaa5176c-acfc-4bde-b23f-6485acf5e5d0,f5859295-306c-4195-9027-773a324469f5,Z00580YJ,2026-08-20T00:00:00Z,admin,2026-08-20T00:00:00Z,admin
97488cc5-dd52-4d75-9e33-7cce3aae2939,f5859295-306c-4195-9027-773a324469f5,Z004XVAB,2026-08-20T00:00:00Z,admin,2026-08-20T00:00:00Z,admin
6da069ae-d199-41bc-a50f-f3aace3321e5,f5859295-306c-4195-9027-773a324469f5,Z00503ZF,2026-08-20T00:00:00Z,admin,2026-08-20T00:00:00Z,admin
da56f68b-ee3b-4941-909b-3feeef5b263d,f5859295-306c-4195-9027-773a324469f5,Z0053X3Z,2026-08-20T00:00:00Z,admin,2026-08-20T00:00:00Z,admin
0e0a25a1-e0d8-4439-9dd2-97244841f49d,f5859295-306c-4195-9027-773a324469f5,Z004Z8HY,2026-08-20T00:00:00Z,admin,2026-08-20T00:00:00Z,admin
072669c1-7cf9-46ee-949e-3d1dffd487ef,f5859295-306c-4195-9027-773a324469f5,Z00366PH,2026-08-20T00:00:00Z,admin,2026-08-20T00:00:00Z,admin
9e395ba6-eb55-45ae-9e9f-5fed39654273,f5859295-306c-4195-9027-773a324469f5,Z002M9XR,2026-08-20T00:00:00Z,admin,2026-08-20T00:00:00Z,admin
cca85285-60fd-4b5e-b7a5-4aa0c9326673,f5859295-306c-4195-9027-773a324469f5,Z0059DWT,2026-08-20T00:00:00Z,admin,2026-08-20T00:00:00Z,admin
9ea185ea-5e8b-4823-a2cb-d68df1b2aba6,f5859295-306c-4195-9027-773a324469f5,Z005989N,2026-08-20T00:00:00Z,admin,2026-08-20T00:00:00Z,admin
f07b647e-1740-43bf-81eb-8f7f4d7d7f4a,f5859295-306c-4195-9027-773a324469f5,Z0059DYC,2026-08-20T00:00:00Z,admin,2026-08-20T00:00:00Z,admin
80d741b3-43ef-4517-963f-75da20b21fc6,f5859295-306c-4195-9027-773a324469f5,Z0047WTV,2026-08-20T00:00:00Z,admin,2026-08-20T00:00:00Z,admin
cc321b67-b558-4592-a637-6c708f517190,9187449e-5286-45a5-b184-cde3e3d54072,Z004TAMU,2026-08-20T00:00:00Z,admin,2026-08-20T00:00:00Z,admin
4d007578-da85-4607-9916-931d78fd9afd,9187449e-5286-45a5-b184-cde3e3d54072,Z00531DY,2026-08-20T00:00:00Z,admin,2026-08-20T00:00:00Z,admin
1ad1ea09-a1d9-4014-99e4-58830bf51489,9187449e-5286-45a5-b184-cde3e3d54072,Z004XVAC,2026-08-20T00:00:00Z,admin,2026-08-20T00:00:00Z,admin
8d0f1cbb-07d8-4950-b3e0-146d85f4f657,9187449e-5286-45a5-b184-cde3e3d54072,Z0052TYP,2026-08-20T00:00:00Z,admin,2026-08-20T00:00:00Z,admin
c28998a0-8bd0-4482-a86d-8a4a3ea4952e,9187449e-5286-45a5-b184-cde3e3d54072,Z002Z66N,2026-08-20T00:00:00Z,admin,2026-08-20T00:00:00Z,admin
74be7a93-7a32-4d3a-849c-3d4ba1f39412,9187449e-5286-45a5-b184-cde3e3d54072,Z004YK1R,2026-08-20T00:00:00Z,admin,2026-08-20T00:00:00Z,admin
3e95ac14-c410-41c0-abb0-697876fb3c9e,9187449e-5286-45a5-b184-cde3e3d54072,Z004Z7ZE,2026-08-20T00:00:00Z,admin,2026-08-20T00:00:00Z,admin
5bac6046-17c7-43cc-814a-704765e2fa61,9187449e-5286-45a5-b184-cde3e3d54072,Z0054KNE,2026-08-20T00:00:00Z,admin,2026-08-20T00:00:00Z,admin
4cacfd7e-4ace-4968-aa02-e7aa66f7eb23,9187449e-5286-45a5-b184-cde3e3d54072,Z0028XMJ,2026-08-20T00:00:00Z,admin,2026-08-20T00:00:00Z,admin
4895eadc-59e3-4a6c-a091-943dfe217f5d,9187449e-5286-45a5-b184-cde3e3d54072,Z004FUJT,2026-08-20T00:00:00Z,admin,2026-08-20T00:00:00Z,admin
eebddb5f-47e9-42c8-9e32-d8c3dc0939ec,9187449e-5286-45a5-b184-cde3e3d54072,Z001WYDU,2026-08-20T00:00:00Z,admin,2026-08-20T00:00:00Z,admin
f00ab3f6-2f5f-4e04-aa62-8d4be4f67f01,9187449e-5286-45a5-b184-cde3e3d54072,Z0014WKT,2026-08-20T00:00:00Z,admin,2026-08-20T00:00:00Z,admin
903f955d-b046-464d-9648-6f554d0c7cd4,9187449e-5286-45a5-b184-cde3e3d54072,Z0039MYX,2026-08-20T00:00:00Z,admin,2026-08-20T00:00:00Z,admin
db97ec04-7a08-4327-aaa7-e7d86629e5fe,9187449e-5286-45a5-b184-cde3e3d54072,Z0051EJU,2026-08-20T00:00:00Z,admin,2026-08-20T00:00:00Z,admin
caf4345f-c77a-421c-ad8d-00939a666afe,9187449e-5286-45a5-b184-cde3e3d54072,Z003RN6R,2026-08-20T00:00:00Z,admin,2026-08-20T00:00:00Z,admin
66bfc59f-f060-4018-892c-d6bbe5a18705,9187449e-5286-45a5-b184-cde3e3d54072,Z0046D7W,2026-08-20T00:00:00Z,admin,2026-08-20T00:00:00Z,admin
e8b726ed-72a1-43eb-a10d-e791684857ce,9187449e-5286-45a5-b184-cde3e3d54072,Z000268E,2026-08-20T00:00:00Z,admin,2026-08-20T00:00:00Z,admin
e49a4009-2cac-4cfe-9f0e-a3be788e67b2,9187449e-5286-45a5-b184-cde3e3d54072,Z002JB9N,2026-08-20T00:00:00Z,admin,2026-08-20T00:00:00Z,admin
55cb94b7-9377-41e3-a2bb-b6ecb540e3c9,9187449e-5286-45a5-b184-cde3e3d54072,Z002ZJEH,2026-08-20T00:00:00Z,admin,2026-08-20T00:00:00Z,admin
c2cea382-cbba-41aa-9499-1a9e97be14f4,9187449e-5286-45a5-b184-cde3e3d54072,Z0033TXK,2026-08-20T00:00:00Z,admin,2026-08-20T00:00:00Z,admin
1abc4727-9849-4d42-ad6f-02ba64c67b25,9187449e-5286-45a5-b184-cde3e3d54072,Z0037XDV,2026-08-20T00:00:00Z,admin,2026-08-20T00:00:00Z,admin
31c547ad-79c5-4d69-aacd-ce00576cd523,9187449e-5286-45a5-b184-cde3e3d54072,Z0030F0C,2026-08-20T00:00:00Z,admin,2026-08-20T00:00:00Z,admin
918cc472-f836-4e2c-a137-d3883df319e8,9187449e-5286-45a5-b184-cde3e3d54072,Z0049ETY,2026-08-20T00:00:00Z,admin,2026-08-20T00:00:00Z,admin
14ebb69f-bf55-4981-ae3c-eebd486f4eb9,9187449e-5286-45a5-b184-cde3e3d54072,Z00531ED,2026-08-20T00:00:00Z,admin,2026-08-20T00:00:00Z,admin
6d1e16ab-c193-4a14-9ef7-06f1e05ec891,9187449e-5286-45a5-b184-cde3e3d54072,Z00578UN,2026-08-20T00:00:00Z,admin,2026-08-20T00:00:00Z,admin
eaef8457-e8af-4e5b-a9fe-93ca995a5d8e,9187449e-5286-45a5-b184-cde3e3d54072,Z0022MPU,2026-08-20T00:00:00Z,admin,2026-08-20T00:00:00Z,admin
7fdabda5-7bbf-49aa-b361-e92cca0b9fc8,9187449e-5286-45a5-b184-cde3e3d54072,Z00360RB,2026-08-20T00:00:00Z,admin,2026-08-20T00:00:00Z,admin
8db8d257-14e5-4b87-b0a0-13ecf48aff15,9187449e-5286-45a5-b184-cde3e3d54072,Z00580YJ,2026-08-20T00:00:00Z,admin,2026-08-20T00:00:00Z,admin
0925400a-10e1-4fce-a1d0-71830e2f178e,9187449e-5286-45a5-b184-cde3e3d54072,Z004XVAB,2026-08-20T00:00:00Z,admin,2026-08-20T00:00:00Z,admin
5b478072-63d8-4bc1-8081-d564d81fde47,9187449e-5286-45a5-b184-cde3e3d54072,Z00503ZF,2026-08-20T00:00:00Z,admin,2026-08-20T00:00:00Z,admin
7d6665e3-8a34-4f7e-a903-349e05d3ccc0,9187449e-5286-45a5-b184-cde3e3d54072,Z0053X3Z,2026-08-20T00:00:00Z,admin,2026-08-20T00:00:00Z,admin
5925cbcb-623c-4ecb-9843-4bed14999a7c,9187449e-5286-45a5-b184-cde3e3d54072,Z004Z8HY,2026-08-20T00:00:00Z,admin,2026-08-20T00:00:00Z,admin
d1e6f6f9-cbaa-4e7b-a297-37e71763c4a8,9187449e-5286-45a5-b184-cde3e3d54072,Z00366PH,2026-08-20T00:00:00Z,admin,2026-08-20T00:00:00Z,admin
b342664a-e94d-4629-84fd-703e3274b59a,9187449e-5286-45a5-b184-cde3e3d54072,Z002M9XR,2026-08-20T00:00:00Z,admin,2026-08-20T00:00:00Z,admin
7b4ac16e-d225-436a-a544-dc52f4f3eae8,9187449e-5286-45a5-b184-cde3e3d54072,Z0059DWT,2026-08-20T00:00:00Z,admin,2026-08-20T00:00:00Z,admin
fa8d05d1-c7f4-4564-acf9-9a7cf40ae14f,9187449e-5286-45a5-b184-cde3e3d54072,Z005989N,2026-08-20T00:00:00Z,admin,2026-08-20T00:00:00Z,admin
64af0505-32a0-417a-b4ac-6f4eeb99813a,9187449e-5286-45a5-b184-cde3e3d54072,Z0059DYC,2026-08-20T00:00:00Z,admin,2026-08-20T00:00:00Z,admin
162ba068-8ab9-4a07-84f8-b90e90f03b3a,9187449e-5286-45a5-b184-cde3e3d54072,Z0047WTV,2026-08-20T00:00:00Z,admin,2026-08-20T00:00:00Z,admin
35635f17-dbf6-465a-8259-8f5b566d6359,f64b5217-202b-47f1-9c4a-770c1ed99822,Z004TAMU,2026-08-20T00:00:00Z,admin,2026-08-20T00:00:00Z,admin
e3df2d8e-4c7e-42bf-840f-706e05ff0640,f64b5217-202b-47f1-9c4a-770c1ed99822,Z00531DY,2026-08-20T00:00:00Z,admin,2026-08-20T00:00:00Z,admin
da7f065f-5758-4021-8da3-859aecb05f03,f64b5217-202b-47f1-9c4a-770c1ed99822,Z004XVAC,2026-08-20T00:00:00Z,admin,2026-08-20T00:00:00Z,admin
ebcd23f1-4ada-470a-999a-ea18f063eeea,f64b5217-202b-47f1-9c4a-770c1ed99822,Z0052TYP,2026-08-20T00:00:00Z,admin,2026-08-20T00:00:00Z,admin
16b6212f-9c90-4c47-902f-febdd693fa26,f64b5217-202b-47f1-9c4a-770c1ed99822,Z002Z66N,2026-08-20T00:00:00Z,admin,2026-08-20T00:00:00Z,admin
e7893dee-d8e3-4707-8f84-a54814fe9a77,f64b5217-202b-47f1-9c4a-770c1ed99822,Z004YK1R,2026-08-20T00:00:00Z,admin,2026-08-20T00:00:00Z,admin
c5e1597b-e743-474a-a3e9-4c10871da526,f64b5217-202b-47f1-9c4a-770c1ed99822,Z004Z7ZE,2026-08-20T00:00:00Z,admin,2026-08-20T00:00:00Z,admin
87aaf5a5-3dcc-4820-aa64-11e435653998,f64b5217-202b-47f1-9c4a-770c1ed99822,Z0054KNE,2026-08-20T00:00:00Z,admin,2026-08-20T00:00:00Z,admin
c3f9c89f-4e84-4b13-b696-3aeecd41b827,f64b5217-202b-47f1-9c4a-770c1ed99822,Z0028XMJ,2026-08-20T00:00:00Z,admin,2026-08-20T00:00:00Z,admin
0f1065a5-649e-4f03-913d-821b7c14509c,f64b5217-202b-47f1-9c4a-770c1ed99822,Z004FUJT,2026-08-20T00:00:00Z,admin,2026-08-20T00:00:00Z,admin
fc5d8766-1dc9-498e-8212-9750b19de58e,f64b5217-202b-47f1-9c4a-770c1ed99822,Z001WYDU,2026-08-20T00:00:00Z,admin,2026-08-20T00:00:00Z,admin
3b859f37-aee7-43a2-bd5f-8c3883a0097d,f64b5217-202b-47f1-9c4a-770c1ed99822,Z0014WKT,2026-08-20T00:00:00Z,admin,2026-08-20T00:00:00Z,admin
0b79aaa9-f116-4dd9-84cc-af22560bacb7,f64b5217-202b-47f1-9c4a-770c1ed99822,Z0039MYX,2026-08-20T00:00:00Z,admin,2026-08-20T00:00:00Z,admin
2b45b048-230e-4cd0-9fe1-a593cd27fc6e,f64b5217-202b-47f1-9c4a-770c1ed99822,Z0051EJU,2026-08-20T00:00:00Z,admin,2026-08-20T00:00:00Z,admin
a0fdf96c-28d9-4680-89b0-6dd2aca0eb7e,f64b5217-202b-47f1-9c4a-770c1ed99822,Z003RN6R,2026-08-20T00:00:00Z,admin,2026-08-20T00:00:00Z,admin
c4037160-d7e3-44e9-9de4-475a9885d2a3,f64b5217-202b-47f1-9c4a-770c1ed99822,Z0046D7W,2026-08-20T00:00:00Z,admin,2026-08-20T00:00:00Z,admin
8c0f7b9a-9406-4feb-abc4-309f49e6bc41,f64b5217-202b-47f1-9c4a-770c1ed99822,Z000268E,2026-08-20T00:00:00Z,admin,2026-08-20T00:00:00Z,admin
0aba69ff-7d69-471a-870a-d8ccdb31045a,f64b5217-202b-47f1-9c4a-770c1ed99822,Z002JB9N,2026-08-20T00:00:00Z,admin,2026-08-20T00:00:00Z,admin
b891b644-a549-4f6d-92a5-e94d8f2715a0,f64b5217-202b-47f1-9c4a-770c1ed99822,Z002ZJEH,2026-08-20T00:00:00Z,admin,2026-08-20T00:00:00Z,admin
2ac98662-8efc-4f55-be74-6000cc399bfc,f64b5217-202b-47f1-9c4a-770c1ed99822,Z0033TXK,2026-08-20T00:00:00Z,admin,2026-08-20T00:00:00Z,admin
e7b4a4e5-cfcb-45f0-9283-af0719db955f,f64b5217-202b-47f1-9c4a-770c1ed99822,Z0037XDV,2026-08-20T00:00:00Z,admin,2026-08-20T00:00:00Z,admin
4b0897f4-2ab2-492f-8fe8-cb4f7a801b74,f64b5217-202b-47f1-9c4a-770c1ed99822,Z0030F0C,2026-08-20T00:00:00Z,admin,2026-08-20T00:00:00Z,admin
f7eb3c70-2113-4321-b177-fc24c6c68521,f64b5217-202b-47f1-9c4a-770c1ed99822,Z0049ETY,2026-08-20T00:00:00Z,admin,2026-08-20T00:00:00Z,admin
603db24c-d891-4ff5-91d0-3e5d3ec102f8,f64b5217-202b-47f1-9c4a-770c1ed99822,Z00531ED,2026-08-20T00:00:00Z,admin,2026-08-20T00:00:00Z,admin
7c1f55be-9a4d-4efd-bc24-12fc6cd12485,f64b5217-202b-47f1-9c4a-770c1ed99822,Z00578UN,2026-08-20T00:00:00Z,admin,2026-08-20T00:00:00Z,admin
6e14cb33-ce2b-44a3-8cbe-4bc77d6c27f0,f64b5217-202b-47f1-9c4a-770c1ed99822,Z0022MPU,2026-08-20T00:00:00Z,admin,2026-08-20T00:00:00Z,admin
acfe1387-f6d3-4461-85f1-565cfb23eae5,f64b5217-202b-47f1-9c4a-770c1ed99822,Z00360RB,2026-08-20T00:00:00Z,admin,2026-08-20T00:00:00Z,admin
000ce655-0a39-469a-94a8-7619b8373f4e,f64b5217-202b-47f1-9c4a-770c1ed99822,Z00580YJ,2026-08-20T00:00:00Z,admin,2026-08-20T00:00:00Z,admin
02809c7d-2791-4b58-9e14-34c6e7e03764,f64b5217-202b-47f1-9c4a-770c1ed99822,Z004XVAB,2026-08-20T00:00:00Z,admin,2026-08-20T00:00:00Z,admin
60b14c52-b252-4047-9671-216f669e83e3,f64b5217-202b-47f1-9c4a-770c1ed99822,Z00503ZF,2026-08-20T00:00:00Z,admin,2026-08-20T00:00:00Z,admin
7e07a13f-4aaa-46dc-8f63-15be884839d7,f64b5217-202b-47f1-9c4a-770c1ed99822,Z0053X3Z,2026-08-20T00:00:00Z,admin,2026-08-20T00:00:00Z,admin
8609b5df-caf4-454f-bee9-c9ea709f2352,f64b5217-202b-47f1-9c4a-770c1ed99822,Z004Z8HY,2026-08-20T00:00:00Z,admin,2026-08-20T00:00:00Z,admin
2351b71c-90de-4fd6-a424-d40a1ff2722a,f64b5217-202b-47f1-9c4a-770c1ed99822,Z00366PH,2026-08-20T00:00:00Z,admin,2026-08-20T00:00:00Z,admin
bf8e1df8-43fa-499e-8679-5522dfcd73fc,f64b5217-202b-47f1-9c4a-770c1ed99822,Z002M9XR,2026-08-20T00:00:00Z,admin,2026-08-20T00:00:00Z,admin
47ac810e-5308-4c7e-9f00-2f6bb1d9eeba,f64b5217-202b-47f1-9c4a-770c1ed99822,Z0059DWT,2026-08-20T00:00:00Z,admin,2026-08-20T00:00:00Z,admin
08a6c5bf-8dcb-476b-baa5-8e2164f3c70d,f64b5217-202b-47f1-9c4a-770c1ed99822,Z005989N,2026-08-20T00:00:00Z,admin,2026-08-20T00:00:00Z,admin
de1a435f-98a2-4f00-85f6-6893a13cb5b1,f64b5217-202b-47f1-9c4a-770c1ed99822,Z0059DYC,2026-08-20T00:00:00Z,admin,2026-08-20T00:00:00Z,admin
c950ff22-f7c4-4814-8b4c-e532f33582c4,f64b5217-202b-47f1-9c4a-770c1ed99822,Z0047WTV,2026-08-20T00:00:00Z,admin,2026-08-20T00:00:00Z,admin
ea55229d-f708-4f44-abdf-2f2a5f7f3251,ad9bbb3a-e016-42c0-ab1f-7e1b90102e21,Z004TAMU,2026-08-20T00:00:00Z,admin,2026-08-20T00:00:00Z,admin
b7fb6ec8-1a25-4d50-a38a-8ebf61354ea1,ad9bbb3a-e016-42c0-ab1f-7e1b90102e21,Z00531DY,2026-08-20T00:00:00Z,admin,2026-08-20T00:00:00Z,admin
8db4b7b2-1fbf-4a25-9a3e-5cba3fcf6fbc,ad9bbb3a-e016-42c0-ab1f-7e1b90102e21,Z004XVAC,2026-08-20T00:00:00Z,admin,2026-08-20T00:00:00Z,admin
f67b74f0-7f30-4fbb-aef7-f8951e1d9024,ad9bbb3a-e016-42c0-ab1f-7e1b90102e21,Z0052TYP,2026-08-20T00:00:00Z,admin,2026-08-20T00:00:00Z,admin
a00263b3-926b-4fa3-899c-b464639f842a,ad9bbb3a-e016-42c0-ab1f-7e1b90102e21,Z002Z66N,2026-08-20T00:00:00Z,admin,2026-08-20T00:00:00Z,admin
854e76d8-69fb-4290-93b8-6d945b4948a3,ad9bbb3a-e016-42c0-ab1f-7e1b90102e21,Z004YK1R,2026-08-20T00:00:00Z,admin,2026-08-20T00:00:00Z,admin
344f70b8-d3c2-4812-8cc8-e2e5fa028eed,ad9bbb3a-e016-42c0-ab1f-7e1b90102e21,Z004Z7ZE,2026-08-20T00:00:00Z,admin,2026-08-20T00:00:00Z,admin
53ea575c-534a-49b3-9c2e-1f500572a1b7,ad9bbb3a-e016-42c0-ab1f-7e1b90102e21,Z0054KNE,2026-08-20T00:00:00Z,admin,2026-08-20T00:00:00Z,admin
58d1c8a2-d5dc-414c-8942-710130955139,ad9bbb3a-e016-42c0-ab1f-7e1b90102e21,Z0028XMJ,2026-08-20T00:00:00Z,admin,2026-08-20T00:00:00Z,admin
8069b3f6-08ee-46b1-b4b3-055cacaad65c,ad9bbb3a-e016-42c0-ab1f-7e1b90102e21,Z004FUJT,2026-08-20T00:00:00Z,admin,2026-08-20T00:00:00Z,admin
1686be28-e6cd-40d4-a031-3ec9be306633,ad9bbb3a-e016-42c0-ab1f-7e1b90102e21,Z001WYDU,2026-08-20T00:00:00Z,admin,2026-08-20T00:00:00Z,admin
b11b564b-3356-4f71-ae99-7d2af9c8e4da,ad9bbb3a-e016-42c0-ab1f-7e1b90102e21,Z0014WKT,2026-08-20T00:00:00Z,admin,2026-08-20T00:00:00Z,admin
8726ef87-1134-4f63-8d40-92f4a99f8ddf,ad9bbb3a-e016-42c0-ab1f-7e1b90102e21,Z0039MYX,2026-08-20T00:00:00Z,admin,2026-08-20T00:00:00Z,admin
93745d3c-f087-4189-85d2-ae68304da242,ad9bbb3a-e016-42c0-ab1f-7e1b90102e21,Z0051EJU,2026-08-20T00:00:00Z,admin,2026-08-20T00:00:00Z,admin
76402103-aa29-48b4-886e-60759c36830c,ad9bbb3a-e016-42c0-ab1f-7e1b90102e21,Z003RN6R,2026-08-20T00:00:00Z,admin,2026-08-20T00:00:00Z,admin
591f6ff6-e697-4107-9f38-7224fa49a34b,ad9bbb3a-e016-42c0-ab1f-7e1b90102e21,Z0046D7W,2026-08-20T00:00:00Z,admin,2026-08-20T00:00:00Z,admin
cf547d93-4f41-4323-8d2a-d4d54775ccfd,ad9bbb3a-e016-42c0-ab1f-7e1b90102e21,Z000268E,2026-08-20T00:00:00Z,admin,2026-08-20T00:00:00Z,admin
e8a5f069-707e-40bf-af88-1ec396ad5c45,ad9bbb3a-e016-42c0-ab1f-7e1b90102e21,Z002JB9N,2026-08-20T00:00:00Z,admin,2026-08-20T00:00:00Z,admin
79a10b0f-939b-401c-ad5d-e15a64201bec,ad9bbb3a-e016-42c0-ab1f-7e1b90102e21,Z002ZJEH,2026-08-20T00:00:00Z,admin,2026-08-20T00:00:00Z,admin
f981f3b3-3cfd-47fd-8cc2-505eb8495dc2,ad9bbb3a-e016-42c0-ab1f-7e1b90102e21,Z0033TXK,2026-08-20T00:00:00Z,admin,2026-08-20T00:00:00Z,admin
70fdf310-102a-4587-8134-f1aeac6d7799,ad9bbb3a-e016-42c0-ab1f-7e1b90102e21,Z0037XDV,2026-08-20T00:00:00Z,admin,2026-08-20T00:00:00Z,admin
5d33da79-f6e8-4047-b845-aabbd15d1cd3,ad9bbb3a-e016-42c0-ab1f-7e1b90102e21,Z0030F0C,2026-08-20T00:00:00Z,admin,2026-08-20T00:00:00Z,admin
49fb8a4d-5127-4311-bc5c-2a6308f16a5d,ad9bbb3a-e016-42c0-ab1f-7e1b90102e21,Z0049ETY,2026-08-20T00:00:00Z,admin,2026-08-20T00:00:00Z,admin
c101715a-f9e5-4d09-b1e4-ff6eb8348c75,ad9bbb3a-e016-42c0-ab1f-7e1b90102e21,Z00531ED,2026-08-20T00:00:00Z,admin,2026-08-20T00:00:00Z,admin
d5c8d1e4-8348-4aa8-8374-c3d4c3cf5ccc,ad9bbb3a-e016-42c0-ab1f-7e1b90102e21,Z00578UN,2026-08-20T00:00:00Z,admin,2026-08-20T00:00:00Z,admin
fcdb848d-799f-4dea-b2a9-26e9e03d23a0,ad9bbb3a-e016-42c0-ab1f-7e1b90102e21,Z0022MPU,2026-08-20T00:00:00Z,admin,2026-08-20T00:00:00Z,admin
17f6e9ad-18c1-43e7-97f2-3cfe2fb8df29,ad9bbb3a-e016-42c0-ab1f-7e1b90102e21,Z00360RB,2026-08-20T00:00:00Z,admin,2026-08-20T00:00:00Z,admin
54a567db-4340-492d-bde8-13ee8cb3e809,ad9bbb3a-e016-42c0-ab1f-7e1b90102e21,Z00580YJ,2026-08-20T00:00:00Z,admin,2026-08-20T00:00:00Z,admin
78654c6b-6fa5-45db-ad0c-cfe9b5bab240,ad9bbb3a-e016-42c0-ab1f-7e1b90102e21,Z004XVAB,2026-08-20T00:00:00Z,admin,2026-08-20T00:00:00Z,admin
10bc5fd7-4cdc-41db-ada4-48b24e07d0a2,ad9bbb3a-e016-42c0-ab1f-7e1b90102e21,Z00503ZF,2026-08-20T00:00:00Z,admin,2026-08-20T00:00:00Z,admin
442ac991-f832-4eda-8b17-29ca4db39d73,ad9bbb3a-e016-42c0-ab1f-7e1b90102e21,Z0053X3Z,2026-08-20T00:00:00Z,admin,2026-08-20T00:00:00Z,admin
fd2fa19d-abc6-458b-9d26-e8491b934bf8,ad9bbb3a-e016-42c0-ab1f-7e1b90102e21,Z004Z8HY,2026-08-20T00:00:00Z,admin,2026-08-20T00:00:00Z,admin
e754aa90-8173-49d1-be85-6f307034045c,ad9bbb3a-e016-42c0-ab1f-7e1b90102e21,Z00366PH,2026-08-20T00:00:00Z,admin,2026-08-20T00:00:00Z,admin
8a1181b6-290e-4560-8afc-f0bfe9063c2f,ad9bbb3a-e016-42c0-ab1f-7e1b90102e21,Z002M9XR,2026-08-20T00:00:00Z,admin,2026-08-20T00:00:00Z,admin
251a7559-7802-42d0-88e0-73ccfd542401,ad9bbb3a-e016-42c0-ab1f-7e1b90102e21,Z0059DWT,2026-08-20T00:00:00Z,admin,2026-08-20T00:00:00Z,admin
f42275d7-ac23-4e13-a695-4d34b8983714,ad9bbb3a-e016-42c0-ab1f-7e1b90102e21,Z005989N,2026-08-20T00:00:00Z,admin,2026-08-20T00:00:00Z,admin
c9fab15e-f72d-47c6-b9d2-e0722372a54c,ad9bbb3a-e016-42c0-ab1f-7e1b90102e21,Z0059DYC,2026-08-20T00:00:00Z,admin,2026-08-20T00:00:00Z,admin
9b07ca44-a916-4093-9edf-e9d95b94212d,ad9bbb3a-e016-42c0-ab1f-7e1b90102e21,Z0047WTV,2026-08-20T00:00:00Z,admin,2026-08-20T00:00:00Z,admin
eef1ab03-af68-4429-a839-0e37f08575e2,32b3124b-64f9-4da7-836a-21b9ad0e6c60,Z004TAMU,2026-08-20T00:00:00Z,admin,2026-08-20T00:00:00Z,admin
b35e2a41-c79e-4a06-b086-45e86eb3a27f,32b3124b-64f9-4da7-836a-21b9ad0e6c60,Z00531DY,2026-08-20T00:00:00Z,admin,2026-08-20T00:00:00Z,admin
b33b4492-86de-4049-bb25-799e52891373,32b3124b-64f9-4da7-836a-21b9ad0e6c60,Z004XVAC,2026-08-20T00:00:00Z,admin,2026-08-20T00:00:00Z,admin
0735328a-2119-4bde-9fd0-52563ebefdf9,32b3124b-64f9-4da7-836a-21b9ad0e6c60,Z0052TYP,2026-08-20T00:00:00Z,admin,2026-08-20T00:00:00Z,admin
f1e9a51d-d016-4864-97dc-73f8fdb3f900,32b3124b-64f9-4da7-836a-21b9ad0e6c60,Z002Z66N,2026-08-20T00:00:00Z,admin,2026-08-20T00:00:00Z,admin
8c4c32ff-f8d8-48ec-8fb2-b7f883e03516,32b3124b-64f9-4da7-836a-21b9ad0e6c60,Z004YK1R,2026-08-20T00:00:00Z,admin,2026-08-20T00:00:00Z,admin
f9cea9a9-73cc-494b-9904-8108b1d3487e,32b3124b-64f9-4da7-836a-21b9ad0e6c60,Z004Z7ZE,2026-08-20T00:00:00Z,admin,2026-08-20T00:00:00Z,admin
4f8873b6-8d0e-47a2-967c-eb38a022e539,32b3124b-64f9-4da7-836a-21b9ad0e6c60,Z0054KNE,2026-08-20T00:00:00Z,admin,2026-08-20T00:00:00Z,admin
d41544a0-4574-40af-a86d-f0269ebbf3ea,32b3124b-64f9-4da7-836a-21b9ad0e6c60,Z0028XMJ,2026-08-20T00:00:00Z,admin,2026-08-20T00:00:00Z,admin
e4901a7f-28bc-43d1-b68a-c829e8f48cf6,32b3124b-64f9-4da7-836a-21b9ad0e6c60,Z004FUJT,2026-08-20T00:00:00Z,admin,2026-08-20T00:00:00Z,admin
935c364d-9366-4023-8dca-c9fbd9fa11fb,32b3124b-64f9-4da7-836a-21b9ad0e6c60,Z001WYDU,2026-08-20T00:00:00Z,admin,2026-08-20T00:00:00Z,admin
630353b5-7e7d-4509-916d-b0b671cf8cd7,32b3124b-64f9-4da7-836a-21b9ad0e6c60,Z0014WKT,2026-08-20T00:00:00Z,admin,2026-08-20T00:00:00Z,admin
bc377ac0-4626-4667-b4ab-5aef15ea96cf,32b3124b-64f9-4da7-836a-21b9ad0e6c60,Z0039MYX,2026-08-20T00:00:00Z,admin,2026-08-20T00:00:00Z,admin
2ec278c2-1410-4705-9686-d0fc4569ceb7,32b3124b-64f9-4da7-836a-21b9ad0e6c60,Z0051EJU,2026-08-20T00:00:00Z,admin,2026-08-20T00:00:00Z,admin
76c1f0b6-e119-48c2-914d-8e89632534ff,32b3124b-64f9-4da7-836a-21b9ad0e6c60,Z003RN6R,2026-08-20T00:00:00Z,admin,2026-08-20T00:00:00Z,admin
e58c9879-32a9-457e-b5ba-0daa7b7b98da,32b3124b-64f9-4da7-836a-21b9ad0e6c60,Z0046D7W,2026-08-20T00:00:00Z,admin,2026-08-20T00:00:00Z,admin
fe76ae6d-022d-44b3-bbb6-de37fcfb0b44,32b3124b-64f9-4da7-836a-21b9ad0e6c60,Z000268E,2026-08-20T00:00:00Z,admin,2026-08-20T00:00:00Z,admin
490f38d4-eb4a-4246-8603-9a11f81dbba1,32b3124b-64f9-4da7-836a-21b9ad0e6c60,Z002JB9N,2026-08-20T00:00:00Z,admin,2026-08-20T00:00:00Z,admin
ae2d0b2f-6e75-49a7-ac8e-e46b4e42bad0,32b3124b-64f9-4da7-836a-21b9ad0e6c60,Z002ZJEH,2026-08-20T00:00:00Z,admin,2026-08-20T00:00:00Z,admin
832c91bc-ff89-46f1-942b-cf8c6907f5ba,32b3124b-64f9-4da7-836a-21b9ad0e6c60,Z0033TXK,2026-08-20T00:00:00Z,admin,2026-08-20T00:00:00Z,admin
2b5c985d-6dde-4bf6-88c0-53cc0dfdb424,32b3124b-64f9-4da7-836a-21b9ad0e6c60,Z0037XDV,2026-08-20T00:00:00Z,admin,2026-08-20T00:00:00Z,admin
d330eeea-3e35-4339-856a-ebf6e969fd37,32b3124b-64f9-4da7-836a-21b9ad0e6c60,Z0030F0C,2026-08-20T00:00:00Z,admin,2026-08-20T00:00:00Z,admin
a54b37de-de50-41c2-a44c-bcce73630e72,32b3124b-64f9-4da7-836a-21b9ad0e6c60,Z0049ETY,2026-08-20T00:00:00Z,admin,2026-08-20T00:00:00Z,admin
6ab79c16-43e7-4a5a-a322-77612bed3f5f,32b3124b-64f9-4da7-836a-21b9ad0e6c60,Z00531ED,2026-08-20T00:00:00Z,admin,2026-08-20T00:00:00Z,admin
5687d856-0182-42c5-be41-bafd8583a03a,32b3124b-64f9-4da7-836a-21b9ad0e6c60,Z00578UN,2026-08-20T00:00:00Z,admin,2026-08-20T00:00:00Z,admin
cd0c066f-6953-4fd9-8b65-f32eab40d35f,32b3124b-64f9-4da7-836a-21b9ad0e6c60,Z0022MPU,2026-08-20T00:00:00Z,admin,2026-08-20T00:00:00Z,admin
aec0742a-2820-4ea6-b3e3-9b826010330c,32b3124b-64f9-4da7-836a-21b9ad0e6c60,Z00360RB,2026-08-20T00:00:00Z,admin,2026-08-20T00:00:00Z,admin
8d37cde5-6f3a-4481-afe9-2ee60e8a8a8b,32b3124b-64f9-4da7-836a-21b9ad0e6c60,Z00580YJ,2026-08-20T00:00:00Z,admin,2026-08-20T00:00:00Z,admin
eaa845ac-7e91-4435-a687-df116b18aa98,32b3124b-64f9-4da7-836a-21b9ad0e6c60,Z004XVAB,2026-08-20T00:00:00Z,admin,2026-08-20T00:00:00Z,admin
8977ea7d-c848-4044-8c43-ea4d7600a39e,32b3124b-64f9-4da7-836a-21b9ad0e6c60,Z00503ZF,2026-08-20T00:00:00Z,admin,2026-08-20T00:00:00Z,admin
acc218f8-a89b-4bf6-98cb-fc2793e6026b,32b3124b-64f9-4da7-836a-21b9ad0e6c60,Z0053X3Z,2026-08-20T00:00:00Z,admin,2026-08-20T00:00:00Z,admin
576bc23a-a8cf-4f3b-9b9f-5f80c41e1423,32b3124b-64f9-4da7-836a-21b9ad0e6c60,Z004Z8HY,2026-08-20T00:00:00Z,admin,2026-08-20T00:00:00Z,admin
750962f1-301f-48f5-85bc-e7f81a53dcf0,32b3124b-64f9-4da7-836a-21b9ad0e6c60,Z00366PH,2026-08-20T00:00:00Z,admin,2026-08-20T00:00:00Z,admin
63be09be-142e-42a3-8516-0cc2e5178693,32b3124b-64f9-4da7-836a-21b9ad0e6c60,Z002M9XR,2026-08-20T00:00:00Z,admin,2026-08-20T00:00:00Z,admin
ef3d2298-40d9-473f-9b0c-90667d27e0b6,32b3124b-64f9-4da7-836a-21b9ad0e6c60,Z0059DWT,2026-08-20T00:00:00Z,admin,2026-08-20T00:00:00Z,admin
7e475197-f518-47ff-bd62-8d61b6cc987d,32b3124b-64f9-4da7-836a-21b9ad0e6c60,Z005989N,2026-08-20T00:00:00Z,admin,2026-08-20T00:00:00Z,admin
2b1bd0b9-3a45-43cf-9529-a6a903887d04,32b3124b-64f9-4da7-836a-21b9ad0e6c60,Z0059DYC,2026-08-20T00:00:00Z,admin,2026-08-20T00:00:00Z,admin
33be2637-b89b-49a4-ab51-fb85895123fe,32b3124b-64f9-4da7-836a-21b9ad0e6c60,Z0047WTV,2026-08-20T00:00:00Z,admin,2026-08-20T00:00:00Z,admin
a35ebcdb-ddd6-4ac0-9140-45ec35661c9e,d3bbedb4-364d-429d-9850-3ee78c3151df,Z004TAMU,2026-08-20T00:00:00Z,admin,2026-08-20T00:00:00Z,admin
4ba21596-13ba-4a77-9dc5-52ea8d2b9a8a,d3bbedb4-364d-429d-9850-3ee78c3151df,Z00531DY,2026-08-20T00:00:00Z,admin,2026-08-20T00:00:00Z,admin
1b173023-fb49-46cd-a2cc-a036ca43f271,d3bbedb4-364d-429d-9850-3ee78c3151df,Z004XVAC,2026-08-20T00:00:00Z,admin,2026-08-20T00:00:00Z,admin
fa251caa-7256-4ec9-9a34-d8370e46bbf5,d3bbedb4-364d-429d-9850-3ee78c3151df,Z0052TYP,2026-08-20T00:00:00Z,admin,2026-08-20T00:00:00Z,admin
e60f20c3-5958-4ae6-a8ff-e0d33f206eb4,d3bbedb4-364d-429d-9850-3ee78c3151df,Z002Z66N,2026-08-20T00:00:00Z,admin,2026-08-20T00:00:00Z,admin
a49e5681-9978-4d12-b1ab-00bc067a69b1,d3bbedb4-364d-429d-9850-3ee78c3151df,Z004YK1R,2026-08-20T00:00:00Z,admin,2026-08-20T00:00:00Z,admin
ad18fb65-0adf-4c61-9f4e-101271c89748,d3bbedb4-364d-429d-9850-3ee78c3151df,Z004Z7ZE,2026-08-20T00:00:00Z,admin,2026-08-20T00:00:00Z,admin
79764931-4dfe-4097-92b6-537b55974c7a,d3bbedb4-364d-429d-9850-3ee78c3151df,Z0054KNE,2026-08-20T00:00:00Z,admin,2026-08-20T00:00:00Z,admin
bedf39eb-48e0-4198-942e-2616f531e0f3,d3bbedb4-364d-429d-9850-3ee78c3151df,Z0028XMJ,2026-08-20T00:00:00Z,admin,2026-08-20T00:00:00Z,admin
4c0d2e9e-a57a-4cbe-a1a6-082ae8c824a2,d3bbedb4-364d-429d-9850-3ee78c3151df,Z004FUJT,2026-08-20T00:00:00Z,admin,2026-08-20T00:00:00Z,admin
b9cafb2a-e9e1-4957-ba60-a04d53298ee2,d3bbedb4-364d-429d-9850-3ee78c3151df,Z001WYDU,2026-08-20T00:00:00Z,admin,2026-08-20T00:00:00Z,admin
68a91e4d-3934-4325-9001-4151a334258c,d3bbedb4-364d-429d-9850-3ee78c3151df,Z0014WKT,2026-08-20T00:00:00Z,admin,2026-08-20T00:00:00Z,admin
ae6e5445-8ee9-43d5-b28b-5233ba5e987f,d3bbedb4-364d-429d-9850-3ee78c3151df,Z0039MYX,2026-08-20T00:00:00Z,admin,2026-08-20T00:00:00Z,admin
8920d4c2-ff44-411c-b763-ae320ac10875,d3bbedb4-364d-429d-9850-3ee78c3151df,Z0051EJU,2026-08-20T00:00:00Z,admin,2026-08-20T00:00:00Z,admin
08339b4e-8301-49a6-a79e-28199c3f6ae6,d3bbedb4-364d-429d-9850-3ee78c3151df,Z003RN6R,2026-08-20T00:00:00Z,admin,2026-08-20T00:00:00Z,admin
7befccef-3083-4d4c-9ac9-4997b58e97cd,d3bbedb4-364d-429d-9850-3ee78c3151df,Z0046D7W,2026-08-20T00:00:00Z,admin,2026-08-20T00:00:00Z,admin
b4cd05fd-6c8b-44a3-916f-097a0c310ab0,d3bbedb4-364d-429d-9850-3ee78c3151df,Z000268E,2026-08-20T00:00:00Z,admin,2026-08-20T00:00:00Z,admin
1dbaf1ee-e957-4586-897b-d4291288fa10,d3bbedb4-364d-429d-9850-3ee78c3151df,Z002JB9N,2026-08-20T00:00:00Z,admin,2026-08-20T00:00:00Z,admin
b2052a26-08ca-4bd5-b707-140761c21e09,d3bbedb4-364d-429d-9850-3ee78c3151df,Z002ZJEH,2026-08-20T00:00:00Z,admin,2026-08-20T00:00:00Z,admin
31090ef9-ee18-4b70-9c4e-19b0c9e8bdf4,d3bbedb4-364d-429d-9850-3ee78c3151df,Z0033TXK,2026-08-20T00:00:00Z,admin,2026-08-20T00:00:00Z,admin
8f7f5ac8-df61-40ae-b859-ae4919b6943d,d3bbedb4-364d-429d-9850-3ee78c3151df,Z0037XDV,2026-08-20T00:00:00Z,admin,2026-08-20T00:00:00Z,admin
6e8ff896-8a58-4cae-8812-acbedcb5cd76,d3bbedb4-364d-429d-9850-3ee78c3151df,Z0030F0C,2026-08-20T00:00:00Z,admin,2026-08-20T00:00:00Z,admin
73eb5139-5949-47f5-891b-5aee944c03ae,d3bbedb4-364d-429d-9850-3ee78c3151df,Z0049ETY,2026-08-20T00:00:00Z,admin,2026-08-20T00:00:00Z,admin
56fdfb63-f447-4773-aaee-5ba87d589894,d3bbedb4-364d-429d-9850-3ee78c3151df,Z00531ED,2026-08-20T00:00:00Z,admin,2026-08-20T00:00:00Z,admin
e44bf9f2-aae8-4d2e-9ec0-cb97f62ed0fa,d3bbedb4-364d-429d-9850-3ee78c3151df,Z00578UN,2026-08-20T00:00:00Z,admin,2026-08-20T00:00:00Z,admin
d99e77b9-a6f1-41dc-af75-f60b4faf9056,d3bbedb4-364d-429d-9850-3ee78c3151df,Z0022MPU,2026-08-20T00:00:00Z,admin,2026-08-20T00:00:00Z,admin
4ec53e98-96ec-4d5c-b984-8da5a202cb9e,d3bbedb4-364d-429d-9850-3ee78c3151df,Z00360RB,2026-08-20T00:00:00Z,admin,2026-08-20T00:00:00Z,admin
2497cea4-e987-4699-8a69-e3424cf718b3,d3bbedb4-364d-429d-9850-3ee78c3151df,Z00580YJ,2026-08-20T00:00:00Z,admin,2026-08-20T00:00:00Z,admin
c36cc90c-e49e-403b-9c58-884d177aaa40,d3bbedb4-364d-429d-9850-3ee78c3151df,Z004XVAB,2026-08-20T00:00:00Z,admin,2026-08-20T00:00:00Z,admin
3e8fd3f1-f525-4c2e-acb7-5e76d8d16d5a,d3bbedb4-364d-429d-9850-3ee78c3151df,Z00503ZF,2026-08-20T00:00:00Z,admin,2026-08-20T00:00:00Z,admin
aa1a6508-b2b8-4e81-ae8b-e2df7bcd2d43,d3bbedb4-364d-429d-9850-3ee78c3151df,Z0053X3Z,2026-08-20T00:00:00Z,admin,2026-08-20T00:00:00Z,admin
a83950b4-3fbf-4286-a574-e79872fdbc42,d3bbedb4-364d-429d-9850-3ee78c3151df,Z004Z8HY,2026-08-20T00:00:00Z,admin,2026-08-20T00:00:00Z,admin
f0af8649-a026-4fc0-a0de-e7cf01970ec6,d3bbedb4-364d-429d-9850-3ee78c3151df,Z00366PH,2026-08-20T00:00:00Z,admin,2026-08-20T00:00:00Z,admin
c806207d-f970-41c7-98ca-41a0f42e9519,d3bbedb4-364d-429d-9850-3ee78c3151df,Z002M9XR,2026-08-20T00:00:00Z,admin,2026-08-20T00:00:00Z,admin
a1c54ee0-1244-45fc-ae70-c0826049be6b,d3bbedb4-364d-429d-9850-3ee78c3151df,Z0059DWT,2026-08-20T00:00:00Z,admin,2026-08-20T00:00:00Z,admin
da4a623d-fb58-4067-94e6-eba3a4173c71,d3bbedb4-364d-429d-9850-3ee78c3151df,Z005989N,2026-08-20T00:00:00Z,admin,2026-08-20T00:00:00Z,admin
ae852a7f-1f11-42d7-a2dc-fbc7354b9d9d,d3bbedb4-364d-429d-9850-3ee78c3151df,Z0059DYC,2026-08-20T00:00:00Z,admin,2026-08-20T00:00:00Z,admin
b9a81e61-3d7f-465d-8b3a-76f7c73926f6,d3bbedb4-364d-429d-9850-3ee78c3151df,Z0047WTV,2026-08-20T00:00:00Z,admin,2026-08-20T00:00:00Z,admin
f90a5fd6-912d-4235-87ed-439ea8b6162d,2ba175d2-11ae-47d6-b605-8965fa90f3c8,Z004TAMU,2026-08-20T00:00:00Z,admin,2026-08-20T00:00:00Z,admin
e4bc624d-6289-4064-8d58-775b7a624a13,2ba175d2-11ae-47d6-b605-8965fa90f3c8,Z00531DY,2026-08-20T00:00:00Z,admin,2026-08-20T00:00:00Z,admin
f4a3d920-58c0-445f-9820-b4e8327d8f20,2ba175d2-11ae-47d6-b605-8965fa90f3c8,Z004XVAC,2026-08-20T00:00:00Z,admin,2026-08-20T00:00:00Z,admin
2f6c34d4-08ae-4369-81bb-30bbed94375b,2ba175d2-11ae-47d6-b605-8965fa90f3c8,Z0052TYP,2026-08-20T00:00:00Z,admin,2026-08-20T00:00:00Z,admin
737b744e-48fb-473d-b060-980468e13872,2ba175d2-11ae-47d6-b605-8965fa90f3c8,Z002Z66N,2026-08-20T00:00:00Z,admin,2026-08-20T00:00:00Z,admin
64ba8d07-1a3a-41c3-809a-04b71bb9228e,2ba175d2-11ae-47d6-b605-8965fa90f3c8,Z004YK1R,2026-08-20T00:00:00Z,admin,2026-08-20T00:00:00Z,admin
0db2524a-73b9-4f47-b1e7-a51dec381a64,2ba175d2-11ae-47d6-b605-8965fa90f3c8,Z004Z7ZE,2026-08-20T00:00:00Z,admin,2026-08-20T00:00:00Z,admin
e69fccd2-37e7-4115-8ece-ec8bac88143b,2ba175d2-11ae-47d6-b605-8965fa90f3c8,Z0054KNE,2026-08-20T00:00:00Z,admin,2026-08-20T00:00:00Z,admin
106467bf-c60f-4265-9a25-c9e6c95eb399,2ba175d2-11ae-47d6-b605-8965fa90f3c8,Z0028XMJ,2026-08-20T00:00:00Z,admin,2026-08-20T00:00:00Z,admin
7b7ed955-eea2-4929-8dae-9bfee1c0b6f6,2ba175d2-11ae-47d6-b605-8965fa90f3c8,Z004FUJT,2026-08-20T00:00:00Z,admin,2026-08-20T00:00:00Z,admin
f5d744c9-38ef-48ab-80e9-dabf10f7f215,2ba175d2-11ae-47d6-b605-8965fa90f3c8,Z001WYDU,2026-08-20T00:00:00Z,admin,2026-08-20T00:00:00Z,admin
874eb522-67ed-4aff-8df4-9a142b79cc71,2ba175d2-11ae-47d6-b605-8965fa90f3c8,Z0014WKT,2026-08-20T00:00:00Z,admin,2026-08-20T00:00:00Z,admin
65180893-a1d4-4af1-bd62-fa2ca12eb508,2ba175d2-11ae-47d6-b605-8965fa90f3c8,Z0039MYX,2026-08-20T00:00:00Z,admin,2026-08-20T00:00:00Z,admin
bd8edb65-d5df-443f-a8fb-4cc318570db1,2ba175d2-11ae-47d6-b605-8965fa90f3c8,Z0051EJU,2026-08-20T00:00:00Z,admin,2026-08-20T00:00:00Z,admin
24b472e1-2984-4ab9-a79b-bb1c425032b2,2ba175d2-11ae-47d6-b605-8965fa90f3c8,Z003RN6R,2026-08-20T00:00:00Z,admin,2026-08-20T00:00:00Z,admin
ff221d96-b5f3-4336-8025-2f2140a635ac,2ba175d2-11ae-47d6-b605-8965fa90f3c8,Z0046D7W,2026-08-20T00:00:00Z,admin,2026-08-20T00:00:00Z,admin
e698a157-b4a4-4685-a143-603f29c15690,2ba175d2-11ae-47d6-b605-8965fa90f3c8,Z000268E,2026-08-20T00:00:00Z,admin,2026-08-20T00:00:00Z,admin
86fbab85-7640-4153-ad45-10f2833abcca,2ba175d2-11ae-47d6-b605-8965fa90f3c8,Z002JB9N,2026-08-20T00:00:00Z,admin,2026-08-20T00:00:00Z,admin
6cd06f5a-5f9f-4fdb-af02-a2a93792e0d1,2ba175d2-11ae-47d6-b605-8965fa90f3c8,Z002ZJEH,2026-08-20T00:00:00Z,admin,2026-08-20T00:00:00Z,admin
a51d9741-448b-4838-a4a7-12f5459f64b5,2ba175d2-11ae-47d6-b605-8965fa90f3c8,Z0033TXK,2026-08-20T00:00:00Z,admin,2026-08-20T00:00:00Z,admin
877b2962-072a-477e-8b8d-20c87edac48f,2ba175d2-11ae-47d6-b605-8965fa90f3c8,Z0037XDV,2026-08-20T00:00:00Z,admin,2026-08-20T00:00:00Z,admin
95d07cc8-5e05-4bfe-a048-9eef53d240d7,2ba175d2-11ae-47d6-b605-8965fa90f3c8,Z0030F0C,2026-08-20T00:00:00Z,admin,2026-08-20T00:00:00Z,admin
5aad005b-a9fe-4f2c-8a3f-9b0da27c699d,2ba175d2-11ae-47d6-b605-8965fa90f3c8,Z0049ETY,2026-08-20T00:00:00Z,admin,2026-08-20T00:00:00Z,admin
d60770dc-ec57-44cd-9aca-d5e934cbec2d,2ba175d2-11ae-47d6-b605-8965fa90f3c8,Z00531ED,2026-08-20T00:00:00Z,admin,2026-08-20T00:00:00Z,admin
33495f45-e81f-466f-9ac4-d313f6b5e791,2ba175d2-11ae-47d6-b605-8965fa90f3c8,Z00578UN,2026-08-20T00:00:00Z,admin,2026-08-20T00:00:00Z,admin
8bd16b24-cdce-4836-9b95-fe11ffbab2f9,2ba175d2-11ae-47d6-b605-8965fa90f3c8,Z0022MPU,2026-08-20T00:00:00Z,admin,2026-08-20T00:00:00Z,admin
03e16065-90ff-492d-858d-3aa833d1d31c,2ba175d2-11ae-47d6-b605-8965fa90f3c8,Z00360RB,2026-08-20T00:00:00Z,admin,2026-08-20T00:00:00Z,admin
c6237382-4610-48d4-90f9-a7dcf5a578e5,2ba175d2-11ae-47d6-b605-8965fa90f3c8,Z00580YJ,2026-08-20T00:00:00Z,admin,2026-08-20T00:00:00Z,admin
237f26ae-ef68-4bd3-9298-9b21cfcbb9c9,2ba175d2-11ae-47d6-b605-8965fa90f3c8,Z004XVAB,2026-08-20T00:00:00Z,admin,2026-08-20T00:00:00Z,admin
3d852c09-750a-4831-942f-84b542213a4e,2ba175d2-11ae-47d6-b605-8965fa90f3c8,Z00503ZF,2026-08-20T00:00:00Z,admin,2026-08-20T00:00:00Z,admin
546f8e3f-443b-4bac-8884-1afc1dbe6021,2ba175d2-11ae-47d6-b605-8965fa90f3c8,Z0053X3Z,2026-08-20T00:00:00Z,admin,2026-08-20T00:00:00Z,admin
e82d5320-2aa0-435d-aca1-82db6c48d6f9,2ba175d2-11ae-47d6-b605-8965fa90f3c8,Z004Z8HY,2026-08-20T00:00:00Z,admin,2026-08-20T00:00:00Z,admin
b898d494-b2f9-4dd2-9f33-9169f081d27e,2ba175d2-11ae-47d6-b605-8965fa90f3c8,Z00366PH,2026-08-20T00:00:00Z,admin,2026-08-20T00:00:00Z,admin
91116002-503b-45d8-a73d-d4b82c5fed74,2ba175d2-11ae-47d6-b605-8965fa90f3c8,Z002M9XR,2026-08-20T00:00:00Z,admin,2026-08-20T00:00:00Z,admin
1295b227-7ad0-4ad0-9181-0e6f7c8beeef,2ba175d2-11ae-47d6-b605-8965fa90f3c8,Z0059DWT,2026-08-20T00:00:00Z,admin,2026-08-20T00:00:00Z,admin
b4804eca-38ff-4662-9cb0-281199e974a2,2ba175d2-11ae-47d6-b605-8965fa90f3c8,Z005989N,2026-08-20T00:00:00Z,admin,2026-08-20T00:00:00Z,admin
52712690-6b66-42e4-b95b-8dd0fd14260b,2ba175d2-11ae-47d6-b605-8965fa90f3c8,Z0059DYC,2026-08-20T00:00:00Z,admin,2026-08-20T00:00:00Z,admin
36542fd8-3fdf-409e-83e4-44cdce7b577d,2ba175d2-11ae-47d6-b605-8965fa90f3c8,Z0047WTV,2026-08-20T00:00:00Z,admin,2026-08-20T00:00:00Z,admin
2db26788-e17b-4c96-b5bc-4deff69d51ec,c194991d-0535-4ac4-8301-193bf5102ef0,Z004TAMU,2026-08-20T00:00:00Z,admin,2026-08-20T00:00:00Z,admin
e342f626-94e3-4f76-bf2b-f256ccdd18ff,c194991d-0535-4ac4-8301-193bf5102ef0,Z00531DY,2026-08-20T00:00:00Z,admin,2026-08-20T00:00:00Z,admin
9257be0f-a586-4467-a9a9-65ae06f83101,c194991d-0535-4ac4-8301-193bf5102ef0,Z004XVAC,2026-08-20T00:00:00Z,admin,2026-08-20T00:00:00Z,admin
879d3805-d561-4443-8e07-3810efeda358,c194991d-0535-4ac4-8301-193bf5102ef0,Z0052TYP,2026-08-20T00:00:00Z,admin,2026-08-20T00:00:00Z,admin
efed4ae0-3403-4762-9613-fbea68626ba2,c194991d-0535-4ac4-8301-193bf5102ef0,Z002Z66N,2026-08-20T00:00:00Z,admin,2026-08-20T00:00:00Z,admin
997ab26a-325b-458b-9d11-d9359ff60fa8,c194991d-0535-4ac4-8301-193bf5102ef0,Z004YK1R,2026-08-20T00:00:00Z,admin,2026-08-20T00:00:00Z,admin
01b77f73-50a9-4ecc-8c85-a71197989ddf,c194991d-0535-4ac4-8301-193bf5102ef0,Z004Z7ZE,2026-08-20T00:00:00Z,admin,2026-08-20T00:00:00Z,admin
1be7683b-a429-4b68-a47a-6daa2de81735,c194991d-0535-4ac4-8301-193bf5102ef0,Z0054KNE,2026-08-20T00:00:00Z,admin,2026-08-20T00:00:00Z,admin
0c4a1b71-025e-4f54-9d0a-81c06d75d520,c194991d-0535-4ac4-8301-193bf5102ef0,Z0028XMJ,2026-08-20T00:00:00Z,admin,2026-08-20T00:00:00Z,admin
65d73c9a-63f9-4eab-b2fc-619776c5bf20,c194991d-0535-4ac4-8301-193bf5102ef0,Z004FUJT,2026-08-20T00:00:00Z,admin,2026-08-20T00:00:00Z,admin
9861d576-d8fc-4aee-a691-1eb0dcd13011,c194991d-0535-4ac4-8301-193bf5102ef0,Z001WYDU,2026-08-20T00:00:00Z,admin,2026-08-20T00:00:00Z,admin
59e8112a-0170-453e-8032-eb241efaedea,c194991d-0535-4ac4-8301-193bf5102ef0,Z0014WKT,2026-08-20T00:00:00Z,admin,2026-08-20T00:00:00Z,admin
cdde7d79-13ff-4ae5-8400-31fedc720f47,c194991d-0535-4ac4-8301-193bf5102ef0,Z0039MYX,2026-08-20T00:00:00Z,admin,2026-08-20T00:00:00Z,admin
f49713f3-069f-4dea-bda4-0d1366d1c6e0,c194991d-0535-4ac4-8301-193bf5102ef0,Z0051EJU,2026-08-20T00:00:00Z,admin,2026-08-20T00:00:00Z,admin
cf2456f3-55ac-4e6f-a3bd-b590583c521c,c194991d-0535-4ac4-8301-193bf5102ef0,Z003RN6R,2026-08-20T00:00:00Z,admin,2026-08-20T00:00:00Z,admin
51c29356-9375-4d84-93eb-a38cc21bb198,c194991d-0535-4ac4-8301-193bf5102ef0,Z0046D7W,2026-08-20T00:00:00Z,admin,2026-08-20T00:00:00Z,admin
1ffc1d3c-0f34-48b7-845d-6ae65bda4f10,c194991d-0535-4ac4-8301-193bf5102ef0,Z000268E,2026-08-20T00:00:00Z,admin,2026-08-20T00:00:00Z,admin
e6987742-c45e-45bd-b5da-e47ced45a4e9,c194991d-0535-4ac4-8301-193bf5102ef0,Z002JB9N,2026-08-20T00:00:00Z,admin,2026-08-20T00:00:00Z,admin
269a8630-0b35-496a-b17e-f757afed6000,c194991d-0535-4ac4-8301-193bf5102ef0,Z002ZJEH,2026-08-20T00:00:00Z,admin,2026-08-20T00:00:00Z,admin
2307c7b8-82df-4923-a2fa-ee9bf242538e,c194991d-0535-4ac4-8301-193bf5102ef0,Z0033TXK,2026-08-20T00:00:00Z,admin,2026-08-20T00:00:00Z,admin
024bfcc9-a76a-4c13-9036-c8c71ee0f994,c194991d-0535-4ac4-8301-193bf5102ef0,Z0037XDV,2026-08-20T00:00:00Z,admin,2026-08-20T00:00:00Z,admin
24364b28-462e-4c74-9f2c-c695adafa75d,c194991d-0535-4ac4-8301-193bf5102ef0,Z0030F0C,2026-08-20T00:00:00Z,admin,2026-08-20T00:00:00Z,admin
7e7f706e-aa79-495b-8ac1-025aad6055ea,c194991d-0535-4ac4-8301-193bf5102ef0,Z0049ETY,2026-08-20T00:00:00Z,admin,2026-08-20T00:00:00Z,admin
a4f07269-6f15-4d84-935e-6043393893cc,c194991d-0535-4ac4-8301-193bf5102ef0,Z00531ED,2026-08-20T00:00:00Z,admin,2026-08-20T00:00:00Z,admin
dbe97685-da18-49da-b8fb-8f698854f9ce,c194991d-0535-4ac4-8301-193bf5102ef0,Z00578UN,2026-08-20T00:00:00Z,admin,2026-08-20T00:00:00Z,admin
f9a68742-4929-497e-99a6-b36f42de0c3f,c194991d-0535-4ac4-8301-193bf5102ef0,Z0022MPU,2026-08-20T00:00:00Z,admin,2026-08-20T00:00:00Z,admin
ee2a43ea-7fd4-412c-817e-9da8b86e129a,c194991d-0535-4ac4-8301-193bf5102ef0,Z00360RB,2026-08-20T00:00:00Z,admin,2026-08-20T00:00:00Z,admin
6246d3d4-7410-44d7-8f16-d1697116eaa1,c194991d-0535-4ac4-8301-193bf5102ef0,Z00580YJ,2026-08-20T00:00:00Z,admin,2026-08-20T00:00:00Z,admin
2679daaf-2219-4ffe-81be-4b7a1a2a3c04,c194991d-0535-4ac4-8301-193bf5102ef0,Z004XVAB,2026-08-20T00:00:00Z,admin,2026-08-20T00:00:00Z,admin
5bcb10ab-3ec1-4591-875c-b4d88c19beb9,c194991d-0535-4ac4-8301-193bf5102ef0,Z00503ZF,2026-08-20T00:00:00Z,admin,2026-08-20T00:00:00Z,admin
215dad2c-edcd-4b87-929b-58cd9d09b69a,c194991d-0535-4ac4-8301-193bf5102ef0,Z0053X3Z,2026-08-20T00:00:00Z,admin,2026-08-20T00:00:00Z,admin
88784e59-f564-44f0-9194-8658d445f9e6,c194991d-0535-4ac4-8301-193bf5102ef0,Z004Z8HY,2026-08-20T00:00:00Z,admin,2026-08-20T00:00:00Z,admin
f759c7a6-35c6-4156-8547-f904d65dfeef,c194991d-0535-4ac4-8301-193bf5102ef0,Z00366PH,2026-08-20T00:00:00Z,admin,2026-08-20T00:00:00Z,admin
a5ee7e65-7756-48b7-8a3d-1b3f3f3c20c4,c194991d-0535-4ac4-8301-193bf5102ef0,Z002M9XR,2026-08-20T00:00:00Z,admin,2026-08-20T00:00:00Z,admin
fa39066c-a0c7-4aca-a138-9eec730b7272,c194991d-0535-4ac4-8301-193bf5102ef0,Z0059DWT,2026-08-20T00:00:00Z,admin,2026-08-20T00:00:00Z,admin
2a081130-3d45-46fe-84bd-73667ca37a1d,c194991d-0535-4ac4-8301-193bf5102ef0,Z005989N,2026-08-20T00:00:00Z,admin,2026-08-20T00:00:00Z,admin
aaffbd52-8149-4fc2-b429-1b47963b3fd0,c194991d-0535-4ac4-8301-193bf5102ef0,Z0059DYC,2026-08-20T00:00:00Z,admin,2026-08-20T00:00:00Z,admin
c3c17071-c1a1-4544-b89d-7172e62f456f,c194991d-0535-4ac4-8301-193bf5102ef0,Z0047WTV,2026-08-20T00:00:00Z,admin,2026-08-20T00:00:00Z,admin
ddb28636-1cdf-4e0f-b442-1fe9c6ffbda0,da663e09-08c4-49ec-acc6-32a38c0a28ed,Z004TAMU,2026-08-20T00:00:00Z,admin,2026-08-20T00:00:00Z,admin
3a07684f-cc61-4930-9f58-38e78acba54a,da663e09-08c4-49ec-acc6-32a38c0a28ed,Z00531DY,2026-08-20T00:00:00Z,admin,2026-08-20T00:00:00Z,admin
b48c7e12-4c4d-473c-af10-6db8d0046c05,da663e09-08c4-49ec-acc6-32a38c0a28ed,Z004XVAC,2026-08-20T00:00:00Z,admin,2026-08-20T00:00:00Z,admin
5843dd51-8354-473a-b3cd-04a72a63f11a,da663e09-08c4-49ec-acc6-32a38c0a28ed,Z0052TYP,2026-08-20T00:00:00Z,admin,2026-08-20T00:00:00Z,admin
e2c9511a-9d96-46bf-a03c-125072763cd7,da663e09-08c4-49ec-acc6-32a38c0a28ed,Z002Z66N,2026-08-20T00:00:00Z,admin,2026-08-20T00:00:00Z,admin
35546862-1ea3-44fc-a35d-a4252fea9739,da663e09-08c4-49ec-acc6-32a38c0a28ed,Z004YK1R,2026-08-20T00:00:00Z,admin,2026-08-20T00:00:00Z,admin
b09eb663-d136-4905-8d27-c72a1f19e63a,da663e09-08c4-49ec-acc6-32a38c0a28ed,Z004Z7ZE,2026-08-20T00:00:00Z,admin,2026-08-20T00:00:00Z,admin
61d09556-7ec5-433e-b91f-21293516207c,da663e09-08c4-49ec-acc6-32a38c0a28ed,Z0054KNE,2026-08-20T00:00:00Z,admin,2026-08-20T00:00:00Z,admin
4cc46b9f-b0f1-4fcb-9f20-8368ce016371,da663e09-08c4-49ec-acc6-32a38c0a28ed,Z0028XMJ,2026-08-20T00:00:00Z,admin,2026-08-20T00:00:00Z,admin
ee58aa33-e3e6-46d5-84e0-d3eca49fe472,da663e09-08c4-49ec-acc6-32a38c0a28ed,Z004FUJT,2026-08-20T00:00:00Z,admin,2026-08-20T00:00:00Z,admin
2078bf41-9a4a-4027-8969-47d233b75736,da663e09-08c4-49ec-acc6-32a38c0a28ed,Z001WYDU,2026-08-20T00:00:00Z,admin,2026-08-20T00:00:00Z,admin
5c105524-7b20-466f-af0e-0ea5abc71c60,da663e09-08c4-49ec-acc6-32a38c0a28ed,Z0014WKT,2026-08-20T00:00:00Z,admin,2026-08-20T00:00:00Z,admin
fe7ead08-1824-41f4-a3f4-8da7b254a3e5,da663e09-08c4-49ec-acc6-32a38c0a28ed,Z0039MYX,2026-08-20T00:00:00Z,admin,2026-08-20T00:00:00Z,admin
83206b82-3552-44c6-9c43-638aa73bfc23,da663e09-08c4-49ec-acc6-32a38c0a28ed,Z0051EJU,2026-08-20T00:00:00Z,admin,2026-08-20T00:00:00Z,admin
a3f22b7a-2b85-4494-8350-48e3ea277908,da663e09-08c4-49ec-acc6-32a38c0a28ed,Z003RN6R,2026-08-20T00:00:00Z,admin,2026-08-20T00:00:00Z,admin
d695a621-6184-425a-b64c-bf046e9048a2,da663e09-08c4-49ec-acc6-32a38c0a28ed,Z0046D7W,2026-08-20T00:00:00Z,admin,2026-08-20T00:00:00Z,admin
aecc9b03-9a98-4051-b0f5-0b2e925977e9,da663e09-08c4-49ec-acc6-32a38c0a28ed,Z000268E,2026-08-20T00:00:00Z,admin,2026-08-20T00:00:00Z,admin
b2747e1d-f53b-4fb3-a37b-71f884b0947d,da663e09-08c4-49ec-acc6-32a38c0a28ed,Z002JB9N,2026-08-20T00:00:00Z,admin,2026-08-20T00:00:00Z,admin
283c311a-c3c3-4b23-b583-48973263c662,da663e09-08c4-49ec-acc6-32a38c0a28ed,Z002ZJEH,2026-08-20T00:00:00Z,admin,2026-08-20T00:00:00Z,admin
52f7a6e6-d5e0-4747-b21f-20a3c3db5618,da663e09-08c4-49ec-acc6-32a38c0a28ed,Z0033TXK,2026-08-20T00:00:00Z,admin,2026-08-20T00:00:00Z,admin
2b407d06-9832-443e-b088-bc8717d9abe2,da663e09-08c4-49ec-acc6-32a38c0a28ed,Z0037XDV,2026-08-20T00:00:00Z,admin,2026-08-20T00:00:00Z,admin
c119e298-4560-4039-bb6b-f3c6933fe7d2,da663e09-08c4-49ec-acc6-32a38c0a28ed,Z0030F0C,2026-08-20T00:00:00Z,admin,2026-08-20T00:00:00Z,admin
73f95394-f364-4397-ad44-e37c9adc5425,da663e09-08c4-49ec-acc6-32a38c0a28ed,Z0049ETY,2026-08-20T00:00:00Z,admin,2026-08-20T00:00:00Z,admin
f1ae6fcd-ff6b-42f1-a5f7-d044c9070fee,da663e09-08c4-49ec-acc6-32a38c0a28ed,Z00531ED,2026-08-20T00:00:00Z,admin,2026-08-20T00:00:00Z,admin
9e64c23a-23ab-4721-9b23-248ce707a642,da663e09-08c4-49ec-acc6-32a38c0a28ed,Z00578UN,2026-08-20T00:00:00Z,admin,2026-08-20T00:00:00Z,admin
85875c5b-9ce3-46df-850d-f4dabbfe0c62,da663e09-08c4-49ec-acc6-32a38c0a28ed,Z0022MPU,2026-08-20T00:00:00Z,admin,2026-08-20T00:00:00Z,admin
e5e7e8f7-5df0-43ec-96eb-bad36bb4b102,da663e09-08c4-49ec-acc6-32a38c0a28ed,Z00360RB,2026-08-20T00:00:00Z,admin,2026-08-20T00:00:00Z,admin
ad4bced6-96c7-482c-bf23-30122bd47914,da663e09-08c4-49ec-acc6-32a38c0a28ed,Z00580YJ,2026-08-20T00:00:00Z,admin,2026-08-20T00:00:00Z,admin
9ec01fec-4e1e-46bf-a069-4180886f1c47,da663e09-08c4-49ec-acc6-32a38c0a28ed,Z004XVAB,2026-08-20T00:00:00Z,admin,2026-08-20T00:00:00Z,admin
05c11b83-005e-4f7c-9b50-1642595a1d04,da663e09-08c4-49ec-acc6-32a38c0a28ed,Z00503ZF,2026-08-20T00:00:00Z,admin,2026-08-20T00:00:00Z,admin
c3244aba-2c9b-42f1-b553-5edf55cb94dd,da663e09-08c4-49ec-acc6-32a38c0a28ed,Z0053X3Z,2026-08-20T00:00:00Z,admin,2026-08-20T00:00:00Z,admin
a28c5a0b-d063-4727-9796-878c4634c769,da663e09-08c4-49ec-acc6-32a38c0a28ed,Z004Z8HY,2026-08-20T00:00:00Z,admin,2026-08-20T00:00:00Z,admin
4f4cfd81-04dc-42d9-9e16-4e8d58fc9e91,da663e09-08c4-49ec-acc6-32a38c0a28ed,Z00366PH,2026-08-20T00:00:00Z,admin,2026-08-20T00:00:00Z,admin
059d5ce8-0ba7-4bfe-a93c-e0ca92bece17,da663e09-08c4-49ec-acc6-32a38c0a28ed,Z002M9XR,2026-08-20T00:00:00Z,admin,2026-08-20T00:00:00Z,admin
31b3a2d5-4a20-43f4-8d1e-8fc0d4755509,da663e09-08c4-49ec-acc6-32a38c0a28ed,Z0059DWT,2026-08-20T00:00:00Z,admin,2026-08-20T00:00:00Z,admin
8e8c7243-8554-4c81-9fa2-a534749a8db1,da663e09-08c4-49ec-acc6-32a38c0a28ed,Z005989N,2026-08-20T00:00:00Z,admin,2026-08-20T00:00:00Z,admin
601b1e0c-dea4-4eee-ac21-9441ddc4596c,da663e09-08c4-49ec-acc6-32a38c0a28ed,Z0059DYC,2026-08-20T00:00:00Z,admin,2026-08-20T00:00:00Z,admin
2139b45e-9fdd-4f5a-b9a2-6c39378d1f5c,da663e09-08c4-49ec-acc6-32a38c0a28ed,Z0047WTV,2026-08-20T00:00:00Z,admin,2026-08-20T00:00:00Z,admin
e48dc221-b751-44c9-9269-82890e76e3b8,4e56fed6-72d0-4eb7-87e9-d49b73bd5a20,Z004TAMU,2026-08-20T00:00:00Z,admin,2026-08-20T00:00:00Z,admin
f12064ea-2586-49ce-81fe-4ec30f9b46a9,4e56fed6-72d0-4eb7-87e9-d49b73bd5a20,Z00531DY,2026-08-20T00:00:00Z,admin,2026-08-20T00:00:00Z,admin
fd1fd7e4-5d2e-4b7a-84a2-899108c2b597,4e56fed6-72d0-4eb7-87e9-d49b73bd5a20,Z004XVAC,2026-08-20T00:00:00Z,admin,2026-08-20T00:00:00Z,admin
8bb1b3b7-509c-4a60-87e5-61a93b3bbf4a,4e56fed6-72d0-4eb7-87e9-d49b73bd5a20,Z0052TYP,2026-08-20T00:00:00Z,admin,2026-08-20T00:00:00Z,admin
207657c2-6694-4ab6-85be-4d076c127037,4e56fed6-72d0-4eb7-87e9-d49b73bd5a20,Z002Z66N,2026-08-20T00:00:00Z,admin,2026-08-20T00:00:00Z,admin
6d41c0a5-7eca-4866-b9be-f972d675f3b5,4e56fed6-72d0-4eb7-87e9-d49b73bd5a20,Z004YK1R,2026-08-20T00:00:00Z,admin,2026-08-20T00:00:00Z,admin
0e71c1dd-bd41-4762-9ede-fe1fee39272f,4e56fed6-72d0-4eb7-87e9-d49b73bd5a20,Z004Z7ZE,2026-08-20T00:00:00Z,admin,2026-08-20T00:00:00Z,admin
39c88f96-724d-4e42-b1c0-59077d8a55bd,4e56fed6-72d0-4eb7-87e9-d49b73bd5a20,Z0054KNE,2026-08-20T00:00:00Z,admin,2026-08-20T00:00:00Z,admin
8967841c-7b96-4272-b1b6-4495599be453,4e56fed6-72d0-4eb7-87e9-d49b73bd5a20,Z0028XMJ,2026-08-20T00:00:00Z,admin,2026-08-20T00:00:00Z,admin
748e2677-23c1-4c83-a242-32460106c73e,4e56fed6-72d0-4eb7-87e9-d49b73bd5a20,Z004FUJT,2026-08-20T00:00:00Z,admin,2026-08-20T00:00:00Z,admin
91d24ac5-5cd6-488e-a793-3ef91bf64d61,4e56fed6-72d0-4eb7-87e9-d49b73bd5a20,Z001WYDU,2026-08-20T00:00:00Z,admin,2026-08-20T00:00:00Z,admin
dc3f3f64-b72b-4484-b9a2-6d5ace51c288,4e56fed6-72d0-4eb7-87e9-d49b73bd5a20,Z0014WKT,2026-08-20T00:00:00Z,admin,2026-08-20T00:00:00Z,admin
a6ed51ca-8284-4b17-a979-34f24d41fdaf,4e56fed6-72d0-4eb7-87e9-d49b73bd5a20,Z0039MYX,2026-08-20T00:00:00Z,admin,2026-08-20T00:00:00Z,admin
63e5f84e-0a70-450e-a0e2-7c4ba2cc1c01,4e56fed6-72d0-4eb7-87e9-d49b73bd5a20,Z0051EJU,2026-08-20T00:00:00Z,admin,2026-08-20T00:00:00Z,admin
14078405-1442-4f6b-b00f-b99b1d05212c,4e56fed6-72d0-4eb7-87e9-d49b73bd5a20,Z003RN6R,2026-08-20T00:00:00Z,admin,2026-08-20T00:00:00Z,admin
afd1c1fc-6161-49d3-ba4e-e29d3a5b5fcc,4e56fed6-72d0-4eb7-87e9-d49b73bd5a20,Z0046D7W,2026-08-20T00:00:00Z,admin,2026-08-20T00:00:00Z,admin
ac37f2f2-cb32-49f4-90d5-247771931fdb,4e56fed6-72d0-4eb7-87e9-d49b73bd5a20,Z000268E,2026-08-20T00:00:00Z,admin,2026-08-20T00:00:00Z,admin
47def966-224d-4da0-b56a-5b8baa1249fb,4e56fed6-72d0-4eb7-87e9-d49b73bd5a20,Z002JB9N,2026-08-20T00:00:00Z,admin,2026-08-20T00:00:00Z,admin
0bfc9324-b921-4dd5-92d5-1131e6781d85,4e56fed6-72d0-4eb7-87e9-d49b73bd5a20,Z002ZJEH,2026-08-20T00:00:00Z,admin,2026-08-20T00:00:00Z,admin
3eb5d78a-5b64-4ee0-a9a2-4e15f7a1e0bb,4e56fed6-72d0-4eb7-87e9-d49b73bd5a20,Z0033TXK,2026-08-20T00:00:00Z,admin,2026-08-20T00:00:00Z,admin
76a954cc-45f6-4618-83ee-f9a48e6ed786,4e56fed6-72d0-4eb7-87e9-d49b73bd5a20,Z0037XDV,2026-08-20T00:00:00Z,admin,2026-08-20T00:00:00Z,admin
76df9be8-ef0c-4f66-9f7d-878725659ee5,4e56fed6-72d0-4eb7-87e9-d49b73bd5a20,Z0030F0C,2026-08-20T00:00:00Z,admin,2026-08-20T00:00:00Z,admin
2cc48c7c-b90a-4755-b745-e2054c943297,4e56fed6-72d0-4eb7-87e9-d49b73bd5a20,Z0049ETY,2026-08-20T00:00:00Z,admin,2026-08-20T00:00:00Z,admin
44e9f7ad-69be-4ee3-aa2e-1983052532f0,4e56fed6-72d0-4eb7-87e9-d49b73bd5a20,Z00531ED,2026-08-20T00:00:00Z,admin,2026-08-20T00:00:00Z,admin
c317f407-1a35-4b4f-b8bd-9c67097686bf,4e56fed6-72d0-4eb7-87e9-d49b73bd5a20,Z00578UN,2026-08-20T00:00:00Z,admin,2026-08-20T00:00:00Z,admin
2a38e2f1-486a-448a-ad78-7ab1a23b60d0,4e56fed6-72d0-4eb7-87e9-d49b73bd5a20,Z0022MPU,2026-08-20T00:00:00Z,admin,2026-08-20T00:00:00Z,admin
cf30cab0-d560-4894-baea-11280689d284,4e56fed6-72d0-4eb7-87e9-d49b73bd5a20,Z00360RB,2026-08-20T00:00:00Z,admin,2026-08-20T00:00:00Z,admin
e204fab1-cce9-410f-9dd5-35925272d9f0,4e56fed6-72d0-4eb7-87e9-d49b73bd5a20,Z00580YJ,2026-08-20T00:00:00Z,admin,2026-08-20T00:00:00Z,admin
846c9092-9831-4303-a706-b84196b954ee,4e56fed6-72d0-4eb7-87e9-d49b73bd5a20,Z004XVAB,2026-08-20T00:00:00Z,admin,2026-08-20T00:00:00Z,admin
00a99912-1d13-47f6-b569-7591ce88eaab,4e56fed6-72d0-4eb7-87e9-d49b73bd5a20,Z00503ZF,2026-08-20T00:00:00Z,admin,2026-08-20T00:00:00Z,admin
abb9c72c-1be6-459e-92ac-20450a6e42d7,4e56fed6-72d0-4eb7-87e9-d49b73bd5a20,Z0053X3Z,2026-08-20T00:00:00Z,admin,2026-08-20T00:00:00Z,admin
e7f545a8-80d0-41df-9ba9-c6cc6b586d6d,4e56fed6-72d0-4eb7-87e9-d49b73bd5a20,Z004Z8HY,2026-08-20T00:00:00Z,admin,2026-08-20T00:00:00Z,admin
2e479201-f76e-45e3-bb4b-32a997516692,4e56fed6-72d0-4eb7-87e9-d49b73bd5a20,Z00366PH,2026-08-20T00:00:00Z,admin,2026-08-20T00:00:00Z,admin
7ac14016-0c78-4820-b116-c077286c7069,4e56fed6-72d0-4eb7-87e9-d49b73bd5a20,Z002M9XR,2026-08-20T00:00:00Z,admin,2026-08-20T00:00:00Z,admin
e73cf806-c688-447f-bfaa-0fe065e01460,4e56fed6-72d0-4eb7-87e9-d49b73bd5a20,Z0059DWT,2026-08-20T00:00:00Z,admin,2026-08-20T00:00:00Z,admin
a1d78956-0ca2-4834-86d7-76b525db5044,4e56fed6-72d0-4eb7-87e9-d49b73bd5a20,Z005989N,2026-08-20T00:00:00Z,admin,2026-08-20T00:00:00Z,admin
2daef122-7056-486e-b43b-ec919171f1a1,4e56fed6-72d0-4eb7-87e9-d49b73bd5a20,Z0059DYC,2026-08-20T00:00:00Z,admin,2026-08-20T00:00:00Z,admin
f997a416-02de-434b-96a7-846085807631,4e56fed6-72d0-4eb7-87e9-d49b73bd5a20,Z0047WTV,2026-08-20T00:00:00Z,admin,2026-08-20T00:00:00Z,admin
cd6933c7-cb00-4247-bd1f-641e228bf831,bc74edcf-ff93-49ab-9a79-1ec402243481,Z004TAMU,2026-08-20T00:00:00Z,admin,2026-08-20T00:00:00Z,admin
f7c4e250-2360-4dff-95a5-09b1357601df,bc74edcf-ff93-49ab-9a79-1ec402243481,Z00531DY,2026-08-20T00:00:00Z,admin,2026-08-20T00:00:00Z,admin
3626b426-fe1e-4142-a53b-d2917cc20d3b,bc74edcf-ff93-49ab-9a79-1ec402243481,Z004XVAC,2026-08-20T00:00:00Z,admin,2026-08-20T00:00:00Z,admin
a77f3115-df1d-4fe3-aeb6-bf189072e2d3,bc74edcf-ff93-49ab-9a79-1ec402243481,Z0052TYP,2026-08-20T00:00:00Z,admin,2026-08-20T00:00:00Z,admin
b08ddf63-0366-4045-a85c-ee9d06fea8c4,bc74edcf-ff93-49ab-9a79-1ec402243481,Z002Z66N,2026-08-20T00:00:00Z,admin,2026-08-20T00:00:00Z,admin
33e2e62b-ac96-4648-b098-113c5a97b7ad,bc74edcf-ff93-49ab-9a79-1ec402243481,Z004YK1R,2026-08-20T00:00:00Z,admin,2026-08-20T00:00:00Z,admin
979d5fe6-be6d-4f5f-9e13-353b41d983b3,bc74edcf-ff93-49ab-9a79-1ec402243481,Z004Z7ZE,2026-08-20T00:00:00Z,admin,2026-08-20T00:00:00Z,admin
294b4d13-26a4-42c3-abf0-8e66cc51cee5,bc74edcf-ff93-49ab-9a79-1ec402243481,Z0054KNE,2026-08-20T00:00:00Z,admin,2026-08-20T00:00:00Z,admin
ced51bb9-5897-42af-8adb-f9d9bbad6e39,bc74edcf-ff93-49ab-9a79-1ec402243481,Z0028XMJ,2026-08-20T00:00:00Z,admin,2026-08-20T00:00:00Z,admin
e6389647-f3a6-4dc4-a7c9-93222dc7f341,bc74edcf-ff93-49ab-9a79-1ec402243481,Z004FUJT,2026-08-20T00:00:00Z,admin,2026-08-20T00:00:00Z,admin
087fba8f-f9d9-46b0-bdfb-53624ec4d89c,bc74edcf-ff93-49ab-9a79-1ec402243481,Z001WYDU,2026-08-20T00:00:00Z,admin,2026-08-20T00:00:00Z,admin
aa4430da-c0e3-4dce-89e1-3f68a0dc2563,bc74edcf-ff93-49ab-9a79-1ec402243481,Z0014WKT,2026-08-20T00:00:00Z,admin,2026-08-20T00:00:00Z,admin
5e217eae-2223-4525-80ef-2afd04eaa797,bc74edcf-ff93-49ab-9a79-1ec402243481,Z0039MYX,2026-08-20T00:00:00Z,admin,2026-08-20T00:00:00Z,admin
dcd0ac6c-2aae-47cb-a304-dc8165783192,bc74edcf-ff93-49ab-9a79-1ec402243481,Z0051EJU,2026-08-20T00:00:00Z,admin,2026-08-20T00:00:00Z,admin
0dc89cbf-746f-4ca0-b3f5-3f01258e133e,bc74edcf-ff93-49ab-9a79-1ec402243481,Z003RN6R,2026-08-20T00:00:00Z,admin,2026-08-20T00:00:00Z,admin
c730eee9-d8cb-4e16-8578-82234b8d78e0,bc74edcf-ff93-49ab-9a79-1ec402243481,Z0046D7W,2026-08-20T00:00:00Z,admin,2026-08-20T00:00:00Z,admin
554fa6aa-d1f8-4dcd-b004-ca145ddaa312,bc74edcf-ff93-49ab-9a79-1ec402243481,Z000268E,2026-08-20T00:00:00Z,admin,2026-08-20T00:00:00Z,admin
35182bbe-fc7d-4959-9650-a5a6e28faaae,bc74edcf-ff93-49ab-9a79-1ec402243481,Z002JB9N,2026-08-20T00:00:00Z,admin,2026-08-20T00:00:00Z,admin
6f32c64d-70f1-43be-bf3c-a0d6f40201d8,bc74edcf-ff93-49ab-9a79-1ec402243481,Z002ZJEH,2026-08-20T00:00:00Z,admin,2026-08-20T00:00:00Z,admin
bbd38bff-f529-4913-846a-62c277357dab,bc74edcf-ff93-49ab-9a79-1ec402243481,Z0033TXK,2026-08-20T00:00:00Z,admin,2026-08-20T00:00:00Z,admin
a063f991-c049-4fd0-a4f6-33995ad3224f,bc74edcf-ff93-49ab-9a79-1ec402243481,Z0037XDV,2026-08-20T00:00:00Z,admin,2026-08-20T00:00:00Z,admin
30839062-533f-4a1f-aa96-59e6f74b2539,bc74edcf-ff93-49ab-9a79-1ec402243481,Z0030F0C,2026-08-20T00:00:00Z,admin,2026-08-20T00:00:00Z,admin
a89fef23-4336-4d75-a744-b8e73f0e62f0,bc74edcf-ff93-49ab-9a79-1ec402243481,Z0049ETY,2026-08-20T00:00:00Z,admin,2026-08-20T00:00:00Z,admin
313453f4-32f9-40d8-9d6e-990841840114,bc74edcf-ff93-49ab-9a79-1ec402243481,Z00531ED,2026-08-20T00:00:00Z,admin,2026-08-20T00:00:00Z,admin
b0e8ab46-8489-4fb3-a253-430ff5bf2afb,bc74edcf-ff93-49ab-9a79-1ec402243481,Z00578UN,2026-08-20T00:00:00Z,admin,2026-08-20T00:00:00Z,admin
ecd50d36-b6b6-4475-966c-5c526f50b663,bc74edcf-ff93-49ab-9a79-1ec402243481,Z0022MPU,2026-08-20T00:00:00Z,admin,2026-08-20T00:00:00Z,admin
196d96e9-e920-4e79-b065-4f34c975e605,bc74edcf-ff93-49ab-9a79-1ec402243481,Z00360RB,2026-08-20T00:00:00Z,admin,2026-08-20T00:00:00Z,admin
648b6d7c-8d88-4c85-a8fb-ede985482438,bc74edcf-ff93-49ab-9a79-1ec402243481,Z00580YJ,2026-08-20T00:00:00Z,admin,2026-08-20T00:00:00Z,admin
b4168b03-6093-427a-b473-5f6aa095601e,bc74edcf-ff93-49ab-9a79-1ec402243481,Z004XVAB,2026-08-20T00:00:00Z,admin,2026-08-20T00:00:00Z,admin
9f558021-8050-4250-a53b-b43d60f5c574,bc74edcf-ff93-49ab-9a79-1ec402243481,Z00503ZF,2026-08-20T00:00:00Z,admin,2026-08-20T00:00:00Z,admin
488f0abc-834e-414c-ac36-6f3e89b817d8,bc74edcf-ff93-49ab-9a79-1ec402243481,Z0053X3Z,2026-08-20T00:00:00Z,admin,2026-08-20T00:00:00Z,admin
5a58d09e-dbcf-44cc-a046-01a4816afab2,bc74edcf-ff93-49ab-9a79-1ec402243481,Z004Z8HY,2026-08-20T00:00:00Z,admin,2026-08-20T00:00:00Z,admin
48dbfcea-41d7-4367-b08f-a0a4c925ab31,bc74edcf-ff93-49ab-9a79-1ec402243481,Z00366PH,2026-08-20T00:00:00Z,admin,2026-08-20T00:00:00Z,admin
c452a744-02ab-4061-9500-b6ec996ea5a2,bc74edcf-ff93-49ab-9a79-1ec402243481,Z002M9XR,2026-08-20T00:00:00Z,admin,2026-08-20T00:00:00Z,admin
11d790cc-4fe7-4984-9256-dec262b064b8,bc74edcf-ff93-49ab-9a79-1ec402243481,Z0059DWT,2026-08-20T00:00:00Z,admin,2026-08-20T00:00:00Z,admin
a381eb1e-f319-41a6-b999-6d78e81f6763,bc74edcf-ff93-49ab-9a79-1ec402243481,Z005989N,2026-08-20T00:00:00Z,admin,2026-08-20T00:00:00Z,admin
e9c494cc-c5b4-48ec-9159-0df1b9bd6ca9,bc74edcf-ff93-49ab-9a79-1ec402243481,Z0059DYC,2026-08-20T00:00:00Z,admin,2026-08-20T00:00:00Z,admin
8d5c8f90-602f-4387-b596-f21694751479,bc74edcf-ff93-49ab-9a79-1ec402243481,Z0047WTV,2026-08-20T00:00:00Z,admin,2026-08-20T00:00:00Z,admin
fe99d494-0567-47c8-89bb-ddddddb325d4,79999aef-d359-4c4d-93e2-678143ff5ec4,Z004TAMU,2026-08-20T00:00:00Z,admin,2026-08-20T00:00:00Z,admin
7cce00fe-ff4c-4f45-a180-ac54d8d3c057,79999aef-d359-4c4d-93e2-678143ff5ec4,Z00531DY,2026-08-20T00:00:00Z,admin,2026-08-20T00:00:00Z,admin
3b24ad9b-7c9b-4102-9be7-2e14286d61ef,79999aef-d359-4c4d-93e2-678143ff5ec4,Z004XVAC,2026-08-20T00:00:00Z,admin,2026-08-20T00:00:00Z,admin
43416090-e933-4eee-8ec5-36ecc93f60ae,79999aef-d359-4c4d-93e2-678143ff5ec4,Z0052TYP,2026-08-20T00:00:00Z,admin,2026-08-20T00:00:00Z,admin
80a7a162-e128-40e1-91d5-ac0d4d338707,79999aef-d359-4c4d-93e2-678143ff5ec4,Z002Z66N,2026-08-20T00:00:00Z,admin,2026-08-20T00:00:00Z,admin
ba21d06e-60ae-43e0-b96e-1f3eeb2eb7e0,79999aef-d359-4c4d-93e2-678143ff5ec4,Z004YK1R,2026-08-20T00:00:00Z,admin,2026-08-20T00:00:00Z,admin
a5e987b8-f077-437c-82ea-06472525eb21,79999aef-d359-4c4d-93e2-678143ff5ec4,Z004Z7ZE,2026-08-20T00:00:00Z,admin,2026-08-20T00:00:00Z,admin
2f08a346-d37c-4567-afd0-a975019f9925,79999aef-d359-4c4d-93e2-678143ff5ec4,Z0054KNE,2026-08-20T00:00:00Z,admin,2026-08-20T00:00:00Z,admin
bf853f71-6373-4b67-8fde-7ce3c116da01,79999aef-d359-4c4d-93e2-678143ff5ec4,Z0028XMJ,2026-08-20T00:00:00Z,admin,2026-08-20T00:00:00Z,admin
774c4856-7b4b-4f7f-8aee-f3abdaddbada,79999aef-d359-4c4d-93e2-678143ff5ec4,Z004FUJT,2026-08-20T00:00:00Z,admin,2026-08-20T00:00:00Z,admin
47a2fc2b-a389-489e-8686-6920f2dade33,79999aef-d359-4c4d-93e2-678143ff5ec4,Z001WYDU,2026-08-20T00:00:00Z,admin,2026-08-20T00:00:00Z,admin
afdd11c1-4914-41e3-a0d8-d0044ae16769,79999aef-d359-4c4d-93e2-678143ff5ec4,Z0014WKT,2026-08-20T00:00:00Z,admin,2026-08-20T00:00:00Z,admin
a461e65e-6e8c-464b-9def-323d19ddd8c1,79999aef-d359-4c4d-93e2-678143ff5ec4,Z0039MYX,2026-08-20T00:00:00Z,admin,2026-08-20T00:00:00Z,admin
9fb0bd99-c7e5-4b2e-94fa-bcbad5fcbecf,79999aef-d359-4c4d-93e2-678143ff5ec4,Z0051EJU,2026-08-20T00:00:00Z,admin,2026-08-20T00:00:00Z,admin
5c78c4d5-bd72-4d6d-aab4-8de336622891,79999aef-d359-4c4d-93e2-678143ff5ec4,Z003RN6R,2026-08-20T00:00:00Z,admin,2026-08-20T00:00:00Z,admin
97ee7fd6-806e-43ca-95ac-d35a8808488f,79999aef-d359-4c4d-93e2-678143ff5ec4,Z0046D7W,2026-08-20T00:00:00Z,admin,2026-08-20T00:00:00Z,admin
ccaaed15-af5f-41c3-99ff-d9da7f3ce3ea,79999aef-d359-4c4d-93e2-678143ff5ec4,Z000268E,2026-08-20T00:00:00Z,admin,2026-08-20T00:00:00Z,admin
89dba5c8-9556-4484-9447-d73c43d3830c,79999aef-d359-4c4d-93e2-678143ff5ec4,Z002JB9N,2026-08-20T00:00:00Z,admin,2026-08-20T00:00:00Z,admin
50f72dec-40fc-46db-8c11-44d367f502de,79999aef-d359-4c4d-93e2-678143ff5ec4,Z002ZJEH,2026-08-20T00:00:00Z,admin,2026-08-20T00:00:00Z,admin
36b278f0-c58f-44c8-9ade-c41463728791,79999aef-d359-4c4d-93e2-678143ff5ec4,Z0033TXK,2026-08-20T00:00:00Z,admin,2026-08-20T00:00:00Z,admin
c95fd01d-9fed-42e4-8bb5-5da20ff0d840,79999aef-d359-4c4d-93e2-678143ff5ec4,Z0037XDV,2026-08-20T00:00:00Z,admin,2026-08-20T00:00:00Z,admin
9a283759-fc98-4e8b-be7d-ab215d555b64,79999aef-d359-4c4d-93e2-678143ff5ec4,Z0030F0C,2026-08-20T00:00:00Z,admin,2026-08-20T00:00:00Z,admin
39fa061b-c1a6-4508-8b50-f9d82bdfcb02,79999aef-d359-4c4d-93e2-678143ff5ec4,Z0049ETY,2026-08-20T00:00:00Z,admin,2026-08-20T00:00:00Z,admin
ea1639a5-b442-4500-90f0-88ab4d8d1c0a,79999aef-d359-4c4d-93e2-678143ff5ec4,Z00531ED,2026-08-20T00:00:00Z,admin,2026-08-20T00:00:00Z,admin
b13f209b-a77c-4f19-858e-bafc4c7149eb,79999aef-d359-4c4d-93e2-678143ff5ec4,Z00578UN,2026-08-20T00:00:00Z,admin,2026-08-20T00:00:00Z,admin
b537a0f5-917f-4a43-ad83-845c637f0619,79999aef-d359-4c4d-93e2-678143ff5ec4,Z0022MPU,2026-08-20T00:00:00Z,admin,2026-08-20T00:00:00Z,admin
5fccbf8c-8f4b-4ee4-9350-35b2fd66bbaa,79999aef-d359-4c4d-93e2-678143ff5ec4,Z00360RB,2026-08-20T00:00:00Z,admin,2026-08-20T00:00:00Z,admin
f3e053a0-570f-40ea-8cfb-40c9415c1308,79999aef-d359-4c4d-93e2-678143ff5ec4,Z00580YJ,2026-08-20T00:00:00Z,admin,2026-08-20T00:00:00Z,admin
79b2ffd8-47f2-4a2a-98d5-72214b20bc98,79999aef-d359-4c4d-93e2-678143ff5ec4,Z004XVAB,2026-08-20T00:00:00Z,admin,2026-08-20T00:00:00Z,admin
b3b4552a-a739-404e-b4b2-f62a1f8fe089,79999aef-d359-4c4d-93e2-678143ff5ec4,Z00503ZF,2026-08-20T00:00:00Z,admin,2026-08-20T00:00:00Z,admin
ee6d278b-86fe-4f01-9baa-f22d46651997,79999aef-d359-4c4d-93e2-678143ff5ec4,Z0053X3Z,2026-08-20T00:00:00Z,admin,2026-08-20T00:00:00Z,admin
87d19095-23cd-4142-82d9-8dcc10e94a7d,79999aef-d359-4c4d-93e2-678143ff5ec4,Z004Z8HY,2026-08-20T00:00:00Z,admin,2026-08-20T00:00:00Z,admin
d6579645-e0df-47f6-8c24-bc431f1fe628,79999aef-d359-4c4d-93e2-678143ff5ec4,Z00366PH,2026-08-20T00:00:00Z,admin,2026-08-20T00:00:00Z,admin
e682c74d-9ac1-4009-b2fc-da8d1df8ee38,79999aef-d359-4c4d-93e2-678143ff5ec4,Z002M9XR,2026-08-20T00:00:00Z,admin,2026-08-20T00:00:00Z,admin
587e3c20-1e22-47a6-98e2-5b9a503a8c67,79999aef-d359-4c4d-93e2-678143ff5ec4,Z0059DWT,2026-08-20T00:00:00Z,admin,2026-08-20T00:00:00Z,admin
2a6e1a8c-ec96-4c50-97d3-3735574fcc2a,79999aef-d359-4c4d-93e2-678143ff5ec4,Z005989N,2026-08-20T00:00:00Z,admin,2026-08-20T00:00:00Z,admin
dd9cd7f6-7d39-4e5b-9a5f-ad8cbdddaf7f,79999aef-d359-4c4d-93e2-678143ff5ec4,Z0059DYC,2026-08-20T00:00:00Z,admin,2026-08-20T00:00:00Z,admin
f23399ef-f2ee-48b4-8ee4-cc1e4f8452ef,79999aef-d359-4c4d-93e2-678143ff5ec4,Z0047WTV,2026-08-20T00:00:00Z,admin,2026-08-20T00:00:00Z,admin
66a0a5b0-19bf-4691-aa43-9bef93d9889e,eef1f866-d48f-44f5-9503-11b10e152ba9,Z004TAMU,2026-08-20T00:00:00Z,admin,2026-08-20T00:00:00Z,admin
487853e0-ca80-4231-960a-196c7b47d54d,eef1f866-d48f-44f5-9503-11b10e152ba9,Z00531DY,2026-08-20T00:00:00Z,admin,2026-08-20T00:00:00Z,admin
fad02c53-105d-47dc-b357-bd92e8d0510a,eef1f866-d48f-44f5-9503-11b10e152ba9,Z004XVAC,2026-08-20T00:00:00Z,admin,2026-08-20T00:00:00Z,admin
7447c31f-a927-47eb-bc99-5f777de1b161,eef1f866-d48f-44f5-9503-11b10e152ba9,Z0052TYP,2026-08-20T00:00:00Z,admin,2026-08-20T00:00:00Z,admin
2a4f1ff0-2aed-4f3c-ad06-7963dc6a2b83,eef1f866-d48f-44f5-9503-11b10e152ba9,Z002Z66N,2026-08-20T00:00:00Z,admin,2026-08-20T00:00:00Z,admin
b7ad48ac-3101-4749-a1ef-5c695d50fb98,eef1f866-d48f-44f5-9503-11b10e152ba9,Z004YK1R,2026-08-20T00:00:00Z,admin,2026-08-20T00:00:00Z,admin
4f52340d-3a6a-440b-9af1-3f97781ad5ba,eef1f866-d48f-44f5-9503-11b10e152ba9,Z004Z7ZE,2026-08-20T00:00:00Z,admin,2026-08-20T00:00:00Z,admin
38635bec-3f9f-435e-8bbd-b6064117e5d5,eef1f866-d48f-44f5-9503-11b10e152ba9,Z0054KNE,2026-08-20T00:00:00Z,admin,2026-08-20T00:00:00Z,admin
9877b7da-eac4-4b61-95e8-546665ad5378,eef1f866-d48f-44f5-9503-11b10e152ba9,Z0028XMJ,2026-08-20T00:00:00Z,admin,2026-08-20T00:00:00Z,admin
dddfa404-251a-4b6f-a0b7-3520c54810bd,eef1f866-d48f-44f5-9503-11b10e152ba9,Z004FUJT,2026-08-20T00:00:00Z,admin,2026-08-20T00:00:00Z,admin
0f49354c-e1e5-4019-ae38-fac0f38f3083,eef1f866-d48f-44f5-9503-11b10e152ba9,Z001WYDU,2026-08-20T00:00:00Z,admin,2026-08-20T00:00:00Z,admin
a26cdd8e-7bcd-4459-b053-e080eec8a240,eef1f866-d48f-44f5-9503-11b10e152ba9,Z0014WKT,2026-08-20T00:00:00Z,admin,2026-08-20T00:00:00Z,admin
833ceca5-470f-4785-955c-1ebcbaaecdf6,eef1f866-d48f-44f5-9503-11b10e152ba9,Z0039MYX,2026-08-20T00:00:00Z,admin,2026-08-20T00:00:00Z,admin
19870d79-b50f-4cb3-9b6d-a89a26c7318c,eef1f866-d48f-44f5-9503-11b10e152ba9,Z0051EJU,2026-08-20T00:00:00Z,admin,2026-08-20T00:00:00Z,admin
16888827-a576-458d-954c-41e9231e6fd9,eef1f866-d48f-44f5-9503-11b10e152ba9,Z003RN6R,2026-08-20T00:00:00Z,admin,2026-08-20T00:00:00Z,admin
8f9bdc5b-e889-441c-936f-399c828ce5b0,eef1f866-d48f-44f5-9503-11b10e152ba9,Z0046D7W,2026-08-20T00:00:00Z,admin,2026-08-20T00:00:00Z,admin
87eafb40-4b1b-4177-a866-140ccc2cbc2b,eef1f866-d48f-44f5-9503-11b10e152ba9,Z000268E,2026-08-20T00:00:00Z,admin,2026-08-20T00:00:00Z,admin
9f953676-55cf-44ca-ba55-e74b44b2ca52,eef1f866-d48f-44f5-9503-11b10e152ba9,Z002JB9N,2026-08-20T00:00:00Z,admin,2026-08-20T00:00:00Z,admin
a5dfe0c1-93b2-4638-be41-a60ce4fc7e00,eef1f866-d48f-44f5-9503-11b10e152ba9,Z002ZJEH,2026-08-20T00:00:00Z,admin,2026-08-20T00:00:00Z,admin
ed2c938a-84da-426e-a6ba-08a2282b3d20,eef1f866-d48f-44f5-9503-11b10e152ba9,Z0033TXK,2026-08-20T00:00:00Z,admin,2026-08-20T00:00:00Z,admin
3dbec6b9-ac88-4252-aaf7-6acca37cf10b,eef1f866-d48f-44f5-9503-11b10e152ba9,Z0037XDV,2026-08-20T00:00:00Z,admin,2026-08-20T00:00:00Z,admin
b13b61cd-b726-4f44-b667-02b49a433bf0,eef1f866-d48f-44f5-9503-11b10e152ba9,Z0030F0C,2026-08-20T00:00:00Z,admin,2026-08-20T00:00:00Z,admin
5191edbb-e116-4e8d-8c89-af564711f24c,eef1f866-d48f-44f5-9503-11b10e152ba9,Z0049ETY,2026-08-20T00:00:00Z,admin,2026-08-20T00:00:00Z,admin
fbd6577f-3f22-4382-beac-d8864868927f,eef1f866-d48f-44f5-9503-11b10e152ba9,Z00531ED,2026-08-20T00:00:00Z,admin,2026-08-20T00:00:00Z,admin
01a33257-9a62-4233-ba5f-ad62512e5f63,eef1f866-d48f-44f5-9503-11b10e152ba9,Z00578UN,2026-08-20T00:00:00Z,admin,2026-08-20T00:00:00Z,admin
9f7892a3-1f47-46ef-9b61-dc86b28b60e6,eef1f866-d48f-44f5-9503-11b10e152ba9,Z0022MPU,2026-08-20T00:00:00Z,admin,2026-08-20T00:00:00Z,admin
956f563c-fb95-403f-923e-f3016a26c65a,eef1f866-d48f-44f5-9503-11b10e152ba9,Z00360RB,2026-08-20T00:00:00Z,admin,2026-08-20T00:00:00Z,admin
ab222480-3b49-40bb-883c-b8ecfd24fc92,eef1f866-d48f-44f5-9503-11b10e152ba9,Z00580YJ,2026-08-20T00:00:00Z,admin,2026-08-20T00:00:00Z,admin
25dfb504-f738-46ca-93b6-6bc5f3d87b1a,eef1f866-d48f-44f5-9503-11b10e152ba9,Z004XVAB,2026-08-20T00:00:00Z,admin,2026-08-20T00:00:00Z,admin
68c0df7a-9bc4-4d29-bc9d-940af8fda6a4,eef1f866-d48f-44f5-9503-11b10e152ba9,Z00503ZF,2026-08-20T00:00:00Z,admin,2026-08-20T00:00:00Z,admin
47d58a7b-0a46-41fc-ad1c-b31c1c354d20,eef1f866-d48f-44f5-9503-11b10e152ba9,Z0053X3Z,2026-08-20T00:00:00Z,admin,2026-08-20T00:00:00Z,admin
ed582ea7-9bed-478e-a7c0-69ef3a695c69,eef1f866-d48f-44f5-9503-11b10e152ba9,Z004Z8HY,2026-08-20T00:00:00Z,admin,2026-08-20T00:00:00Z,admin
df556261-eaca-4ce9-86e4-61f562a80b89,eef1f866-d48f-44f5-9503-11b10e152ba9,Z00366PH,2026-08-20T00:00:00Z,admin,2026-08-20T00:00:00Z,admin
71c9b593-84de-4692-af19-d226b5264c26,eef1f866-d48f-44f5-9503-11b10e152ba9,Z002M9XR,2026-08-20T00:00:00Z,admin,2026-08-20T00:00:00Z,admin
30aa223c-7735-4000-9896-969732b4743e,eef1f866-d48f-44f5-9503-11b10e152ba9,Z0059DWT,2026-08-20T00:00:00Z,admin,2026-08-20T00:00:00Z,admin
279c0391-848e-40f8-9be4-7d051de77dda,eef1f866-d48f-44f5-9503-11b10e152ba9,Z005989N,2026-08-20T00:00:00Z,admin,2026-08-20T00:00:00Z,admin
c8cd10f3-8a11-42c2-b2e2-95b00c1caf3a,eef1f866-d48f-44f5-9503-11b10e152ba9,Z0059DYC,2026-08-20T00:00:00Z,admin,2026-08-20T00:00:00Z,admin
14b64459-d784-4dd8-b884-78e4255d7be3,eef1f866-d48f-44f5-9503-11b10e152ba9,Z0047WTV,2026-08-20T00:00:00Z,admin,2026-08-20T00:00:00Z,admin
fc053df0-163d-46d3-8966-850bdec57b17,761de41f-b710-4e92-8564-62ae5f1bbf64,Z004TAMU,2026-08-20T00:00:00Z,admin,2026-08-20T00:00:00Z,admin
e8acbbfc-5c7b-41e3-96c4-d09bf1e18c56,761de41f-b710-4e92-8564-62ae5f1bbf64,Z00531DY,2026-08-20T00:00:00Z,admin,2026-08-20T00:00:00Z,admin
bb46989b-895e-44cf-a16b-765b9f6b5a17,761de41f-b710-4e92-8564-62ae5f1bbf64,Z004XVAC,2026-08-20T00:00:00Z,admin,2026-08-20T00:00:00Z,admin
d81f66e5-a020-4df9-ac45-72951c134420,761de41f-b710-4e92-8564-62ae5f1bbf64,Z0052TYP,2026-08-20T00:00:00Z,admin,2026-08-20T00:00:00Z,admin
dc7aac33-0a82-4a15-bab6-db380de70ee8,761de41f-b710-4e92-8564-62ae5f1bbf64,Z002Z66N,2026-08-20T00:00:00Z,admin,2026-08-20T00:00:00Z,admin
e78b7b17-9be2-4be7-ba63-7d6aedeaa2ee,761de41f-b710-4e92-8564-62ae5f1bbf64,Z004YK1R,2026-08-20T00:00:00Z,admin,2026-08-20T00:00:00Z,admin
682ce1e1-89b7-4c21-88ff-d65b709061bf,761de41f-b710-4e92-8564-62ae5f1bbf64,Z004Z7ZE,2026-08-20T00:00:00Z,admin,2026-08-20T00:00:00Z,admin
ebd8b537-4b95-4a12-8369-a4a37fb01402,761de41f-b710-4e92-8564-62ae5f1bbf64,Z0054KNE,2026-08-20T00:00:00Z,admin,2026-08-20T00:00:00Z,admin
cf0c2e3d-02be-4326-9ef6-49231c38386b,761de41f-b710-4e92-8564-62ae5f1bbf64,Z0028XMJ,2026-08-20T00:00:00Z,admin,2026-08-20T00:00:00Z,admin
79ef4c40-b849-4a9f-a242-b4d0ac3b8dcc,761de41f-b710-4e92-8564-62ae5f1bbf64,Z004FUJT,2026-08-20T00:00:00Z,admin,2026-08-20T00:00:00Z,admin
702421f8-d9a9-413e-ba67-05a4a0c06dbc,761de41f-b710-4e92-8564-62ae5f1bbf64,Z001WYDU,2026-08-20T00:00:00Z,admin,2026-08-20T00:00:00Z,admin
61c3eba7-1c83-44c1-82a7-09f74e1f1e92,761de41f-b710-4e92-8564-62ae5f1bbf64,Z0014WKT,2026-08-20T00:00:00Z,admin,2026-08-20T00:00:00Z,admin
d3670a7e-3c21-47d8-8ffd-163336dceeeb,761de41f-b710-4e92-8564-62ae5f1bbf64,Z0039MYX,2026-08-20T00:00:00Z,admin,2026-08-20T00:00:00Z,admin
541368da-12cb-45c2-87ed-83ed52330ee9,761de41f-b710-4e92-8564-62ae5f1bbf64,Z0051EJU,2026-08-20T00:00:00Z,admin,2026-08-20T00:00:00Z,admin
9a32bffe-222f-40d6-a6e4-30b14b9f0369,761de41f-b710-4e92-8564-62ae5f1bbf64,Z003RN6R,2026-08-20T00:00:00Z,admin,2026-08-20T00:00:00Z,admin
d635a1c2-607f-4f4b-a0f1-ed14c3c4d970,761de41f-b710-4e92-8564-62ae5f1bbf64,Z0046D7W,2026-08-20T00:00:00Z,admin,2026-08-20T00:00:00Z,admin
c47e9aaf-754a-48e8-8ce7-4b35d3408067,761de41f-b710-4e92-8564-62ae5f1bbf64,Z000268E,2026-08-20T00:00:00Z,admin,2026-08-20T00:00:00Z,admin
212403d8-1dcb-4932-bc7a-494e3a688263,761de41f-b710-4e92-8564-62ae5f1bbf64,Z002JB9N,2026-08-20T00:00:00Z,admin,2026-08-20T00:00:00Z,admin
e3f44d03-07ef-4528-976a-14f6ec4dd571,761de41f-b710-4e92-8564-62ae5f1bbf64,Z002ZJEH,2026-08-20T00:00:00Z,admin,2026-08-20T00:00:00Z,admin
24216382-bdb0-4a8b-a03a-c3de680e76a0,761de41f-b710-4e92-8564-62ae5f1bbf64,Z0033TXK,2026-08-20T00:00:00Z,admin,2026-08-20T00:00:00Z,admin
c57f496b-187c-44ef-bd4f-83cd84d8632d,761de41f-b710-4e92-8564-62ae5f1bbf64,Z0037XDV,2026-08-20T00:00:00Z,admin,2026-08-20T00:00:00Z,admin
2654bab9-0e87-4461-8997-551506951bf8,761de41f-b710-4e92-8564-62ae5f1bbf64,Z0030F0C,2026-08-20T00:00:00Z,admin,2026-08-20T00:00:00Z,admin
d78f5d6a-2e89-4ebc-a968-74cddc47ab6f,761de41f-b710-4e92-8564-62ae5f1bbf64,Z0049ETY,2026-08-20T00:00:00Z,admin,2026-08-20T00:00:00Z,admin
b54f2b84-ff7f-4b85-9e8f-a91e69d5b8fc,761de41f-b710-4e92-8564-62ae5f1bbf64,Z00531ED,2026-08-20T00:00:00Z,admin,2026-08-20T00:00:00Z,admin
d2de842b-8f06-4560-a3c1-fb7c854446b2,761de41f-b710-4e92-8564-62ae5f1bbf64,Z00578UN,2026-08-20T00:00:00Z,admin,2026-08-20T00:00:00Z,admin
7fdc2749-c39b-4f0c-a722-fd836ce146b8,761de41f-b710-4e92-8564-62ae5f1bbf64,Z0022MPU,2026-08-20T00:00:00Z,admin,2026-08-20T00:00:00Z,admin
258e81d0-9581-422b-adf6-8ab0c5292d0d,761de41f-b710-4e92-8564-62ae5f1bbf64,Z00360RB,2026-08-20T00:00:00Z,admin,2026-08-20T00:00:00Z,admin
7b311720-e1c7-437e-9336-a88d1f9f23fc,761de41f-b710-4e92-8564-62ae5f1bbf64,Z00580YJ,2026-08-20T00:00:00Z,admin,2026-08-20T00:00:00Z,admin
90c5f404-75e1-4c31-b194-59fdcbebb13f,761de41f-b710-4e92-8564-62ae5f1bbf64,Z004XVAB,2026-08-20T00:00:00Z,admin,2026-08-20T00:00:00Z,admin
94b8374d-d7ea-44f8-9d75-8ad6c6c3bc58,761de41f-b710-4e92-8564-62ae5f1bbf64,Z00503ZF,2026-08-20T00:00:00Z,admin,2026-08-20T00:00:00Z,admin
7f3495aa-89d7-4a1b-b952-ec37d209bfb2,761de41f-b710-4e92-8564-62ae5f1bbf64,Z0053X3Z,2026-08-20T00:00:00Z,admin,2026-08-20T00:00:00Z,admin
f79a4b62-753f-4dba-8e56-bda240bac448,761de41f-b710-4e92-8564-62ae5f1bbf64,Z004Z8HY,2026-08-20T00:00:00Z,admin,2026-08-20T00:00:00Z,admin
ecfa3981-bf7e-4dc2-9077-98dde132f922,761de41f-b710-4e92-8564-62ae5f1bbf64,Z00366PH,2026-08-20T00:00:00Z,admin,2026-08-20T00:00:00Z,admin
d2f04a18-d2d9-4a26-b649-8b6a3112af12,761de41f-b710-4e92-8564-62ae5f1bbf64,Z002M9XR,2026-08-20T00:00:00Z,admin,2026-08-20T00:00:00Z,admin
851adbcb-74ee-48bc-ab83-2201b4e89037,761de41f-b710-4e92-8564-62ae5f1bbf64,Z0059DWT,2026-08-20T00:00:00Z,admin,2026-08-20T00:00:00Z,admin
57666388-8582-468f-9784-911e41ec0c53,761de41f-b710-4e92-8564-62ae5f1bbf64,Z005989N,2026-08-20T00:00:00Z,admin,2026-08-20T00:00:00Z,admin
ff5e8084-4084-4fb3-84af-6249b738b5d2,761de41f-b710-4e92-8564-62ae5f1bbf64,Z0059DYC,2026-08-20T00:00:00Z,admin,2026-08-20T00:00:00Z,admin
d5119916-b1cd-49c3-9227-289353207ee7,761de41f-b710-4e92-8564-62ae5f1bbf64,Z0047WTV,2026-08-20T00:00:00Z,admin,2026-08-20T00:00:00Z,admin
e48db987-a08d-476a-88f6-bb41d0e847a6,d8341de9-98f9-4875-8900-f929053c03be,Z004TAMU,2026-08-20T00:00:00Z,admin,2026-08-20T00:00:00Z,admin
3ea6551c-1edd-4b7e-a0fe-b24fd2604dc8,d8341de9-98f9-4875-8900-f929053c03be,Z00531DY,2026-08-20T00:00:00Z,admin,2026-08-20T00:00:00Z,admin
2cc5935d-292b-4b61-9a98-9e9f94daa57d,d8341de9-98f9-4875-8900-f929053c03be,Z004XVAC,2026-08-20T00:00:00Z,admin,2026-08-20T00:00:00Z,admin
13d14ee6-77b7-4601-bd9f-7650b9e490ba,d8341de9-98f9-4875-8900-f929053c03be,Z0052TYP,2026-08-20T00:00:00Z,admin,2026-08-20T00:00:00Z,admin
2c8c18fb-05de-4039-9de1-fb79d90a5a74,d8341de9-98f9-4875-8900-f929053c03be,Z002Z66N,2026-08-20T00:00:00Z,admin,2026-08-20T00:00:00Z,admin
abbd261e-5e09-4e12-95e8-c038dd5e6e63,d8341de9-98f9-4875-8900-f929053c03be,Z004YK1R,2026-08-20T00:00:00Z,admin,2026-08-20T00:00:00Z,admin
3fa93187-e9a1-4e18-bb91-41162de94aa0,d8341de9-98f9-4875-8900-f929053c03be,Z004Z7ZE,2026-08-20T00:00:00Z,admin,2026-08-20T00:00:00Z,admin
c55ea640-eba8-4f59-b4ff-aa95bb21e3bd,d8341de9-98f9-4875-8900-f929053c03be,Z0054KNE,2026-08-20T00:00:00Z,admin,2026-08-20T00:00:00Z,admin
4445f045-e0bd-4ee0-8349-58de0a0483c7,d8341de9-98f9-4875-8900-f929053c03be,Z0028XMJ,2026-08-20T00:00:00Z,admin,2026-08-20T00:00:00Z,admin
4e2e780e-cfa1-4ed1-b3e9-5f7801209417,d8341de9-98f9-4875-8900-f929053c03be,Z004FUJT,2026-08-20T00:00:00Z,admin,2026-08-20T00:00:00Z,admin
f4cdc2f8-0226-4231-b491-8f05525eee17,d8341de9-98f9-4875-8900-f929053c03be,Z001WYDU,2026-08-20T00:00:00Z,admin,2026-08-20T00:00:00Z,admin
fedd9622-1cc0-4b6c-a5c1-854c2e132c44,d8341de9-98f9-4875-8900-f929053c03be,Z0014WKT,2026-08-20T00:00:00Z,admin,2026-08-20T00:00:00Z,admin
79b74738-18de-4f47-b5c9-b7abb44faa15,d8341de9-98f9-4875-8900-f929053c03be,Z0039MYX,2026-08-20T00:00:00Z,admin,2026-08-20T00:00:00Z,admin
1bdbca42-b4a9-4ca1-a89d-a3af79ce17cc,d8341de9-98f9-4875-8900-f929053c03be,Z0051EJU,2026-08-20T00:00:00Z,admin,2026-08-20T00:00:00Z,admin
bd9d1da0-b422-4b1b-aa61-c8b767c65ced,d8341de9-98f9-4875-8900-f929053c03be,Z003RN6R,2026-08-20T00:00:00Z,admin,2026-08-20T00:00:00Z,admin
ed070d46-907c-405b-aeb3-b21961df3bc4,d8341de9-98f9-4875-8900-f929053c03be,Z0046D7W,2026-08-20T00:00:00Z,admin,2026-08-20T00:00:00Z,admin
80398ecf-11ac-491f-aafe-cd46de64c70a,d8341de9-98f9-4875-8900-f929053c03be,Z000268E,2026-08-20T00:00:00Z,admin,2026-08-20T00:00:00Z,admin
5ecb25be-d521-4480-b379-988f31e547e6,d8341de9-98f9-4875-8900-f929053c03be,Z002JB9N,2026-08-20T00:00:00Z,admin,2026-08-20T00:00:00Z,admin
53f52334-dc34-44a7-a348-63495aed1ee4,d8341de9-98f9-4875-8900-f929053c03be,Z002ZJEH,2026-08-20T00:00:00Z,admin,2026-08-20T00:00:00Z,admin
4c4d0682-73b8-464a-b8b2-f593ab847cb0,d8341de9-98f9-4875-8900-f929053c03be,Z0033TXK,2026-08-20T00:00:00Z,admin,2026-08-20T00:00:00Z,admin
0366fbb0-55c5-428c-a40f-4abb32a34014,d8341de9-98f9-4875-8900-f929053c03be,Z0037XDV,2026-08-20T00:00:00Z,admin,2026-08-20T00:00:00Z,admin
7fe7f2a8-7915-4aa0-8614-7c8b468557ef,d8341de9-98f9-4875-8900-f929053c03be,Z0030F0C,2026-08-20T00:00:00Z,admin,2026-08-20T00:00:00Z,admin
a9cf4289-ce63-44f0-b502-c8c096a3e762,d8341de9-98f9-4875-8900-f929053c03be,Z0049ETY,2026-08-20T00:00:00Z,admin,2026-08-20T00:00:00Z,admin
6a1b5843-dfc4-4de7-89c3-a00ddd6fd7fe,d8341de9-98f9-4875-8900-f929053c03be,Z00531ED,2026-08-20T00:00:00Z,admin,2026-08-20T00:00:00Z,admin
1026015d-6c46-4ac6-8e8b-5e90deacb3d1,d8341de9-98f9-4875-8900-f929053c03be,Z00578UN,2026-08-20T00:00:00Z,admin,2026-08-20T00:00:00Z,admin
4eb38ad2-e585-47e6-9786-097604674477,d8341de9-98f9-4875-8900-f929053c03be,Z0022MPU,2026-08-20T00:00:00Z,admin,2026-08-20T00:00:00Z,admin
26e3825e-081b-41de-bf4d-ce5ad877eb83,d8341de9-98f9-4875-8900-f929053c03be,Z00360RB,2026-08-20T00:00:00Z,admin,2026-08-20T00:00:00Z,admin
71ee3d96-4cbc-47be-afb3-c13c46e4865a,d8341de9-98f9-4875-8900-f929053c03be,Z00580YJ,2026-08-20T00:00:00Z,admin,2026-08-20T00:00:00Z,admin
4000802b-5efc-455c-9d50-06e5fb501330,d8341de9-98f9-4875-8900-f929053c03be,Z004XVAB,2026-08-20T00:00:00Z,admin,2026-08-20T00:00:00Z,admin
ae8df90f-7194-4917-a7ed-2d9fb3e349df,d8341de9-98f9-4875-8900-f929053c03be,Z00503ZF,2026-08-20T00:00:00Z,admin,2026-08-20T00:00:00Z,admin
8ab3a204-1a11-4187-a50a-b2732a412487,d8341de9-98f9-4875-8900-f929053c03be,Z0053X3Z,2026-08-20T00:00:00Z,admin,2026-08-20T00:00:00Z,admin
cfce0c4e-2a3e-4259-8f87-ebc4ea765ea6,d8341de9-98f9-4875-8900-f929053c03be,Z004Z8HY,2026-08-20T00:00:00Z,admin,2026-08-20T00:00:00Z,admin
f62c01a3-6572-40bb-876a-f8773b5b95d0,d8341de9-98f9-4875-8900-f929053c03be,Z00366PH,2026-08-20T00:00:00Z,admin,2026-08-20T00:00:00Z,admin
927cd6c1-26ec-4206-ac34-1345af539fee,d8341de9-98f9-4875-8900-f929053c03be,Z002M9XR,2026-08-20T00:00:00Z,admin,2026-08-20T00:00:00Z,admin
95a2fe2d-c4c4-4672-8c95-6041198876ce,d8341de9-98f9-4875-8900-f929053c03be,Z0059DWT,2026-08-20T00:00:00Z,admin,2026-08-20T00:00:00Z,admin
41a7e3d6-e784-424f-93c8-7ad68c209f71,d8341de9-98f9-4875-8900-f929053c03be,Z005989N,2026-08-20T00:00:00Z,admin,2026-08-20T00:00:00Z,admin
589fa390-5142-4d6d-a506-b929c0843b87,d8341de9-98f9-4875-8900-f929053c03be,Z0059DYC,2026-08-20T00:00:00Z,admin,2026-08-20T00:00:00Z,admin
d9e8a74e-efa2-4572-9717-cf0fef8ea08a,d8341de9-98f9-4875-8900-f929053c03be,Z0047WTV,2026-08-20T00:00:00Z,admin,2026-08-20T00:00:00Z,admin
9be52134-6ebb-4dbd-aa98-19abe0666038,a0b2e4ae-2cef-4d49-a846-3c06f8c95403,Z004TAMU,2026-08-20T00:00:00Z,admin,2026-08-20T00:00:00Z,admin
7551f2d8-5478-486f-bd9f-08ab07a7c209,a0b2e4ae-2cef-4d49-a846-3c06f8c95403,Z00531DY,2026-08-20T00:00:00Z,admin,2026-08-20T00:00:00Z,admin
ba01ba59-c747-402f-924d-ce8b5056acd4,a0b2e4ae-2cef-4d49-a846-3c06f8c95403,Z004XVAC,2026-08-20T00:00:00Z,admin,2026-08-20T00:00:00Z,admin
f94da832-36b2-4767-8400-7b4a0f927893,a0b2e4ae-2cef-4d49-a846-3c06f8c95403,Z0052TYP,2026-08-20T00:00:00Z,admin,2026-08-20T00:00:00Z,admin
c3bdc736-ab92-4806-838e-aa5898dd8d2c,a0b2e4ae-2cef-4d49-a846-3c06f8c95403,Z002Z66N,2026-08-20T00:00:00Z,admin,2026-08-20T00:00:00Z,admin
11a53f9b-46de-4c0b-a152-4997f4bd8f09,a0b2e4ae-2cef-4d49-a846-3c06f8c95403,Z004YK1R,2026-08-20T00:00:00Z,admin,2026-08-20T00:00:00Z,admin
0deef22c-b933-4858-8b24-feb1cd330dd7,a0b2e4ae-2cef-4d49-a846-3c06f8c95403,Z004Z7ZE,2026-08-20T00:00:00Z,admin,2026-08-20T00:00:00Z,admin
90ae952c-7bb4-4873-b444-f7fbc557a744,a0b2e4ae-2cef-4d49-a846-3c06f8c95403,Z0054KNE,2026-08-20T00:00:00Z,admin,2026-08-20T00:00:00Z,admin
409796c4-a3ee-4898-8eef-b89258f1a210,a0b2e4ae-2cef-4d49-a846-3c06f8c95403,Z0028XMJ,2026-08-20T00:00:00Z,admin,2026-08-20T00:00:00Z,admin
25aa69c5-0d1c-4b9b-a8ad-599db777b9a2,a0b2e4ae-2cef-4d49-a846-3c06f8c95403,Z004FUJT,2026-08-20T00:00:00Z,admin,2026-08-20T00:00:00Z,admin
7c328645-795a-4bf1-8277-e15fc45ad01a,a0b2e4ae-2cef-4d49-a846-3c06f8c95403,Z001WYDU,2026-08-20T00:00:00Z,admin,2026-08-20T00:00:00Z,admin
6ad0050f-da69-4333-96de-e26460ba198a,a0b2e4ae-2cef-4d49-a846-3c06f8c95403,Z0014WKT,2026-08-20T00:00:00Z,admin,2026-08-20T00:00:00Z,admin
3e8fe752-4004-4804-b549-9c268ba0266b,a0b2e4ae-2cef-4d49-a846-3c06f8c95403,Z0039MYX,2026-08-20T00:00:00Z,admin,2026-08-20T00:00:00Z,admin
d4507e65-1235-475b-a311-ec6da039b67c,a0b2e4ae-2cef-4d49-a846-3c06f8c95403,Z0051EJU,2026-08-20T00:00:00Z,admin,2026-08-20T00:00:00Z,admin
6f104818-b0a9-4274-b3d0-2158a054e9a4,a0b2e4ae-2cef-4d49-a846-3c06f8c95403,Z003RN6R,2026-08-20T00:00:00Z,admin,2026-08-20T00:00:00Z,admin
83f744d2-981c-447e-ae92-d20824eebe64,a0b2e4ae-2cef-4d49-a846-3c06f8c95403,Z0046D7W,2026-08-20T00:00:00Z,admin,2026-08-20T00:00:00Z,admin
7a0c443c-60c0-43c6-92d9-46497b10c8df,a0b2e4ae-2cef-4d49-a846-3c06f8c95403,Z000268E,2026-08-20T00:00:00Z,admin,2026-08-20T00:00:00Z,admin
ac1be1ab-2fef-4683-a79b-e8219678ecb0,a0b2e4ae-2cef-4d49-a846-3c06f8c95403,Z002JB9N,2026-08-20T00:00:00Z,admin,2026-08-20T00:00:00Z,admin
a832dcba-e0db-4e5b-af42-11b7ed3109e9,a0b2e4ae-2cef-4d49-a846-3c06f8c95403,Z002ZJEH,2026-08-20T00:00:00Z,admin,2026-08-20T00:00:00Z,admin
07077b61-3dec-46e2-87ca-e7702d4285c3,a0b2e4ae-2cef-4d49-a846-3c06f8c95403,Z0033TXK,2026-08-20T00:00:00Z,admin,2026-08-20T00:00:00Z,admin
21dd33aa-be6b-45c9-bec0-3b1016944562,a0b2e4ae-2cef-4d49-a846-3c06f8c95403,Z0037XDV,2026-08-20T00:00:00Z,admin,2026-08-20T00:00:00Z,admin
6df07be8-1b7d-4112-b5df-a8e27f99a9d3,a0b2e4ae-2cef-4d49-a846-3c06f8c95403,Z0030F0C,2026-08-20T00:00:00Z,admin,2026-08-20T00:00:00Z,admin
9492c904-b09d-40ac-a591-493f85f2b259,a0b2e4ae-2cef-4d49-a846-3c06f8c95403,Z0049ETY,2026-08-20T00:00:00Z,admin,2026-08-20T00:00:00Z,admin
551150f6-c5d5-453a-8493-9dccc8ed1c9a,a0b2e4ae-2cef-4d49-a846-3c06f8c95403,Z00531ED,2026-08-20T00:00:00Z,admin,2026-08-20T00:00:00Z,admin
06a140d0-d290-41a6-b917-db9c933855ce,a0b2e4ae-2cef-4d49-a846-3c06f8c95403,Z00578UN,2026-08-20T00:00:00Z,admin,2026-08-20T00:00:00Z,admin
4affe94f-9889-40c7-975c-0fc94fe391fb,a0b2e4ae-2cef-4d49-a846-3c06f8c95403,Z0022MPU,2026-08-20T00:00:00Z,admin,2026-08-20T00:00:00Z,admin
24ad3ca3-a112-451c-8800-1405c5d69b3e,a0b2e4ae-2cef-4d49-a846-3c06f8c95403,Z00360RB,2026-08-20T00:00:00Z,admin,2026-08-20T00:00:00Z,admin
c5711afc-def3-41e3-a936-f8414765447e,a0b2e4ae-2cef-4d49-a846-3c06f8c95403,Z00580YJ,2026-08-20T00:00:00Z,admin,2026-08-20T00:00:00Z,admin
1df3e096-4e27-4d5b-a89d-bd7b9d0bab5b,a0b2e4ae-2cef-4d49-a846-3c06f8c95403,Z004XVAB,2026-08-20T00:00:00Z,admin,2026-08-20T00:00:00Z,admin
54b26e00-263f-46c7-a932-0c52873f00a4,a0b2e4ae-2cef-4d49-a846-3c06f8c95403,Z00503ZF,2026-08-20T00:00:00Z,admin,2026-08-20T00:00:00Z,admin
69cedbbd-9cd2-4c59-89ca-791190f64a60,a0b2e4ae-2cef-4d49-a846-3c06f8c95403,Z0053X3Z,2026-08-20T00:00:00Z,admin,2026-08-20T00:00:00Z,admin
0f821f0b-37ab-4f41-ad9f-a74778884f61,a0b2e4ae-2cef-4d49-a846-3c06f8c95403,Z004Z8HY,2026-08-20T00:00:00Z,admin,2026-08-20T00:00:00Z,admin
0385e5df-94e5-4ce4-a872-1166b85a9f94,a0b2e4ae-2cef-4d49-a846-3c06f8c95403,Z00366PH,2026-08-20T00:00:00Z,admin,2026-08-20T00:00:00Z,admin
e14eba6e-6165-4317-90f1-3548bc4d6743,a0b2e4ae-2cef-4d49-a846-3c06f8c95403,Z002M9XR,2026-08-20T00:00:00Z,admin,2026-08-20T00:00:00Z,admin
d0dd1225-cbf1-434c-bbf1-455968d2fa57,a0b2e4ae-2cef-4d49-a846-3c06f8c95403,Z0059DWT,2026-08-20T00:00:00Z,admin,2026-08-20T00:00:00Z,admin
ac80e062-5d74-4998-8894-5d41ef33c0dc,a0b2e4ae-2cef-4d49-a846-3c06f8c95403,Z005989N,2026-08-20T00:00:00Z,admin,2026-08-20T00:00:00Z,admin
e8109c93-dd2c-4297-aa78-444d2a092e80,a0b2e4ae-2cef-4d49-a846-3c06f8c95403,Z0059DYC,2026-08-20T00:00:00Z,admin,2026-08-20T00:00:00Z,admin
6a5c33f4-1f32-4e59-b5b5-b9c643e32fd6,a0b2e4ae-2cef-4d49-a846-3c06f8c95403,Z0047WTV,2026-08-20T00:00:00Z,admin,2026-08-20T00:00:00Z,admin
cec6fdc2-32df-4fc2-9ef4-caa6779e3cfd,8507fb7a-605d-42f3-97da-17e0404df264,Z004TAMU,2026-08-20T00:00:00Z,admin,2026-08-20T00:00:00Z,admin
7296bb83-75a8-4ee7-9473-22ac7a46c3fb,8507fb7a-605d-42f3-97da-17e0404df264,Z00531DY,2026-08-20T00:00:00Z,admin,2026-08-20T00:00:00Z,admin
086db098-8d48-41e5-975c-7bd72f73f6a4,8507fb7a-605d-42f3-97da-17e0404df264,Z004XVAC,2026-08-20T00:00:00Z,admin,2026-08-20T00:00:00Z,admin
d66e2e78-2db4-49e9-bc3a-018a1085d26f,8507fb7a-605d-42f3-97da-17e0404df264,Z0052TYP,2026-08-20T00:00:00Z,admin,2026-08-20T00:00:00Z,admin
12616f9c-9771-4d17-8703-1dc6b8efc309,8507fb7a-605d-42f3-97da-17e0404df264,Z002Z66N,2026-08-20T00:00:00Z,admin,2026-08-20T00:00:00Z,admin
f6b7b5fc-139b-41c5-a7df-8fbc4087d8a0,8507fb7a-605d-42f3-97da-17e0404df264,Z004YK1R,2026-08-20T00:00:00Z,admin,2026-08-20T00:00:00Z,admin
1cf8fd76-6282-4645-acb8-df9974b4998e,8507fb7a-605d-42f3-97da-17e0404df264,Z004Z7ZE,2026-08-20T00:00:00Z,admin,2026-08-20T00:00:00Z,admin
980c6fe1-8322-4e98-b2af-3dff66774397,8507fb7a-605d-42f3-97da-17e0404df264,Z0054KNE,2026-08-20T00:00:00Z,admin,2026-08-20T00:00:00Z,admin
8cc967f9-c8c2-4a82-8273-3ce5aad07cfc,8507fb7a-605d-42f3-97da-17e0404df264,Z0028XMJ,2026-08-20T00:00:00Z,admin,2026-08-20T00:00:00Z,admin
db58d28a-3553-428a-af2e-0de7c79a78f9,8507fb7a-605d-42f3-97da-17e0404df264,Z004FUJT,2026-08-20T00:00:00Z,admin,2026-08-20T00:00:00Z,admin
90b8c318-d49e-4eac-bfab-6ea8653539ad,8507fb7a-605d-42f3-97da-17e0404df264,Z001WYDU,2026-08-20T00:00:00Z,admin,2026-08-20T00:00:00Z,admin
7defa072-ef4f-41e2-a545-23ebccfa398c,8507fb7a-605d-42f3-97da-17e0404df264,Z0014WKT,2026-08-20T00:00:00Z,admin,2026-08-20T00:00:00Z,admin
d6ea8a03-f462-4a7b-8348-ac9f1b2bc294,8507fb7a-605d-42f3-97da-17e0404df264,Z0039MYX,2026-08-20T00:00:00Z,admin,2026-08-20T00:00:00Z,admin
87c40a1d-8d9c-4958-8ef4-6545777ee670,8507fb7a-605d-42f3-97da-17e0404df264,Z0051EJU,2026-08-20T00:00:00Z,admin,2026-08-20T00:00:00Z,admin
49434001-9a98-4336-8af2-d7cf536c898d,8507fb7a-605d-42f3-97da-17e0404df264,Z003RN6R,2026-08-20T00:00:00Z,admin,2026-08-20T00:00:00Z,admin
2b4ac144-0071-430e-9a6f-da8ad37130d1,8507fb7a-605d-42f3-97da-17e0404df264,Z0046D7W,2026-08-20T00:00:00Z,admin,2026-08-20T00:00:00Z,admin
4bdb1e05-640f-47d2-9aa8-36d0187ae0a5,8507fb7a-605d-42f3-97da-17e0404df264,Z000268E,2026-08-20T00:00:00Z,admin,2026-08-20T00:00:00Z,admin
fbfe16be-5701-4803-8d1f-20cc0e592c5a,8507fb7a-605d-42f3-97da-17e0404df264,Z002JB9N,2026-08-20T00:00:00Z,admin,2026-08-20T00:00:00Z,admin
bd85f43b-b75d-4141-ab31-bd5524eda7ed,8507fb7a-605d-42f3-97da-17e0404df264,Z002ZJEH,2026-08-20T00:00:00Z,admin,2026-08-20T00:00:00Z,admin
a26a9c89-fa6c-4675-aefe-37cd9708e3e5,8507fb7a-605d-42f3-97da-17e0404df264,Z0033TXK,2026-08-20T00:00:00Z,admin,2026-08-20T00:00:00Z,admin
f4536699-6e55-4633-b072-dadd0962e5db,8507fb7a-605d-42f3-97da-17e0404df264,Z0037XDV,2026-08-20T00:00:00Z,admin,2026-08-20T00:00:00Z,admin
16001338-0995-4037-b408-b2a7586e01f4,8507fb7a-605d-42f3-97da-17e0404df264,Z0030F0C,2026-08-20T00:00:00Z,admin,2026-08-20T00:00:00Z,admin
25e8496b-3a9c-472e-800b-6991c0ae1caa,8507fb7a-605d-42f3-97da-17e0404df264,Z0049ETY,2026-08-20T00:00:00Z,admin,2026-08-20T00:00:00Z,admin
bbf05c6f-310d-416a-8395-405139822b3f,8507fb7a-605d-42f3-97da-17e0404df264,Z00531ED,2026-08-20T00:00:00Z,admin,2026-08-20T00:00:00Z,admin
583b0ac1-e224-4974-ba59-5b9fb82ba47b,8507fb7a-605d-42f3-97da-17e0404df264,Z00578UN,2026-08-20T00:00:00Z,admin,2026-08-20T00:00:00Z,admin
cecc3e81-b7df-4a38-b0a0-902d488b712a,8507fb7a-605d-42f3-97da-17e0404df264,Z0022MPU,2026-08-20T00:00:00Z,admin,2026-08-20T00:00:00Z,admin
c654813b-7d71-4978-bcc2-2ecb4ef65f36,8507fb7a-605d-42f3-97da-17e0404df264,Z00360RB,2026-08-20T00:00:00Z,admin,2026-08-20T00:00:00Z,admin
ec8d65ce-6d0a-487f-b86c-b6fc7574ed1d,8507fb7a-605d-42f3-97da-17e0404df264,Z00580YJ,2026-08-20T00:00:00Z,admin,2026-08-20T00:00:00Z,admin
8d74f0df-b1db-4393-91f4-f399a856231c,8507fb7a-605d-42f3-97da-17e0404df264,Z004XVAB,2026-08-20T00:00:00Z,admin,2026-08-20T00:00:00Z,admin
1daba9aa-83b8-4fc8-81f9-b1c915f5b1b4,8507fb7a-605d-42f3-97da-17e0404df264,Z00503ZF,2026-08-20T00:00:00Z,admin,2026-08-20T00:00:00Z,admin
176781e1-b96c-4ecc-a7f8-4c2ea394d36c,8507fb7a-605d-42f3-97da-17e0404df264,Z0053X3Z,2026-08-20T00:00:00Z,admin,2026-08-20T00:00:00Z,admin
4acb66ee-ecd0-42a2-b3b3-a37a95bd589f,8507fb7a-605d-42f3-97da-17e0404df264,Z004Z8HY,2026-08-20T00:00:00Z,admin,2026-08-20T00:00:00Z,admin
c2970b96-ee9b-4614-9176-82fba6e3d233,8507fb7a-605d-42f3-97da-17e0404df264,Z00366PH,2026-08-20T00:00:00Z,admin,2026-08-20T00:00:00Z,admin
4228c0db-e1c1-4b38-afb8-e7a10a4e0236,8507fb7a-605d-42f3-97da-17e0404df264,Z002M9XR,2026-08-20T00:00:00Z,admin,2026-08-20T00:00:00Z,admin
8fe9c0c7-087a-4532-91c1-dc3f04c87d54,8507fb7a-605d-42f3-97da-17e0404df264,Z0059DWT,2026-08-20T00:00:00Z,admin,2026-08-20T00:00:00Z,admin
3c2f999b-a248-44a5-acef-23834ffa9440,8507fb7a-605d-42f3-97da-17e0404df264,Z005989N,2026-08-20T00:00:00Z,admin,2026-08-20T00:00:00Z,admin
606c9f24-cc4d-41f0-8ac7-40b46bce1cca,8507fb7a-605d-42f3-97da-17e0404df264,Z0059DYC,2026-08-20T00:00:00Z,admin,2026-08-20T00:00:00Z,admin
8fe1c527-9d84-443e-a9f4-cf170af029d0,8507fb7a-605d-42f3-97da-17e0404df264,Z0047WTV,2026-08-20T00:00:00Z,admin,2026-08-20T00:00:00Z,admin
57651688-fc9b-4863-b853-df13dd7c55f9,66918252-e03e-44f8-ae01-350d799f6cc1,Z004TAMU,2026-08-20T00:00:00Z,admin,2026-08-20T00:00:00Z,admin
c27132f5-123f-4502-ba8b-ca45796bca6d,66918252-e03e-44f8-ae01-350d799f6cc1,Z00531DY,2026-08-20T00:00:00Z,admin,2026-08-20T00:00:00Z,admin
b1a8368c-6e01-428c-a1a2-40d8a82bdf4d,66918252-e03e-44f8-ae01-350d799f6cc1,Z004XVAC,2026-08-20T00:00:00Z,admin,2026-08-20T00:00:00Z,admin
0bc8596d-aee9-4de1-97da-0baeda404f09,66918252-e03e-44f8-ae01-350d799f6cc1,Z0052TYP,2026-08-20T00:00:00Z,admin,2026-08-20T00:00:00Z,admin
c324a3d6-6113-441a-a500-68d9cce17f48,66918252-e03e-44f8-ae01-350d799f6cc1,Z002Z66N,2026-08-20T00:00:00Z,admin,2026-08-20T00:00:00Z,admin
5396b719-05d1-4211-b0c1-05c898a135e4,66918252-e03e-44f8-ae01-350d799f6cc1,Z004YK1R,2026-08-20T00:00:00Z,admin,2026-08-20T00:00:00Z,admin
f7e5c09b-a854-44fc-9968-adf4e933866d,66918252-e03e-44f8-ae01-350d799f6cc1,Z004Z7ZE,2026-08-20T00:00:00Z,admin,2026-08-20T00:00:00Z,admin
6c486b3a-d42e-445c-8216-317a8203c74e,66918252-e03e-44f8-ae01-350d799f6cc1,Z0054KNE,2026-08-20T00:00:00Z,admin,2026-08-20T00:00:00Z,admin
6c8b4845-7013-4599-9017-502404f5bad5,66918252-e03e-44f8-ae01-350d799f6cc1,Z0028XMJ,2026-08-20T00:00:00Z,admin,2026-08-20T00:00:00Z,admin
7adda108-c7ae-49ac-96ad-29d8e2590897,66918252-e03e-44f8-ae01-350d799f6cc1,Z004FUJT,2026-08-20T00:00:00Z,admin,2026-08-20T00:00:00Z,admin
2ab36dae-d42e-43d4-a213-1ad621e79930,66918252-e03e-44f8-ae01-350d799f6cc1,Z001WYDU,2026-08-20T00:00:00Z,admin,2026-08-20T00:00:00Z,admin
ef26f9b5-7ab5-44ee-8bdf-fab6a5bb3085,66918252-e03e-44f8-ae01-350d799f6cc1,Z0014WKT,2026-08-20T00:00:00Z,admin,2026-08-20T00:00:00Z,admin
3d11e042-8754-4213-9eaa-a46cedd6d4d8,66918252-e03e-44f8-ae01-350d799f6cc1,Z0039MYX,2026-08-20T00:00:00Z,admin,2026-08-20T00:00:00Z,admin
2e9f4c0f-a01b-4eab-859d-bf6b4cb78f53,66918252-e03e-44f8-ae01-350d799f6cc1,Z0051EJU,2026-08-20T00:00:00Z,admin,2026-08-20T00:00:00Z,admin
b33a3155-79fd-4929-9256-2557390d7c28,66918252-e03e-44f8-ae01-350d799f6cc1,Z003RN6R,2026-08-20T00:00:00Z,admin,2026-08-20T00:00:00Z,admin
03467e2f-7405-4b36-9525-8feb799d182c,66918252-e03e-44f8-ae01-350d799f6cc1,Z0046D7W,2026-08-20T00:00:00Z,admin,2026-08-20T00:00:00Z,admin
6d915922-94e6-4562-ba5f-88edc9f3c918,66918252-e03e-44f8-ae01-350d799f6cc1,Z000268E,2026-08-20T00:00:00Z,admin,2026-08-20T00:00:00Z,admin
69e019e2-a27f-4cdb-99cd-bd309edccf3f,66918252-e03e-44f8-ae01-350d799f6cc1,Z002JB9N,2026-08-20T00:00:00Z,admin,2026-08-20T00:00:00Z,admin
b8ef6440-7208-4dd8-aaa7-0b0051ac9296,66918252-e03e-44f8-ae01-350d799f6cc1,Z002ZJEH,2026-08-20T00:00:00Z,admin,2026-08-20T00:00:00Z,admin
a72bcd39-55b9-49ad-a993-26aeb942d095,66918252-e03e-44f8-ae01-350d799f6cc1,Z0033TXK,2026-08-20T00:00:00Z,admin,2026-08-20T00:00:00Z,admin
f17de232-5ad9-46ae-a2c6-75280bf7c996,66918252-e03e-44f8-ae01-350d799f6cc1,Z0037XDV,2026-08-20T00:00:00Z,admin,2026-08-20T00:00:00Z,admin
e8f1c647-a1fd-4fd3-b683-6f93b6a915e2,66918252-e03e-44f8-ae01-350d799f6cc1,Z0030F0C,2026-08-20T00:00:00Z,admin,2026-08-20T00:00:00Z,admin
2f3b0f19-c242-411f-8908-4e127c7f5e65,66918252-e03e-44f8-ae01-350d799f6cc1,Z0049ETY,2026-08-20T00:00:00Z,admin,2026-08-20T00:00:00Z,admin
d826cafc-d025-483c-a62f-c777989ee728,66918252-e03e-44f8-ae01-350d799f6cc1,Z00531ED,2026-08-20T00:00:00Z,admin,2026-08-20T00:00:00Z,admin
87e93eea-0262-44cd-9b48-d69404aea84b,66918252-e03e-44f8-ae01-350d799f6cc1,Z00578UN,2026-08-20T00:00:00Z,admin,2026-08-20T00:00:00Z,admin
420e3af4-0568-47f9-9085-909929ab5ee6,66918252-e03e-44f8-ae01-350d799f6cc1,Z0022MPU,2026-08-20T00:00:00Z,admin,2026-08-20T00:00:00Z,admin
b7e51425-0b4e-4e4a-a6c2-d7e810f0814f,66918252-e03e-44f8-ae01-350d799f6cc1,Z00360RB,2026-08-20T00:00:00Z,admin,2026-08-20T00:00:00Z,admin
5486bceb-a692-491c-9c36-21134a7d9b5d,66918252-e03e-44f8-ae01-350d799f6cc1,Z00580YJ,2026-08-20T00:00:00Z,admin,2026-08-20T00:00:00Z,admin
9692ac8c-192a-4e8f-b714-dcbe4130e944,66918252-e03e-44f8-ae01-350d799f6cc1,Z004XVAB,2026-08-20T00:00:00Z,admin,2026-08-20T00:00:00Z,admin
0b11f496-fdeb-44b2-b9f9-17be0eadbe01,66918252-e03e-44f8-ae01-350d799f6cc1,Z00503ZF,2026-08-20T00:00:00Z,admin,2026-08-20T00:00:00Z,admin
4eddb419-0c35-4eba-9993-79e9c616e7f4,66918252-e03e-44f8-ae01-350d799f6cc1,Z0053X3Z,2026-08-20T00:00:00Z,admin,2026-08-20T00:00:00Z,admin
f0a22f6e-4cc3-44f8-962a-7c4f6cc7456f,66918252-e03e-44f8-ae01-350d799f6cc1,Z004Z8HY,2026-08-20T00:00:00Z,admin,2026-08-20T00:00:00Z,admin
23f6bbba-88d4-4ae3-b5c2-0173c8f42c0d,66918252-e03e-44f8-ae01-350d799f6cc1,Z00366PH,2026-08-20T00:00:00Z,admin,2026-08-20T00:00:00Z,admin
8f49b627-c273-4495-beae-bf73970a69e1,66918252-e03e-44f8-ae01-350d799f6cc1,Z002M9XR,2026-08-20T00:00:00Z,admin,2026-08-20T00:00:00Z,admin
ed0679ac-35c0-4dec-8065-8d24bcc25ff6,66918252-e03e-44f8-ae01-350d799f6cc1,Z0059DWT,2026-08-20T00:00:00Z,admin,2026-08-20T00:00:00Z,admin
b7c78683-5fd5-401b-9e65-c08acc8d4522,66918252-e03e-44f8-ae01-350d799f6cc1,Z005989N,2026-08-20T00:00:00Z,admin,2026-08-20T00:00:00Z,admin
bc152839-5788-45bc-9703-0256e48a5de4,66918252-e03e-44f8-ae01-350d799f6cc1,Z0059DYC,2026-08-20T00:00:00Z,admin,2026-08-20T00:00:00Z,admin
8ef5c63e-44da-422a-b469-13f6a215d2f5,66918252-e03e-44f8-ae01-350d799f6cc1,Z0047WTV,2026-08-20T00:00:00Z,admin,2026-08-20T00:00:00Z,admin
a89ac5e3-4c0c-4370-95f5-fa77e4eae8f1,e21953a6-fd30-4185-8058-c8f08592721e,Z004TAMU,2026-08-20T00:00:00Z,admin,2026-08-20T00:00:00Z,admin
4cb060c6-4d04-42de-8729-53f9dbb8e6fd,e21953a6-fd30-4185-8058-c8f08592721e,Z00531DY,2026-08-20T00:00:00Z,admin,2026-08-20T00:00:00Z,admin
f4e28d4b-cc2f-4ec3-85d7-39e8ec156ab3,e21953a6-fd30-4185-8058-c8f08592721e,Z004XVAC,2026-08-20T00:00:00Z,admin,2026-08-20T00:00:00Z,admin
85b68022-8b68-41a5-a5af-aeaf7f95d278,e21953a6-fd30-4185-8058-c8f08592721e,Z0052TYP,2026-08-20T00:00:00Z,admin,2026-08-20T00:00:00Z,admin
0f282c55-cd9f-43d2-9fd1-b6eb1a7760db,e21953a6-fd30-4185-8058-c8f08592721e,Z002Z66N,2026-08-20T00:00:00Z,admin,2026-08-20T00:00:00Z,admin
d442f65a-7777-450b-9635-d0c3c19d97a4,e21953a6-fd30-4185-8058-c8f08592721e,Z004YK1R,2026-08-20T00:00:00Z,admin,2026-08-20T00:00:00Z,admin
fcc8a3e4-175e-447c-8dd3-9a585afb0456,e21953a6-fd30-4185-8058-c8f08592721e,Z004Z7ZE,2026-08-20T00:00:00Z,admin,2026-08-20T00:00:00Z,admin
f21a3e8a-a69a-48bc-bcd6-8d35400e649a,e21953a6-fd30-4185-8058-c8f08592721e,Z0054KNE,2026-08-20T00:00:00Z,admin,2026-08-20T00:00:00Z,admin
0826e88c-b426-4c0e-ad77-d8078a958657,e21953a6-fd30-4185-8058-c8f08592721e,Z0028XMJ,2026-08-20T00:00:00Z,admin,2026-08-20T00:00:00Z,admin
5fe4e99f-0b44-4483-8f5b-ac2fafc9d459,e21953a6-fd30-4185-8058-c8f08592721e,Z004FUJT,2026-08-20T00:00:00Z,admin,2026-08-20T00:00:00Z,admin
2d2c8e37-f869-4550-a8ca-84b8bb451f18,e21953a6-fd30-4185-8058-c8f08592721e,Z001WYDU,2026-08-20T00:00:00Z,admin,2026-08-20T00:00:00Z,admin
46def6cc-6a07-4096-b024-5a0f08d063ea,e21953a6-fd30-4185-8058-c8f08592721e,Z0014WKT,2026-08-20T00:00:00Z,admin,2026-08-20T00:00:00Z,admin
33b1c9af-69fe-47b7-8c76-beb78632d8b3,e21953a6-fd30-4185-8058-c8f08592721e,Z0039MYX,2026-08-20T00:00:00Z,admin,2026-08-20T00:00:00Z,admin
81a22766-0a4f-4753-94fa-3a64d800b2e0,e21953a6-fd30-4185-8058-c8f08592721e,Z0051EJU,2026-08-20T00:00:00Z,admin,2026-08-20T00:00:00Z,admin
1883ede0-df53-4234-b36b-d45427412087,e21953a6-fd30-4185-8058-c8f08592721e,Z003RN6R,2026-08-20T00:00:00Z,admin,2026-08-20T00:00:00Z,admin
4f71de69-78eb-4fcc-bd60-25226b21610e,e21953a6-fd30-4185-8058-c8f08592721e,Z0046D7W,2026-08-20T00:00:00Z,admin,2026-08-20T00:00:00Z,admin
8d5fffee-55f9-418b-b492-095bc96b17b2,e21953a6-fd30-4185-8058-c8f08592721e,Z000268E,2026-08-20T00:00:00Z,admin,2026-08-20T00:00:00Z,admin
789f56fd-d4fb-4e71-898c-8dcbad32f980,e21953a6-fd30-4185-8058-c8f08592721e,Z002JB9N,2026-08-20T00:00:00Z,admin,2026-08-20T00:00:00Z,admin
5b267ac9-7758-4769-879f-9cd3159361b6,e21953a6-fd30-4185-8058-c8f08592721e,Z002ZJEH,2026-08-20T00:00:00Z,admin,2026-08-20T00:00:00Z,admin
e41cd753-62bf-49ec-b6a8-a65831068f0d,e21953a6-fd30-4185-8058-c8f08592721e,Z0033TXK,2026-08-20T00:00:00Z,admin,2026-08-20T00:00:00Z,admin
dabcfee9-18e0-42df-b692-26c3cdc6b54f,e21953a6-fd30-4185-8058-c8f08592721e,Z0037XDV,2026-08-20T00:00:00Z,admin,2026-08-20T00:00:00Z,admin
435e7dd7-e2a0-46a5-8f35-8d881f6edea9,e21953a6-fd30-4185-8058-c8f08592721e,Z0030F0C,2026-08-20T00:00:00Z,admin,2026-08-20T00:00:00Z,admin
4ed36ae5-41ca-41c1-a002-977378f41a49,e21953a6-fd30-4185-8058-c8f08592721e,Z0049ETY,2026-08-20T00:00:00Z,admin,2026-08-20T00:00:00Z,admin
55db7a73-cd50-4fdf-b5f3-582aba0e7614,e21953a6-fd30-4185-8058-c8f08592721e,Z00531ED,2026-08-20T00:00:00Z,admin,2026-08-20T00:00:00Z,admin
39a12b64-4c9e-4688-bce8-7c27bff50b72,e21953a6-fd30-4185-8058-c8f08592721e,Z00578UN,2026-08-20T00:00:00Z,admin,2026-08-20T00:00:00Z,admin
96a334c9-c8c9-401e-957a-2487e501546e,e21953a6-fd30-4185-8058-c8f08592721e,Z0022MPU,2026-08-20T00:00:00Z,admin,2026-08-20T00:00:00Z,admin
6e13ca37-cec1-4c72-b4f6-31e39e2aeece,e21953a6-fd30-4185-8058-c8f08592721e,Z00360RB,2026-08-20T00:00:00Z,admin,2026-08-20T00:00:00Z,admin
68c0ef75-1f2f-4609-bbe6-9c7d3f40330d,e21953a6-fd30-4185-8058-c8f08592721e,Z00580YJ,2026-08-20T00:00:00Z,admin,2026-08-20T00:00:00Z,admin
6bd1fe9c-7ee4-41ba-8ade-c75bb4e6544e,e21953a6-fd30-4185-8058-c8f08592721e,Z004XVAB,2026-08-20T00:00:00Z,admin,2026-08-20T00:00:00Z,admin
5b8b0612-0396-4b99-ad12-6c680fef6a97,e21953a6-fd30-4185-8058-c8f08592721e,Z00503ZF,2026-08-20T00:00:00Z,admin,2026-08-20T00:00:00Z,admin
95a498e0-3e48-49bc-9fef-4fe691c7d082,e21953a6-fd30-4185-8058-c8f08592721e,Z0053X3Z,2026-08-20T00:00:00Z,admin,2026-08-20T00:00:00Z,admin
4dacb6e1-1ed8-431b-8c62-b48f51d0f5a2,e21953a6-fd30-4185-8058-c8f08592721e,Z004Z8HY,2026-08-20T00:00:00Z,admin,2026-08-20T00:00:00Z,admin
5dbafd78-4a80-4b65-81ba-8a5500eb71ee,e21953a6-fd30-4185-8058-c8f08592721e,Z00366PH,2026-08-20T00:00:00Z,admin,2026-08-20T00:00:00Z,admin
ebdeaaef-df03-4612-9127-6046fc4a9bd8,e21953a6-fd30-4185-8058-c8f08592721e,Z002M9XR,2026-08-20T00:00:00Z,admin,2026-08-20T00:00:00Z,admin
1846c4d2-2862-4ef5-87c7-88e58c8ee187,e21953a6-fd30-4185-8058-c8f08592721e,Z0059DWT,2026-08-20T00:00:00Z,admin,2026-08-20T00:00:00Z,admin
21c42ad3-ea5b-41e2-925a-3f0d247a7d0a,e21953a6-fd30-4185-8058-c8f08592721e,Z005989N,2026-08-20T00:00:00Z,admin,2026-08-20T00:00:00Z,admin
1ba8de4b-369b-4c9c-bba1-db1c8a8a1365,e21953a6-fd30-4185-8058-c8f08592721e,Z0059DYC,2026-08-20T00:00:00Z,admin,2026-08-20T00:00:00Z,admin
5fb02e2b-323b-4d0b-ae86-1f9f26050613,e21953a6-fd30-4185-8058-c8f08592721e,Z0047WTV,2026-08-20T00:00:00Z,admin,2026-08-20T00:00:00Z,admin
76ecc8c2-fdf6-4e36-8fa0-28c196aeb5b8,99260bb1-2178-47d6-8941-8d5b1fecc710,Z004TAMU,2026-08-20T00:00:00Z,admin,2026-08-20T00:00:00Z,admin
b785ba58-57bd-4794-9a17-be8bfdd57a26,99260bb1-2178-47d6-8941-8d5b1fecc710,Z00531DY,2026-08-20T00:00:00Z,admin,2026-08-20T00:00:00Z,admin
96a49025-064b-4999-b06f-403e433420b8,99260bb1-2178-47d6-8941-8d5b1fecc710,Z004XVAC,2026-08-20T00:00:00Z,admin,2026-08-20T00:00:00Z,admin
0f4923fa-73a4-4222-aae0-ad1ec54bbf4b,99260bb1-2178-47d6-8941-8d5b1fecc710,Z0052TYP,2026-08-20T00:00:00Z,admin,2026-08-20T00:00:00Z,admin
7cecba83-4058-4f3e-9194-047bdae31d29,99260bb1-2178-47d6-8941-8d5b1fecc710,Z002Z66N,2026-08-20T00:00:00Z,admin,2026-08-20T00:00:00Z,admin
ff8c6a8e-b525-4be5-85a3-273cc7bd6d08,99260bb1-2178-47d6-8941-8d5b1fecc710,Z004YK1R,2026-08-20T00:00:00Z,admin,2026-08-20T00:00:00Z,admin
f9f1d4d6-684a-4971-bb05-13980ccca623,99260bb1-2178-47d6-8941-8d5b1fecc710,Z004Z7ZE,2026-08-20T00:00:00Z,admin,2026-08-20T00:00:00Z,admin
5e3e2b16-c461-4f05-bbf3-cd572a3ce1be,99260bb1-2178-47d6-8941-8d5b1fecc710,Z0054KNE,2026-08-20T00:00:00Z,admin,2026-08-20T00:00:00Z,admin
96568ffd-f412-4b84-925b-fb0ef94dab4f,99260bb1-2178-47d6-8941-8d5b1fecc710,Z0028XMJ,2026-08-20T00:00:00Z,admin,2026-08-20T00:00:00Z,admin
024c7839-27df-4b71-9545-ea787956343a,99260bb1-2178-47d6-8941-8d5b1fecc710,Z004FUJT,2026-08-20T00:00:00Z,admin,2026-08-20T00:00:00Z,admin
d760e80b-9d0b-4903-a948-33d31ac701fc,99260bb1-2178-47d6-8941-8d5b1fecc710,Z001WYDU,2026-08-20T00:00:00Z,admin,2026-08-20T00:00:00Z,admin
ba6f7dfb-e237-43c0-a179-35258a1d47c5,99260bb1-2178-47d6-8941-8d5b1fecc710,Z0014WKT,2026-08-20T00:00:00Z,admin,2026-08-20T00:00:00Z,admin
e7eba729-7d9c-45ce-b6bc-188023dc269b,99260bb1-2178-47d6-8941-8d5b1fecc710,Z0039MYX,2026-08-20T00:00:00Z,admin,2026-08-20T00:00:00Z,admin
4a8b7e48-b4d9-4445-98e0-a9d2694caf09,99260bb1-2178-47d6-8941-8d5b1fecc710,Z0051EJU,2026-08-20T00:00:00Z,admin,2026-08-20T00:00:00Z,admin
c766cd08-152a-4d55-8763-00aeb18c86ea,99260bb1-2178-47d6-8941-8d5b1fecc710,Z003RN6R,2026-08-20T00:00:00Z,admin,2026-08-20T00:00:00Z,admin
7b109adc-fbf8-4792-8283-ea9404e6a7c6,99260bb1-2178-47d6-8941-8d5b1fecc710,Z0046D7W,2026-08-20T00:00:00Z,admin,2026-08-20T00:00:00Z,admin
c4ffdfee-60ab-4d15-9548-9d3af678b143,99260bb1-2178-47d6-8941-8d5b1fecc710,Z000268E,2026-08-20T00:00:00Z,admin,2026-08-20T00:00:00Z,admin
d60c32f0-2951-460f-9d0d-5ae2ca9c7867,99260bb1-2178-47d6-8941-8d5b1fecc710,Z002JB9N,2026-08-20T00:00:00Z,admin,2026-08-20T00:00:00Z,admin
a16e4a4a-2227-4636-8555-373a02565426,99260bb1-2178-47d6-8941-8d5b1fecc710,Z002ZJEH,2026-08-20T00:00:00Z,admin,2026-08-20T00:00:00Z,admin
a7166289-6206-4f04-af5e-14eccad60634,99260bb1-2178-47d6-8941-8d5b1fecc710,Z0033TXK,2026-08-20T00:00:00Z,admin,2026-08-20T00:00:00Z,admin
b8da40ad-f62f-427a-b8e4-6651692d5be5,99260bb1-2178-47d6-8941-8d5b1fecc710,Z0037XDV,2026-08-20T00:00:00Z,admin,2026-08-20T00:00:00Z,admin
8bfda90c-6a3e-47de-a089-d1c321742342,99260bb1-2178-47d6-8941-8d5b1fecc710,Z0030F0C,2026-08-20T00:00:00Z,admin,2026-08-20T00:00:00Z,admin
051b02f9-1962-4c65-9dba-be5021bb6e31,99260bb1-2178-47d6-8941-8d5b1fecc710,Z0049ETY,2026-08-20T00:00:00Z,admin,2026-08-20T00:00:00Z,admin
2665f42b-a204-4312-b57a-cf0309c6517d,99260bb1-2178-47d6-8941-8d5b1fecc710,Z00531ED,2026-08-20T00:00:00Z,admin,2026-08-20T00:00:00Z,admin
c609e3b4-fc3c-4858-a6da-aab2491da263,99260bb1-2178-47d6-8941-8d5b1fecc710,Z00578UN,2026-08-20T00:00:00Z,admin,2026-08-20T00:00:00Z,admin
5e0a93db-3546-436d-9f8e-a8448fe1127c,99260bb1-2178-47d6-8941-8d5b1fecc710,Z0022MPU,2026-08-20T00:00:00Z,admin,2026-08-20T00:00:00Z,admin
357bd7df-ed42-4b9b-a47a-89baac294753,99260bb1-2178-47d6-8941-8d5b1fecc710,Z00360RB,2026-08-20T00:00:00Z,admin,2026-08-20T00:00:00Z,admin
75a4a763-1d44-4efb-982a-c2e0c12eb92a,99260bb1-2178-47d6-8941-8d5b1fecc710,Z00580YJ,2026-08-20T00:00:00Z,admin,2026-08-20T00:00:00Z,admin
de6e157d-a7f8-498f-9dc5-d48008d7caa5,99260bb1-2178-47d6-8941-8d5b1fecc710,Z004XVAB,2026-08-20T00:00:00Z,admin,2026-08-20T00:00:00Z,admin
8773bf6e-cab5-446e-b99e-86b62fc499bd,99260bb1-2178-47d6-8941-8d5b1fecc710,Z00503ZF,2026-08-20T00:00:00Z,admin,2026-08-20T00:00:00Z,admin
6403420d-152a-489b-8e8b-d0e9a3f576d8,99260bb1-2178-47d6-8941-8d5b1fecc710,Z0053X3Z,2026-08-20T00:00:00Z,admin,2026-08-20T00:00:00Z,admin
24bf3024-547c-48c5-b7b9-065f43b137f8,99260bb1-2178-47d6-8941-8d5b1fecc710,Z004Z8HY,2026-08-20T00:00:00Z,admin,2026-08-20T00:00:00Z,admin
4051abdf-a1cc-48e0-af7b-669ca417bcdb,99260bb1-2178-47d6-8941-8d5b1fecc710,Z00366PH,2026-08-20T00:00:00Z,admin,2026-08-20T00:00:00Z,admin
03aff5c5-d165-41bc-b511-cbe9ff930e6e,99260bb1-2178-47d6-8941-8d5b1fecc710,Z002M9XR,2026-08-20T00:00:00Z,admin,2026-08-20T00:00:00Z,admin
edabcc66-d0e2-4f12-b440-5cf25bb671d1,99260bb1-2178-47d6-8941-8d5b1fecc710,Z0059DWT,2026-08-20T00:00:00Z,admin,2026-08-20T00:00:00Z,admin
93e9cbc4-7838-4952-800e-c772d5a7a10c,99260bb1-2178-47d6-8941-8d5b1fecc710,Z005989N,2026-08-20T00:00:00Z,admin,2026-08-20T00:00:00Z,admin
bf3205bc-6ff9-4498-baa3-f79b5fa22493,99260bb1-2178-47d6-8941-8d5b1fecc710,Z0059DYC,2026-08-20T00:00:00Z,admin,2026-08-20T00:00:00Z,admin
5f8dd206-1b2f-4773-b228-24e65e175366,99260bb1-2178-47d6-8941-8d5b1fecc710,Z0047WTV,2026-08-20T00:00:00Z,admin,2026-08-20T00:00:00Z,admin
15083761-cdfb-4b74-b3f9-ba71963dfba2,b7fda448-6f97-4aac-9c18-7595ffdec34f,Z004TAMU,2026-08-20T00:00:00Z,admin,2026-08-20T00:00:00Z,admin
f0f2b5b5-1806-4bee-8c47-390964c44530,b7fda448-6f97-4aac-9c18-7595ffdec34f,Z00531DY,2026-08-20T00:00:00Z,admin,2026-08-20T00:00:00Z,admin
2337edf3-05c2-4eab-a533-b866c49903bb,b7fda448-6f97-4aac-9c18-7595ffdec34f,Z004XVAC,2026-08-20T00:00:00Z,admin,2026-08-20T00:00:00Z,admin
bfbc9467-280e-4d0a-b754-f8f8bde2192a,b7fda448-6f97-4aac-9c18-7595ffdec34f,Z0052TYP,2026-08-20T00:00:00Z,admin,2026-08-20T00:00:00Z,admin
5a548488-e8f3-4f50-ba66-2628e2839504,b7fda448-6f97-4aac-9c18-7595ffdec34f,Z002Z66N,2026-08-20T00:00:00Z,admin,2026-08-20T00:00:00Z,admin
eaddc2bc-d239-4f0a-aa5f-d46709c03d34,b7fda448-6f97-4aac-9c18-7595ffdec34f,Z004YK1R,2026-08-20T00:00:00Z,admin,2026-08-20T00:00:00Z,admin
ad836aae-677e-4fac-b444-c57c4b672445,b7fda448-6f97-4aac-9c18-7595ffdec34f,Z004Z7ZE,2026-08-20T00:00:00Z,admin,2026-08-20T00:00:00Z,admin
c0f90e01-aff9-4333-89ac-44e178fd4ef0,b7fda448-6f97-4aac-9c18-7595ffdec34f,Z0054KNE,2026-08-20T00:00:00Z,admin,2026-08-20T00:00:00Z,admin
ea7d8745-8d37-4d66-9010-ec47baa24d7f,b7fda448-6f97-4aac-9c18-7595ffdec34f,Z0028XMJ,2026-08-20T00:00:00Z,admin,2026-08-20T00:00:00Z,admin
6a9103e1-16bf-46ef-a366-3dad445af9d7,b7fda448-6f97-4aac-9c18-7595ffdec34f,Z004FUJT,2026-08-20T00:00:00Z,admin,2026-08-20T00:00:00Z,admin
c4d8f277-2cbe-4408-9113-4b38169501ee,b7fda448-6f97-4aac-9c18-7595ffdec34f,Z001WYDU,2026-08-20T00:00:00Z,admin,2026-08-20T00:00:00Z,admin
82ba2802-f485-47bf-b7f2-6c3e7078ec2d,b7fda448-6f97-4aac-9c18-7595ffdec34f,Z0014WKT,2026-08-20T00:00:00Z,admin,2026-08-20T00:00:00Z,admin
eadc3d7f-8d04-41a9-9afe-fd11c2a2ad67,b7fda448-6f97-4aac-9c18-7595ffdec34f,Z0039MYX,2026-08-20T00:00:00Z,admin,2026-08-20T00:00:00Z,admin
cdc43101-2e98-4735-8a41-c9120f5b07eb,b7fda448-6f97-4aac-9c18-7595ffdec34f,Z0051EJU,2026-08-20T00:00:00Z,admin,2026-08-20T00:00:00Z,admin
e73730d7-1527-480d-9a46-c9bf19c28230,b7fda448-6f97-4aac-9c18-7595ffdec34f,Z003RN6R,2026-08-20T00:00:00Z,admin,2026-08-20T00:00:00Z,admin
68959050-2e5d-4974-aba2-5452aa2041f4,b7fda448-6f97-4aac-9c18-7595ffdec34f,Z0046D7W,2026-08-20T00:00:00Z,admin,2026-08-20T00:00:00Z,admin
b3163779-156d-4761-bb52-3849403b19a4,b7fda448-6f97-4aac-9c18-7595ffdec34f,Z000268E,2026-08-20T00:00:00Z,admin,2026-08-20T00:00:00Z,admin
c2c427b7-322c-4f90-aac4-30367df414ba,b7fda448-6f97-4aac-9c18-7595ffdec34f,Z002JB9N,2026-08-20T00:00:00Z,admin,2026-08-20T00:00:00Z,admin
641360b8-0f41-47e0-a652-01e949ff3bb7,b7fda448-6f97-4aac-9c18-7595ffdec34f,Z002ZJEH,2026-08-20T00:00:00Z,admin,2026-08-20T00:00:00Z,admin
731f9798-343b-40ad-8127-2e342540c3e7,b7fda448-6f97-4aac-9c18-7595ffdec34f,Z0033TXK,2026-08-20T00:00:00Z,admin,2026-08-20T00:00:00Z,admin
1891644d-4241-48da-843d-9e15469e31d8,b7fda448-6f97-4aac-9c18-7595ffdec34f,Z0037XDV,2026-08-20T00:00:00Z,admin,2026-08-20T00:00:00Z,admin
a742ecb8-b723-4703-be13-b93c13070c91,b7fda448-6f97-4aac-9c18-7595ffdec34f,Z0030F0C,2026-08-20T00:00:00Z,admin,2026-08-20T00:00:00Z,admin
8d21eba8-25d0-45a2-8a1e-a53f4b29ae6c,b7fda448-6f97-4aac-9c18-7595ffdec34f,Z0049ETY,2026-08-20T00:00:00Z,admin,2026-08-20T00:00:00Z,admin
ab63f62b-7e48-4c7d-b827-cd2824df98c2,b7fda448-6f97-4aac-9c18-7595ffdec34f,Z00531ED,2026-08-20T00:00:00Z,admin,2026-08-20T00:00:00Z,admin
f5e43a03-fd24-4c83-b541-9ca68ef86d13,b7fda448-6f97-4aac-9c18-7595ffdec34f,Z00578UN,2026-08-20T00:00:00Z,admin,2026-08-20T00:00:00Z,admin
36cdb4d9-0692-4c2d-8896-5f4bda9fc1d8,b7fda448-6f97-4aac-9c18-7595ffdec34f,Z0022MPU,2026-08-20T00:00:00Z,admin,2026-08-20T00:00:00Z,admin
caa58a56-bd96-4c48-855e-4e0bf2026acd,b7fda448-6f97-4aac-9c18-7595ffdec34f,Z00360RB,2026-08-20T00:00:00Z,admin,2026-08-20T00:00:00Z,admin
562f4697-77a3-4fe5-aa72-bdcb2bb66199,b7fda448-6f97-4aac-9c18-7595ffdec34f,Z00580YJ,2026-08-20T00:00:00Z,admin,2026-08-20T00:00:00Z,admin
c243ebb9-99b4-4466-9535-0b6a26e9ce12,b7fda448-6f97-4aac-9c18-7595ffdec34f,Z004XVAB,2026-08-20T00:00:00Z,admin,2026-08-20T00:00:00Z,admin
47231094-d02b-4e42-8613-6f0403e01029,b7fda448-6f97-4aac-9c18-7595ffdec34f,Z00503ZF,2026-08-20T00:00:00Z,admin,2026-08-20T00:00:00Z,admin
ced29a81-28c4-4275-bb0c-62d089c6899e,b7fda448-6f97-4aac-9c18-7595ffdec34f,Z0053X3Z,2026-08-20T00:00:00Z,admin,2026-08-20T00:00:00Z,admin
4759f236-378e-49e2-8c4e-bef5e738a15b,b7fda448-6f97-4aac-9c18-7595ffdec34f,Z004Z8HY,2026-08-20T00:00:00Z,admin,2026-08-20T00:00:00Z,admin
c3e2b6ca-3fa3-4fb2-915e-1e4ed5814774,b7fda448-6f97-4aac-9c18-7595ffdec34f,Z00366PH,2026-08-20T00:00:00Z,admin,2026-08-20T00:00:00Z,admin
014f4a31-3343-48fb-b97d-1ad92eb084e3,b7fda448-6f97-4aac-9c18-7595ffdec34f,Z002M9XR,2026-08-20T00:00:00Z,admin,2026-08-20T00:00:00Z,admin
314c22a4-6514-4aea-b908-ee39ff98cbad,b7fda448-6f97-4aac-9c18-7595ffdec34f,Z0059DWT,2026-08-20T00:00:00Z,admin,2026-08-20T00:00:00Z,admin
641715a0-a0ce-485a-9b55-646fff4a2609,b7fda448-6f97-4aac-9c18-7595ffdec34f,Z005989N,2026-08-20T00:00:00Z,admin,2026-08-20T00:00:00Z,admin
dc015620-a2bf-46de-a652-2fc7f8f9d1f2,b7fda448-6f97-4aac-9c18-7595ffdec34f,Z0059DYC,2026-08-20T00:00:00Z,admin,2026-08-20T00:00:00Z,admin
48722b6e-624b-41d4-b7fb-a06964d8519f,b7fda448-6f97-4aac-9c18-7595ffdec34f,Z0047WTV,2026-08-20T00:00:00Z,admin,2026-08-20T00:00:00Z,admin
d38501de-c146-4278-a8b1-603d3a5e1623,e309d134-4335-4041-b675-e4c5a1ce3be2,Z004TAMU,2026-08-20T00:00:00Z,admin,2026-08-20T00:00:00Z,admin
90a0add4-369c-4b7a-9e00-47730a1ea171,e309d134-4335-4041-b675-e4c5a1ce3be2,Z00531DY,2026-08-20T00:00:00Z,admin,2026-08-20T00:00:00Z,admin
3d4e3afc-f869-4891-b0fe-5d46d95ae4bd,e309d134-4335-4041-b675-e4c5a1ce3be2,Z004XVAC,2026-08-20T00:00:00Z,admin,2026-08-20T00:00:00Z,admin
be89adcd-66c8-4ba4-8145-226677f6ae06,e309d134-4335-4041-b675-e4c5a1ce3be2,Z0052TYP,2026-08-20T00:00:00Z,admin,2026-08-20T00:00:00Z,admin
d598e2a6-b72a-438f-b9d0-2a34dd55bfa3,e309d134-4335-4041-b675-e4c5a1ce3be2,Z002Z66N,2026-08-20T00:00:00Z,admin,2026-08-20T00:00:00Z,admin
562714c0-7296-4a14-8746-9adc76981ce3,e309d134-4335-4041-b675-e4c5a1ce3be2,Z004YK1R,2026-08-20T00:00:00Z,admin,2026-08-20T00:00:00Z,admin
bdd4c0ea-5e26-4d5b-a405-c1323b9b58d9,e309d134-4335-4041-b675-e4c5a1ce3be2,Z004Z7ZE,2026-08-20T00:00:00Z,admin,2026-08-20T00:00:00Z,admin
55d6126e-8785-4d27-a894-3f1c5ffb25f0,e309d134-4335-4041-b675-e4c5a1ce3be2,Z0054KNE,2026-08-20T00:00:00Z,admin,2026-08-20T00:00:00Z,admin
6d60cba0-4dd9-49dc-a3d2-592eddad0cc1,e309d134-4335-4041-b675-e4c5a1ce3be2,Z0028XMJ,2026-08-20T00:00:00Z,admin,2026-08-20T00:00:00Z,admin
59883970-33ff-4b04-b0e2-c52403b5584d,e309d134-4335-4041-b675-e4c5a1ce3be2,Z004FUJT,2026-08-20T00:00:00Z,admin,2026-08-20T00:00:00Z,admin
e83ac003-0a8c-4f63-8f24-8d306a30d5b9,e309d134-4335-4041-b675-e4c5a1ce3be2,Z001WYDU,2026-08-20T00:00:00Z,admin,2026-08-20T00:00:00Z,admin
e571804d-38d1-44f6-ab73-89edd9728730,e309d134-4335-4041-b675-e4c5a1ce3be2,Z0014WKT,2026-08-20T00:00:00Z,admin,2026-08-20T00:00:00Z,admin
6f8e1661-6452-46bf-9459-1dc4fc7d87cf,e309d134-4335-4041-b675-e4c5a1ce3be2,Z0039MYX,2026-08-20T00:00:00Z,admin,2026-08-20T00:00:00Z,admin
7f3684d8-70ae-48b9-aafc-2024bd2eed27,e309d134-4335-4041-b675-e4c5a1ce3be2,Z0051EJU,2026-08-20T00:00:00Z,admin,2026-08-20T00:00:00Z,admin
c365c465-148a-49c6-bb32-6d36604351bc,e309d134-4335-4041-b675-e4c5a1ce3be2,Z003RN6R,2026-08-20T00:00:00Z,admin,2026-08-20T00:00:00Z,admin
823c8917-9f1f-4af8-897a-4e0fe3c4fd52,e309d134-4335-4041-b675-e4c5a1ce3be2,Z0046D7W,2026-08-20T00:00:00Z,admin,2026-08-20T00:00:00Z,admin
c2156cac-3af5-413d-962b-91ac826535a7,e309d134-4335-4041-b675-e4c5a1ce3be2,Z000268E,2026-08-20T00:00:00Z,admin,2026-08-20T00:00:00Z,admin
de9261c4-950f-433b-900b-997434032660,e309d134-4335-4041-b675-e4c5a1ce3be2,Z002JB9N,2026-08-20T00:00:00Z,admin,2026-08-20T00:00:00Z,admin
b3b71fbe-9927-4b62-846b-151441aabb8e,e309d134-4335-4041-b675-e4c5a1ce3be2,Z002ZJEH,2026-08-20T00:00:00Z,admin,2026-08-20T00:00:00Z,admin
74d50098-b1d7-46f1-bb61-c72f39c90e57,e309d134-4335-4041-b675-e4c5a1ce3be2,Z0033TXK,2026-08-20T00:00:00Z,admin,2026-08-20T00:00:00Z,admin
e278b8bb-8d9f-4ae8-87e3-0f3aba2627e5,e309d134-4335-4041-b675-e4c5a1ce3be2,Z0037XDV,2026-08-20T00:00:00Z,admin,2026-08-20T00:00:00Z,admin
595acec9-bb89-462e-a7e8-72c9299193b2,e309d134-4335-4041-b675-e4c5a1ce3be2,Z0030F0C,2026-08-20T00:00:00Z,admin,2026-08-20T00:00:00Z,admin
508e66ee-9a3d-4cc8-815a-7099b86a4630,e309d134-4335-4041-b675-e4c5a1ce3be2,Z0049ETY,2026-08-20T00:00:00Z,admin,2026-08-20T00:00:00Z,admin
6743e162-ce0d-4493-abc3-9e166594e196,e309d134-4335-4041-b675-e4c5a1ce3be2,Z00531ED,2026-08-20T00:00:00Z,admin,2026-08-20T00:00:00Z,admin
b19d3389-4f65-4901-8253-2bcc1520bb70,e309d134-4335-4041-b675-e4c5a1ce3be2,Z00578UN,2026-08-20T00:00:00Z,admin,2026-08-20T00:00:00Z,admin
b187d74b-b41b-4d10-9c44-f43453065672,e309d134-4335-4041-b675-e4c5a1ce3be2,Z0022MPU,2026-08-20T00:00:00Z,admin,2026-08-20T00:00:00Z,admin
a47c4f32-ade1-40eb-8c89-76c23c8200cd,e309d134-4335-4041-b675-e4c5a1ce3be2,Z00360RB,2026-08-20T00:00:00Z,admin,2026-08-20T00:00:00Z,admin
b5859e15-d008-44ee-89dc-0271c6f4e60f,e309d134-4335-4041-b675-e4c5a1ce3be2,Z00580YJ,2026-08-20T00:00:00Z,admin,2026-08-20T00:00:00Z,admin
bb5eb5e3-6215-4873-b093-5906ff34e74b,e309d134-4335-4041-b675-e4c5a1ce3be2,Z004XVAB,2026-08-20T00:00:00Z,admin,2026-08-20T00:00:00Z,admin
a114607f-6719-4355-b1ed-12cb2e3941df,e309d134-4335-4041-b675-e4c5a1ce3be2,Z00503ZF,2026-08-20T00:00:00Z,admin,2026-08-20T00:00:00Z,admin
cbc45c86-e46b-436d-aa91-80251c9a441b,e309d134-4335-4041-b675-e4c5a1ce3be2,Z0053X3Z,2026-08-20T00:00:00Z,admin,2026-08-20T00:00:00Z,admin
daa5bdf1-c2a5-456f-9754-c97e8a0318fe,e309d134-4335-4041-b675-e4c5a1ce3be2,Z004Z8HY,2026-08-20T00:00:00Z,admin,2026-08-20T00:00:00Z,admin
b33479f9-539f-4ca7-a9e3-1f56113227ea,e309d134-4335-4041-b675-e4c5a1ce3be2,Z00366PH,2026-08-20T00:00:00Z,admin,2026-08-20T00:00:00Z,admin
862c3dcf-2d9b-4e91-8c54-194295c508df,e309d134-4335-4041-b675-e4c5a1ce3be2,Z002M9XR,2026-08-20T00:00:00Z,admin,2026-08-20T00:00:00Z,admin
9050a806-a9e2-4d39-ad93-9f44e383c100,e309d134-4335-4041-b675-e4c5a1ce3be2,Z0059DWT,2026-08-20T00:00:00Z,admin,2026-08-20T00:00:00Z,admin
b4ce7df2-ebf8-4bd2-a42a-128ad6e5d68c,e309d134-4335-4041-b675-e4c5a1ce3be2,Z005989N,2026-08-20T00:00:00Z,admin,2026-08-20T00:00:00Z,admin
213ea917-c310-4018-999d-5ad3dda3913d,e309d134-4335-4041-b675-e4c5a1ce3be2,Z0059DYC,2026-08-20T00:00:00Z,admin,2026-08-20T00:00:00Z,admin
3c5e0717-3697-48db-a0cb-4cafee74a5e5,e309d134-4335-4041-b675-e4c5a1ce3be2,Z0047WTV,2026-08-20T00:00:00Z,admin,2026-08-20T00:00:00Z,admin
c7dce845-fa30-4b96-810f-1c51ead515ae,1c49e1c9-bf19-4335-9f82-14a6881730d3,Z004TAMU,2026-08-20T00:00:00Z,admin,2026-08-20T00:00:00Z,admin
12845bda-50c1-4ad0-aa3f-59d4fafe31fc,1c49e1c9-bf19-4335-9f82-14a6881730d3,Z00531DY,2026-08-20T00:00:00Z,admin,2026-08-20T00:00:00Z,admin
3d53b21c-a431-48c7-9e3e-e8356c9c81cf,1c49e1c9-bf19-4335-9f82-14a6881730d3,Z004XVAC,2026-08-20T00:00:00Z,admin,2026-08-20T00:00:00Z,admin
210ffb64-f355-48cc-adf4-137eca3c1250,1c49e1c9-bf19-4335-9f82-14a6881730d3,Z0052TYP,2026-08-20T00:00:00Z,admin,2026-08-20T00:00:00Z,admin
34acdb51-3dea-45a0-96f9-2c0f94612918,1c49e1c9-bf19-4335-9f82-14a6881730d3,Z002Z66N,2026-08-20T00:00:00Z,admin,2026-08-20T00:00:00Z,admin
23f1cd28-e8e1-402a-9071-89fed28a6bcf,1c49e1c9-bf19-4335-9f82-14a6881730d3,Z004YK1R,2026-08-20T00:00:00Z,admin,2026-08-20T00:00:00Z,admin
c3e15891-fc55-4ccc-9d2a-02c32fce2ee2,1c49e1c9-bf19-4335-9f82-14a6881730d3,Z004Z7ZE,2026-08-20T00:00:00Z,admin,2026-08-20T00:00:00Z,admin
e0d7508f-81f2-474a-97a5-459b1a5bdbee,1c49e1c9-bf19-4335-9f82-14a6881730d3,Z0054KNE,2026-08-20T00:00:00Z,admin,2026-08-20T00:00:00Z,admin
d20423c8-d1ab-4cdc-af38-49d193878407,1c49e1c9-bf19-4335-9f82-14a6881730d3,Z0028XMJ,2026-08-20T00:00:00Z,admin,2026-08-20T00:00:00Z,admin
fe1a10c8-6a9d-4085-bc41-a0762481569f,1c49e1c9-bf19-4335-9f82-14a6881730d3,Z004FUJT,2026-08-20T00:00:00Z,admin,2026-08-20T00:00:00Z,admin
ef84ce7c-c742-401d-a483-a44aef057b4d,1c49e1c9-bf19-4335-9f82-14a6881730d3,Z001WYDU,2026-08-20T00:00:00Z,admin,2026-08-20T00:00:00Z,admin
24ed1a77-0f80-443d-b2ff-00f7bb87353d,1c49e1c9-bf19-4335-9f82-14a6881730d3,Z0014WKT,2026-08-20T00:00:00Z,admin,2026-08-20T00:00:00Z,admin
e97089a0-0fd1-4762-8387-e55d69040f57,1c49e1c9-bf19-4335-9f82-14a6881730d3,Z0039MYX,2026-08-20T00:00:00Z,admin,2026-08-20T00:00:00Z,admin
c276f5fb-3869-425b-8e43-107c298ee3bd,1c49e1c9-bf19-4335-9f82-14a6881730d3,Z0051EJU,2026-08-20T00:00:00Z,admin,2026-08-20T00:00:00Z,admin
0ed6ee71-1ddb-41da-b036-184de42a4513,1c49e1c9-bf19-4335-9f82-14a6881730d3,Z003RN6R,2026-08-20T00:00:00Z,admin,2026-08-20T00:00:00Z,admin
c5c17543-0b15-454a-847c-82c381fb45bc,1c49e1c9-bf19-4335-9f82-14a6881730d3,Z0046D7W,2026-08-20T00:00:00Z,admin,2026-08-20T00:00:00Z,admin
52dcb96c-1e94-4485-bda3-5bb953ad2adc,1c49e1c9-bf19-4335-9f82-14a6881730d3,Z000268E,2026-08-20T00:00:00Z,admin,2026-08-20T00:00:00Z,admin
22cb6db1-ed9e-45fe-927d-c3fd5d4f1e4c,1c49e1c9-bf19-4335-9f82-14a6881730d3,Z002JB9N,2026-08-20T00:00:00Z,admin,2026-08-20T00:00:00Z,admin
13816215-3060-4c8b-bce8-7978a41ff403,1c49e1c9-bf19-4335-9f82-14a6881730d3,Z002ZJEH,2026-08-20T00:00:00Z,admin,2026-08-20T00:00:00Z,admin
d364beb5-30e0-4afe-abfe-2ede9bfbd247,1c49e1c9-bf19-4335-9f82-14a6881730d3,Z0033TXK,2026-08-20T00:00:00Z,admin,2026-08-20T00:00:00Z,admin
c7a7fc45-2f5a-4378-ac0d-41e0f9d6c990,1c49e1c9-bf19-4335-9f82-14a6881730d3,Z0037XDV,2026-08-20T00:00:00Z,admin,2026-08-20T00:00:00Z,admin
3aa6a91d-3d1b-4b13-87b2-f90b8a92186f,1c49e1c9-bf19-4335-9f82-14a6881730d3,Z0030F0C,2026-08-20T00:00:00Z,admin,2026-08-20T00:00:00Z,admin
9f7388c0-66f7-4f88-ab8b-e589f64fee11,1c49e1c9-bf19-4335-9f82-14a6881730d3,Z0049ETY,2026-08-20T00:00:00Z,admin,2026-08-20T00:00:00Z,admin
9b6c26db-9afb-415b-99ca-9a3e3ae6ddcf,1c49e1c9-bf19-4335-9f82-14a6881730d3,Z00531ED,2026-08-20T00:00:00Z,admin,2026-08-20T00:00:00Z,admin
e1c8c22b-de6f-4f18-87bc-977e91719a90,1c49e1c9-bf19-4335-9f82-14a6881730d3,Z00578UN,2026-08-20T00:00:00Z,admin,2026-08-20T00:00:00Z,admin
973bac01-4e83-424f-9902-19fc58df7dd4,1c49e1c9-bf19-4335-9f82-14a6881730d3,Z0022MPU,2026-08-20T00:00:00Z,admin,2026-08-20T00:00:00Z,admin
58ccff24-9532-4329-9418-68e9b410419c,1c49e1c9-bf19-4335-9f82-14a6881730d3,Z00360RB,2026-08-20T00:00:00Z,admin,2026-08-20T00:00:00Z,admin
e0d74708-9bb4-4812-8157-8b9790cf735c,1c49e1c9-bf19-4335-9f82-14a6881730d3,Z00580YJ,2026-08-20T00:00:00Z,admin,2026-08-20T00:00:00Z,admin
cc080713-dcf9-448e-9b76-37e67b965656,1c49e1c9-bf19-4335-9f82-14a6881730d3,Z004XVAB,2026-08-20T00:00:00Z,admin,2026-08-20T00:00:00Z,admin
cc9d5917-1298-4172-b3ac-c91925a87bdc,1c49e1c9-bf19-4335-9f82-14a6881730d3,Z00503ZF,2026-08-20T00:00:00Z,admin,2026-08-20T00:00:00Z,admin
5ccc8373-8e46-4964-93d7-1a07fb617b5c,1c49e1c9-bf19-4335-9f82-14a6881730d3,Z0053X3Z,2026-08-20T00:00:00Z,admin,2026-08-20T00:00:00Z,admin
32ea8cda-6e3d-4276-b975-8fb571bf9172,1c49e1c9-bf19-4335-9f82-14a6881730d3,Z004Z8HY,2026-08-20T00:00:00Z,admin,2026-08-20T00:00:00Z,admin
4e3db378-7790-496e-98e6-5a0bf0070eab,1c49e1c9-bf19-4335-9f82-14a6881730d3,Z00366PH,2026-08-20T00:00:00Z,admin,2026-08-20T00:00:00Z,admin
fd8375a5-6c9e-479d-ae26-e33440fe8cdb,1c49e1c9-bf19-4335-9f82-14a6881730d3,Z002M9XR,2026-08-20T00:00:00Z,admin,2026-08-20T00:00:00Z,admin
51dceceb-3246-4c7e-8bd0-0cb4cf17432a,1c49e1c9-bf19-4335-9f82-14a6881730d3,Z0059DWT,2026-08-20T00:00:00Z,admin,2026-08-20T00:00:00Z,admin
6b02cf98-abac-4979-9b55-87593170fb39,1c49e1c9-bf19-4335-9f82-14a6881730d3,Z005989N,2026-08-20T00:00:00Z,admin,2026-08-20T00:00:00Z,admin
1ccc5afd-56a6-4b0a-804f-155c8dd3de89,1c49e1c9-bf19-4335-9f82-14a6881730d3,Z0059DYC,2026-08-20T00:00:00Z,admin,2026-08-20T00:00:00Z,admin
c9c15328-f401-40b7-8ff7-bc33dfcba84a,1c49e1c9-bf19-4335-9f82-14a6881730d3,Z0047WTV,2026-08-20T00:00:00Z,admin,2026-08-20T00:00:00Z,admin
f5f4b53a-13a5-4280-9864-2e7df0ffd536,7e6651ee-38bb-4fac-a866-efb7cb02d4ee,Z004TAMU,2026-08-20T00:00:00Z,admin,2026-08-20T00:00:00Z,admin
2c0205fc-b391-4e74-8e3c-9a4f250cedf1,7e6651ee-38bb-4fac-a866-efb7cb02d4ee,Z00531DY,2026-08-20T00:00:00Z,admin,2026-08-20T00:00:00Z,admin
9c2a9ded-0402-4d76-b45e-7b631d537df8,7e6651ee-38bb-4fac-a866-efb7cb02d4ee,Z004XVAC,2026-08-20T00:00:00Z,admin,2026-08-20T00:00:00Z,admin
22713954-1749-47cb-b6ea-316761018f44,7e6651ee-38bb-4fac-a866-efb7cb02d4ee,Z0052TYP,2026-08-20T00:00:00Z,admin,2026-08-20T00:00:00Z,admin
719fb888-20dd-48f5-ac00-8d99f7865d7b,7e6651ee-38bb-4fac-a866-efb7cb02d4ee,Z002Z66N,2026-08-20T00:00:00Z,admin,2026-08-20T00:00:00Z,admin
5d7c8b1a-6cbd-4204-a771-de9944e33c19,7e6651ee-38bb-4fac-a866-efb7cb02d4ee,Z004YK1R,2026-08-20T00:00:00Z,admin,2026-08-20T00:00:00Z,admin
fb42c867-a0a5-4fe1-bc82-a880b464f612,7e6651ee-38bb-4fac-a866-efb7cb02d4ee,Z004Z7ZE,2026-08-20T00:00:00Z,admin,2026-08-20T00:00:00Z,admin
e73818b2-28e6-4fe8-b7e2-37f21f5aafab,7e6651ee-38bb-4fac-a866-efb7cb02d4ee,Z0054KNE,2026-08-20T00:00:00Z,admin,2026-08-20T00:00:00Z,admin
0fc5aca4-802f-46c5-9e10-430e5a1afa5e,7e6651ee-38bb-4fac-a866-efb7cb02d4ee,Z0028XMJ,2026-08-20T00:00:00Z,admin,2026-08-20T00:00:00Z,admin
1c8a396b-b132-421b-bf42-7568f37ea1d3,7e6651ee-38bb-4fac-a866-efb7cb02d4ee,Z004FUJT,2026-08-20T00:00:00Z,admin,2026-08-20T00:00:00Z,admin
843b7c86-9222-45be-a9fa-e2ce8531236b,7e6651ee-38bb-4fac-a866-efb7cb02d4ee,Z001WYDU,2026-08-20T00:00:00Z,admin,2026-08-20T00:00:00Z,admin
f1edc631-62a5-4bf0-8169-a5730b9fb85c,7e6651ee-38bb-4fac-a866-efb7cb02d4ee,Z0014WKT,2026-08-20T00:00:00Z,admin,2026-08-20T00:00:00Z,admin
274fb1ee-9d1c-4fd7-85e6-2313c3973911,7e6651ee-38bb-4fac-a866-efb7cb02d4ee,Z0039MYX,2026-08-20T00:00:00Z,admin,2026-08-20T00:00:00Z,admin
8049f9e3-ac01-4dd6-b54b-8711745350b3,7e6651ee-38bb-4fac-a866-efb7cb02d4ee,Z0051EJU,2026-08-20T00:00:00Z,admin,2026-08-20T00:00:00Z,admin
e99b6f48-6d95-47cc-a3e0-acfdce68c6b4,7e6651ee-38bb-4fac-a866-efb7cb02d4ee,Z003RN6R,2026-08-20T00:00:00Z,admin,2026-08-20T00:00:00Z,admin
d94b9536-4c68-4f06-9822-75612f5e8ba5,7e6651ee-38bb-4fac-a866-efb7cb02d4ee,Z0046D7W,2026-08-20T00:00:00Z,admin,2026-08-20T00:00:00Z,admin
3a23eabc-7e6b-442f-abbf-1cb07a1b659f,7e6651ee-38bb-4fac-a866-efb7cb02d4ee,Z000268E,2026-08-20T00:00:00Z,admin,2026-08-20T00:00:00Z,admin
81b2c59c-9eea-4dce-af1d-561140a37dc9,7e6651ee-38bb-4fac-a866-efb7cb02d4ee,Z002JB9N,2026-08-20T00:00:00Z,admin,2026-08-20T00:00:00Z,admin
1904329b-249a-4bf5-b181-8d81b9acbd7a,7e6651ee-38bb-4fac-a866-efb7cb02d4ee,Z002ZJEH,2026-08-20T00:00:00Z,admin,2026-08-20T00:00:00Z,admin
1971c4a5-5301-4d11-b994-f657ff31a6c2,7e6651ee-38bb-4fac-a866-efb7cb02d4ee,Z0033TXK,2026-08-20T00:00:00Z,admin,2026-08-20T00:00:00Z,admin
683b47fa-3f13-42b7-bff8-c327ac1fa9d6,7e6651ee-38bb-4fac-a866-efb7cb02d4ee,Z0037XDV,2026-08-20T00:00:00Z,admin,2026-08-20T00:00:00Z,admin
fe260adb-7987-4069-9bbb-7ff1419654dd,7e6651ee-38bb-4fac-a866-efb7cb02d4ee,Z0030F0C,2026-08-20T00:00:00Z,admin,2026-08-20T00:00:00Z,admin
58bcfc1b-0ddd-432c-acc3-757b556e591a,7e6651ee-38bb-4fac-a866-efb7cb02d4ee,Z0049ETY,2026-08-20T00:00:00Z,admin,2026-08-20T00:00:00Z,admin
20434990-22ec-4ce0-958a-5b2f67d7f748,7e6651ee-38bb-4fac-a866-efb7cb02d4ee,Z00531ED,2026-08-20T00:00:00Z,admin,2026-08-20T00:00:00Z,admin
6ed1a209-9f67-49b2-82bd-1f9ee2a7cce1,7e6651ee-38bb-4fac-a866-efb7cb02d4ee,Z00578UN,2026-08-20T00:00:00Z,admin,2026-08-20T00:00:00Z,admin
c9939980-7c0c-457f-8f9c-1390185cb94f,7e6651ee-38bb-4fac-a866-efb7cb02d4ee,Z0022MPU,2026-08-20T00:00:00Z,admin,2026-08-20T00:00:00Z,admin
76c120ed-f285-4502-b0e6-dcbe3556634f,7e6651ee-38bb-4fac-a866-efb7cb02d4ee,Z00360RB,2026-08-20T00:00:00Z,admin,2026-08-20T00:00:00Z,admin
9489cb55-bd9b-43de-9f58-bb33e6f2a132,7e6651ee-38bb-4fac-a866-efb7cb02d4ee,Z00580YJ,2026-08-20T00:00:00Z,admin,2026-08-20T00:00:00Z,admin
7d80bb94-aedf-437a-8225-8e8fa506b595,7e6651ee-38bb-4fac-a866-efb7cb02d4ee,Z004XVAB,2026-08-20T00:00:00Z,admin,2026-08-20T00:00:00Z,admin
bda6cca2-265d-4db3-9344-0755fb5c8965,7e6651ee-38bb-4fac-a866-efb7cb02d4ee,Z00503ZF,2026-08-20T00:00:00Z,admin,2026-08-20T00:00:00Z,admin
7906d73e-56c6-41c3-83e8-e1b50a4b800f,7e6651ee-38bb-4fac-a866-efb7cb02d4ee,Z0053X3Z,2026-08-20T00:00:00Z,admin,2026-08-20T00:00:00Z,admin
87d7df49-b525-4439-ae7c-578183ca75f4,7e6651ee-38bb-4fac-a866-efb7cb02d4ee,Z004Z8HY,2026-08-20T00:00:00Z,admin,2026-08-20T00:00:00Z,admin
ee06aab9-7017-4064-8a7a-00c429d0b86e,7e6651ee-38bb-4fac-a866-efb7cb02d4ee,Z00366PH,2026-08-20T00:00:00Z,admin,2026-08-20T00:00:00Z,admin
58383e3c-9312-42d7-b8cf-2879a0e20432,7e6651ee-38bb-4fac-a866-efb7cb02d4ee,Z002M9XR,2026-08-20T00:00:00Z,admin,2026-08-20T00:00:00Z,admin
24608e88-c635-4288-b6cd-20fff58bc7fe,7e6651ee-38bb-4fac-a866-efb7cb02d4ee,Z0059DWT,2026-08-20T00:00:00Z,admin,2026-08-20T00:00:00Z,admin
35c7988c-da23-44bd-b38f-3268bc7a1a2a,7e6651ee-38bb-4fac-a866-efb7cb02d4ee,Z005989N,2026-08-20T00:00:00Z,admin,2026-08-20T00:00:00Z,admin
b0380ce1-6d03-4f57-9b34-2ce00fe5ca53,7e6651ee-38bb-4fac-a866-efb7cb02d4ee,Z0059DYC,2026-08-20T00:00:00Z,admin,2026-08-20T00:00:00Z,admin
f4237da1-aeb6-4812-9d07-46eb6b0f0329,7e6651ee-38bb-4fac-a866-efb7cb02d4ee,Z0047WTV,2026-08-20T00:00:00Z,admin,2026-08-20T00:00:00Z,admin
c29115df-7477-4db8-9c9b-62cbcde158d4,dc5b93a5-7d50-420c-86de-194531517aee,Z004TAMU,2026-08-20T00:00:00Z,admin,2026-08-20T00:00:00Z,admin
46231844-ed9f-4831-aad5-9fd57a5580ad,dc5b93a5-7d50-420c-86de-194531517aee,Z00531DY,2026-08-20T00:00:00Z,admin,2026-08-20T00:00:00Z,admin
7d85bfd9-0e7d-4626-b9f5-7183b201f906,dc5b93a5-7d50-420c-86de-194531517aee,Z004XVAC,2026-08-20T00:00:00Z,admin,2026-08-20T00:00:00Z,admin
a71a30fc-888f-4385-8f72-761f0f43e082,dc5b93a5-7d50-420c-86de-194531517aee,Z0052TYP,2026-08-20T00:00:00Z,admin,2026-08-20T00:00:00Z,admin
dd3ddda4-957f-4b6c-8914-6885238bd065,dc5b93a5-7d50-420c-86de-194531517aee,Z002Z66N,2026-08-20T00:00:00Z,admin,2026-08-20T00:00:00Z,admin
8e8f32d1-7cf9-4322-83a7-3b4d2efcf823,dc5b93a5-7d50-420c-86de-194531517aee,Z004YK1R,2026-08-20T00:00:00Z,admin,2026-08-20T00:00:00Z,admin
0e394bf0-091b-4de5-b58b-7c7ff030c90b,dc5b93a5-7d50-420c-86de-194531517aee,Z004Z7ZE,2026-08-20T00:00:00Z,admin,2026-08-20T00:00:00Z,admin
f126c539-d14a-48b8-8342-ebc3655877e0,dc5b93a5-7d50-420c-86de-194531517aee,Z0054KNE,2026-08-20T00:00:00Z,admin,2026-08-20T00:00:00Z,admin
227cd68b-3a71-4fa2-9f52-8dcb86e1a226,dc5b93a5-7d50-420c-86de-194531517aee,Z0028XMJ,2026-08-20T00:00:00Z,admin,2026-08-20T00:00:00Z,admin
f2814a54-68e6-4d11-9324-c6317f33f3aa,dc5b93a5-7d50-420c-86de-194531517aee,Z004FUJT,2026-08-20T00:00:00Z,admin,2026-08-20T00:00:00Z,admin
271536ce-36da-4ccf-aa7c-18d8e26e7d63,dc5b93a5-7d50-420c-86de-194531517aee,Z001WYDU,2026-08-20T00:00:00Z,admin,2026-08-20T00:00:00Z,admin
3881f1e8-f63c-497a-87cc-64a6d969608f,dc5b93a5-7d50-420c-86de-194531517aee,Z0014WKT,2026-08-20T00:00:00Z,admin,2026-08-20T00:00:00Z,admin
8a9b5568-2170-479b-96fb-f9e3c12f7527,dc5b93a5-7d50-420c-86de-194531517aee,Z0039MYX,2026-08-20T00:00:00Z,admin,2026-08-20T00:00:00Z,admin
f7ab74d4-0662-4253-9b2a-6791e103d48a,dc5b93a5-7d50-420c-86de-194531517aee,Z0051EJU,2026-08-20T00:00:00Z,admin,2026-08-20T00:00:00Z,admin
678d840f-9876-4a7a-93f2-bd30c2ce9927,dc5b93a5-7d50-420c-86de-194531517aee,Z003RN6R,2026-08-20T00:00:00Z,admin,2026-08-20T00:00:00Z,admin
8b87d613-7792-45ff-b939-1c28d90e3cc6,dc5b93a5-7d50-420c-86de-194531517aee,Z0046D7W,2026-08-20T00:00:00Z,admin,2026-08-20T00:00:00Z,admin
4123465f-8e26-4630-8be5-74a4e3942c64,dc5b93a5-7d50-420c-86de-194531517aee,Z000268E,2026-08-20T00:00:00Z,admin,2026-08-20T00:00:00Z,admin
5e617290-b53c-40ce-a9f6-b67b13eee34b,dc5b93a5-7d50-420c-86de-194531517aee,Z002JB9N,2026-08-20T00:00:00Z,admin,2026-08-20T00:00:00Z,admin
1ccae8c5-eb5f-47cd-9a14-e38f3274e647,dc5b93a5-7d50-420c-86de-194531517aee,Z002ZJEH,2026-08-20T00:00:00Z,admin,2026-08-20T00:00:00Z,admin
985d2716-3ddb-4089-abfb-348b3c50cc69,dc5b93a5-7d50-420c-86de-194531517aee,Z0033TXK,2026-08-20T00:00:00Z,admin,2026-08-20T00:00:00Z,admin
85f1b705-2f29-4f43-8480-19f43d642dd1,dc5b93a5-7d50-420c-86de-194531517aee,Z0037XDV,2026-08-20T00:00:00Z,admin,2026-08-20T00:00:00Z,admin
15ef90d9-55a6-4345-8758-85b58eb2e4b7,dc5b93a5-7d50-420c-86de-194531517aee,Z0030F0C,2026-08-20T00:00:00Z,admin,2026-08-20T00:00:00Z,admin
3e02bca1-22a5-410a-9351-12bb3a9780a2,dc5b93a5-7d50-420c-86de-194531517aee,Z0049ETY,2026-08-20T00:00:00Z,admin,2026-08-20T00:00:00Z,admin
9f47892d-dcc7-4769-950d-7ee4d94760a5,dc5b93a5-7d50-420c-86de-194531517aee,Z00531ED,2026-08-20T00:00:00Z,admin,2026-08-20T00:00:00Z,admin
9d2de582-69cf-487c-ac8e-80742590a4e3,dc5b93a5-7d50-420c-86de-194531517aee,Z00578UN,2026-08-20T00:00:00Z,admin,2026-08-20T00:00:00Z,admin
1295e9df-db31-4b28-addd-11843148ea56,dc5b93a5-7d50-420c-86de-194531517aee,Z0022MPU,2026-08-20T00:00:00Z,admin,2026-08-20T00:00:00Z,admin
d13fcd55-b7ef-4907-b1d1-1bc3642f1524,dc5b93a5-7d50-420c-86de-194531517aee,Z00360RB,2026-08-20T00:00:00Z,admin,2026-08-20T00:00:00Z,admin
89230252-c3c1-4a2a-bcc4-cbe0845e954f,dc5b93a5-7d50-420c-86de-194531517aee,Z00580YJ,2026-08-20T00:00:00Z,admin,2026-08-20T00:00:00Z,admin
4afbcc5b-5fcb-469d-a6c1-fed69c34c169,dc5b93a5-7d50-420c-86de-194531517aee,Z004XVAB,2026-08-20T00:00:00Z,admin,2026-08-20T00:00:00Z,admin
ecab26fc-b62b-43ca-b909-0041b8b0bf32,dc5b93a5-7d50-420c-86de-194531517aee,Z00503ZF,2026-08-20T00:00:00Z,admin,2026-08-20T00:00:00Z,admin
94cf0244-8efe-4b10-b4ae-e780e429d9ae,dc5b93a5-7d50-420c-86de-194531517aee,Z0053X3Z,2026-08-20T00:00:00Z,admin,2026-08-20T00:00:00Z,admin
f8b993a2-624f-4403-9929-e568909ab3e3,dc5b93a5-7d50-420c-86de-194531517aee,Z004Z8HY,2026-08-20T00:00:00Z,admin,2026-08-20T00:00:00Z,admin
0f257492-8659-45dd-868b-983c7d5ae631,dc5b93a5-7d50-420c-86de-194531517aee,Z00366PH,2026-08-20T00:00:00Z,admin,2026-08-20T00:00:00Z,admin
66fcd528-9b2f-40b5-85ad-ae5a3f852143,dc5b93a5-7d50-420c-86de-194531517aee,Z002M9XR,2026-08-20T00:00:00Z,admin,2026-08-20T00:00:00Z,admin
56fc4a5d-4e22-4fc3-b117-d160640d5f6b,dc5b93a5-7d50-420c-86de-194531517aee,Z0059DWT,2026-08-20T00:00:00Z,admin,2026-08-20T00:00:00Z,admin
30ea35a3-f077-4e7f-bef7-192236e30a56,dc5b93a5-7d50-420c-86de-194531517aee,Z005989N,2026-08-20T00:00:00Z,admin,2026-08-20T00:00:00Z,admin
2508b503-4afd-4a2e-bfc7-da062035b1f1,dc5b93a5-7d50-420c-86de-194531517aee,Z0059DYC,2026-08-20T00:00:00Z,admin,2026-08-20T00:00:00Z,admin
95a58c6a-256c-4cb5-a7ca-3cb5718ccb7f,dc5b93a5-7d50-420c-86de-194531517aee,Z0047WTV,2026-08-20T00:00:00Z,admin,2026-08-20T00:00:00Z,admin
de1eb98a-c160-448c-b457-46918a11cf0b,2c95241e-e317-472d-a125-4bb8c9e547d0,Z004TAMU,2026-08-20T00:00:00Z,admin,2026-08-20T00:00:00Z,admin
4efe26e2-f241-4e8a-88a5-e1cffd7b8cdb,2c95241e-e317-472d-a125-4bb8c9e547d0,Z00531DY,2026-08-20T00:00:00Z,admin,2026-08-20T00:00:00Z,admin
64da917a-eea6-4039-abda-4513e37e467e,2c95241e-e317-472d-a125-4bb8c9e547d0,Z004XVAC,2026-08-20T00:00:00Z,admin,2026-08-20T00:00:00Z,admin
863b3e0b-ef63-4240-acb7-15452dc2ba17,2c95241e-e317-472d-a125-4bb8c9e547d0,Z0052TYP,2026-08-20T00:00:00Z,admin,2026-08-20T00:00:00Z,admin
62a2df86-8c70-4a5f-8585-ff636d906884,2c95241e-e317-472d-a125-4bb8c9e547d0,Z002Z66N,2026-08-20T00:00:00Z,admin,2026-08-20T00:00:00Z,admin
6fc4488b-b2fb-4651-9f47-7bc60897c476,2c95241e-e317-472d-a125-4bb8c9e547d0,Z004YK1R,2026-08-20T00:00:00Z,admin,2026-08-20T00:00:00Z,admin
921c1cfd-7647-4285-8bc1-d64b8378b3bd,2c95241e-e317-472d-a125-4bb8c9e547d0,Z004Z7ZE,2026-08-20T00:00:00Z,admin,2026-08-20T00:00:00Z,admin
eb6932d4-46eb-48ec-bd1b-5cd3fb0ed10c,2c95241e-e317-472d-a125-4bb8c9e547d0,Z0054KNE,2026-08-20T00:00:00Z,admin,2026-08-20T00:00:00Z,admin
f5c67dbe-4a56-4df7-bdb7-b8991f4a16cf,2c95241e-e317-472d-a125-4bb8c9e547d0,Z0028XMJ,2026-08-20T00:00:00Z,admin,2026-08-20T00:00:00Z,admin
bccc46aa-a05f-42f4-96c7-48ee9aa2c67b,2c95241e-e317-472d-a125-4bb8c9e547d0,Z004FUJT,2026-08-20T00:00:00Z,admin,2026-08-20T00:00:00Z,admin
6b12213e-72d6-4841-ac43-41f63452583a,2c95241e-e317-472d-a125-4bb8c9e547d0,Z001WYDU,2026-08-20T00:00:00Z,admin,2026-08-20T00:00:00Z,admin
fbaaebdc-0a7e-4929-8e58-74ccd7d1c309,2c95241e-e317-472d-a125-4bb8c9e547d0,Z0014WKT,2026-08-20T00:00:00Z,admin,2026-08-20T00:00:00Z,admin
15203e4e-b6a2-40f4-a29f-21432b216d49,2c95241e-e317-472d-a125-4bb8c9e547d0,Z0039MYX,2026-08-20T00:00:00Z,admin,2026-08-20T00:00:00Z,admin
2ba53d88-7eff-409a-9e11-668192536142,2c95241e-e317-472d-a125-4bb8c9e547d0,Z0051EJU,2026-08-20T00:00:00Z,admin,2026-08-20T00:00:00Z,admin
9c0765eb-30a6-4779-9305-cb492f222f6a,2c95241e-e317-472d-a125-4bb8c9e547d0,Z003RN6R,2026-08-20T00:00:00Z,admin,2026-08-20T00:00:00Z,admin
e67788b2-8916-4af2-985b-f47677779058,2c95241e-e317-472d-a125-4bb8c9e547d0,Z0046D7W,2026-08-20T00:00:00Z,admin,2026-08-20T00:00:00Z,admin
f0bf9b05-a30a-4ff5-98e4-62eaaf54014b,2c95241e-e317-472d-a125-4bb8c9e547d0,Z000268E,2026-08-20T00:00:00Z,admin,2026-08-20T00:00:00Z,admin
d81fbeba-04bf-4f9b-8292-1219b5e66ed5,2c95241e-e317-472d-a125-4bb8c9e547d0,Z002JB9N,2026-08-20T00:00:00Z,admin,2026-08-20T00:00:00Z,admin
572160d2-3079-4920-8d3c-71cc85c7f20f,2c95241e-e317-472d-a125-4bb8c9e547d0,Z002ZJEH,2026-08-20T00:00:00Z,admin,2026-08-20T00:00:00Z,admin
995fe873-3840-4dd9-a637-80c7e2a3d6f4,2c95241e-e317-472d-a125-4bb8c9e547d0,Z0033TXK,2026-08-20T00:00:00Z,admin,2026-08-20T00:00:00Z,admin
f704fcb4-9ea4-44aa-8a4b-811ced87cc4e,2c95241e-e317-472d-a125-4bb8c9e547d0,Z0037XDV,2026-08-20T00:00:00Z,admin,2026-08-20T00:00:00Z,admin
f2429cdb-de62-47f6-9f1e-3b81bf84f2e2,2c95241e-e317-472d-a125-4bb8c9e547d0,Z0030F0C,2026-08-20T00:00:00Z,admin,2026-08-20T00:00:00Z,admin
7364f17b-5172-42f8-bffd-70be79f64fda,2c95241e-e317-472d-a125-4bb8c9e547d0,Z0049ETY,2026-08-20T00:00:00Z,admin,2026-08-20T00:00:00Z,admin
60c5dc99-a3a6-432b-b1f0-d930c74c508c,2c95241e-e317-472d-a125-4bb8c9e547d0,Z00531ED,2026-08-20T00:00:00Z,admin,2026-08-20T00:00:00Z,admin
c7eb63d3-f26a-4436-81e4-1ddf1c5e64d7,2c95241e-e317-472d-a125-4bb8c9e547d0,Z00578UN,2026-08-20T00:00:00Z,admin,2026-08-20T00:00:00Z,admin
ddc9dc8e-8c21-4673-b119-f5b4f1658c5b,2c95241e-e317-472d-a125-4bb8c9e547d0,Z0022MPU,2026-08-20T00:00:00Z,admin,2026-08-20T00:00:00Z,admin
b17719f8-7847-48e5-9398-ae4d68ce5085,2c95241e-e317-472d-a125-4bb8c9e547d0,Z00360RB,2026-08-20T00:00:00Z,admin,2026-08-20T00:00:00Z,admin
76962eb2-57c6-4502-987c-401a976e9638,2c95241e-e317-472d-a125-4bb8c9e547d0,Z00580YJ,2026-08-20T00:00:00Z,admin,2026-08-20T00:00:00Z,admin
8a1d3926-49df-4ccb-81b0-68791cf8a50e,2c95241e-e317-472d-a125-4bb8c9e547d0,Z004XVAB,2026-08-20T00:00:00Z,admin,2026-08-20T00:00:00Z,admin
3aaedbaa-13ce-415a-8626-8793968352c5,2c95241e-e317-472d-a125-4bb8c9e547d0,Z00503ZF,2026-08-20T00:00:00Z,admin,2026-08-20T00:00:00Z,admin
fd4ef8dc-afcf-4571-85f7-4f229cb91019,2c95241e-e317-472d-a125-4bb8c9e547d0,Z0053X3Z,2026-08-20T00:00:00Z,admin,2026-08-20T00:00:00Z,admin
7aa54d80-ba0f-48f2-9c39-5febed39051f,2c95241e-e317-472d-a125-4bb8c9e547d0,Z004Z8HY,2026-08-20T00:00:00Z,admin,2026-08-20T00:00:00Z,admin
7ba3813d-24cc-4609-aa27-9ff64b82fc45,2c95241e-e317-472d-a125-4bb8c9e547d0,Z00366PH,2026-08-20T00:00:00Z,admin,2026-08-20T00:00:00Z,admin
bdd98aae-0915-47c5-9aa3-06c69618558f,2c95241e-e317-472d-a125-4bb8c9e547d0,Z002M9XR,2026-08-20T00:00:00Z,admin,2026-08-20T00:00:00Z,admin
05369c52-f663-4f0c-8e0a-0e0cd0d109a4,2c95241e-e317-472d-a125-4bb8c9e547d0,Z0059DWT,2026-08-20T00:00:00Z,admin,2026-08-20T00:00:00Z,admin
2959242b-5e1a-4176-b014-c16a3bae1317,2c95241e-e317-472d-a125-4bb8c9e547d0,Z005989N,2026-08-20T00:00:00Z,admin,2026-08-20T00:00:00Z,admin
38f8f28b-a65e-4524-bcd9-c1ff6cef30e1,2c95241e-e317-472d-a125-4bb8c9e547d0,Z0059DYC,2026-08-20T00:00:00Z,admin,2026-08-20T00:00:00Z,admin
33ad3c42-faa1-4748-8c01-2ee069523a7a,2c95241e-e317-472d-a125-4bb8c9e547d0,Z0047WTV,2026-08-20T00:00:00Z,admin,2026-08-20T00:00:00Z,admin
815dc1e8-a8a2-4a9a-b19f-49a69a31c3b1,da84a10b-b403-4d8c-9146-08d57c48afa3,Z004TAMU,2026-08-20T00:00:00Z,admin,2026-08-20T00:00:00Z,admin
a847a53c-48c4-4cc3-a94c-aaacfad906ed,da84a10b-b403-4d8c-9146-08d57c48afa3,Z00531DY,2026-08-20T00:00:00Z,admin,2026-08-20T00:00:00Z,admin
d0411e44-12a6-45ec-a182-725ca4e500e7,da84a10b-b403-4d8c-9146-08d57c48afa3,Z004XVAC,2026-08-20T00:00:00Z,admin,2026-08-20T00:00:00Z,admin
cbd204f4-0bd2-4ec3-bcea-c263dd1a996e,da84a10b-b403-4d8c-9146-08d57c48afa3,Z0052TYP,2026-08-20T00:00:00Z,admin,2026-08-20T00:00:00Z,admin
487855e1-5b9b-453b-bc65-3613045c2300,da84a10b-b403-4d8c-9146-08d57c48afa3,Z002Z66N,2026-08-20T00:00:00Z,admin,2026-08-20T00:00:00Z,admin
6e197b0c-63be-407e-bf6f-ecad560b9e82,da84a10b-b403-4d8c-9146-08d57c48afa3,Z004YK1R,2026-08-20T00:00:00Z,admin,2026-08-20T00:00:00Z,admin
d5456027-cc28-4d2b-9539-4a131fa16acb,da84a10b-b403-4d8c-9146-08d57c48afa3,Z004Z7ZE,2026-08-20T00:00:00Z,admin,2026-08-20T00:00:00Z,admin
3dd6925c-c3ed-425d-87ec-f7b0f65dbd6f,da84a10b-b403-4d8c-9146-08d57c48afa3,Z0054KNE,2026-08-20T00:00:00Z,admin,2026-08-20T00:00:00Z,admin
9124f25a-0d1c-468b-90ea-d874009a4b17,da84a10b-b403-4d8c-9146-08d57c48afa3,Z0028XMJ,2026-08-20T00:00:00Z,admin,2026-08-20T00:00:00Z,admin
eeeb0e78-04c2-4bfc-8ff1-d5702442373d,da84a10b-b403-4d8c-9146-08d57c48afa3,Z004FUJT,2026-08-20T00:00:00Z,admin,2026-08-20T00:00:00Z,admin
5878d96f-9bc2-44f5-aad5-45d52d8b8934,da84a10b-b403-4d8c-9146-08d57c48afa3,Z001WYDU,2026-08-20T00:00:00Z,admin,2026-08-20T00:00:00Z,admin
ecc552b1-8f98-4dd3-b01a-360d2f8b4e60,da84a10b-b403-4d8c-9146-08d57c48afa3,Z0014WKT,2026-08-20T00:00:00Z,admin,2026-08-20T00:00:00Z,admin
20977e8a-1579-44cf-8788-92396a978419,da84a10b-b403-4d8c-9146-08d57c48afa3,Z0039MYX,2026-08-20T00:00:00Z,admin,2026-08-20T00:00:00Z,admin
0a66b80d-c04a-4e85-8653-c11ccf7ffaf8,da84a10b-b403-4d8c-9146-08d57c48afa3,Z0051EJU,2026-08-20T00:00:00Z,admin,2026-08-20T00:00:00Z,admin
369d0766-aa17-4b98-ba55-c308772a6975,da84a10b-b403-4d8c-9146-08d57c48afa3,Z003RN6R,2026-08-20T00:00:00Z,admin,2026-08-20T00:00:00Z,admin
37491c2a-58b4-4e49-bc3f-a01775a8a837,da84a10b-b403-4d8c-9146-08d57c48afa3,Z0046D7W,2026-08-20T00:00:00Z,admin,2026-08-20T00:00:00Z,admin
5d3a5671-5ead-4bbb-aca3-bacf49c22f41,da84a10b-b403-4d8c-9146-08d57c48afa3,Z000268E,2026-08-20T00:00:00Z,admin,2026-08-20T00:00:00Z,admin
3a322308-95fc-4fb7-8d41-261cd304be35,da84a10b-b403-4d8c-9146-08d57c48afa3,Z002JB9N,2026-08-20T00:00:00Z,admin,2026-08-20T00:00:00Z,admin
fcf6c9ce-8d4c-4bf5-adc8-12a949d1eff4,da84a10b-b403-4d8c-9146-08d57c48afa3,Z002ZJEH,2026-08-20T00:00:00Z,admin,2026-08-20T00:00:00Z,admin
fc5c72d1-f598-4590-ab44-a29cd6b1330e,da84a10b-b403-4d8c-9146-08d57c48afa3,Z0033TXK,2026-08-20T00:00:00Z,admin,2026-08-20T00:00:00Z,admin
9265161f-a20d-43a1-99a4-46393c1f26eb,da84a10b-b403-4d8c-9146-08d57c48afa3,Z0037XDV,2026-08-20T00:00:00Z,admin,2026-08-20T00:00:00Z,admin
7ee547ab-95f1-497a-a28c-cc31614e632a,da84a10b-b403-4d8c-9146-08d57c48afa3,Z0030F0C,2026-08-20T00:00:00Z,admin,2026-08-20T00:00:00Z,admin
df2097b3-c926-4880-82f8-28c5e8d883d7,da84a10b-b403-4d8c-9146-08d57c48afa3,Z0049ETY,2026-08-20T00:00:00Z,admin,2026-08-20T00:00:00Z,admin
61d4480a-b808-47b1-af6c-63295571b8e1,da84a10b-b403-4d8c-9146-08d57c48afa3,Z00531ED,2026-08-20T00:00:00Z,admin,2026-08-20T00:00:00Z,admin
7afa9a52-a04a-4982-8324-3830d0d5a846,da84a10b-b403-4d8c-9146-08d57c48afa3,Z00578UN,2026-08-20T00:00:00Z,admin,2026-08-20T00:00:00Z,admin
624467f3-85d7-4e01-8445-da5fe971b4f4,da84a10b-b403-4d8c-9146-08d57c48afa3,Z0022MPU,2026-08-20T00:00:00Z,admin,2026-08-20T00:00:00Z,admin
49b4f168-e2eb-45e4-9b6c-e0b2c528e94c,da84a10b-b403-4d8c-9146-08d57c48afa3,Z00360RB,2026-08-20T00:00:00Z,admin,2026-08-20T00:00:00Z,admin
54754630-c6d6-42cc-905d-408a471ae02a,da84a10b-b403-4d8c-9146-08d57c48afa3,Z00580YJ,2026-08-20T00:00:00Z,admin,2026-08-20T00:00:00Z,admin
b88a4c34-6ade-4416-bb9b-a978ef807ed0,da84a10b-b403-4d8c-9146-08d57c48afa3,Z004XVAB,2026-08-20T00:00:00Z,admin,2026-08-20T00:00:00Z,admin
49451b5b-e5ef-450c-a02d-f999c6c6f29f,da84a10b-b403-4d8c-9146-08d57c48afa3,Z00503ZF,2026-08-20T00:00:00Z,admin,2026-08-20T00:00:00Z,admin
5e2485f9-b297-4090-9e3e-0ce97d2be5db,da84a10b-b403-4d8c-9146-08d57c48afa3,Z0053X3Z,2026-08-20T00:00:00Z,admin,2026-08-20T00:00:00Z,admin
42e1e374-c8e4-43df-a1ac-aad03bec2440,da84a10b-b403-4d8c-9146-08d57c48afa3,Z004Z8HY,2026-08-20T00:00:00Z,admin,2026-08-20T00:00:00Z,admin
084a1ac2-0faf-4641-af7a-d786c5a70b1c,da84a10b-b403-4d8c-9146-08d57c48afa3,Z00366PH,2026-08-20T00:00:00Z,admin,2026-08-20T00:00:00Z,admin
4f0a1161-bd3d-4493-adff-5672ea3c02dc,da84a10b-b403-4d8c-9146-08d57c48afa3,Z002M9XR,2026-08-20T00:00:00Z,admin,2026-08-20T00:00:00Z,admin
338ac75a-39c0-4efc-879a-7e4680382d16,da84a10b-b403-4d8c-9146-08d57c48afa3,Z0059DWT,2026-08-20T00:00:00Z,admin,2026-08-20T00:00:00Z,admin
166a80e9-08cb-4655-867b-e3c67f4018fc,da84a10b-b403-4d8c-9146-08d57c48afa3,Z005989N,2026-08-20T00:00:00Z,admin,2026-08-20T00:00:00Z,admin
aa5df2da-ea6d-4112-9344-6df5384f6276,da84a10b-b403-4d8c-9146-08d57c48afa3,Z0059DYC,2026-08-20T00:00:00Z,admin,2026-08-20T00:00:00Z,admin
48e7b1f0-343e-43d6-9d6f-7ef42f085ea1,da84a10b-b403-4d8c-9146-08d57c48afa3,Z0047WTV,2026-08-20T00:00:00Z,admin,2026-08-20T00:00:00Z,admin
e11ed3b9-5d22-4cd4-9cfb-a258d6315655,71e8de58-c6fb-4ab2-aa45-f8747dd7b3d7,Z004TAMU,2026-08-20T00:00:00Z,admin,2026-08-20T00:00:00Z,admin
1501111f-7965-4b33-99a6-6069c22399fd,71e8de58-c6fb-4ab2-aa45-f8747dd7b3d7,Z00531DY,2026-08-20T00:00:00Z,admin,2026-08-20T00:00:00Z,admin
1cad4309-1dd9-4860-8936-e07ea8832e85,71e8de58-c6fb-4ab2-aa45-f8747dd7b3d7,Z004XVAC,2026-08-20T00:00:00Z,admin,2026-08-20T00:00:00Z,admin
9f996ed5-5a80-4b4d-a28e-6c16ada4859e,71e8de58-c6fb-4ab2-aa45-f8747dd7b3d7,Z0052TYP,2026-08-20T00:00:00Z,admin,2026-08-20T00:00:00Z,admin
b98827e0-99cf-4eab-b038-44635cfcb293,71e8de58-c6fb-4ab2-aa45-f8747dd7b3d7,Z002Z66N,2026-08-20T00:00:00Z,admin,2026-08-20T00:00:00Z,admin
20aa72b4-3f73-4544-a7cd-1d75300080b3,71e8de58-c6fb-4ab2-aa45-f8747dd7b3d7,Z004YK1R,2026-08-20T00:00:00Z,admin,2026-08-20T00:00:00Z,admin
bccb4bd0-dd4c-4ad7-a9b0-9570cf002edf,71e8de58-c6fb-4ab2-aa45-f8747dd7b3d7,Z004Z7ZE,2026-08-20T00:00:00Z,admin,2026-08-20T00:00:00Z,admin
54a74491-51e6-41dc-bdaf-5695851bcdfd,71e8de58-c6fb-4ab2-aa45-f8747dd7b3d7,Z0054KNE,2026-08-20T00:00:00Z,admin,2026-08-20T00:00:00Z,admin
102b83c6-e2c2-45e1-a96d-85fda4d8a4fc,71e8de58-c6fb-4ab2-aa45-f8747dd7b3d7,Z0028XMJ,2026-08-20T00:00:00Z,admin,2026-08-20T00:00:00Z,admin
210d9c94-3482-447a-be76-9edb41b975b4,71e8de58-c6fb-4ab2-aa45-f8747dd7b3d7,Z004FUJT,2026-08-20T00:00:00Z,admin,2026-08-20T00:00:00Z,admin
e13e2d46-8497-4c5f-977e-eec2a1f78a8a,71e8de58-c6fb-4ab2-aa45-f8747dd7b3d7,Z001WYDU,2026-08-20T00:00:00Z,admin,2026-08-20T00:00:00Z,admin
afe1057c-d9c0-4297-9020-b9534335b974,71e8de58-c6fb-4ab2-aa45-f8747dd7b3d7,Z0014WKT,2026-08-20T00:00:00Z,admin,2026-08-20T00:00:00Z,admin
02c336a7-3193-4625-9c40-f9e9515bedba,71e8de58-c6fb-4ab2-aa45-f8747dd7b3d7,Z0039MYX,2026-08-20T00:00:00Z,admin,2026-08-20T00:00:00Z,admin
6fde7bb7-6d5c-4b52-98f3-d6a2d78598d3,71e8de58-c6fb-4ab2-aa45-f8747dd7b3d7,Z0051EJU,2026-08-20T00:00:00Z,admin,2026-08-20T00:00:00Z,admin
3567c05d-3c96-40f9-aea5-73393d99c433,71e8de58-c6fb-4ab2-aa45-f8747dd7b3d7,Z003RN6R,2026-08-20T00:00:00Z,admin,2026-08-20T00:00:00Z,admin
09d7c865-6b96-4e3f-b8ca-9f7ad15061aa,71e8de58-c6fb-4ab2-aa45-f8747dd7b3d7,Z0046D7W,2026-08-20T00:00:00Z,admin,2026-08-20T00:00:00Z,admin
89e3c2e9-52ad-49cb-88ce-6f53b260868f,71e8de58-c6fb-4ab2-aa45-f8747dd7b3d7,Z000268E,2026-08-20T00:00:00Z,admin,2026-08-20T00:00:00Z,admin
407d8535-9ddd-4ac3-9c8e-ce4db980981e,71e8de58-c6fb-4ab2-aa45-f8747dd7b3d7,Z002JB9N,2026-08-20T00:00:00Z,admin,2026-08-20T00:00:00Z,admin
373d651f-ce19-44ac-b3ac-3cbfc2e124e6,71e8de58-c6fb-4ab2-aa45-f8747dd7b3d7,Z002ZJEH,2026-08-20T00:00:00Z,admin,2026-08-20T00:00:00Z,admin
2cde927b-7091-46c5-89c4-3685f822bed2,71e8de58-c6fb-4ab2-aa45-f8747dd7b3d7,Z0033TXK,2026-08-20T00:00:00Z,admin,2026-08-20T00:00:00Z,admin
40728dc5-83cf-4fa9-ae3b-a68d670dc12b,71e8de58-c6fb-4ab2-aa45-f8747dd7b3d7,Z0037XDV,2026-08-20T00:00:00Z,admin,2026-08-20T00:00:00Z,admin
2da8134e-c624-49fe-a0f7-23cf0a9331c1,71e8de58-c6fb-4ab2-aa45-f8747dd7b3d7,Z0030F0C,2026-08-20T00:00:00Z,admin,2026-08-20T00:00:00Z,admin
87903c44-b1cb-44fe-bc83-fc747da27ca7,71e8de58-c6fb-4ab2-aa45-f8747dd7b3d7,Z0049ETY,2026-08-20T00:00:00Z,admin,2026-08-20T00:00:00Z,admin
ac406fd1-cb55-4d4f-a5a1-eafca5919432,71e8de58-c6fb-4ab2-aa45-f8747dd7b3d7,Z00531ED,2026-08-20T00:00:00Z,admin,2026-08-20T00:00:00Z,admin
771a3893-040d-420c-a6e9-000a9c64d0e3,71e8de58-c6fb-4ab2-aa45-f8747dd7b3d7,Z00578UN,2026-08-20T00:00:00Z,admin,2026-08-20T00:00:00Z,admin
87d2a1b5-731b-4247-9580-c7081c08c046,71e8de58-c6fb-4ab2-aa45-f8747dd7b3d7,Z0022MPU,2026-08-20T00:00:00Z,admin,2026-08-20T00:00:00Z,admin
0b15c402-2d40-4e33-9ec4-e939583dd86d,71e8de58-c6fb-4ab2-aa45-f8747dd7b3d7,Z00360RB,2026-08-20T00:00:00Z,admin,2026-08-20T00:00:00Z,admin
8afa4cc9-0c88-4485-8015-4060ed8aba70,71e8de58-c6fb-4ab2-aa45-f8747dd7b3d7,Z00580YJ,2026-08-20T00:00:00Z,admin,2026-08-20T00:00:00Z,admin
795b98f2-1435-42d7-9e79-2385e0321fcf,71e8de58-c6fb-4ab2-aa45-f8747dd7b3d7,Z004XVAB,2026-08-20T00:00:00Z,admin,2026-08-20T00:00:00Z,admin
3495ec99-d1f6-4518-b247-9295df1ab70b,71e8de58-c6fb-4ab2-aa45-f8747dd7b3d7,Z00503ZF,2026-08-20T00:00:00Z,admin,2026-08-20T00:00:00Z,admin
a55d63d0-21f7-454c-94e5-95644f433607,71e8de58-c6fb-4ab2-aa45-f8747dd7b3d7,Z0053X3Z,2026-08-20T00:00:00Z,admin,2026-08-20T00:00:00Z,admin
c3ce01d7-8517-448e-9c23-983cc8684aca,71e8de58-c6fb-4ab2-aa45-f8747dd7b3d7,Z004Z8HY,2026-08-20T00:00:00Z,admin,2026-08-20T00:00:00Z,admin
4277028b-a3e8-49be-a71e-cbb96d7987e6,71e8de58-c6fb-4ab2-aa45-f8747dd7b3d7,Z00366PH,2026-08-20T00:00:00Z,admin,2026-08-20T00:00:00Z,admin
3330f44d-d6a6-4fe4-bc22-56f8f6b2fe3b,71e8de58-c6fb-4ab2-aa45-f8747dd7b3d7,Z002M9XR,2026-08-20T00:00:00Z,admin,2026-08-20T00:00:00Z,admin
f081781a-a440-4c94-a677-5ddd9022f2c1,71e8de58-c6fb-4ab2-aa45-f8747dd7b3d7,Z0059DWT,2026-08-20T00:00:00Z,admin,2026-08-20T00:00:00Z,admin
4d27b46b-23b3-45bf-94d2-1be0c4479b26,71e8de58-c6fb-4ab2-aa45-f8747dd7b3d7,Z005989N,2026-08-20T00:00:00Z,admin,2026-08-20T00:00:00Z,admin
9566c842-0c29-418b-a220-b54bc79e72d0,71e8de58-c6fb-4ab2-aa45-f8747dd7b3d7,Z0059DYC,2026-08-20T00:00:00Z,admin,2026-08-20T00:00:00Z,admin
bfc8bbb1-e599-47cf-ab16-c69a57af56d0,71e8de58-c6fb-4ab2-aa45-f8747dd7b3d7,Z0047WTV,2026-08-20T00:00:00Z,admin,2026-08-20T00:00:00Z,admin
dd657965-1cae-473c-93d2-1be549f5b263,cb2e3141-1924-418f-b0d3-4a5ba56639e8,Z004TAMU,2026-08-20T00:00:00Z,admin,2026-08-20T00:00:00Z,admin
2163d60c-b685-4c75-a8d9-36f6c3fa2920,cb2e3141-1924-418f-b0d3-4a5ba56639e8,Z00531DY,2026-08-20T00:00:00Z,admin,2026-08-20T00:00:00Z,admin
8e189ffa-dfb9-4a68-a9ee-99d07b3c0d69,cb2e3141-1924-418f-b0d3-4a5ba56639e8,Z004XVAC,2026-08-20T00:00:00Z,admin,2026-08-20T00:00:00Z,admin
f2703b11-20f1-4fab-8d56-cbf63f8fa087,cb2e3141-1924-418f-b0d3-4a5ba56639e8,Z0052TYP,2026-08-20T00:00:00Z,admin,2026-08-20T00:00:00Z,admin
6ec430bf-e1d3-4326-acde-6ff5bb36cc03,cb2e3141-1924-418f-b0d3-4a5ba56639e8,Z002Z66N,2026-08-20T00:00:00Z,admin,2026-08-20T00:00:00Z,admin
a04abf41-08dd-49b3-aa65-247afca68992,cb2e3141-1924-418f-b0d3-4a5ba56639e8,Z004YK1R,2026-08-20T00:00:00Z,admin,2026-08-20T00:00:00Z,admin
b6b553ec-a405-43c4-bbd9-3fdbc0c87e2e,cb2e3141-1924-418f-b0d3-4a5ba56639e8,Z004Z7ZE,2026-08-20T00:00:00Z,admin,2026-08-20T00:00:00Z,admin
1804214d-d5f1-4b55-aea5-238ed763b25f,cb2e3141-1924-418f-b0d3-4a5ba56639e8,Z0054KNE,2026-08-20T00:00:00Z,admin,2026-08-20T00:00:00Z,admin
18f54ead-81ca-4c5b-9ac4-26ec2c53dc73,cb2e3141-1924-418f-b0d3-4a5ba56639e8,Z0028XMJ,2026-08-20T00:00:00Z,admin,2026-08-20T00:00:00Z,admin
af910180-b639-4aae-b03e-cf4fa060bcb3,cb2e3141-1924-418f-b0d3-4a5ba56639e8,Z004FUJT,2026-08-20T00:00:00Z,admin,2026-08-20T00:00:00Z,admin
e74a8e82-648a-4576-954c-f8b73752007c,cb2e3141-1924-418f-b0d3-4a5ba56639e8,Z001WYDU,2026-08-20T00:00:00Z,admin,2026-08-20T00:00:00Z,admin
9ce0ffba-aaf6-42aa-81e5-7b3ea7a6479b,cb2e3141-1924-418f-b0d3-4a5ba56639e8,Z0014WKT,2026-08-20T00:00:00Z,admin,2026-08-20T00:00:00Z,admin
060e6ffa-8fd6-43d6-a2c8-61badbdc0bbc,cb2e3141-1924-418f-b0d3-4a5ba56639e8,Z0039MYX,2026-08-20T00:00:00Z,admin,2026-08-20T00:00:00Z,admin
d5175546-0ed1-4221-978a-d0cb86715ef7,cb2e3141-1924-418f-b0d3-4a5ba56639e8,Z0051EJU,2026-08-20T00:00:00Z,admin,2026-08-20T00:00:00Z,admin
5da460c2-f97a-4065-b427-95c3d0aa8c50,cb2e3141-1924-418f-b0d3-4a5ba56639e8,Z003RN6R,2026-08-20T00:00:00Z,admin,2026-08-20T00:00:00Z,admin
30759ab7-8423-4576-9f8d-b42a98fc09f8,cb2e3141-1924-418f-b0d3-4a5ba56639e8,Z0046D7W,2026-08-20T00:00:00Z,admin,2026-08-20T00:00:00Z,admin
99c73c86-89ae-4bf7-8a23-ddbabe60da96,cb2e3141-1924-418f-b0d3-4a5ba56639e8,Z000268E,2026-08-20T00:00:00Z,admin,2026-08-20T00:00:00Z,admin
3b6dc716-64b1-44c9-a07f-555bf43576eb,cb2e3141-1924-418f-b0d3-4a5ba56639e8,Z002JB9N,2026-08-20T00:00:00Z,admin,2026-08-20T00:00:00Z,admin
1bd36615-adc1-4a59-ab73-75b2340e825e,cb2e3141-1924-418f-b0d3-4a5ba56639e8,Z002ZJEH,2026-08-20T00:00:00Z,admin,2026-08-20T00:00:00Z,admin
d50a6969-e749-46ce-8f73-1e5ecbaa731a,cb2e3141-1924-418f-b0d3-4a5ba56639e8,Z0033TXK,2026-08-20T00:00:00Z,admin,2026-08-20T00:00:00Z,admin
60920233-da32-480d-8e8b-822e35c6c82b,cb2e3141-1924-418f-b0d3-4a5ba56639e8,Z0037XDV,2026-08-20T00:00:00Z,admin,2026-08-20T00:00:00Z,admin
03a57c4f-ae91-41f2-8940-4c4c8a587a3c,cb2e3141-1924-418f-b0d3-4a5ba56639e8,Z0030F0C,2026-08-20T00:00:00Z,admin,2026-08-20T00:00:00Z,admin
99d8df36-a38b-43b9-a1a6-977381a07058,cb2e3141-1924-418f-b0d3-4a5ba56639e8,Z0049ETY,2026-08-20T00:00:00Z,admin,2026-08-20T00:00:00Z,admin
cef127e3-7a1a-4849-aa52-d2c75d6f8feb,cb2e3141-1924-418f-b0d3-4a5ba56639e8,Z00531ED,2026-08-20T00:00:00Z,admin,2026-08-20T00:00:00Z,admin
d2cef200-084e-493a-9dc6-0a67ecaa678e,cb2e3141-1924-418f-b0d3-4a5ba56639e8,Z00578UN,2026-08-20T00:00:00Z,admin,2026-08-20T00:00:00Z,admin
e46bf36c-08a9-4e02-8504-bfafabe894c7,cb2e3141-1924-418f-b0d3-4a5ba56639e8,Z0022MPU,2026-08-20T00:00:00Z,admin,2026-08-20T00:00:00Z,admin
e0970d45-910b-45fa-b0a7-112a0bedaf11,cb2e3141-1924-418f-b0d3-4a5ba56639e8,Z00360RB,2026-08-20T00:00:00Z,admin,2026-08-20T00:00:00Z,admin
e178a954-395e-4b20-9a45-b7e94660bf84,cb2e3141-1924-418f-b0d3-4a5ba56639e8,Z00580YJ,2026-08-20T00:00:00Z,admin,2026-08-20T00:00:00Z,admin
796eeabb-8314-4f32-82a4-374e352cd0bc,cb2e3141-1924-418f-b0d3-4a5ba56639e8,Z004XVAB,2026-08-20T00:00:00Z,admin,2026-08-20T00:00:00Z,admin
f1b96a7d-18c2-40bb-8e3f-ecaebffdd39b,cb2e3141-1924-418f-b0d3-4a5ba56639e8,Z00503ZF,2026-08-20T00:00:00Z,admin,2026-08-20T00:00:00Z,admin
11fdc3ab-ee3a-4e3a-b741-edb61843ddf6,cb2e3141-1924-418f-b0d3-4a5ba56639e8,Z0053X3Z,2026-08-20T00:00:00Z,admin,2026-08-20T00:00:00Z,admin
7a93c68f-282b-4897-82fd-a855002ce35d,cb2e3141-1924-418f-b0d3-4a5ba56639e8,Z004Z8HY,2026-08-20T00:00:00Z,admin,2026-08-20T00:00:00Z,admin
7d72b296-b69b-43a5-8a62-b1647e6aca7d,cb2e3141-1924-418f-b0d3-4a5ba56639e8,Z00366PH,2026-08-20T00:00:00Z,admin,2026-08-20T00:00:00Z,admin
33d11167-9d94-4cf3-99c3-5ad85b188799,cb2e3141-1924-418f-b0d3-4a5ba56639e8,Z002M9XR,2026-08-20T00:00:00Z,admin,2026-08-20T00:00:00Z,admin
57a7ffee-daa7-4007-85c2-4b9bf5e76532,cb2e3141-1924-418f-b0d3-4a5ba56639e8,Z0059DWT,2026-08-20T00:00:00Z,admin,2026-08-20T00:00:00Z,admin
dfc15d3d-3018-4f25-a0c3-50d10aa0a563,cb2e3141-1924-418f-b0d3-4a5ba56639e8,Z005989N,2026-08-20T00:00:00Z,admin,2026-08-20T00:00:00Z,admin
9194e202-1690-4956-b7df-edfe37d1fee2,cb2e3141-1924-418f-b0d3-4a5ba56639e8,Z0059DYC,2026-08-20T00:00:00Z,admin,2026-08-20T00:00:00Z,admin
9fcf2d79-b318-4b30-b253-d4b18b3423f4,cb2e3141-1924-418f-b0d3-4a5ba56639e8,Z0047WTV,2026-08-20T00:00:00Z,admin,2026-08-20T00:00:00Z,admin
d2b892d0-7e1f-4d93-8f98-8120560c3219,853f3c08-0571-4e15-917f-8487a9de26ef,Z004TAMU,2026-08-20T00:00:00Z,admin,2026-08-20T00:00:00Z,admin
2322278b-12e4-4b7a-91b6-be97fbefe199,853f3c08-0571-4e15-917f-8487a9de26ef,Z00531DY,2026-08-20T00:00:00Z,admin,2026-08-20T00:00:00Z,admin
8a4bb900-e379-4303-911c-85564222e6b1,853f3c08-0571-4e15-917f-8487a9de26ef,Z004XVAC,2026-08-20T00:00:00Z,admin,2026-08-20T00:00:00Z,admin
9c8cf35f-b6f8-4b96-959f-1268b3a1da94,853f3c08-0571-4e15-917f-8487a9de26ef,Z0052TYP,2026-08-20T00:00:00Z,admin,2026-08-20T00:00:00Z,admin
09b227cd-c802-435d-8407-9c3e05faa5f7,853f3c08-0571-4e15-917f-8487a9de26ef,Z002Z66N,2026-08-20T00:00:00Z,admin,2026-08-20T00:00:00Z,admin
d5a0dfef-a009-41e0-b2e7-1e4f854ddb4c,853f3c08-0571-4e15-917f-8487a9de26ef,Z004YK1R,2026-08-20T00:00:00Z,admin,2026-08-20T00:00:00Z,admin
acfc0bcb-13d4-49ee-affa-de77485c0be6,853f3c08-0571-4e15-917f-8487a9de26ef,Z004Z7ZE,2026-08-20T00:00:00Z,admin,2026-08-20T00:00:00Z,admin
f00cca4e-ec15-456d-a210-941d8d9aaa29,853f3c08-0571-4e15-917f-8487a9de26ef,Z0054KNE,2026-08-20T00:00:00Z,admin,2026-08-20T00:00:00Z,admin
b94f567c-6fcd-4caa-a654-db1ccb9ecc26,853f3c08-0571-4e15-917f-8487a9de26ef,Z0028XMJ,2026-08-20T00:00:00Z,admin,2026-08-20T00:00:00Z,admin
1832b333-3c45-404f-b7e1-c7e4f3e89525,853f3c08-0571-4e15-917f-8487a9de26ef,Z004FUJT,2026-08-20T00:00:00Z,admin,2026-08-20T00:00:00Z,admin
de2ccad6-6e40-47af-b91c-05e6f1ba33d4,853f3c08-0571-4e15-917f-8487a9de26ef,Z001WYDU,2026-08-20T00:00:00Z,admin,2026-08-20T00:00:00Z,admin
6934b606-8356-4dfb-b2fc-007b1895f398,853f3c08-0571-4e15-917f-8487a9de26ef,Z0014WKT,2026-08-20T00:00:00Z,admin,2026-08-20T00:00:00Z,admin
acd00698-005b-404b-be8a-de16c8f21cd0,853f3c08-0571-4e15-917f-8487a9de26ef,Z0039MYX,2026-08-20T00:00:00Z,admin,2026-08-20T00:00:00Z,admin
dbf131e8-7b83-48bc-aa7e-50e54fa9cd10,853f3c08-0571-4e15-917f-8487a9de26ef,Z0051EJU,2026-08-20T00:00:00Z,admin,2026-08-20T00:00:00Z,admin
fa793a27-6803-423b-9dc4-bd8ace922406,853f3c08-0571-4e15-917f-8487a9de26ef,Z003RN6R,2026-08-20T00:00:00Z,admin,2026-08-20T00:00:00Z,admin
42804ef4-d497-4f89-8b51-3caf1c2d1ea3,853f3c08-0571-4e15-917f-8487a9de26ef,Z0046D7W,2026-08-20T00:00:00Z,admin,2026-08-20T00:00:00Z,admin
18306731-013d-4f4a-8602-0ad0f7654803,853f3c08-0571-4e15-917f-8487a9de26ef,Z000268E,2026-08-20T00:00:00Z,admin,2026-08-20T00:00:00Z,admin
914ab97b-5e58-4f0b-a6a2-6d71590d6b79,853f3c08-0571-4e15-917f-8487a9de26ef,Z002JB9N,2026-08-20T00:00:00Z,admin,2026-08-20T00:00:00Z,admin
406fed1b-1002-4cf5-b4d4-6a56ed44cae7,853f3c08-0571-4e15-917f-8487a9de26ef,Z002ZJEH,2026-08-20T00:00:00Z,admin,2026-08-20T00:00:00Z,admin
ace05664-0c52-41b7-846a-4733901e5af2,853f3c08-0571-4e15-917f-8487a9de26ef,Z0033TXK,2026-08-20T00:00:00Z,admin,2026-08-20T00:00:00Z,admin
7f3e3a06-9840-4fdb-9313-0b69976f906b,853f3c08-0571-4e15-917f-8487a9de26ef,Z0037XDV,2026-08-20T00:00:00Z,admin,2026-08-20T00:00:00Z,admin
7305c77f-4ea1-46c3-ac50-9cb4d33ebb92,853f3c08-0571-4e15-917f-8487a9de26ef,Z0030F0C,2026-08-20T00:00:00Z,admin,2026-08-20T00:00:00Z,admin
4365103a-ae03-4ef4-852b-4c0bbbece8aa,853f3c08-0571-4e15-917f-8487a9de26ef,Z0049ETY,2026-08-20T00:00:00Z,admin,2026-08-20T00:00:00Z,admin
baf781b1-f03b-4f74-b434-fd1609a178fe,853f3c08-0571-4e15-917f-8487a9de26ef,Z00531ED,2026-08-20T00:00:00Z,admin,2026-08-20T00:00:00Z,admin
8a227096-17b1-4f2a-8cda-500c7a2dae81,853f3c08-0571-4e15-917f-8487a9de26ef,Z00578UN,2026-08-20T00:00:00Z,admin,2026-08-20T00:00:00Z,admin
64b91742-811e-495a-8b36-af2fa07b2fb2,853f3c08-0571-4e15-917f-8487a9de26ef,Z0022MPU,2026-08-20T00:00:00Z,admin,2026-08-20T00:00:00Z,admin
fa3ba2dd-12da-4ff0-bdfb-e178c12dcb2e,853f3c08-0571-4e15-917f-8487a9de26ef,Z00360RB,2026-08-20T00:00:00Z,admin,2026-08-20T00:00:00Z,admin
2c44125b-0a92-4ea4-8f5b-d27382ec027b,853f3c08-0571-4e15-917f-8487a9de26ef,Z00580YJ,2026-08-20T00:00:00Z,admin,2026-08-20T00:00:00Z,admin
7de61623-fc78-47ce-9dce-29b22b218672,853f3c08-0571-4e15-917f-8487a9de26ef,Z004XVAB,2026-08-20T00:00:00Z,admin,2026-08-20T00:00:00Z,admin
1855db42-d9e1-4e71-963e-853495bd1626,853f3c08-0571-4e15-917f-8487a9de26ef,Z00503ZF,2026-08-20T00:00:00Z,admin,2026-08-20T00:00:00Z,admin
c552a1e7-8abc-44f9-88b7-a9998c3f9802,853f3c08-0571-4e15-917f-8487a9de26ef,Z0053X3Z,2026-08-20T00:00:00Z,admin,2026-08-20T00:00:00Z,admin
2f149199-3c96-452e-bacc-1cb06142f6d3,853f3c08-0571-4e15-917f-8487a9de26ef,Z004Z8HY,2026-08-20T00:00:00Z,admin,2026-08-20T00:00:00Z,admin
1f7b5adc-7c89-4429-b643-5796e7a8ba9e,853f3c08-0571-4e15-917f-8487a9de26ef,Z00366PH,2026-08-20T00:00:00Z,admin,2026-08-20T00:00:00Z,admin
23d99efd-6a6a-457c-90b2-6b68b3bb44de,853f3c08-0571-4e15-917f-8487a9de26ef,Z002M9XR,2026-08-20T00:00:00Z,admin,2026-08-20T00:00:00Z,admin
8f536ab6-90c4-4783-acf3-6ada8e423ac1,853f3c08-0571-4e15-917f-8487a9de26ef,Z0059DWT,2026-08-20T00:00:00Z,admin,2026-08-20T00:00:00Z,admin
47c7ac9d-54b2-45f6-8c5a-e4e58c7819eb,853f3c08-0571-4e15-917f-8487a9de26ef,Z005989N,2026-08-20T00:00:00Z,admin,2026-08-20T00:00:00Z,admin
12189673-6bbc-4053-9a2d-194ae8a2cda4,853f3c08-0571-4e15-917f-8487a9de26ef,Z0059DYC,2026-08-20T00:00:00Z,admin,2026-08-20T00:00:00Z,admin
da06480c-95a3-474e-b8d2-04195c6d0a95,853f3c08-0571-4e15-917f-8487a9de26ef,Z0047WTV,2026-08-20T00:00:00Z,admin,2026-08-20T00:00:00Z,admin
f2091667-c330-49d4-a423-0fea94d0ce9d,589f5d6d-5677-4150-b108-0ab2d7e1bbbf,Z004TAMU,2026-08-20T00:00:00Z,admin,2026-08-20T00:00:00Z,admin
f1f85c02-df41-4852-b760-4777fa773e1f,589f5d6d-5677-4150-b108-0ab2d7e1bbbf,Z00531DY,2026-08-20T00:00:00Z,admin,2026-08-20T00:00:00Z,admin
ba9e6206-c1e7-4ece-b19c-0889c7697c3e,589f5d6d-5677-4150-b108-0ab2d7e1bbbf,Z004XVAC,2026-08-20T00:00:00Z,admin,2026-08-20T00:00:00Z,admin
8c2f7aab-262b-4bc8-86d2-6d7928df57fe,589f5d6d-5677-4150-b108-0ab2d7e1bbbf,Z0052TYP,2026-08-20T00:00:00Z,admin,2026-08-20T00:00:00Z,admin
1f544547-842d-45ba-b977-d9d164af3ca0,589f5d6d-5677-4150-b108-0ab2d7e1bbbf,Z002Z66N,2026-08-20T00:00:00Z,admin,2026-08-20T00:00:00Z,admin
0c3348d5-1008-473f-a294-8288525c3012,589f5d6d-5677-4150-b108-0ab2d7e1bbbf,Z004YK1R,2026-08-20T00:00:00Z,admin,2026-08-20T00:00:00Z,admin
72704ce9-5f96-454d-8180-6e3ec6318e62,589f5d6d-5677-4150-b108-0ab2d7e1bbbf,Z004Z7ZE,2026-08-20T00:00:00Z,admin,2026-08-20T00:00:00Z,admin
d3c8d482-0e40-4479-90cd-0bf2d84de1b1,589f5d6d-5677-4150-b108-0ab2d7e1bbbf,Z0054KNE,2026-08-20T00:00:00Z,admin,2026-08-20T00:00:00Z,admin
aec99edb-b954-4b26-a73d-c14e6ecea055,589f5d6d-5677-4150-b108-0ab2d7e1bbbf,Z0028XMJ,2026-08-20T00:00:00Z,admin,2026-08-20T00:00:00Z,admin
61a546ae-8fed-452c-b6bc-96fae4cb0c5d,589f5d6d-5677-4150-b108-0ab2d7e1bbbf,Z004FUJT,2026-08-20T00:00:00Z,admin,2026-08-20T00:00:00Z,admin
83640b88-8f94-444e-bf72-18dfb2d5e3f5,589f5d6d-5677-4150-b108-0ab2d7e1bbbf,Z001WYDU,2026-08-20T00:00:00Z,admin,2026-08-20T00:00:00Z,admin
e19bed06-638c-4a78-a828-5d29a3aefc93,589f5d6d-5677-4150-b108-0ab2d7e1bbbf,Z0014WKT,2026-08-20T00:00:00Z,admin,2026-08-20T00:00:00Z,admin
c15864cc-5df5-40db-957a-5392a55daf65,589f5d6d-5677-4150-b108-0ab2d7e1bbbf,Z0039MYX,2026-08-20T00:00:00Z,admin,2026-08-20T00:00:00Z,admin
7622e658-3595-45db-bea2-6ae541553184,589f5d6d-5677-4150-b108-0ab2d7e1bbbf,Z0051EJU,2026-08-20T00:00:00Z,admin,2026-08-20T00:00:00Z,admin
87956a67-229d-4976-a7ae-61ad279298f9,589f5d6d-5677-4150-b108-0ab2d7e1bbbf,Z003RN6R,2026-08-20T00:00:00Z,admin,2026-08-20T00:00:00Z,admin
4a323013-c954-4e4e-8fa1-cc4132239378,589f5d6d-5677-4150-b108-0ab2d7e1bbbf,Z0046D7W,2026-08-20T00:00:00Z,admin,2026-08-20T00:00:00Z,admin
3084be21-a75a-4f6b-b741-2ce08674939a,589f5d6d-5677-4150-b108-0ab2d7e1bbbf,Z000268E,2026-08-20T00:00:00Z,admin,2026-08-20T00:00:00Z,admin
adebb508-df0a-4df0-9781-02181ae6f15c,589f5d6d-5677-4150-b108-0ab2d7e1bbbf,Z002JB9N,2026-08-20T00:00:00Z,admin,2026-08-20T00:00:00Z,admin
7d456ea6-520f-400b-8f24-980c51aa42bd,589f5d6d-5677-4150-b108-0ab2d7e1bbbf,Z002ZJEH,2026-08-20T00:00:00Z,admin,2026-08-20T00:00:00Z,admin
d50f2d4d-1abf-4b21-a793-058b6eb06313,589f5d6d-5677-4150-b108-0ab2d7e1bbbf,Z0033TXK,2026-08-20T00:00:00Z,admin,2026-08-20T00:00:00Z,admin
a5edd733-120b-46d9-99c8-3305446c505c,589f5d6d-5677-4150-b108-0ab2d7e1bbbf,Z0037XDV,2026-08-20T00:00:00Z,admin,2026-08-20T00:00:00Z,admin
62d954ed-e1f7-4633-a659-2e5f882bef27,589f5d6d-5677-4150-b108-0ab2d7e1bbbf,Z0030F0C,2026-08-20T00:00:00Z,admin,2026-08-20T00:00:00Z,admin
072c65f9-3515-417d-9320-71f0d7b5e171,589f5d6d-5677-4150-b108-0ab2d7e1bbbf,Z0049ETY,2026-08-20T00:00:00Z,admin,2026-08-20T00:00:00Z,admin
a9248d71-24ab-45b5-a2b4-11d28e916dda,589f5d6d-5677-4150-b108-0ab2d7e1bbbf,Z00531ED,2026-08-20T00:00:00Z,admin,2026-08-20T00:00:00Z,admin
64c1ded1-ebd2-4d0c-b936-fd0f46bc6ac6,589f5d6d-5677-4150-b108-0ab2d7e1bbbf,Z00578UN,2026-08-20T00:00:00Z,admin,2026-08-20T00:00:00Z,admin
e30e9d10-4945-46fa-b134-6ccdce5eed68,589f5d6d-5677-4150-b108-0ab2d7e1bbbf,Z0022MPU,2026-08-20T00:00:00Z,admin,2026-08-20T00:00:00Z,admin
7694e8b5-f89c-42bc-b841-42130ed7e633,589f5d6d-5677-4150-b108-0ab2d7e1bbbf,Z00360RB,2026-08-20T00:00:00Z,admin,2026-08-20T00:00:00Z,admin
d3e0f41f-3c4b-4111-85ef-2264b5632a3c,589f5d6d-5677-4150-b108-0ab2d7e1bbbf,Z00580YJ,2026-08-20T00:00:00Z,admin,2026-08-20T00:00:00Z,admin
2e8e9ce5-2bc3-4e3f-9ea6-2685d389f702,589f5d6d-5677-4150-b108-0ab2d7e1bbbf,Z004XVAB,2026-08-20T00:00:00Z,admin,2026-08-20T00:00:00Z,admin
a3f9c9b9-40de-4461-ab44-5474bc536244,589f5d6d-5677-4150-b108-0ab2d7e1bbbf,Z00503ZF,2026-08-20T00:00:00Z,admin,2026-08-20T00:00:00Z,admin
cd4de055-4293-4714-8c37-ceae78c71c2c,589f5d6d-5677-4150-b108-0ab2d7e1bbbf,Z0053X3Z,2026-08-20T00:00:00Z,admin,2026-08-20T00:00:00Z,admin
39e9422f-a78c-475c-8a0f-ed7a0ca65f91,589f5d6d-5677-4150-b108-0ab2d7e1bbbf,Z004Z8HY,2026-08-20T00:00:00Z,admin,2026-08-20T00:00:00Z,admin
dbb0f900-c478-49fd-a169-26a26450dcff,589f5d6d-5677-4150-b108-0ab2d7e1bbbf,Z00366PH,2026-08-20T00:00:00Z,admin,2026-08-20T00:00:00Z,admin
006e7d96-763c-45dd-88e2-61fb53d22011,589f5d6d-5677-4150-b108-0ab2d7e1bbbf,Z002M9XR,2026-08-20T00:00:00Z,admin,2026-08-20T00:00:00Z,admin
2111f3d8-796c-41be-a5e4-7f7fe3200b66,589f5d6d-5677-4150-b108-0ab2d7e1bbbf,Z0059DWT,2026-08-20T00:00:00Z,admin,2026-08-20T00:00:00Z,admin
e5aeacbd-1ffe-4b30-b77f-d0b671170063,589f5d6d-5677-4150-b108-0ab2d7e1bbbf,Z005989N,2026-08-20T00:00:00Z,admin,2026-08-20T00:00:00Z,admin
edbe257c-2e31-4cbe-a0d7-65a865737f97,589f5d6d-5677-4150-b108-0ab2d7e1bbbf,Z0059DYC,2026-08-20T00:00:00Z,admin,2026-08-20T00:00:00Z,admin
da517054-5f0b-4742-8f4a-ba182d011541,589f5d6d-5677-4150-b108-0ab2d7e1bbbf,Z0047WTV,2026-08-20T00:00:00Z,admin,2026-08-20T00:00:00Z,admin
0fee5b47-cc08-44de-ad83-b0e4420b5ac7,6d82511b-eb2a-495e-878d-b27274b99ee6,Z004TAMU,2026-08-20T00:00:00Z,admin,2026-08-20T00:00:00Z,admin
dc02f683-fcbf-4880-87e8-d2b6ea68fc10,6d82511b-eb2a-495e-878d-b27274b99ee6,Z00531DY,2026-08-20T00:00:00Z,admin,2026-08-20T00:00:00Z,admin
0ed840b6-0bf3-411a-ab2b-d6dd1c10fb41,6d82511b-eb2a-495e-878d-b27274b99ee6,Z004XVAC,2026-08-20T00:00:00Z,admin,2026-08-20T00:00:00Z,admin
d308d93d-67c5-4e46-81c1-6c3a7f14e4a4,6d82511b-eb2a-495e-878d-b27274b99ee6,Z0052TYP,2026-08-20T00:00:00Z,admin,2026-08-20T00:00:00Z,admin
f2b077de-ae39-4f9b-b683-bf7541b1cdf4,6d82511b-eb2a-495e-878d-b27274b99ee6,Z002Z66N,2026-08-20T00:00:00Z,admin,2026-08-20T00:00:00Z,admin
6c836e04-09e8-414c-888e-9fc9594b54ce,6d82511b-eb2a-495e-878d-b27274b99ee6,Z004YK1R,2026-08-20T00:00:00Z,admin,2026-08-20T00:00:00Z,admin
015bad2a-3a9c-42eb-a011-f58d545b2e46,6d82511b-eb2a-495e-878d-b27274b99ee6,Z004Z7ZE,2026-08-20T00:00:00Z,admin,2026-08-20T00:00:00Z,admin
e74e19ff-72ec-4270-bb89-0b7fe07ac1fd,6d82511b-eb2a-495e-878d-b27274b99ee6,Z0054KNE,2026-08-20T00:00:00Z,admin,2026-08-20T00:00:00Z,admin
4a7497c3-98cc-42a6-a0a0-7228ba2777f1,6d82511b-eb2a-495e-878d-b27274b99ee6,Z0028XMJ,2026-08-20T00:00:00Z,admin,2026-08-20T00:00:00Z,admin
557bd051-731d-42ee-a6b0-3f2b6f1ef4cf,6d82511b-eb2a-495e-878d-b27274b99ee6,Z004FUJT,2026-08-20T00:00:00Z,admin,2026-08-20T00:00:00Z,admin
aa4cb478-4ba6-4c72-b900-51f4864f52a7,6d82511b-eb2a-495e-878d-b27274b99ee6,Z001WYDU,2026-08-20T00:00:00Z,admin,2026-08-20T00:00:00Z,admin
967c927d-4852-4adb-bbf9-0633fba48a88,6d82511b-eb2a-495e-878d-b27274b99ee6,Z0014WKT,2026-08-20T00:00:00Z,admin,2026-08-20T00:00:00Z,admin
414c947e-f6bb-474d-adaa-72732d53861a,6d82511b-eb2a-495e-878d-b27274b99ee6,Z0039MYX,2026-08-20T00:00:00Z,admin,2026-08-20T00:00:00Z,admin
3d821669-2c0b-49fd-9a37-6b394eec4656,6d82511b-eb2a-495e-878d-b27274b99ee6,Z0051EJU,2026-08-20T00:00:00Z,admin,2026-08-20T00:00:00Z,admin
ce5e8c18-c781-4afb-ac5f-de64f7341157,6d82511b-eb2a-495e-878d-b27274b99ee6,Z003RN6R,2026-08-20T00:00:00Z,admin,2026-08-20T00:00:00Z,admin
68cac11f-2724-4fb6-92ec-bb120e892911,6d82511b-eb2a-495e-878d-b27274b99ee6,Z0046D7W,2026-08-20T00:00:00Z,admin,2026-08-20T00:00:00Z,admin
acc208df-e88d-4fdd-a5ad-fdca3db4b0cb,6d82511b-eb2a-495e-878d-b27274b99ee6,Z000268E,2026-08-20T00:00:00Z,admin,2026-08-20T00:00:00Z,admin
695a9a62-54ee-4fdf-abe7-635ca61ef6e6,6d82511b-eb2a-495e-878d-b27274b99ee6,Z002JB9N,2026-08-20T00:00:00Z,admin,2026-08-20T00:00:00Z,admin
39fe6889-4488-4209-a208-78ab450bc294,6d82511b-eb2a-495e-878d-b27274b99ee6,Z002ZJEH,2026-08-20T00:00:00Z,admin,2026-08-20T00:00:00Z,admin
a113e98a-25eb-4941-aac0-b0bbceeb9030,6d82511b-eb2a-495e-878d-b27274b99ee6,Z0033TXK,2026-08-20T00:00:00Z,admin,2026-08-20T00:00:00Z,admin
1ef62c72-89bd-40e2-84d1-2c6c10733363,6d82511b-eb2a-495e-878d-b27274b99ee6,Z0037XDV,2026-08-20T00:00:00Z,admin,2026-08-20T00:00:00Z,admin
8ff723fe-b8d5-4beb-af1a-503bd9146111,6d82511b-eb2a-495e-878d-b27274b99ee6,Z0030F0C,2026-08-20T00:00:00Z,admin,2026-08-20T00:00:00Z,admin
4fde0c9d-49d1-4ccf-9847-e60c7cdd4815,6d82511b-eb2a-495e-878d-b27274b99ee6,Z0049ETY,2026-08-20T00:00:00Z,admin,2026-08-20T00:00:00Z,admin
8183ec69-4f91-4f0d-b91a-a55e1272f78b,6d82511b-eb2a-495e-878d-b27274b99ee6,Z00531ED,2026-08-20T00:00:00Z,admin,2026-08-20T00:00:00Z,admin
5df67ba1-df2d-4667-8b12-ca15d3552f66,6d82511b-eb2a-495e-878d-b27274b99ee6,Z00578UN,2026-08-20T00:00:00Z,admin,2026-08-20T00:00:00Z,admin
73e2912a-256a-4241-bb09-2745f13aeb22,6d82511b-eb2a-495e-878d-b27274b99ee6,Z0022MPU,2026-08-20T00:00:00Z,admin,2026-08-20T00:00:00Z,admin
3d03c1a2-b28e-430c-adf0-3db6cf06d4ab,6d82511b-eb2a-495e-878d-b27274b99ee6,Z00360RB,2026-08-20T00:00:00Z,admin,2026-08-20T00:00:00Z,admin
58a9f920-0d09-4b3e-89f9-c6c7872894e5,6d82511b-eb2a-495e-878d-b27274b99ee6,Z00580YJ,2026-08-20T00:00:00Z,admin,2026-08-20T00:00:00Z,admin
51449919-0349-4e30-9a00-b2a0d67274e8,6d82511b-eb2a-495e-878d-b27274b99ee6,Z004XVAB,2026-08-20T00:00:00Z,admin,2026-08-20T00:00:00Z,admin
2b156592-24b2-46e5-a75a-6f172ba96085,6d82511b-eb2a-495e-878d-b27274b99ee6,Z00503ZF,2026-08-20T00:00:00Z,admin,2026-08-20T00:00:00Z,admin
bfddaeed-b4a4-49da-9f8f-e88b7d162e73,6d82511b-eb2a-495e-878d-b27274b99ee6,Z0053X3Z,2026-08-20T00:00:00Z,admin,2026-08-20T00:00:00Z,admin
1192669a-f1fa-4eee-973d-b0b87302225c,6d82511b-eb2a-495e-878d-b27274b99ee6,Z004Z8HY,2026-08-20T00:00:00Z,admin,2026-08-20T00:00:00Z,admin
a220236b-89f0-4b2f-b754-ebf5abd64ea0,6d82511b-eb2a-495e-878d-b27274b99ee6,Z00366PH,2026-08-20T00:00:00Z,admin,2026-08-20T00:00:00Z,admin
ba7b90a4-e74e-4b46-a713-dd6e946482e9,6d82511b-eb2a-495e-878d-b27274b99ee6,Z002M9XR,2026-08-20T00:00:00Z,admin,2026-08-20T00:00:00Z,admin
07313ad7-9330-479f-a525-438bfab6aec5,6d82511b-eb2a-495e-878d-b27274b99ee6,Z0059DWT,2026-08-20T00:00:00Z,admin,2026-08-20T00:00:00Z,admin
54da7dc0-aa92-4c3f-a284-36f3d0d8a10b,6d82511b-eb2a-495e-878d-b27274b99ee6,Z005989N,2026-08-20T00:00:00Z,admin,2026-08-20T00:00:00Z,admin
2bc6e1b1-cbe9-450b-8277-b5f8802b2613,6d82511b-eb2a-495e-878d-b27274b99ee6,Z0059DYC,2026-08-20T00:00:00Z,admin,2026-08-20T00:00:00Z,admin
93d560b5-f528-4e1e-94c9-387a312cd09d,6d82511b-eb2a-495e-878d-b27274b99ee6,Z0047WTV,2026-08-20T00:00:00Z,admin,2026-08-20T00:00:00Z,admin
db740c98-da12-40c0-b34f-e23833d88664,6d82511b-eb2a-495e-878d-b27274b99ee6,Z0035U0T,2026-08-20T00:00:00Z,admin,2026-08-20T00:00:00Z,admin
e4b0bcb1-91e9-4c1c-ac64-677bf11394a5,6d82511b-eb2a-495e-878d-b27274b99ee6,Z0038CKV,2026-08-20T00:00:00Z,admin,2026-08-20T00:00:00Z,admin
af440bd2-8071-4b52-9be0-7d7933d30812,c4be7abb-26d5-4c9c-addc-bed5ccdebcbb,Z004TAMU,2026-08-20T00:00:00Z,admin,2026-08-20T00:00:00Z,admin
1003d8b6-f95b-4c11-bf32-87a366390530,c4be7abb-26d5-4c9c-addc-bed5ccdebcbb,Z00531DY,2026-08-20T00:00:00Z,admin,2026-08-20T00:00:00Z,admin
1be93857-bc3a-4dda-b382-53fa68fa32b9,c4be7abb-26d5-4c9c-addc-bed5ccdebcbb,Z004XVAC,2026-08-20T00:00:00Z,admin,2026-08-20T00:00:00Z,admin
ebf37702-1a06-4f84-be6d-e59ae4958798,c4be7abb-26d5-4c9c-addc-bed5ccdebcbb,Z0052TYP,2026-08-20T00:00:00Z,admin,2026-08-20T00:00:00Z,admin
fc2fa142-0c91-43e8-92ed-815188706578,c4be7abb-26d5-4c9c-addc-bed5ccdebcbb,Z002Z66N,2026-08-20T00:00:00Z,admin,2026-08-20T00:00:00Z,admin
18eeb54c-9cd6-4af1-bbfe-dc91a97affa6,c4be7abb-26d5-4c9c-addc-bed5ccdebcbb,Z004YK1R,2026-08-20T00:00:00Z,admin,2026-08-20T00:00:00Z,admin
975d5ba1-39a7-434c-8e7f-f6bf5143d80a,c4be7abb-26d5-4c9c-addc-bed5ccdebcbb,Z004Z7ZE,2026-08-20T00:00:00Z,admin,2026-08-20T00:00:00Z,admin
5ef5c26f-9468-4454-946f-6e490b1e1694,c4be7abb-26d5-4c9c-addc-bed5ccdebcbb,Z0054KNE,2026-08-20T00:00:00Z,admin,2026-08-20T00:00:00Z,admin
7b29e839-2f66-4390-a2b6-2114d544cdb3,c4be7abb-26d5-4c9c-addc-bed5ccdebcbb,Z0028XMJ,2026-08-20T00:00:00Z,admin,2026-08-20T00:00:00Z,admin
48e7cc43-3157-45b9-a22d-0b1d5cd96668,c4be7abb-26d5-4c9c-addc-bed5ccdebcbb,Z004FUJT,2026-08-20T00:00:00Z,admin,2026-08-20T00:00:00Z,admin
ff0e28ae-5317-456c-9ab2-a79ccb32197f,c4be7abb-26d5-4c9c-addc-bed5ccdebcbb,Z001WYDU,2026-08-20T00:00:00Z,admin,2026-08-20T00:00:00Z,admin
04c10d00-2dc8-4cdc-83f6-16b380081323,c4be7abb-26d5-4c9c-addc-bed5ccdebcbb,Z0014WKT,2026-08-20T00:00:00Z,admin,2026-08-20T00:00:00Z,admin
b5cdb1fe-d93b-4081-af1c-bc66ef0f45fa,c4be7abb-26d5-4c9c-addc-bed5ccdebcbb,Z0039MYX,2026-08-20T00:00:00Z,admin,2026-08-20T00:00:00Z,admin
18600ecc-e37f-42dd-b5bd-33e0a81f3f9d,c4be7abb-26d5-4c9c-addc-bed5ccdebcbb,Z0051EJU,2026-08-20T00:00:00Z,admin,2026-08-20T00:00:00Z,admin
95fc22e7-89e9-404b-a253-11dd779860df,c4be7abb-26d5-4c9c-addc-bed5ccdebcbb,Z003RN6R,2026-08-20T00:00:00Z,admin,2026-08-20T00:00:00Z,admin
a3f59ea4-c7b5-47c3-ac17-5ab56c1a8487,c4be7abb-26d5-4c9c-addc-bed5ccdebcbb,Z0046D7W,2026-08-20T00:00:00Z,admin,2026-08-20T00:00:00Z,admin
6258fc7e-d9da-4049-aab4-5dc1ac0d67fd,c4be7abb-26d5-4c9c-addc-bed5ccdebcbb,Z000268E,2026-08-20T00:00:00Z,admin,2026-08-20T00:00:00Z,admin
a8950050-b4ae-42f8-a4ec-d4ad8b95ca39,c4be7abb-26d5-4c9c-addc-bed5ccdebcbb,Z002JB9N,2026-08-20T00:00:00Z,admin,2026-08-20T00:00:00Z,admin
dbcff9ab-8753-4d32-8285-77e162ef7647,c4be7abb-26d5-4c9c-addc-bed5ccdebcbb,Z002ZJEH,2026-08-20T00:00:00Z,admin,2026-08-20T00:00:00Z,admin
1234bc3a-33e2-4e8a-ad36-9d28c330cca0,c4be7abb-26d5-4c9c-addc-bed5ccdebcbb,Z0033TXK,2026-08-20T00:00:00Z,admin,2026-08-20T00:00:00Z,admin
e83d1161-a575-4fdf-b7d6-25e18206e133,c4be7abb-26d5-4c9c-addc-bed5ccdebcbb,Z0037XDV,2026-08-20T00:00:00Z,admin,2026-08-20T00:00:00Z,admin
9e1fbc76-5256-4fd3-87ef-8d0d9e619677,c4be7abb-26d5-4c9c-addc-bed5ccdebcbb,Z0030F0C,2026-08-20T00:00:00Z,admin,2026-08-20T00:00:00Z,admin
b2d3ea3e-5042-4c05-a5e2-3a822a083fcb,c4be7abb-26d5-4c9c-addc-bed5ccdebcbb,Z0049ETY,2026-08-20T00:00:00Z,admin,2026-08-20T00:00:00Z,admin
efa7a3ee-081b-4aa9-a70f-19d6f36035db,c4be7abb-26d5-4c9c-addc-bed5ccdebcbb,Z00531ED,2026-08-20T00:00:00Z,admin,2026-08-20T00:00:00Z,admin
9495dd11-6d03-4053-a914-7f6cdbcb55c9,c4be7abb-26d5-4c9c-addc-bed5ccdebcbb,Z00578UN,2026-08-20T00:00:00Z,admin,2026-08-20T00:00:00Z,admin
c55fa209-fda7-40dd-986b-468140871514,c4be7abb-26d5-4c9c-addc-bed5ccdebcbb,Z0022MPU,2026-08-20T00:00:00Z,admin,2026-08-20T00:00:00Z,admin
53f839d1-74cc-4f03-a067-3baae5a329f5,c4be7abb-26d5-4c9c-addc-bed5ccdebcbb,Z00360RB,2026-08-20T00:00:00Z,admin,2026-08-20T00:00:00Z,admin
19b05487-502f-4dfe-bb1e-0fa514adbad8,c4be7abb-26d5-4c9c-addc-bed5ccdebcbb,Z00580YJ,2026-08-20T00:00:00Z,admin,2026-08-20T00:00:00Z,admin
619fe452-994c-4523-8d4f-2cc839777873,c4be7abb-26d5-4c9c-addc-bed5ccdebcbb,Z004XVAB,2026-08-20T00:00:00Z,admin,2026-08-20T00:00:00Z,admin
4d487fe4-0e53-4c0a-9cf6-46225f0f58db,c4be7abb-26d5-4c9c-addc-bed5ccdebcbb,Z00503ZF,2026-08-20T00:00:00Z,admin,2026-08-20T00:00:00Z,admin
61a65a76-b95f-4013-afbc-e45c7229985b,c4be7abb-26d5-4c9c-addc-bed5ccdebcbb,Z0053X3Z,2026-08-20T00:00:00Z,admin,2026-08-20T00:00:00Z,admin
e0c30ac9-d889-4c6c-89c9-7f883a2185cb,c4be7abb-26d5-4c9c-addc-bed5ccdebcbb,Z004Z8HY,2026-08-20T00:00:00Z,admin,2026-08-20T00:00:00Z,admin
cad72869-f813-49b8-98a7-07f01f523760,c4be7abb-26d5-4c9c-addc-bed5ccdebcbb,Z00366PH,2026-08-20T00:00:00Z,admin,2026-08-20T00:00:00Z,admin
50343542-2fc4-4eb1-872d-ca3f3c04cfc3,c4be7abb-26d5-4c9c-addc-bed5ccdebcbb,Z002M9XR,2026-08-20T00:00:00Z,admin,2026-08-20T00:00:00Z,admin
c84240ef-9167-4fd4-9a7f-875cf4cb3408,c4be7abb-26d5-4c9c-addc-bed5ccdebcbb,Z0059DWT,2026-08-20T00:00:00Z,admin,2026-08-20T00:00:00Z,admin
744d3b8c-75da-4cd2-8e19-53f409e8d45e,c4be7abb-26d5-4c9c-addc-bed5ccdebcbb,Z005989N,2026-08-20T00:00:00Z,admin,2026-08-20T00:00:00Z,admin
002f902a-ba34-4086-a518-51bec4086486,c4be7abb-26d5-4c9c-addc-bed5ccdebcbb,Z0059DYC,2026-08-20T00:00:00Z,admin,2026-08-20T00:00:00Z,admin
2b3eca28-abeb-46e6-b79b-dde5faf9e6e5,c4be7abb-26d5-4c9c-addc-bed5ccdebcbb,Z0047WTV,2026-08-20T00:00:00Z,admin,2026-08-20T00:00:00Z,admin
44d5733f-32b7-474e-9de7-15165a694b10,c4be7abb-26d5-4c9c-addc-bed5ccdebcbb,Z0035U0T,2026-08-20T00:00:00Z,admin,2026-08-20T00:00:00Z,admin
4f0665c3-320a-4c12-89bd-6bb9dec3d459,c4be7abb-26d5-4c9c-addc-bed5ccdebcbb,Z0038CKV,2026-08-20T00:00:00Z,admin,2026-08-20T00:00:00Z,admin
fde44866-e44a-407d-b896-fdd66bfc984d,ba661cc0-648a-442d-85a2-abd77aafbda3,Z004TAMU,2026-08-20T00:00:00Z,admin,2026-08-20T00:00:00Z,admin
7c2fd868-d799-417a-9e6e-538b3130d34f,ba661cc0-648a-442d-85a2-abd77aafbda3,Z00531DY,2026-08-20T00:00:00Z,admin,2026-08-20T00:00:00Z,admin
822d48c5-3ddc-4449-86a8-db350e57c900,ba661cc0-648a-442d-85a2-abd77aafbda3,Z004XVAC,2026-08-20T00:00:00Z,admin,2026-08-20T00:00:00Z,admin
74e1e953-61cd-47e4-b4ea-c2aa2b4a5516,ba661cc0-648a-442d-85a2-abd77aafbda3,Z0052TYP,2026-08-20T00:00:00Z,admin,2026-08-20T00:00:00Z,admin
ab824c59-6d29-4ced-9e4c-13dda8e8de94,ba661cc0-648a-442d-85a2-abd77aafbda3,Z002Z66N,2026-08-20T00:00:00Z,admin,2026-08-20T00:00:00Z,admin
654b3447-2da8-4ad4-a8e1-b2483ae356c1,ba661cc0-648a-442d-85a2-abd77aafbda3,Z004YK1R,2026-08-20T00:00:00Z,admin,2026-08-20T00:00:00Z,admin
11b549bc-b9d6-452f-9c13-f841dc48a8de,ba661cc0-648a-442d-85a2-abd77aafbda3,Z004Z7ZE,2026-08-20T00:00:00Z,admin,2026-08-20T00:00:00Z,admin
db044c31-a189-49f5-9ec0-457e3cc3beab,ba661cc0-648a-442d-85a2-abd77aafbda3,Z0054KNE,2026-08-20T00:00:00Z,admin,2026-08-20T00:00:00Z,admin
3a477717-9374-4637-aae9-e403ce2c80ef,ba661cc0-648a-442d-85a2-abd77aafbda3,Z0028XMJ,2026-08-20T00:00:00Z,admin,2026-08-20T00:00:00Z,admin
c7b0e4a3-d27e-462f-90bf-e206d100d220,ba661cc0-648a-442d-85a2-abd77aafbda3,Z004FUJT,2026-08-20T00:00:00Z,admin,2026-08-20T00:00:00Z,admin
689262cd-5daf-4ef4-92e4-7b4e70c06cf9,ba661cc0-648a-442d-85a2-abd77aafbda3,Z001WYDU,2026-08-20T00:00:00Z,admin,2026-08-20T00:00:00Z,admin
a89e01f1-5d71-46de-909b-bb3acecaf9be,ba661cc0-648a-442d-85a2-abd77aafbda3,Z0014WKT,2026-08-20T00:00:00Z,admin,2026-08-20T00:00:00Z,admin
18ddf987-7156-43b7-8378-e45c83c4c9bd,ba661cc0-648a-442d-85a2-abd77aafbda3,Z0039MYX,2026-08-20T00:00:00Z,admin,2026-08-20T00:00:00Z,admin
16aa8734-a459-4aee-b7a5-a606de4146e6,ba661cc0-648a-442d-85a2-abd77aafbda3,Z0051EJU,2026-08-20T00:00:00Z,admin,2026-08-20T00:00:00Z,admin
6395bcba-268a-4412-9973-213bdf8e5e50,ba661cc0-648a-442d-85a2-abd77aafbda3,Z003RN6R,2026-08-20T00:00:00Z,admin,2026-08-20T00:00:00Z,admin
e93db41d-74fb-442c-b421-ec1e795a7033,ba661cc0-648a-442d-85a2-abd77aafbda3,Z0046D7W,2026-08-20T00:00:00Z,admin,2026-08-20T00:00:00Z,admin
e0ee5113-059c-426d-a18d-41319d7c7cac,ba661cc0-648a-442d-85a2-abd77aafbda3,Z000268E,2026-08-20T00:00:00Z,admin,2026-08-20T00:00:00Z,admin
a9c66267-4981-446b-a185-f857862f8c20,ba661cc0-648a-442d-85a2-abd77aafbda3,Z002JB9N,2026-08-20T00:00:00Z,admin,2026-08-20T00:00:00Z,admin
1f2a93c3-3fe0-4d59-8389-0ce734ff6dae,ba661cc0-648a-442d-85a2-abd77aafbda3,Z002ZJEH,2026-08-20T00:00:00Z,admin,2026-08-20T00:00:00Z,admin
211c7f7f-e198-4b15-a367-ee6dbaa1ae5b,ba661cc0-648a-442d-85a2-abd77aafbda3,Z0033TXK,2026-08-20T00:00:00Z,admin,2026-08-20T00:00:00Z,admin
21a0f6ab-3e45-4b28-b670-c34fb6aca873,ba661cc0-648a-442d-85a2-abd77aafbda3,Z0037XDV,2026-08-20T00:00:00Z,admin,2026-08-20T00:00:00Z,admin
570ec046-6394-414d-8c65-c322a1db0226,ba661cc0-648a-442d-85a2-abd77aafbda3,Z0030F0C,2026-08-20T00:00:00Z,admin,2026-08-20T00:00:00Z,admin
4df9e8a5-3424-42c4-9c6b-6c5f8116efc2,ba661cc0-648a-442d-85a2-abd77aafbda3,Z0049ETY,2026-08-20T00:00:00Z,admin,2026-08-20T00:00:00Z,admin
2de21628-b0ef-416c-8497-1c9308044c95,ba661cc0-648a-442d-85a2-abd77aafbda3,Z00531ED,2026-08-20T00:00:00Z,admin,2026-08-20T00:00:00Z,admin
c5387be5-edd5-4ae9-a1cb-44f1a45f830c,ba661cc0-648a-442d-85a2-abd77aafbda3,Z00578UN,2026-08-20T00:00:00Z,admin,2026-08-20T00:00:00Z,admin
255fc25e-0fbf-4fca-b092-3767c5c1b993,ba661cc0-648a-442d-85a2-abd77aafbda3,Z0022MPU,2026-08-20T00:00:00Z,admin,2026-08-20T00:00:00Z,admin
71e958ba-002d-4eec-b908-3d61935207d3,ba661cc0-648a-442d-85a2-abd77aafbda3,Z00360RB,2026-08-20T00:00:00Z,admin,2026-08-20T00:00:00Z,admin
04d72f0e-78f4-417d-bf33-ba61cad77e3f,ba661cc0-648a-442d-85a2-abd77aafbda3,Z00580YJ,2026-08-20T00:00:00Z,admin,2026-08-20T00:00:00Z,admin
23ed1203-bc53-4c29-a4e2-75e7dfd3b1b2,ba661cc0-648a-442d-85a2-abd77aafbda3,Z004XVAB,2026-08-20T00:00:00Z,admin,2026-08-20T00:00:00Z,admin
2d690091-b4d1-4ff8-b31f-a03bd1e9e1ac,ba661cc0-648a-442d-85a2-abd77aafbda3,Z00503ZF,2026-08-20T00:00:00Z,admin,2026-08-20T00:00:00Z,admin
f82c26ef-d589-4541-b051-1dc2a31d33da,ba661cc0-648a-442d-85a2-abd77aafbda3,Z0053X3Z,2026-08-20T00:00:00Z,admin,2026-08-20T00:00:00Z,admin
b8ff5631-6956-473a-b30e-1f9aebddcfdd,ba661cc0-648a-442d-85a2-abd77aafbda3,Z004Z8HY,2026-08-20T00:00:00Z,admin,2026-08-20T00:00:00Z,admin
2c0173ab-a38e-4c0a-99f1-b70a59eb8a91,ba661cc0-648a-442d-85a2-abd77aafbda3,Z00366PH,2026-08-20T00:00:00Z,admin,2026-08-20T00:00:00Z,admin
33155320-7efe-4b02-9fb1-e79c4900258a,ba661cc0-648a-442d-85a2-abd77aafbda3,Z002M9XR,2026-08-20T00:00:00Z,admin,2026-08-20T00:00:00Z,admin
7a28ca6e-4e07-4c2a-8922-f0bb7db14435,ba661cc0-648a-442d-85a2-abd77aafbda3,Z0059DWT,2026-08-20T00:00:00Z,admin,2026-08-20T00:00:00Z,admin
fa691ee2-8938-4b77-a0fc-cf753b2c2596,ba661cc0-648a-442d-85a2-abd77aafbda3,Z005989N,2026-08-20T00:00:00Z,admin,2026-08-20T00:00:00Z,admin
70aeed6c-7f5a-4a1d-868c-ac8a16b082c5,ba661cc0-648a-442d-85a2-abd77aafbda3,Z0059DYC,2026-08-20T00:00:00Z,admin,2026-08-20T00:00:00Z,admin
299ff280-4232-44ef-a2f2-05e6a5a18117,ba661cc0-648a-442d-85a2-abd77aafbda3,Z0047WTV,2026-08-20T00:00:00Z,admin,2026-08-20T00:00:00Z,admin
5b4c6f5d-1409-467d-ac15-9dee1f9f8010,74f6efb3-6bb9-46ea-bf0d-581a4c0dee07,Z004TAMU,2026-08-20T00:00:00Z,admin,2026-08-20T00:00:00Z,admin
f93f2c79-a78f-4560-b811-e74b99f8f2ae,74f6efb3-6bb9-46ea-bf0d-581a4c0dee07,Z00531DY,2026-08-20T00:00:00Z,admin,2026-08-20T00:00:00Z,admin
e4dabffd-21f4-4921-990c-5f82f3220e8c,74f6efb3-6bb9-46ea-bf0d-581a4c0dee07,Z004XVAC,2026-08-20T00:00:00Z,admin,2026-08-20T00:00:00Z,admin
1992dde0-2ac4-452d-89c0-777ef32c8c82,74f6efb3-6bb9-46ea-bf0d-581a4c0dee07,Z0052TYP,2026-08-20T00:00:00Z,admin,2026-08-20T00:00:00Z,admin
c288c3fa-e167-4a99-ae38-3274df435ad0,74f6efb3-6bb9-46ea-bf0d-581a4c0dee07,Z002Z66N,2026-08-20T00:00:00Z,admin,2026-08-20T00:00:00Z,admin
863239b7-c301-472c-95ad-861e3cdac311,74f6efb3-6bb9-46ea-bf0d-581a4c0dee07,Z004YK1R,2026-08-20T00:00:00Z,admin,2026-08-20T00:00:00Z,admin
3c009c0b-4307-4d62-adf6-7c97b94f3628,74f6efb3-6bb9-46ea-bf0d-581a4c0dee07,Z004Z7ZE,2026-08-20T00:00:00Z,admin,2026-08-20T00:00:00Z,admin
659ac74e-1c93-4e54-8558-7d87c0a9376f,74f6efb3-6bb9-46ea-bf0d-581a4c0dee07,Z0054KNE,2026-08-20T00:00:00Z,admin,2026-08-20T00:00:00Z,admin
16b60a0b-97b1-463d-abeb-f6efc69e8a15,74f6efb3-6bb9-46ea-bf0d-581a4c0dee07,Z0028XMJ,2026-08-20T00:00:00Z,admin,2026-08-20T00:00:00Z,admin
98a522dc-58cd-4133-8dbb-e9671292c119,74f6efb3-6bb9-46ea-bf0d-581a4c0dee07,Z004FUJT,2026-08-20T00:00:00Z,admin,2026-08-20T00:00:00Z,admin
f7109ede-f72a-4f0d-836d-35800d921f77,74f6efb3-6bb9-46ea-bf0d-581a4c0dee07,Z001WYDU,2026-08-20T00:00:00Z,admin,2026-08-20T00:00:00Z,admin
09e64282-e907-46cc-a3a4-e21ac3476956,74f6efb3-6bb9-46ea-bf0d-581a4c0dee07,Z0014WKT,2026-08-20T00:00:00Z,admin,2026-08-20T00:00:00Z,admin
6d2252a0-5cb2-46ea-8af6-001a47d388e7,74f6efb3-6bb9-46ea-bf0d-581a4c0dee07,Z0039MYX,2026-08-20T00:00:00Z,admin,2026-08-20T00:00:00Z,admin
b265cc8e-1253-4cbf-90d6-c6c7e6435b45,74f6efb3-6bb9-46ea-bf0d-581a4c0dee07,Z0051EJU,2026-08-20T00:00:00Z,admin,2026-08-20T00:00:00Z,admin
870f8cb9-b1be-4c81-adf5-83284555809a,74f6efb3-6bb9-46ea-bf0d-581a4c0dee07,Z003RN6R,2026-08-20T00:00:00Z,admin,2026-08-20T00:00:00Z,admin
19846c3e-0bf6-4ae2-91bb-5a094053ac7e,74f6efb3-6bb9-46ea-bf0d-581a4c0dee07,Z0046D7W,2026-08-20T00:00:00Z,admin,2026-08-20T00:00:00Z,admin
c7cf292d-2a05-4f7f-9d48-967e2f314652,74f6efb3-6bb9-46ea-bf0d-581a4c0dee07,Z000268E,2026-08-20T00:00:00Z,admin,2026-08-20T00:00:00Z,admin
b105b243-a52d-4c10-9824-76b031a4fb74,74f6efb3-6bb9-46ea-bf0d-581a4c0dee07,Z002JB9N,2026-08-20T00:00:00Z,admin,2026-08-20T00:00:00Z,admin
dfd1e811-1f23-4627-9274-1797f8bc31c2,74f6efb3-6bb9-46ea-bf0d-581a4c0dee07,Z002ZJEH,2026-08-20T00:00:00Z,admin,2026-08-20T00:00:00Z,admin
4a76d7dc-d2dc-4e32-ab48-4a926d727af7,74f6efb3-6bb9-46ea-bf0d-581a4c0dee07,Z0033TXK,2026-08-20T00:00:00Z,admin,2026-08-20T00:00:00Z,admin
deded5c2-0a5b-4cfb-a023-4339baa777c6,74f6efb3-6bb9-46ea-bf0d-581a4c0dee07,Z0037XDV,2026-08-20T00:00:00Z,admin,2026-08-20T00:00:00Z,admin
393a4b83-65da-4dd4-9dc7-1e3dcac4df55,74f6efb3-6bb9-46ea-bf0d-581a4c0dee07,Z0030F0C,2026-08-20T00:00:00Z,admin,2026-08-20T00:00:00Z,admin
566aaf34-96bd-4464-b996-f234c493639b,74f6efb3-6bb9-46ea-bf0d-581a4c0dee07,Z0049ETY,2026-08-20T00:00:00Z,admin,2026-08-20T00:00:00Z,admin
f57fe276-7f29-4c08-89b7-c706bc1a2ff8,74f6efb3-6bb9-46ea-bf0d-581a4c0dee07,Z00531ED,2026-08-20T00:00:00Z,admin,2026-08-20T00:00:00Z,admin
756456f1-6a69-4733-bf7f-95a14334360b,74f6efb3-6bb9-46ea-bf0d-581a4c0dee07,Z00578UN,2026-08-20T00:00:00Z,admin,2026-08-20T00:00:00Z,admin
92b0f660-7ee4-4bf2-85a5-b0a7e78a0ec0,74f6efb3-6bb9-46ea-bf0d-581a4c0dee07,Z0022MPU,2026-08-20T00:00:00Z,admin,2026-08-20T00:00:00Z,admin
2a8b767e-f9ad-4bb0-bb77-2b7a0d12eb90,74f6efb3-6bb9-46ea-bf0d-581a4c0dee07,Z00360RB,2026-08-20T00:00:00Z,admin,2026-08-20T00:00:00Z,admin
ba723cf9-1c32-4100-adba-01ce52ab3545,74f6efb3-6bb9-46ea-bf0d-581a4c0dee07,Z00580YJ,2026-08-20T00:00:00Z,admin,2026-08-20T00:00:00Z,admin
afa5bf84-f51b-4961-9979-9a3f948769c7,74f6efb3-6bb9-46ea-bf0d-581a4c0dee07,Z004XVAB,2026-08-20T00:00:00Z,admin,2026-08-20T00:00:00Z,admin
1f910089-bde4-4cb6-9108-77ac11fedc6d,74f6efb3-6bb9-46ea-bf0d-581a4c0dee07,Z00503ZF,2026-08-20T00:00:00Z,admin,2026-08-20T00:00:00Z,admin
1800c4fe-3979-4b04-957c-f8032bcbd3ab,74f6efb3-6bb9-46ea-bf0d-581a4c0dee07,Z0053X3Z,2026-08-20T00:00:00Z,admin,2026-08-20T00:00:00Z,admin
e7ce9760-8890-41e5-823f-f847cd053616,74f6efb3-6bb9-46ea-bf0d-581a4c0dee07,Z004Z8HY,2026-08-20T00:00:00Z,admin,2026-08-20T00:00:00Z,admin
68314853-c564-4c6e-bcd0-70d8d72b80ea,74f6efb3-6bb9-46ea-bf0d-581a4c0dee07,Z00366PH,2026-08-20T00:00:00Z,admin,2026-08-20T00:00:00Z,admin
7f3b3d70-ec7d-4254-8d69-ff54d85a7331,74f6efb3-6bb9-46ea-bf0d-581a4c0dee07,Z002M9XR,2026-08-20T00:00:00Z,admin,2026-08-20T00:00:00Z,admin
4b55031f-791f-4e55-83cf-b1cd2a82b6c3,74f6efb3-6bb9-46ea-bf0d-581a4c0dee07,Z0059DWT,2026-08-20T00:00:00Z,admin,2026-08-20T00:00:00Z,admin
c8396332-272f-4a0e-9b46-96f191c8b3a0,74f6efb3-6bb9-46ea-bf0d-581a4c0dee07,Z005989N,2026-08-20T00:00:00Z,admin,2026-08-20T00:00:00Z,admin
d4e74df8-224d-45d5-a57c-4fb700873012,74f6efb3-6bb9-46ea-bf0d-581a4c0dee07,Z0059DYC,2026-08-20T00:00:00Z,admin,2026-08-20T00:00:00Z,admin
a9e2d152-143c-4ebf-bdc8-4ee67feadd37,74f6efb3-6bb9-46ea-bf0d-581a4c0dee07,Z0047WTV,2026-08-20T00:00:00Z,admin,2026-08-20T00:00:00Z,admin
0d61cd0f-03d7-462d-8374-6ba639105481,74f6efb3-6bb9-46ea-bf0d-581a4c0dee07,Z0041UVN,2026-08-20T00:00:00Z,admin,2026-08-20T00:00:00Z,admin
ae1e987a-76ce-4126-9e1b-6a8c878b1049,74f6efb3-6bb9-46ea-bf0d-581a4c0dee07,Z004E9UK,2026-08-20T00:00:00Z,admin,2026-08-20T00:00:00Z,admin
f50748a4-13af-4e2a-9797-4388f7c2beb8,74f6efb3-6bb9-46ea-bf0d-581a4c0dee07,Z004NM6Y,2026-08-20T00:00:00Z,admin,2026-08-20T00:00:00Z,admin
4d848a96-b11c-46c9-8120-3351875a432c,f1ab06e7-21f1-4bd4-b1db-6b95cc7ca703,Z004TAMU,2026-08-20T00:00:00Z,admin,2026-08-20T00:00:00Z,admin
0e0306a8-c276-4003-a0dc-15cf4fe9156e,f1ab06e7-21f1-4bd4-b1db-6b95cc7ca703,Z00531DY,2026-08-20T00:00:00Z,admin,2026-08-20T00:00:00Z,admin
c1af58ca-71ce-4e3c-88ac-44d0f53d0b9e,f1ab06e7-21f1-4bd4-b1db-6b95cc7ca703,Z004XVAC,2026-08-20T00:00:00Z,admin,2026-08-20T00:00:00Z,admin
0b10e1aa-8df0-4ce7-b69f-1e16f50441c1,f1ab06e7-21f1-4bd4-b1db-6b95cc7ca703,Z0052TYP,2026-08-20T00:00:00Z,admin,2026-08-20T00:00:00Z,admin
0c7c21b8-12b9-436d-b454-8a37867abcfe,f1ab06e7-21f1-4bd4-b1db-6b95cc7ca703,Z002Z66N,2026-08-20T00:00:00Z,admin,2026-08-20T00:00:00Z,admin
fe89ed93-692f-4772-ac74-5ba2a630a2e2,f1ab06e7-21f1-4bd4-b1db-6b95cc7ca703,Z004YK1R,2026-08-20T00:00:00Z,admin,2026-08-20T00:00:00Z,admin
58915b11-30b6-4390-9f26-4faaee6dbaf0,f1ab06e7-21f1-4bd4-b1db-6b95cc7ca703,Z004Z7ZE,2026-08-20T00:00:00Z,admin,2026-08-20T00:00:00Z,admin
f690ccdd-bcc2-4db3-9ce8-a54475e921a4,f1ab06e7-21f1-4bd4-b1db-6b95cc7ca703,Z0054KNE,2026-08-20T00:00:00Z,admin,2026-08-20T00:00:00Z,admin
ca008614-b7fc-4310-96c4-7888e05c67d4,f1ab06e7-21f1-4bd4-b1db-6b95cc7ca703,Z0028XMJ,2026-08-20T00:00:00Z,admin,2026-08-20T00:00:00Z,admin
b788d19a-b666-4953-bcdf-6d4a1565d979,f1ab06e7-21f1-4bd4-b1db-6b95cc7ca703,Z004FUJT,2026-08-20T00:00:00Z,admin,2026-08-20T00:00:00Z,admin
7569cc19-a58b-4176-9101-6236ef5a774b,f1ab06e7-21f1-4bd4-b1db-6b95cc7ca703,Z001WYDU,2026-08-20T00:00:00Z,admin,2026-08-20T00:00:00Z,admin
dec4defb-7560-4ea9-bd07-27da131014e2,f1ab06e7-21f1-4bd4-b1db-6b95cc7ca703,Z0014WKT,2026-08-20T00:00:00Z,admin,2026-08-20T00:00:00Z,admin
db381e19-49d4-4b82-ac32-12bf6df24716,f1ab06e7-21f1-4bd4-b1db-6b95cc7ca703,Z0039MYX,2026-08-20T00:00:00Z,admin,2026-08-20T00:00:00Z,admin
83b11349-a561-4942-aed4-490e946c9246,f1ab06e7-21f1-4bd4-b1db-6b95cc7ca703,Z0051EJU,2026-08-20T00:00:00Z,admin,2026-08-20T00:00:00Z,admin
04ee4cce-33f1-4454-bef7-490cacd605ee,f1ab06e7-21f1-4bd4-b1db-6b95cc7ca703,Z003RN6R,2026-08-20T00:00:00Z,admin,2026-08-20T00:00:00Z,admin
c32ebd69-44d4-498c-9fdc-2a239ba00a8b,f1ab06e7-21f1-4bd4-b1db-6b95cc7ca703,Z0046D7W,2026-08-20T00:00:00Z,admin,2026-08-20T00:00:00Z,admin
fbf16ed7-bddc-4309-b69f-421e42ca7f00,f1ab06e7-21f1-4bd4-b1db-6b95cc7ca703,Z000268E,2026-08-20T00:00:00Z,admin,2026-08-20T00:00:00Z,admin
021ad600-8e4c-43f1-a5a3-4e30eac7ac7c,f1ab06e7-21f1-4bd4-b1db-6b95cc7ca703,Z002JB9N,2026-08-20T00:00:00Z,admin,2026-08-20T00:00:00Z,admin
8ce65ce5-7186-43ce-b856-16a3dbbdd842,f1ab06e7-21f1-4bd4-b1db-6b95cc7ca703,Z002ZJEH,2026-08-20T00:00:00Z,admin,2026-08-20T00:00:00Z,admin
a35bb341-e6cd-4dbe-855a-c0d9050a58ff,f1ab06e7-21f1-4bd4-b1db-6b95cc7ca703,Z0033TXK,2026-08-20T00:00:00Z,admin,2026-08-20T00:00:00Z,admin
373a1b75-79d8-49d1-b05e-ca5ffebb7708,f1ab06e7-21f1-4bd4-b1db-6b95cc7ca703,Z0037XDV,2026-08-20T00:00:00Z,admin,2026-08-20T00:00:00Z,admin
fa8a537d-256b-4ad5-a8ca-dffbdbef7300,f1ab06e7-21f1-4bd4-b1db-6b95cc7ca703,Z0030F0C,2026-08-20T00:00:00Z,admin,2026-08-20T00:00:00Z,admin
b3816755-f985-4955-bc8e-4601f02b3782,f1ab06e7-21f1-4bd4-b1db-6b95cc7ca703,Z0049ETY,2026-08-20T00:00:00Z,admin,2026-08-20T00:00:00Z,admin
8409b1c6-694f-464b-aebb-b1fb76aefefc,f1ab06e7-21f1-4bd4-b1db-6b95cc7ca703,Z00531ED,2026-08-20T00:00:00Z,admin,2026-08-20T00:00:00Z,admin
cd5954c7-054e-4fe5-954c-2d4a0645f9d3,f1ab06e7-21f1-4bd4-b1db-6b95cc7ca703,Z00578UN,2026-08-20T00:00:00Z,admin,2026-08-20T00:00:00Z,admin
f3717500-67d1-4546-8311-f00050986bb0,f1ab06e7-21f1-4bd4-b1db-6b95cc7ca703,Z0022MPU,2026-08-20T00:00:00Z,admin,2026-08-20T00:00:00Z,admin
c6257aac-d859-41bd-8ea0-2d7359c8de7b,f1ab06e7-21f1-4bd4-b1db-6b95cc7ca703,Z00360RB,2026-08-20T00:00:00Z,admin,2026-08-20T00:00:00Z,admin
67f65cff-59f4-420d-8490-4b235faefaf7,f1ab06e7-21f1-4bd4-b1db-6b95cc7ca703,Z00580YJ,2026-08-20T00:00:00Z,admin,2026-08-20T00:00:00Z,admin
8531e60d-0d07-477c-afa8-522a2336535c,f1ab06e7-21f1-4bd4-b1db-6b95cc7ca703,Z004XVAB,2026-08-20T00:00:00Z,admin,2026-08-20T00:00:00Z,admin
9bc78597-96ea-4b80-b594-95b316709eb6,f1ab06e7-21f1-4bd4-b1db-6b95cc7ca703,Z00503ZF,2026-08-20T00:00:00Z,admin,2026-08-20T00:00:00Z,admin
680ae465-1aef-4e86-b564-0830a1325e26,f1ab06e7-21f1-4bd4-b1db-6b95cc7ca703,Z0053X3Z,2026-08-20T00:00:00Z,admin,2026-08-20T00:00:00Z,admin
821335fb-4f27-42d7-95c5-e8cb2ca65b50,f1ab06e7-21f1-4bd4-b1db-6b95cc7ca703,Z004Z8HY,2026-08-20T00:00:00Z,admin,2026-08-20T00:00:00Z,admin
17b01468-c52b-4bad-b884-eb76977cead0,f1ab06e7-21f1-4bd4-b1db-6b95cc7ca703,Z00366PH,2026-08-20T00:00:00Z,admin,2026-08-20T00:00:00Z,admin
09fabcbe-15ca-424e-8a0e-b3af485b127b,f1ab06e7-21f1-4bd4-b1db-6b95cc7ca703,Z002M9XR,2026-08-20T00:00:00Z,admin,2026-08-20T00:00:00Z,admin
cfd1c6c2-09c1-47b2-b8eb-cb7071b75f7b,f1ab06e7-21f1-4bd4-b1db-6b95cc7ca703,Z0059DWT,2026-08-20T00:00:00Z,admin,2026-08-20T00:00:00Z,admin
8d4b00ff-0404-479f-aff3-db7b7e5ae0fe,f1ab06e7-21f1-4bd4-b1db-6b95cc7ca703,Z005989N,2026-08-20T00:00:00Z,admin,2026-08-20T00:00:00Z,admin
a94d1690-650a-428e-96a3-b74be6154acd,f1ab06e7-21f1-4bd4-b1db-6b95cc7ca703,Z0059DYC,2026-08-20T00:00:00Z,admin,2026-08-20T00:00:00Z,admin
02a6d327-afe5-439a-926a-e9bfde70c377,f1ab06e7-21f1-4bd4-b1db-6b95cc7ca703,Z0047WTV,2026-08-20T00:00:00Z,admin,2026-08-20T00:00:00Z,admin
b23b236f-6e0f-4bec-be26-5f1b7c4a0522,f1ab06e7-21f1-4bd4-b1db-6b95cc7ca703,Z0041UVN,2026-08-20T00:00:00Z,admin,2026-08-20T00:00:00Z,admin
827410d5-6a74-44b1-9448-f210bd3d2042,f1ab06e7-21f1-4bd4-b1db-6b95cc7ca703,Z004E9UK,2026-08-20T00:00:00Z,admin,2026-08-20T00:00:00Z,admin
b2b29500-d572-4f47-bd90-b71473731439,f1ab06e7-21f1-4bd4-b1db-6b95cc7ca703,Z004NM6Y,2026-08-20T00:00:00Z,admin,2026-08-20T00:00:00Z,admin
d0e9f099-3638-48da-8efd-d192ab181de7,0116a4d6-45a8-42ec-a75d-02a1e847239f,Z004TAMU,2026-08-20T00:00:00Z,admin,2026-08-20T00:00:00Z,admin
de0219ed-7595-43dd-ad4b-dbc6384ea21b,0116a4d6-45a8-42ec-a75d-02a1e847239f,Z00531DY,2026-08-20T00:00:00Z,admin,2026-08-20T00:00:00Z,admin
17f218cc-0584-451b-9305-24efd57b58fe,0116a4d6-45a8-42ec-a75d-02a1e847239f,Z004XVAC,2026-08-20T00:00:00Z,admin,2026-08-20T00:00:00Z,admin
566b723a-eebf-4e10-8462-c411a6a76753,0116a4d6-45a8-42ec-a75d-02a1e847239f,Z0052TYP,2026-08-20T00:00:00Z,admin,2026-08-20T00:00:00Z,admin
8b4e98aa-56f3-4732-b493-4ae2a73996fb,0116a4d6-45a8-42ec-a75d-02a1e847239f,Z002Z66N,2026-08-20T00:00:00Z,admin,2026-08-20T00:00:00Z,admin
76be5d89-aa30-4b56-a1ba-42ed3ed356c4,0116a4d6-45a8-42ec-a75d-02a1e847239f,Z004YK1R,2026-08-20T00:00:00Z,admin,2026-08-20T00:00:00Z,admin
edbb1b07-c5e4-4439-9e68-dcee75cd6fc1,0116a4d6-45a8-42ec-a75d-02a1e847239f,Z004Z7ZE,2026-08-20T00:00:00Z,admin,2026-08-20T00:00:00Z,admin
8897fe27-94d9-43b8-b3e1-ab3499411e49,0116a4d6-45a8-42ec-a75d-02a1e847239f,Z0054KNE,2026-08-20T00:00:00Z,admin,2026-08-20T00:00:00Z,admin
a6992a84-bd82-4b40-a787-a8ddcdf4abc2,0116a4d6-45a8-42ec-a75d-02a1e847239f,Z0028XMJ,2026-08-20T00:00:00Z,admin,2026-08-20T00:00:00Z,admin
55fa076c-3238-464e-8ed5-df2a2b073006,0116a4d6-45a8-42ec-a75d-02a1e847239f,Z004FUJT,2026-08-20T00:00:00Z,admin,2026-08-20T00:00:00Z,admin
1d622395-2e91-4f15-b336-7dfd32a12a6c,0116a4d6-45a8-42ec-a75d-02a1e847239f,Z001WYDU,2026-08-20T00:00:00Z,admin,2026-08-20T00:00:00Z,admin
8819b9a1-1099-4391-8853-cf4c80d90158,0116a4d6-45a8-42ec-a75d-02a1e847239f,Z0014WKT,2026-08-20T00:00:00Z,admin,2026-08-20T00:00:00Z,admin
675f895d-4d26-4fa7-a14c-3f9be409d7c7,0116a4d6-45a8-42ec-a75d-02a1e847239f,Z0039MYX,2026-08-20T00:00:00Z,admin,2026-08-20T00:00:00Z,admin
3e82fb92-7018-4b77-82a0-c9a8ee86b783,0116a4d6-45a8-42ec-a75d-02a1e847239f,Z0051EJU,2026-08-20T00:00:00Z,admin,2026-08-20T00:00:00Z,admin
1b8a0d1e-0d5d-410f-90b2-a903138289e0,0116a4d6-45a8-42ec-a75d-02a1e847239f,Z003RN6R,2026-08-20T00:00:00Z,admin,2026-08-20T00:00:00Z,admin
1c334cef-4dae-4256-94c2-7483f1f708a6,0116a4d6-45a8-42ec-a75d-02a1e847239f,Z0046D7W,2026-08-20T00:00:00Z,admin,2026-08-20T00:00:00Z,admin
2f8ccef8-8886-48f2-a89b-80548b8855a6,0116a4d6-45a8-42ec-a75d-02a1e847239f,Z000268E,2026-08-20T00:00:00Z,admin,2026-08-20T00:00:00Z,admin
3cce9a3c-acb5-4ff2-90f1-05e90e63b3db,0116a4d6-45a8-42ec-a75d-02a1e847239f,Z002JB9N,2026-08-20T00:00:00Z,admin,2026-08-20T00:00:00Z,admin
576a99b7-ed36-457b-a881-fedd20767a39,0116a4d6-45a8-42ec-a75d-02a1e847239f,Z002ZJEH,2026-08-20T00:00:00Z,admin,2026-08-20T00:00:00Z,admin
129b95d6-cb45-4c74-b732-5e43a5a8c083,0116a4d6-45a8-42ec-a75d-02a1e847239f,Z0033TXK,2026-08-20T00:00:00Z,admin,2026-08-20T00:00:00Z,admin
49e519be-a8b9-4c68-b94c-c26701c84aaa,0116a4d6-45a8-42ec-a75d-02a1e847239f,Z0037XDV,2026-08-20T00:00:00Z,admin,2026-08-20T00:00:00Z,admin
841fef71-99eb-49aa-b981-5982fb3e2742,0116a4d6-45a8-42ec-a75d-02a1e847239f,Z0030F0C,2026-08-20T00:00:00Z,admin,2026-08-20T00:00:00Z,admin
140cb291-878f-40f0-8ae3-7c2d5e8868bd,0116a4d6-45a8-42ec-a75d-02a1e847239f,Z0049ETY,2026-08-20T00:00:00Z,admin,2026-08-20T00:00:00Z,admin
ee5f4e69-f380-44b1-9640-6a0ff5344cf4,0116a4d6-45a8-42ec-a75d-02a1e847239f,Z00531ED,2026-08-20T00:00:00Z,admin,2026-08-20T00:00:00Z,admin
1bcea68c-875d-4cb2-a4f9-abc83ee195d2,0116a4d6-45a8-42ec-a75d-02a1e847239f,Z00578UN,2026-08-20T00:00:00Z,admin,2026-08-20T00:00:00Z,admin
c7949278-bddb-4e21-9661-04e0b7c15dd5,0116a4d6-45a8-42ec-a75d-02a1e847239f,Z0022MPU,2026-08-20T00:00:00Z,admin,2026-08-20T00:00:00Z,admin
f41d4c18-2204-4aca-9789-552238afd633,0116a4d6-45a8-42ec-a75d-02a1e847239f,Z00360RB,2026-08-20T00:00:00Z,admin,2026-08-20T00:00:00Z,admin
8ffb38b6-d5ea-42c7-a6f5-6923fbed1549,0116a4d6-45a8-42ec-a75d-02a1e847239f,Z00580YJ,2026-08-20T00:00:00Z,admin,2026-08-20T00:00:00Z,admin
149268a9-95d9-4e2f-8f38-d547b9990c87,0116a4d6-45a8-42ec-a75d-02a1e847239f,Z004XVAB,2026-08-20T00:00:00Z,admin,2026-08-20T00:00:00Z,admin
a43402bc-7bd1-4cfe-bb0e-3e6d21c3afb8,0116a4d6-45a8-42ec-a75d-02a1e847239f,Z00503ZF,2026-08-20T00:00:00Z,admin,2026-08-20T00:00:00Z,admin
4bf291a4-0a6b-4fd0-a2df-cdb6d99373ca,0116a4d6-45a8-42ec-a75d-02a1e847239f,Z0053X3Z,2026-08-20T00:00:00Z,admin,2026-08-20T00:00:00Z,admin
3b5b9ab5-9028-4201-aec3-7ffd1e8453ab,0116a4d6-45a8-42ec-a75d-02a1e847239f,Z004Z8HY,2026-08-20T00:00:00Z,admin,2026-08-20T00:00:00Z,admin
65c10456-3ee2-43d7-aeeb-927dd77f3225,0116a4d6-45a8-42ec-a75d-02a1e847239f,Z00366PH,2026-08-20T00:00:00Z,admin,2026-08-20T00:00:00Z,admin
ca437af8-806f-48f7-bf2d-b2123a1dbcaa,0116a4d6-45a8-42ec-a75d-02a1e847239f,Z002M9XR,2026-08-20T00:00:00Z,admin,2026-08-20T00:00:00Z,admin
e32ec45d-33ba-4745-8c9a-97ae97fe7f2c,0116a4d6-45a8-42ec-a75d-02a1e847239f,Z0059DWT,2026-08-20T00:00:00Z,admin,2026-08-20T00:00:00Z,admin
75de6ff5-81c3-46c0-b689-d72d37071fcc,0116a4d6-45a8-42ec-a75d-02a1e847239f,Z005989N,2026-08-20T00:00:00Z,admin,2026-08-20T00:00:00Z,admin
dcd723e2-d7b7-4ad3-9b96-9d26f33f015b,0116a4d6-45a8-42ec-a75d-02a1e847239f,Z0059DYC,2026-08-20T00:00:00Z,admin,2026-08-20T00:00:00Z,admin
2ac874ef-1279-4c02-a777-3fa6dfcc6ff4,0116a4d6-45a8-42ec-a75d-02a1e847239f,Z0047WTV,2026-08-20T00:00:00Z,admin,2026-08-20T00:00:00Z,admin
3c612768-feb1-472d-a130-e0c551569a68,3304870a-3a21-4324-9e9b-650179646d07,Z004TAMU,2026-08-20T00:00:00Z,admin,2026-08-20T00:00:00Z,admin
789ba33f-1e20-416f-9e7d-91a5e2cd16ca,3304870a-3a21-4324-9e9b-650179646d07,Z00531DY,2026-08-20T00:00:00Z,admin,2026-08-20T00:00:00Z,admin
87a9d373-88a7-45d3-8293-b78ebee4dd27,3304870a-3a21-4324-9e9b-650179646d07,Z004XVAC,2026-08-20T00:00:00Z,admin,2026-08-20T00:00:00Z,admin
2c67861c-317a-4e40-b604-f5d982e4b56b,3304870a-3a21-4324-9e9b-650179646d07,Z0052TYP,2026-08-20T00:00:00Z,admin,2026-08-20T00:00:00Z,admin
451faff9-c779-4135-af25-90bbe5776402,3304870a-3a21-4324-9e9b-650179646d07,Z002Z66N,2026-08-20T00:00:00Z,admin,2026-08-20T00:00:00Z,admin
9b842107-023c-48f9-acdd-d04bb9bb1123,3304870a-3a21-4324-9e9b-650179646d07,Z004YK1R,2026-08-20T00:00:00Z,admin,2026-08-20T00:00:00Z,admin
3229f19c-7121-464e-9ae4-e1d742bbe873,3304870a-3a21-4324-9e9b-650179646d07,Z004Z7ZE,2026-08-20T00:00:00Z,admin,2026-08-20T00:00:00Z,admin
ab451176-d126-4f0d-8a9d-6409ef3e63d9,3304870a-3a21-4324-9e9b-650179646d07,Z0054KNE,2026-08-20T00:00:00Z,admin,2026-08-20T00:00:00Z,admin
bf685c4c-76ec-486a-976d-36b67b37fce8,3304870a-3a21-4324-9e9b-650179646d07,Z0028XMJ,2026-08-20T00:00:00Z,admin,2026-08-20T00:00:00Z,admin
6a1863f7-472a-417d-a411-299988a12c70,3304870a-3a21-4324-9e9b-650179646d07,Z004FUJT,2026-08-20T00:00:00Z,admin,2026-08-20T00:00:00Z,admin
984cb69f-bf13-4aec-a88f-02d07c8aa1f0,3304870a-3a21-4324-9e9b-650179646d07,Z001WYDU,2026-08-20T00:00:00Z,admin,2026-08-20T00:00:00Z,admin
897b90f5-2f07-414b-8bf8-c9656a4c85f5,3304870a-3a21-4324-9e9b-650179646d07,Z0014WKT,2026-08-20T00:00:00Z,admin,2026-08-20T00:00:00Z,admin
794aee7c-b643-4d27-b716-52a72f75c96b,3304870a-3a21-4324-9e9b-650179646d07,Z0039MYX,2026-08-20T00:00:00Z,admin,2026-08-20T00:00:00Z,admin
e04d9651-254c-4e1d-9253-4bfda9f4b113,3304870a-3a21-4324-9e9b-650179646d07,Z0051EJU,2026-08-20T00:00:00Z,admin,2026-08-20T00:00:00Z,admin
2f5c07ac-189a-4bee-ab89-fb3f30c80e5f,3304870a-3a21-4324-9e9b-650179646d07,Z003RN6R,2026-08-20T00:00:00Z,admin,2026-08-20T00:00:00Z,admin
7f3978a3-08cc-48f0-9b56-cdf00aadc98b,3304870a-3a21-4324-9e9b-650179646d07,Z0046D7W,2026-08-20T00:00:00Z,admin,2026-08-20T00:00:00Z,admin
1c676dd2-59c4-4162-9221-c9c41e3b9002,3304870a-3a21-4324-9e9b-650179646d07,Z000268E,2026-08-20T00:00:00Z,admin,2026-08-20T00:00:00Z,admin
643654a1-bed2-45b7-aab9-71d4b0e5edcd,3304870a-3a21-4324-9e9b-650179646d07,Z002JB9N,2026-08-20T00:00:00Z,admin,2026-08-20T00:00:00Z,admin
ae308913-1e5f-4013-8d2d-ed29dfb011dd,3304870a-3a21-4324-9e9b-650179646d07,Z002ZJEH,2026-08-20T00:00:00Z,admin,2026-08-20T00:00:00Z,admin
55aa72e3-06cb-42bc-bd88-26291dcce6c3,3304870a-3a21-4324-9e9b-650179646d07,Z0033TXK,2026-08-20T00:00:00Z,admin,2026-08-20T00:00:00Z,admin
8f66b00c-694d-43f7-96cb-fe4757dfa9ad,3304870a-3a21-4324-9e9b-650179646d07,Z0037XDV,2026-08-20T00:00:00Z,admin,2026-08-20T00:00:00Z,admin
b0f7faff-c781-4bc1-8feb-dcdda51e8284,3304870a-3a21-4324-9e9b-650179646d07,Z0030F0C,2026-08-20T00:00:00Z,admin,2026-08-20T00:00:00Z,admin
bfff6703-3a8b-4724-98f6-b79d7b108fb6,3304870a-3a21-4324-9e9b-650179646d07,Z0049ETY,2026-08-20T00:00:00Z,admin,2026-08-20T00:00:00Z,admin
39895b92-01d2-4f13-bb69-5b1a8e2b6953,3304870a-3a21-4324-9e9b-650179646d07,Z00531ED,2026-08-20T00:00:00Z,admin,2026-08-20T00:00:00Z,admin
2bbd0e74-c238-4432-909f-f5b6317caf73,3304870a-3a21-4324-9e9b-650179646d07,Z00578UN,2026-08-20T00:00:00Z,admin,2026-08-20T00:00:00Z,admin
90f3ef95-7766-49e7-9517-a279f4f17d10,3304870a-3a21-4324-9e9b-650179646d07,Z0022MPU,2026-08-20T00:00:00Z,admin,2026-08-20T00:00:00Z,admin
456e557a-122c-4acb-88a5-1cc9b651e584,3304870a-3a21-4324-9e9b-650179646d07,Z00360RB,2026-08-20T00:00:00Z,admin,2026-08-20T00:00:00Z,admin
97f61503-8ef3-4153-98fc-2a7f65b608af,3304870a-3a21-4324-9e9b-650179646d07,Z00580YJ,2026-08-20T00:00:00Z,admin,2026-08-20T00:00:00Z,admin
81ae267f-a23b-438e-8d61-0d7d7ac25131,3304870a-3a21-4324-9e9b-650179646d07,Z004XVAB,2026-08-20T00:00:00Z,admin,2026-08-20T00:00:00Z,admin
a941497a-bdcd-41df-bd60-d3d485338181,3304870a-3a21-4324-9e9b-650179646d07,Z00503ZF,2026-08-20T00:00:00Z,admin,2026-08-20T00:00:00Z,admin
3e57b91a-0cd5-4e2a-852a-902656694c3a,3304870a-3a21-4324-9e9b-650179646d07,Z0053X3Z,2026-08-20T00:00:00Z,admin,2026-08-20T00:00:00Z,admin
9d8e7295-ec7a-4946-a87e-09199984d0d4,3304870a-3a21-4324-9e9b-650179646d07,Z004Z8HY,2026-08-20T00:00:00Z,admin,2026-08-20T00:00:00Z,admin
37ee79b5-3fd1-4374-98d2-356017b5d43c,3304870a-3a21-4324-9e9b-650179646d07,Z00366PH,2026-08-20T00:00:00Z,admin,2026-08-20T00:00:00Z,admin
95a58fd0-4c65-435c-a780-51bb3b3cf2c9,3304870a-3a21-4324-9e9b-650179646d07,Z002M9XR,2026-08-20T00:00:00Z,admin,2026-08-20T00:00:00Z,admin
44f151d7-1aee-4c3d-96a3-986d64397c93,3304870a-3a21-4324-9e9b-650179646d07,Z0059DWT,2026-08-20T00:00:00Z,admin,2026-08-20T00:00:00Z,admin
7d16c93a-9603-4839-bc4b-933a88cec00c,3304870a-3a21-4324-9e9b-650179646d07,Z005989N,2026-08-20T00:00:00Z,admin,2026-08-20T00:00:00Z,admin
64bfa59b-2084-49b4-bf64-b885e47d98a6,3304870a-3a21-4324-9e9b-650179646d07,Z0059DYC,2026-08-20T00:00:00Z,admin,2026-08-20T00:00:00Z,admin
9fe77730-e3cd-40aa-b5e7-fec5e34a800d,3304870a-3a21-4324-9e9b-650179646d07,Z0047WTV,2026-08-20T00:00:00Z,admin,2026-08-20T00:00:00Z,admin
c00657a4-ed7c-4e64-b059-513431cdb5e8,3304870a-3a21-4324-9e9b-650179646d07,Z0041UVN,2026-08-20T00:00:00Z,admin,2026-08-20T00:00:00Z,admin
d60d1e84-672b-490e-b340-bea7a3237824,3304870a-3a21-4324-9e9b-650179646d07,Z004E9UK,2026-08-20T00:00:00Z,admin,2026-08-20T00:00:00Z,admin
9055c0c5-7519-4161-9668-99631bfd5dc7,3304870a-3a21-4324-9e9b-650179646d07,Z004NM6Y,2026-08-20T00:00:00Z,admin,2026-08-20T00:00:00Z,admin
9599a593-c0f5-4452-8178-70a5e03b040d,83473181-c767-4ebd-b71f-f0371dec8dd4,Z004TAMU,2026-08-20T00:00:00Z,admin,2026-08-20T00:00:00Z,admin
bd46f188-7b96-424a-b9c0-f3da05914a0a,83473181-c767-4ebd-b71f-f0371dec8dd4,Z00531DY,2026-08-20T00:00:00Z,admin,2026-08-20T00:00:00Z,admin
7ea8764a-d2f4-4e80-b4d8-ed9472821cb3,83473181-c767-4ebd-b71f-f0371dec8dd4,Z004XVAC,2026-08-20T00:00:00Z,admin,2026-08-20T00:00:00Z,admin
dde29755-c02a-4a0d-8acb-701db786d6be,83473181-c767-4ebd-b71f-f0371dec8dd4,Z0052TYP,2026-08-20T00:00:00Z,admin,2026-08-20T00:00:00Z,admin
b1d83ae4-8cd0-40d1-8f7b-f1d066b58397,83473181-c767-4ebd-b71f-f0371dec8dd4,Z002Z66N,2026-08-20T00:00:00Z,admin,2026-08-20T00:00:00Z,admin
65ab0b05-bf59-41ce-92a5-059b1d61eecc,83473181-c767-4ebd-b71f-f0371dec8dd4,Z004YK1R,2026-08-20T00:00:00Z,admin,2026-08-20T00:00:00Z,admin
eebea892-cd18-4a8e-ab58-38cee7cc54f0,83473181-c767-4ebd-b71f-f0371dec8dd4,Z004Z7ZE,2026-08-20T00:00:00Z,admin,2026-08-20T00:00:00Z,admin
9f27456b-adad-47b3-a725-ec3c60a5660f,83473181-c767-4ebd-b71f-f0371dec8dd4,Z0054KNE,2026-08-20T00:00:00Z,admin,2026-08-20T00:00:00Z,admin
650bf607-cc27-4d07-8e3d-5e7a8dab627d,83473181-c767-4ebd-b71f-f0371dec8dd4,Z0028XMJ,2026-08-20T00:00:00Z,admin,2026-08-20T00:00:00Z,admin
e7d84c91-b69b-4062-87cb-1eb8c870576c,83473181-c767-4ebd-b71f-f0371dec8dd4,Z004FUJT,2026-08-20T00:00:00Z,admin,2026-08-20T00:00:00Z,admin
096c762e-0468-4461-b4e4-2404c475c43b,83473181-c767-4ebd-b71f-f0371dec8dd4,Z001WYDU,2026-08-20T00:00:00Z,admin,2026-08-20T00:00:00Z,admin
b2778132-4bdc-4d95-a453-54e207e5bcf8,83473181-c767-4ebd-b71f-f0371dec8dd4,Z0014WKT,2026-08-20T00:00:00Z,admin,2026-08-20T00:00:00Z,admin
c1f1d082-26c7-434f-8abc-9b10dd8e40b7,83473181-c767-4ebd-b71f-f0371dec8dd4,Z0039MYX,2026-08-20T00:00:00Z,admin,2026-08-20T00:00:00Z,admin
438538fd-ca98-418e-856a-44014cfe4797,83473181-c767-4ebd-b71f-f0371dec8dd4,Z0051EJU,2026-08-20T00:00:00Z,admin,2026-08-20T00:00:00Z,admin
c6f1b6bf-ed32-4e8e-a8d3-ceceda529e73,83473181-c767-4ebd-b71f-f0371dec8dd4,Z003RN6R,2026-08-20T00:00:00Z,admin,2026-08-20T00:00:00Z,admin
f7f361f2-9613-4d59-8c21-8e83d299af34,83473181-c767-4ebd-b71f-f0371dec8dd4,Z0046D7W,2026-08-20T00:00:00Z,admin,2026-08-20T00:00:00Z,admin
4822b3c6-7623-45b1-a29f-ac1bc75d622c,83473181-c767-4ebd-b71f-f0371dec8dd4,Z000268E,2026-08-20T00:00:00Z,admin,2026-08-20T00:00:00Z,admin
0ecfc104-c46e-4638-91af-90784435fe46,83473181-c767-4ebd-b71f-f0371dec8dd4,Z002JB9N,2026-08-20T00:00:00Z,admin,2026-08-20T00:00:00Z,admin
63609def-cd8e-4c5c-8ad9-6aef2dab847e,83473181-c767-4ebd-b71f-f0371dec8dd4,Z002ZJEH,2026-08-20T00:00:00Z,admin,2026-08-20T00:00:00Z,admin
32b6e04a-e1ca-4792-961d-e61daceee779,83473181-c767-4ebd-b71f-f0371dec8dd4,Z0033TXK,2026-08-20T00:00:00Z,admin,2026-08-20T00:00:00Z,admin
ac788962-3ecd-4f51-b6e7-9dd46ee74a5f,83473181-c767-4ebd-b71f-f0371dec8dd4,Z0037XDV,2026-08-20T00:00:00Z,admin,2026-08-20T00:00:00Z,admin
4b86c4ed-cefe-4272-b7f4-f2106208f586,83473181-c767-4ebd-b71f-f0371dec8dd4,Z0030F0C,2026-08-20T00:00:00Z,admin,2026-08-20T00:00:00Z,admin
57ac67f9-b7e8-4112-8edb-7822b319931b,83473181-c767-4ebd-b71f-f0371dec8dd4,Z0049ETY,2026-08-20T00:00:00Z,admin,2026-08-20T00:00:00Z,admin
00ba9b05-27aa-4799-aac3-a30bbc4f1575,83473181-c767-4ebd-b71f-f0371dec8dd4,Z00531ED,2026-08-20T00:00:00Z,admin,2026-08-20T00:00:00Z,admin
85d64d37-8fc2-4705-8ad5-0953e1bd3910,83473181-c767-4ebd-b71f-f0371dec8dd4,Z00578UN,2026-08-20T00:00:00Z,admin,2026-08-20T00:00:00Z,admin
8f9f289c-8522-4e13-a22a-2bd5150f452a,83473181-c767-4ebd-b71f-f0371dec8dd4,Z0022MPU,2026-08-20T00:00:00Z,admin,2026-08-20T00:00:00Z,admin
3a247b30-af4b-4d1d-8314-d6875c06ee23,83473181-c767-4ebd-b71f-f0371dec8dd4,Z00360RB,2026-08-20T00:00:00Z,admin,2026-08-20T00:00:00Z,admin
8b5bff7d-f69b-413a-8a17-ed17c62a4b80,83473181-c767-4ebd-b71f-f0371dec8dd4,Z00580YJ,2026-08-20T00:00:00Z,admin,2026-08-20T00:00:00Z,admin
bfd6d171-04fb-4121-8439-4998615e1cca,83473181-c767-4ebd-b71f-f0371dec8dd4,Z004XVAB,2026-08-20T00:00:00Z,admin,2026-08-20T00:00:00Z,admin
c6da6eec-7421-4fe4-a3c6-9095b1a10de1,83473181-c767-4ebd-b71f-f0371dec8dd4,Z00503ZF,2026-08-20T00:00:00Z,admin,2026-08-20T00:00:00Z,admin
187b7799-64d1-4c0f-b018-fd02d17cf9e5,83473181-c767-4ebd-b71f-f0371dec8dd4,Z0053X3Z,2026-08-20T00:00:00Z,admin,2026-08-20T00:00:00Z,admin
3fabc8bb-2979-43df-9c02-46c506f23053,83473181-c767-4ebd-b71f-f0371dec8dd4,Z004Z8HY,2026-08-20T00:00:00Z,admin,2026-08-20T00:00:00Z,admin
14d0d15a-252d-4b81-93e3-0bf9c949a3dd,83473181-c767-4ebd-b71f-f0371dec8dd4,Z00366PH,2026-08-20T00:00:00Z,admin,2026-08-20T00:00:00Z,admin
4190819f-9b20-4337-9184-6f2accd48b37,83473181-c767-4ebd-b71f-f0371dec8dd4,Z002M9XR,2026-08-20T00:00:00Z,admin,2026-08-20T00:00:00Z,admin
e226a33d-431f-471a-8286-94c6d33d0816,83473181-c767-4ebd-b71f-f0371dec8dd4,Z0059DWT,2026-08-20T00:00:00Z,admin,2026-08-20T00:00:00Z,admin
ebee0795-7d37-44a7-b56f-2587543715db,83473181-c767-4ebd-b71f-f0371dec8dd4,Z005989N,2026-08-20T00:00:00Z,admin,2026-08-20T00:00:00Z,admin
3994d821-7432-48b3-bdf4-dd99cd14d58c,83473181-c767-4ebd-b71f-f0371dec8dd4,Z0059DYC,2026-08-20T00:00:00Z,admin,2026-08-20T00:00:00Z,admin
8ea2d569-31e8-408e-91ee-eaf30c68523f,83473181-c767-4ebd-b71f-f0371dec8dd4,Z0047WTV,2026-08-20T00:00:00Z,admin,2026-08-20T00:00:00Z,admin
e86c428c-f27b-4acc-888b-bd8ce2af3cf9,83473181-c767-4ebd-b71f-f0371dec8dd4,Z0041UVN,2026-08-20T00:00:00Z,admin,2026-08-20T00:00:00Z,admin
609eb32e-d622-4eac-a1d6-edc0a973aaf4,83473181-c767-4ebd-b71f-f0371dec8dd4,Z004E9UK,2026-08-20T00:00:00Z,admin,2026-08-20T00:00:00Z,admin
694ba495-3ab8-4735-b364-e15c330ef60a,83473181-c767-4ebd-b71f-f0371dec8dd4,Z004NM6Y,2026-08-20T00:00:00Z,admin,2026-08-20T00:00:00Z,admin
885a463d-ad3a-4a89-84b3-89bb14ca3a1d,d38ee0ef-8e12-4f62-b762-0320dff3d936,Z004TAMU,2026-08-20T00:00:00Z,admin,2026-08-20T00:00:00Z,admin
a3329c43-f9c4-4fb5-9f5e-8802a0f2654c,d38ee0ef-8e12-4f62-b762-0320dff3d936,Z00531DY,2026-08-20T00:00:00Z,admin,2026-08-20T00:00:00Z,admin
73aabfa3-9ffa-4304-8e1b-52381d6fb341,d38ee0ef-8e12-4f62-b762-0320dff3d936,Z004XVAC,2026-08-20T00:00:00Z,admin,2026-08-20T00:00:00Z,admin
ce296274-7a28-4c25-b774-7227528bc88f,d38ee0ef-8e12-4f62-b762-0320dff3d936,Z0052TYP,2026-08-20T00:00:00Z,admin,2026-08-20T00:00:00Z,admin
1fa781de-af81-41d9-8fc3-9c558bcede3f,d38ee0ef-8e12-4f62-b762-0320dff3d936,Z002Z66N,2026-08-20T00:00:00Z,admin,2026-08-20T00:00:00Z,admin
541267b2-9809-4a6a-93f4-0f56a21b0396,d38ee0ef-8e12-4f62-b762-0320dff3d936,Z004YK1R,2026-08-20T00:00:00Z,admin,2026-08-20T00:00:00Z,admin
0f878e62-3a41-48bc-8e20-8baa80257a52,d38ee0ef-8e12-4f62-b762-0320dff3d936,Z004Z7ZE,2026-08-20T00:00:00Z,admin,2026-08-20T00:00:00Z,admin
e1f19e49-3cd7-49e4-b057-4025d3612771,d38ee0ef-8e12-4f62-b762-0320dff3d936,Z0054KNE,2026-08-20T00:00:00Z,admin,2026-08-20T00:00:00Z,admin
e3748b51-c4bb-47f0-b3d7-f313490ef4fc,d38ee0ef-8e12-4f62-b762-0320dff3d936,Z0028XMJ,2026-08-20T00:00:00Z,admin,2026-08-20T00:00:00Z,admin
63dd4764-59ac-4d2f-af1b-e15aad857dda,d38ee0ef-8e12-4f62-b762-0320dff3d936,Z004FUJT,2026-08-20T00:00:00Z,admin,2026-08-20T00:00:00Z,admin
7695d481-6910-454b-9360-a6cf7ca9da42,d38ee0ef-8e12-4f62-b762-0320dff3d936,Z001WYDU,2026-08-20T00:00:00Z,admin,2026-08-20T00:00:00Z,admin
00530eb3-cdad-4f68-8046-b2629a42f790,d38ee0ef-8e12-4f62-b762-0320dff3d936,Z0014WKT,2026-08-20T00:00:00Z,admin,2026-08-20T00:00:00Z,admin
fd85b8cb-7cdf-4f0b-8ee4-58b7ed44fcae,d38ee0ef-8e12-4f62-b762-0320dff3d936,Z0039MYX,2026-08-20T00:00:00Z,admin,2026-08-20T00:00:00Z,admin
29510374-d7c8-496a-8767-9820152d2f1c,d38ee0ef-8e12-4f62-b762-0320dff3d936,Z0051EJU,2026-08-20T00:00:00Z,admin,2026-08-20T00:00:00Z,admin
4512f05d-ddcf-4f83-9760-49009a382dd2,d38ee0ef-8e12-4f62-b762-0320dff3d936,Z003RN6R,2026-08-20T00:00:00Z,admin,2026-08-20T00:00:00Z,admin
d6351026-d61f-40d1-b182-4f0af57b4932,d38ee0ef-8e12-4f62-b762-0320dff3d936,Z0046D7W,2026-08-20T00:00:00Z,admin,2026-08-20T00:00:00Z,admin
1b6942e2-a886-445e-b020-68565ba6fbc7,d38ee0ef-8e12-4f62-b762-0320dff3d936,Z000268E,2026-08-20T00:00:00Z,admin,2026-08-20T00:00:00Z,admin
4361b190-1fc4-4c5f-a601-30f8b8d94937,d38ee0ef-8e12-4f62-b762-0320dff3d936,Z002JB9N,2026-08-20T00:00:00Z,admin,2026-08-20T00:00:00Z,admin
2f843b69-5046-4b97-9657-c689b4aadfec,d38ee0ef-8e12-4f62-b762-0320dff3d936,Z002ZJEH,2026-08-20T00:00:00Z,admin,2026-08-20T00:00:00Z,admin
8e06dffa-2782-40d3-87b2-7eeeacce7b34,d38ee0ef-8e12-4f62-b762-0320dff3d936,Z0033TXK,2026-08-20T00:00:00Z,admin,2026-08-20T00:00:00Z,admin
79a49c3f-ef8f-4b3a-a3f6-8a7e8e9065f7,d38ee0ef-8e12-4f62-b762-0320dff3d936,Z0037XDV,2026-08-20T00:00:00Z,admin,2026-08-20T00:00:00Z,admin
554ecff2-1ba6-42fd-a0ff-24dd81d07b0d,d38ee0ef-8e12-4f62-b762-0320dff3d936,Z0030F0C,2026-08-20T00:00:00Z,admin,2026-08-20T00:00:00Z,admin
d2d9a73b-ba50-47b8-9b3a-bdfab30307fa,d38ee0ef-8e12-4f62-b762-0320dff3d936,Z0049ETY,2026-08-20T00:00:00Z,admin,2026-08-20T00:00:00Z,admin
13bad16b-7697-4001-b22e-2322b4223900,d38ee0ef-8e12-4f62-b762-0320dff3d936,Z00531ED,2026-08-20T00:00:00Z,admin,2026-08-20T00:00:00Z,admin
2626aeeb-f0f2-429c-9f65-f0445c5120c3,d38ee0ef-8e12-4f62-b762-0320dff3d936,Z00578UN,2026-08-20T00:00:00Z,admin,2026-08-20T00:00:00Z,admin
80eaca7a-f20c-4761-afb9-c6957e9da6d6,d38ee0ef-8e12-4f62-b762-0320dff3d936,Z0022MPU,2026-08-20T00:00:00Z,admin,2026-08-20T00:00:00Z,admin
8f02353a-e9c9-43fa-9ddd-7bdb0f7f8b3e,d38ee0ef-8e12-4f62-b762-0320dff3d936,Z00360RB,2026-08-20T00:00:00Z,admin,2026-08-20T00:00:00Z,admin
05da6ed1-0e37-49aa-9fff-6b3cbcd6d557,d38ee0ef-8e12-4f62-b762-0320dff3d936,Z00580YJ,2026-08-20T00:00:00Z,admin,2026-08-20T00:00:00Z,admin
485ba0cc-5ac1-4b19-9755-2f50bc7014bc,d38ee0ef-8e12-4f62-b762-0320dff3d936,Z004XVAB,2026-08-20T00:00:00Z,admin,2026-08-20T00:00:00Z,admin
7a85a211-1b45-4d21-9cca-6d0433ceb818,d38ee0ef-8e12-4f62-b762-0320dff3d936,Z00503ZF,2026-08-20T00:00:00Z,admin,2026-08-20T00:00:00Z,admin
1ef11021-438e-4cbd-b941-e3f99281e93d,d38ee0ef-8e12-4f62-b762-0320dff3d936,Z0053X3Z,2026-08-20T00:00:00Z,admin,2026-08-20T00:00:00Z,admin
51d65cfd-d31a-45e7-ae62-4abbae28af51,d38ee0ef-8e12-4f62-b762-0320dff3d936,Z004Z8HY,2026-08-20T00:00:00Z,admin,2026-08-20T00:00:00Z,admin
a837bbdf-726b-4052-b9ca-f565f64ad2f1,d38ee0ef-8e12-4f62-b762-0320dff3d936,Z00366PH,2026-08-20T00:00:00Z,admin,2026-08-20T00:00:00Z,admin
dd84d34c-62df-47dc-8d1a-a37c2e8bdf86,d38ee0ef-8e12-4f62-b762-0320dff3d936,Z002M9XR,2026-08-20T00:00:00Z,admin,2026-08-20T00:00:00Z,admin
8fc608d1-b8d2-4796-a557-65f909a8f623,d38ee0ef-8e12-4f62-b762-0320dff3d936,Z0059DWT,2026-08-20T00:00:00Z,admin,2026-08-20T00:00:00Z,admin
e7443e8d-9913-461f-8b2f-c87bd4299b09,d38ee0ef-8e12-4f62-b762-0320dff3d936,Z005989N,2026-08-20T00:00:00Z,admin,2026-08-20T00:00:00Z,admin
52776671-5c80-4ad4-937c-17ed8e3c992c,d38ee0ef-8e12-4f62-b762-0320dff3d936,Z0059DYC,2026-08-20T00:00:00Z,admin,2026-08-20T00:00:00Z,admin
11b7024f-355f-4021-b1f3-e82f37ab5722,d38ee0ef-8e12-4f62-b762-0320dff3d936,Z0047WTV,2026-08-20T00:00:00Z,admin,2026-08-20T00:00:00Z,admin
12f32498-e238-454b-ae72-6b06f9872d35,c892a13e-019b-49e3-abc4-a72df1d76160,Z004TAMU,2026-08-20T00:00:00Z,admin,2026-08-20T00:00:00Z,admin
8a8a8f48-31ec-4943-b0c7-256f24619ee3,c892a13e-019b-49e3-abc4-a72df1d76160,Z00531DY,2026-08-20T00:00:00Z,admin,2026-08-20T00:00:00Z,admin
0b02091a-2106-489c-b4de-bd98473251c1,c892a13e-019b-49e3-abc4-a72df1d76160,Z004XVAC,2026-08-20T00:00:00Z,admin,2026-08-20T00:00:00Z,admin
957d45f6-c9fd-4c85-8190-16e9ced2e26a,c892a13e-019b-49e3-abc4-a72df1d76160,Z0052TYP,2026-08-20T00:00:00Z,admin,2026-08-20T00:00:00Z,admin
b4b301b6-09d4-4e84-8493-2ac586125ecb,c892a13e-019b-49e3-abc4-a72df1d76160,Z002Z66N,2026-08-20T00:00:00Z,admin,2026-08-20T00:00:00Z,admin
7c34bd87-3d5f-403e-9f4c-abc8088c355d,c892a13e-019b-49e3-abc4-a72df1d76160,Z004YK1R,2026-08-20T00:00:00Z,admin,2026-08-20T00:00:00Z,admin
e399ea4d-c421-484e-8368-586f61150690,c892a13e-019b-49e3-abc4-a72df1d76160,Z004Z7ZE,2026-08-20T00:00:00Z,admin,2026-08-20T00:00:00Z,admin
51cdee49-3cf7-41e0-8695-ecfa36e92482,c892a13e-019b-49e3-abc4-a72df1d76160,Z0054KNE,2026-08-20T00:00:00Z,admin,2026-08-20T00:00:00Z,admin
efd50be0-f747-48bb-aaee-b798a0d3d72b,c892a13e-019b-49e3-abc4-a72df1d76160,Z0028XMJ,2026-08-20T00:00:00Z,admin,2026-08-20T00:00:00Z,admin
1763e515-1b45-421d-ba97-d6056e0f5a7c,c892a13e-019b-49e3-abc4-a72df1d76160,Z004FUJT,2026-08-20T00:00:00Z,admin,2026-08-20T00:00:00Z,admin
b07bdc32-ad7b-4393-be11-319f24eb292b,c892a13e-019b-49e3-abc4-a72df1d76160,Z001WYDU,2026-08-20T00:00:00Z,admin,2026-08-20T00:00:00Z,admin
55571229-1ad8-4172-9661-3b4d6a88794a,c892a13e-019b-49e3-abc4-a72df1d76160,Z0014WKT,2026-08-20T00:00:00Z,admin,2026-08-20T00:00:00Z,admin
09ffdfb6-f9fc-449e-b4a2-71ce88313338,c892a13e-019b-49e3-abc4-a72df1d76160,Z0039MYX,2026-08-20T00:00:00Z,admin,2026-08-20T00:00:00Z,admin
8b0f704a-26e6-4daf-8a21-7825443b98a6,c892a13e-019b-49e3-abc4-a72df1d76160,Z0051EJU,2026-08-20T00:00:00Z,admin,2026-08-20T00:00:00Z,admin
8dc3b6a1-abe8-4706-ad5e-02dd421f3607,c892a13e-019b-49e3-abc4-a72df1d76160,Z003RN6R,2026-08-20T00:00:00Z,admin,2026-08-20T00:00:00Z,admin
5e7d057d-d906-4334-a6d0-1534c99571aa,c892a13e-019b-49e3-abc4-a72df1d76160,Z0046D7W,2026-08-20T00:00:00Z,admin,2026-08-20T00:00:00Z,admin
c060356d-5c13-4386-8c77-7df2d135f30d,c892a13e-019b-49e3-abc4-a72df1d76160,Z000268E,2026-08-20T00:00:00Z,admin,2026-08-20T00:00:00Z,admin
67c589d8-e584-499c-80ec-d0776c03dd5c,c892a13e-019b-49e3-abc4-a72df1d76160,Z002JB9N,2026-08-20T00:00:00Z,admin,2026-08-20T00:00:00Z,admin
8f87bc95-6248-4497-8b3e-773ef715ccc4,c892a13e-019b-49e3-abc4-a72df1d76160,Z002ZJEH,2026-08-20T00:00:00Z,admin,2026-08-20T00:00:00Z,admin
cf61ad89-1412-4b75-ba3b-9ef825c6fbcc,c892a13e-019b-49e3-abc4-a72df1d76160,Z0033TXK,2026-08-20T00:00:00Z,admin,2026-08-20T00:00:00Z,admin
4e652325-44f4-4a06-aec1-64d2f4eb816c,c892a13e-019b-49e3-abc4-a72df1d76160,Z0037XDV,2026-08-20T00:00:00Z,admin,2026-08-20T00:00:00Z,admin
f6734cdf-d9bd-4862-9f67-23b839830819,c892a13e-019b-49e3-abc4-a72df1d76160,Z0030F0C,2026-08-20T00:00:00Z,admin,2026-08-20T00:00:00Z,admin
616a1050-304b-4325-b60f-91a1f8683446,c892a13e-019b-49e3-abc4-a72df1d76160,Z0049ETY,2026-08-20T00:00:00Z,admin,2026-08-20T00:00:00Z,admin
f3691c98-5d4b-440f-8f5a-383e1b2d1573,c892a13e-019b-49e3-abc4-a72df1d76160,Z00531ED,2026-08-20T00:00:00Z,admin,2026-08-20T00:00:00Z,admin
56e852c2-b9c8-4248-9729-818e8dbe38f5,c892a13e-019b-49e3-abc4-a72df1d76160,Z00578UN,2026-08-20T00:00:00Z,admin,2026-08-20T00:00:00Z,admin
c6d0e431-91ec-43cf-8b20-d862e1fe88a4,c892a13e-019b-49e3-abc4-a72df1d76160,Z0022MPU,2026-08-20T00:00:00Z,admin,2026-08-20T00:00:00Z,admin
58d75027-6813-4fd6-8816-78fa43d5705c,c892a13e-019b-49e3-abc4-a72df1d76160,Z00360RB,2026-08-20T00:00:00Z,admin,2026-08-20T00:00:00Z,admin
f49f8fbf-4739-466a-8562-3f750bdd6272,c892a13e-019b-49e3-abc4-a72df1d76160,Z00580YJ,2026-08-20T00:00:00Z,admin,2026-08-20T00:00:00Z,admin
924fbbca-f59a-4ebd-957f-fb80304c320c,c892a13e-019b-49e3-abc4-a72df1d76160,Z004XVAB,2026-08-20T00:00:00Z,admin,2026-08-20T00:00:00Z,admin
8746a714-670d-4fd3-8d87-3108b21bca33,c892a13e-019b-49e3-abc4-a72df1d76160,Z00503ZF,2026-08-20T00:00:00Z,admin,2026-08-20T00:00:00Z,admin
a23524d2-3cce-49eb-a3d3-adb453696aad,c892a13e-019b-49e3-abc4-a72df1d76160,Z0053X3Z,2026-08-20T00:00:00Z,admin,2026-08-20T00:00:00Z,admin
32dd94b5-8684-4c93-b933-197b467b61a9,c892a13e-019b-49e3-abc4-a72df1d76160,Z004Z8HY,2026-08-20T00:00:00Z,admin,2026-08-20T00:00:00Z,admin
2c3b9b60-19f6-4a2e-952f-d77c42f8de37,c892a13e-019b-49e3-abc4-a72df1d76160,Z00366PH,2026-08-20T00:00:00Z,admin,2026-08-20T00:00:00Z,admin
abfa2188-465b-4778-9514-bdfad779e7de,c892a13e-019b-49e3-abc4-a72df1d76160,Z002M9XR,2026-08-20T00:00:00Z,admin,2026-08-20T00:00:00Z,admin
c6bf0784-70ca-4f68-82d8-e24bd21b71d7,c892a13e-019b-49e3-abc4-a72df1d76160,Z0059DWT,2026-08-20T00:00:00Z,admin,2026-08-20T00:00:00Z,admin
25de4c4e-cce3-4a0a-96f0-c51f568a4531,c892a13e-019b-49e3-abc4-a72df1d76160,Z005989N,2026-08-20T00:00:00Z,admin,2026-08-20T00:00:00Z,admin
d9eb3625-874f-4b7a-8279-c87d29a167b8,c892a13e-019b-49e3-abc4-a72df1d76160,Z0059DYC,2026-08-20T00:00:00Z,admin,2026-08-20T00:00:00Z,admin
19d7a7f5-aab5-4caa-935f-15729c8e97e2,c892a13e-019b-49e3-abc4-a72df1d76160,Z0047WTV,2026-08-20T00:00:00Z,admin,2026-08-20T00:00:00Z,admin
a09f1685-04f6-4b36-ad64-3cc2417db124,d089da33-389b-406c-843b-41f9ce1b3b20,Z004TAMU,2026-08-20T00:00:00Z,admin,2026-08-20T00:00:00Z,admin
f4cfd4e3-6abf-401b-8e63-f5c3dc985249,d089da33-389b-406c-843b-41f9ce1b3b20,Z00531DY,2026-08-20T00:00:00Z,admin,2026-08-20T00:00:00Z,admin
41e4f4b3-88f7-4456-8a5c-a31d43c750a9,d089da33-389b-406c-843b-41f9ce1b3b20,Z004XVAC,2026-08-20T00:00:00Z,admin,2026-08-20T00:00:00Z,admin
6889c1ca-3c06-4171-9c0f-77183330b069,d089da33-389b-406c-843b-41f9ce1b3b20,Z0052TYP,2026-08-20T00:00:00Z,admin,2026-08-20T00:00:00Z,admin
b143204e-3900-451a-a037-3f1180363fe7,d089da33-389b-406c-843b-41f9ce1b3b20,Z002Z66N,2026-08-20T00:00:00Z,admin,2026-08-20T00:00:00Z,admin
6cd3daa0-c43c-49eb-b450-c731298e88a5,d089da33-389b-406c-843b-41f9ce1b3b20,Z004YK1R,2026-08-20T00:00:00Z,admin,2026-08-20T00:00:00Z,admin
a97e5fc6-7f45-4e96-8d3d-a470ee26aeaa,d089da33-389b-406c-843b-41f9ce1b3b20,Z004Z7ZE,2026-08-20T00:00:00Z,admin,2026-08-20T00:00:00Z,admin
7016bd49-3c1d-4233-bad5-ca1f4c46a163,d089da33-389b-406c-843b-41f9ce1b3b20,Z0054KNE,2026-08-20T00:00:00Z,admin,2026-08-20T00:00:00Z,admin
d74bfeb7-ab9c-4aaf-bc0c-ec5b24b564a1,d089da33-389b-406c-843b-41f9ce1b3b20,Z0028XMJ,2026-08-20T00:00:00Z,admin,2026-08-20T00:00:00Z,admin
82bb93d0-6891-447a-aafb-6618ccab869c,d089da33-389b-406c-843b-41f9ce1b3b20,Z004FUJT,2026-08-20T00:00:00Z,admin,2026-08-20T00:00:00Z,admin
0b15b1c3-1f97-44b3-9f24-d14d0f26a011,d089da33-389b-406c-843b-41f9ce1b3b20,Z001WYDU,2026-08-20T00:00:00Z,admin,2026-08-20T00:00:00Z,admin
4df2bbb8-2add-4756-bdf6-85e059224df9,d089da33-389b-406c-843b-41f9ce1b3b20,Z0014WKT,2026-08-20T00:00:00Z,admin,2026-08-20T00:00:00Z,admin
63b45cb5-6e04-4402-90cf-7513fed69a2c,d089da33-389b-406c-843b-41f9ce1b3b20,Z0039MYX,2026-08-20T00:00:00Z,admin,2026-08-20T00:00:00Z,admin
d7fb7f0e-3574-4a86-8602-a8983290bb2f,d089da33-389b-406c-843b-41f9ce1b3b20,Z0051EJU,2026-08-20T00:00:00Z,admin,2026-08-20T00:00:00Z,admin
d31c7a4b-5792-43f9-ae36-f57ff11e1677,d089da33-389b-406c-843b-41f9ce1b3b20,Z003RN6R,2026-08-20T00:00:00Z,admin,2026-08-20T00:00:00Z,admin
c16e0cff-d82d-4f88-9520-bf1f9f636e94,d089da33-389b-406c-843b-41f9ce1b3b20,Z0046D7W,2026-08-20T00:00:00Z,admin,2026-08-20T00:00:00Z,admin
733ee173-d1ce-490e-9414-aa9b47364845,d089da33-389b-406c-843b-41f9ce1b3b20,Z000268E,2026-08-20T00:00:00Z,admin,2026-08-20T00:00:00Z,admin
f7e152f5-ea4b-4ad0-b1e8-9267fea3b3b4,d089da33-389b-406c-843b-41f9ce1b3b20,Z002JB9N,2026-08-20T00:00:00Z,admin,2026-08-20T00:00:00Z,admin
bfe9b01a-8b41-4f08-af46-192f88fbdf08,d089da33-389b-406c-843b-41f9ce1b3b20,Z002ZJEH,2026-08-20T00:00:00Z,admin,2026-08-20T00:00:00Z,admin
87f98ab3-ef43-40cb-8c6e-5ade22f9a12e,d089da33-389b-406c-843b-41f9ce1b3b20,Z0033TXK,2026-08-20T00:00:00Z,admin,2026-08-20T00:00:00Z,admin
6380ad01-57d5-4f4a-837c-a4cc2c556c99,d089da33-389b-406c-843b-41f9ce1b3b20,Z0037XDV,2026-08-20T00:00:00Z,admin,2026-08-20T00:00:00Z,admin
6f1cbcd0-f21f-4018-81ce-02f63f5310c4,d089da33-389b-406c-843b-41f9ce1b3b20,Z0030F0C,2026-08-20T00:00:00Z,admin,2026-08-20T00:00:00Z,admin
2298c42b-6c00-4ad3-a62c-98cdb1a3c0dd,d089da33-389b-406c-843b-41f9ce1b3b20,Z0049ETY,2026-08-20T00:00:00Z,admin,2026-08-20T00:00:00Z,admin
6a1a4ae6-3be8-4d92-a889-3799a15f2479,d089da33-389b-406c-843b-41f9ce1b3b20,Z00531ED,2026-08-20T00:00:00Z,admin,2026-08-20T00:00:00Z,admin
d5ddb1f9-9e43-4606-babd-395b5148ff07,d089da33-389b-406c-843b-41f9ce1b3b20,Z00578UN,2026-08-20T00:00:00Z,admin,2026-08-20T00:00:00Z,admin
7c18d96f-8f93-49d6-8167-89edea58c9f5,d089da33-389b-406c-843b-41f9ce1b3b20,Z0022MPU,2026-08-20T00:00:00Z,admin,2026-08-20T00:00:00Z,admin
536617fc-23ad-4436-823f-0969b8f8e1db,d089da33-389b-406c-843b-41f9ce1b3b20,Z00360RB,2026-08-20T00:00:00Z,admin,2026-08-20T00:00:00Z,admin
3460c7aa-f63e-4910-ad72-3aae69e1a974,d089da33-389b-406c-843b-41f9ce1b3b20,Z00580YJ,2026-08-20T00:00:00Z,admin,2026-08-20T00:00:00Z,admin
54ba20dd-427b-461f-a2bd-d74ab5e2d917,d089da33-389b-406c-843b-41f9ce1b3b20,Z004XVAB,2026-08-20T00:00:00Z,admin,2026-08-20T00:00:00Z,admin
fee5b433-f082-4661-adeb-09cdc4c696c2,d089da33-389b-406c-843b-41f9ce1b3b20,Z00503ZF,2026-08-20T00:00:00Z,admin,2026-08-20T00:00:00Z,admin
535b5fb9-b673-4c47-adf6-fa59d70bb59a,d089da33-389b-406c-843b-41f9ce1b3b20,Z0053X3Z,2026-08-20T00:00:00Z,admin,2026-08-20T00:00:00Z,admin
00638894-c259-4bbc-bc38-2ff8d1a32a17,d089da33-389b-406c-843b-41f9ce1b3b20,Z004Z8HY,2026-08-20T00:00:00Z,admin,2026-08-20T00:00:00Z,admin
dd73c6b6-5503-40aa-9a4a-287ea1bd54e8,d089da33-389b-406c-843b-41f9ce1b3b20,Z00366PH,2026-08-20T00:00:00Z,admin,2026-08-20T00:00:00Z,admin
cc5067da-d340-4f34-9a23-e143226fc8de,d089da33-389b-406c-843b-41f9ce1b3b20,Z002M9XR,2026-08-20T00:00:00Z,admin,2026-08-20T00:00:00Z,admin
b99a96ed-30f5-432f-96e1-968a6a8c4085,d089da33-389b-406c-843b-41f9ce1b3b20,Z0059DWT,2026-08-20T00:00:00Z,admin,2026-08-20T00:00:00Z,admin
55d127b2-eead-47f4-879f-e194afdc5259,d089da33-389b-406c-843b-41f9ce1b3b20,Z005989N,2026-08-20T00:00:00Z,admin,2026-08-20T00:00:00Z,admin
1bca95b7-c688-45b6-a9cf-3720f8eb9a30,d089da33-389b-406c-843b-41f9ce1b3b20,Z0059DYC,2026-08-20T00:00:00Z,admin,2026-08-20T00:00:00Z,admin
c2c588e8-2a92-4206-9ef6-b19ba377d10a,d089da33-389b-406c-843b-41f9ce1b3b20,Z0047WTV,2026-08-20T00:00:00Z,admin,2026-08-20T00:00:00Z,admin
674bb361-bb3c-4c57-810b-8cbd64f40e6f,2960ea26-fb47-42e8-af46-6a26311b117f,Z004TAMU,2026-08-20T00:00:00Z,admin,2026-08-20T00:00:00Z,admin
50d8c181-9f72-474b-bffa-0f23284be049,2960ea26-fb47-42e8-af46-6a26311b117f,Z00531DY,2026-08-20T00:00:00Z,admin,2026-08-20T00:00:00Z,admin
1728800c-3ddf-4c85-bbbb-7d76cb532c89,2960ea26-fb47-42e8-af46-6a26311b117f,Z004XVAC,2026-08-20T00:00:00Z,admin,2026-08-20T00:00:00Z,admin
87506957-3133-4aa0-b5c1-8d6b53e829e2,2960ea26-fb47-42e8-af46-6a26311b117f,Z0052TYP,2026-08-20T00:00:00Z,admin,2026-08-20T00:00:00Z,admin
05c07a68-d214-47fe-9cd7-93b3166fe7ed,2960ea26-fb47-42e8-af46-6a26311b117f,Z002Z66N,2026-08-20T00:00:00Z,admin,2026-08-20T00:00:00Z,admin
73ee533a-9dd3-49fa-bd0b-86892bc7c1f7,2960ea26-fb47-42e8-af46-6a26311b117f,Z004YK1R,2026-08-20T00:00:00Z,admin,2026-08-20T00:00:00Z,admin
c6c56790-dc17-46ae-a283-68d9e84365b5,2960ea26-fb47-42e8-af46-6a26311b117f,Z004Z7ZE,2026-08-20T00:00:00Z,admin,2026-08-20T00:00:00Z,admin
e6164c5d-c1a5-4feb-a31e-beea1892aa87,2960ea26-fb47-42e8-af46-6a26311b117f,Z0054KNE,2026-08-20T00:00:00Z,admin,2026-08-20T00:00:00Z,admin
63a729f4-f037-4a85-980d-dc80cc36de2f,2960ea26-fb47-42e8-af46-6a26311b117f,Z0028XMJ,2026-08-20T00:00:00Z,admin,2026-08-20T00:00:00Z,admin
e1c19219-8cfc-4e7f-b82d-3a104c7a6578,2960ea26-fb47-42e8-af46-6a26311b117f,Z004FUJT,2026-08-20T00:00:00Z,admin,2026-08-20T00:00:00Z,admin
45c4937f-b303-46cf-b105-c7d8a22c0f1a,2960ea26-fb47-42e8-af46-6a26311b117f,Z001WYDU,2026-08-20T00:00:00Z,admin,2026-08-20T00:00:00Z,admin
6546fc57-c631-44fd-b56f-998966eaaa21,2960ea26-fb47-42e8-af46-6a26311b117f,Z0014WKT,2026-08-20T00:00:00Z,admin,2026-08-20T00:00:00Z,admin
8034ab0f-d353-4558-982a-ea185a0c9305,2960ea26-fb47-42e8-af46-6a26311b117f,Z0039MYX,2026-08-20T00:00:00Z,admin,2026-08-20T00:00:00Z,admin
d936428b-f311-43e2-97c1-0a5149ad9f1b,2960ea26-fb47-42e8-af46-6a26311b117f,Z0051EJU,2026-08-20T00:00:00Z,admin,2026-08-20T00:00:00Z,admin
c8711e06-e095-491b-a298-99c2878d893e,2960ea26-fb47-42e8-af46-6a26311b117f,Z003RN6R,2026-08-20T00:00:00Z,admin,2026-08-20T00:00:00Z,admin
46162543-a0c0-4814-aa98-e40b396958a6,2960ea26-fb47-42e8-af46-6a26311b117f,Z0046D7W,2026-08-20T00:00:00Z,admin,2026-08-20T00:00:00Z,admin
f86e12dd-dca6-4bb0-b6eb-fc3edba76417,2960ea26-fb47-42e8-af46-6a26311b117f,Z000268E,2026-08-20T00:00:00Z,admin,2026-08-20T00:00:00Z,admin
c96138d1-33b2-4efa-9f63-5968a7c9c753,2960ea26-fb47-42e8-af46-6a26311b117f,Z002JB9N,2026-08-20T00:00:00Z,admin,2026-08-20T00:00:00Z,admin
a4a9d1ea-8629-49a8-b3cd-a962ff5e0821,2960ea26-fb47-42e8-af46-6a26311b117f,Z002ZJEH,2026-08-20T00:00:00Z,admin,2026-08-20T00:00:00Z,admin
154e4837-d4ac-4e29-ad5d-8bf2bb462f9b,2960ea26-fb47-42e8-af46-6a26311b117f,Z0033TXK,2026-08-20T00:00:00Z,admin,2026-08-20T00:00:00Z,admin
9d10624c-4952-4997-a4d6-4112f45115e0,2960ea26-fb47-42e8-af46-6a26311b117f,Z0037XDV,2026-08-20T00:00:00Z,admin,2026-08-20T00:00:00Z,admin
ddc15171-2d20-4fd8-9105-396e34ade3ad,2960ea26-fb47-42e8-af46-6a26311b117f,Z0030F0C,2026-08-20T00:00:00Z,admin,2026-08-20T00:00:00Z,admin
cb20a32f-c6f6-4b56-b269-05ca7069ad4b,2960ea26-fb47-42e8-af46-6a26311b117f,Z0049ETY,2026-08-20T00:00:00Z,admin,2026-08-20T00:00:00Z,admin
51c3a80d-89d0-4500-884b-8b10104b82d3,2960ea26-fb47-42e8-af46-6a26311b117f,Z00531ED,2026-08-20T00:00:00Z,admin,2026-08-20T00:00:00Z,admin
9d605840-6c9f-40b1-a6ff-3475816dfbd1,2960ea26-fb47-42e8-af46-6a26311b117f,Z00578UN,2026-08-20T00:00:00Z,admin,2026-08-20T00:00:00Z,admin
44ffeb1f-b737-42d9-9dae-b19aaa3d78f1,2960ea26-fb47-42e8-af46-6a26311b117f,Z0022MPU,2026-08-20T00:00:00Z,admin,2026-08-20T00:00:00Z,admin
20c6dae2-3de1-4458-96d0-0873e41a2d3a,2960ea26-fb47-42e8-af46-6a26311b117f,Z00360RB,2026-08-20T00:00:00Z,admin,2026-08-20T00:00:00Z,admin
dec64331-34f2-4d77-bfcf-f9b3818a6ef0,2960ea26-fb47-42e8-af46-6a26311b117f,Z00580YJ,2026-08-20T00:00:00Z,admin,2026-08-20T00:00:00Z,admin
15acbb3f-98a3-4a75-8aa9-dd7a7b45d65f,2960ea26-fb47-42e8-af46-6a26311b117f,Z004XVAB,2026-08-20T00:00:00Z,admin,2026-08-20T00:00:00Z,admin
8f45358c-d6a3-489e-a1f6-347f35efbb79,2960ea26-fb47-42e8-af46-6a26311b117f,Z00503ZF,2026-08-20T00:00:00Z,admin,2026-08-20T00:00:00Z,admin
0ee1b083-5591-42d3-a693-e1dfc6669b2d,2960ea26-fb47-42e8-af46-6a26311b117f,Z0053X3Z,2026-08-20T00:00:00Z,admin,2026-08-20T00:00:00Z,admin
900183d8-e223-4f3d-81ff-49d143b90ade,2960ea26-fb47-42e8-af46-6a26311b117f,Z004Z8HY,2026-08-20T00:00:00Z,admin,2026-08-20T00:00:00Z,admin
d94c3d95-52f3-4df8-b967-b3e5cc0d4fcb,2960ea26-fb47-42e8-af46-6a26311b117f,Z00366PH,2026-08-20T00:00:00Z,admin,2026-08-20T00:00:00Z,admin
3a206969-f349-482b-be51-dbb18b6ca438,2960ea26-fb47-42e8-af46-6a26311b117f,Z002M9XR,2026-08-20T00:00:00Z,admin,2026-08-20T00:00:00Z,admin
68d5c819-098f-4a90-be16-023e50486a4a,2960ea26-fb47-42e8-af46-6a26311b117f,Z0059DWT,2026-08-20T00:00:00Z,admin,2026-08-20T00:00:00Z,admin
a61540fc-25b0-4a02-a2e6-f6535bd3e378,2960ea26-fb47-42e8-af46-6a26311b117f,Z005989N,2026-08-20T00:00:00Z,admin,2026-08-20T00:00:00Z,admin
775c007a-de11-4d11-9336-8d623b555aef,2960ea26-fb47-42e8-af46-6a26311b117f,Z0059DYC,2026-08-20T00:00:00Z,admin,2026-08-20T00:00:00Z,admin
fe26543b-0eb8-490f-b9f1-92566d56cb57,2960ea26-fb47-42e8-af46-6a26311b117f,Z0047WTV,2026-08-20T00:00:00Z,admin,2026-08-20T00:00:00Z,admin
6972f2bd-00e4-46e2-941b-e4b129839e50,cf20c2e8-311f-4d2d-b34c-d4af245e7615,Z004TAMU,2026-08-20T00:00:00Z,admin,2026-08-20T00:00:00Z,admin
95054c69-f951-41cd-8504-f7ece67ed365,cf20c2e8-311f-4d2d-b34c-d4af245e7615,Z00531DY,2026-08-20T00:00:00Z,admin,2026-08-20T00:00:00Z,admin
d83718b0-0c18-45ef-a6dc-d95e6cddd883,cf20c2e8-311f-4d2d-b34c-d4af245e7615,Z004XVAC,2026-08-20T00:00:00Z,admin,2026-08-20T00:00:00Z,admin
c8bfa444-3bbd-4ee2-9653-72180f6a5a82,cf20c2e8-311f-4d2d-b34c-d4af245e7615,Z0052TYP,2026-08-20T00:00:00Z,admin,2026-08-20T00:00:00Z,admin
f0c00f1e-a2f6-4c99-9128-753b06a0a5bf,cf20c2e8-311f-4d2d-b34c-d4af245e7615,Z002Z66N,2026-08-20T00:00:00Z,admin,2026-08-20T00:00:00Z,admin
bd3c5be1-bf13-4c87-9c99-d8688d79af87,cf20c2e8-311f-4d2d-b34c-d4af245e7615,Z004YK1R,2026-08-20T00:00:00Z,admin,2026-08-20T00:00:00Z,admin
2e89113a-17e3-4012-9536-586398a67d3f,cf20c2e8-311f-4d2d-b34c-d4af245e7615,Z004Z7ZE,2026-08-20T00:00:00Z,admin,2026-08-20T00:00:00Z,admin
afb40d22-d13f-4d32-a37f-926643706842,cf20c2e8-311f-4d2d-b34c-d4af245e7615,Z0054KNE,2026-08-20T00:00:00Z,admin,2026-08-20T00:00:00Z,admin
7b99be95-cc08-4774-af48-690836aa035f,cf20c2e8-311f-4d2d-b34c-d4af245e7615,Z0028XMJ,2026-08-20T00:00:00Z,admin,2026-08-20T00:00:00Z,admin
dd665593-e080-4e5e-a3c1-977f57386a81,cf20c2e8-311f-4d2d-b34c-d4af245e7615,Z004FUJT,2026-08-20T00:00:00Z,admin,2026-08-20T00:00:00Z,admin
41baecdf-0442-40fd-b0d3-5a96ca2fce75,cf20c2e8-311f-4d2d-b34c-d4af245e7615,Z001WYDU,2026-08-20T00:00:00Z,admin,2026-08-20T00:00:00Z,admin
7d967f34-cc65-4f3e-8b9c-52c31a8bde77,cf20c2e8-311f-4d2d-b34c-d4af245e7615,Z0014WKT,2026-08-20T00:00:00Z,admin,2026-08-20T00:00:00Z,admin
f291c26d-bc9d-477c-8559-d1fef48d5d41,cf20c2e8-311f-4d2d-b34c-d4af245e7615,Z0039MYX,2026-08-20T00:00:00Z,admin,2026-08-20T00:00:00Z,admin
51d061f0-1668-4739-bfc5-f8f459e5ad6a,cf20c2e8-311f-4d2d-b34c-d4af245e7615,Z0051EJU,2026-08-20T00:00:00Z,admin,2026-08-20T00:00:00Z,admin
8b1e4484-7b70-4e80-ab34-7b553a91b849,cf20c2e8-311f-4d2d-b34c-d4af245e7615,Z003RN6R,2026-08-20T00:00:00Z,admin,2026-08-20T00:00:00Z,admin
a9a4d288-ec29-4ba4-9f92-e4293ba3808e,cf20c2e8-311f-4d2d-b34c-d4af245e7615,Z0046D7W,2026-08-20T00:00:00Z,admin,2026-08-20T00:00:00Z,admin
748d399e-087d-43f7-bd36-fc9fc3e5ae59,cf20c2e8-311f-4d2d-b34c-d4af245e7615,Z000268E,2026-08-20T00:00:00Z,admin,2026-08-20T00:00:00Z,admin
0a39bd56-3022-4794-88ed-43c3a7c89401,cf20c2e8-311f-4d2d-b34c-d4af245e7615,Z002JB9N,2026-08-20T00:00:00Z,admin,2026-08-20T00:00:00Z,admin
b7cb319e-c018-4084-b079-35ebe5756c68,cf20c2e8-311f-4d2d-b34c-d4af245e7615,Z002ZJEH,2026-08-20T00:00:00Z,admin,2026-08-20T00:00:00Z,admin
14115f46-27b2-466e-82d7-a03a91c0f0a3,cf20c2e8-311f-4d2d-b34c-d4af245e7615,Z0033TXK,2026-08-20T00:00:00Z,admin,2026-08-20T00:00:00Z,admin
dcc26954-123e-4800-8f7a-f3dae33ec568,cf20c2e8-311f-4d2d-b34c-d4af245e7615,Z0037XDV,2026-08-20T00:00:00Z,admin,2026-08-20T00:00:00Z,admin
10490f46-24c8-433c-a892-017f64a9d235,cf20c2e8-311f-4d2d-b34c-d4af245e7615,Z0030F0C,2026-08-20T00:00:00Z,admin,2026-08-20T00:00:00Z,admin
9e4cfe06-3e9c-47db-9669-708110c7adec,cf20c2e8-311f-4d2d-b34c-d4af245e7615,Z0049ETY,2026-08-20T00:00:00Z,admin,2026-08-20T00:00:00Z,admin
77701ee1-d6cb-4afb-b4e9-4af8b5babeda,cf20c2e8-311f-4d2d-b34c-d4af245e7615,Z00531ED,2026-08-20T00:00:00Z,admin,2026-08-20T00:00:00Z,admin
63de9ccb-b69e-48c5-a815-a6958f464006,cf20c2e8-311f-4d2d-b34c-d4af245e7615,Z00578UN,2026-08-20T00:00:00Z,admin,2026-08-20T00:00:00Z,admin
72365640-1f05-4e31-9561-63d810644c91,cf20c2e8-311f-4d2d-b34c-d4af245e7615,Z0022MPU,2026-08-20T00:00:00Z,admin,2026-08-20T00:00:00Z,admin
d39b93ee-2c4f-445d-a560-6abd0e463895,cf20c2e8-311f-4d2d-b34c-d4af245e7615,Z00360RB,2026-08-20T00:00:00Z,admin,2026-08-20T00:00:00Z,admin
686f5f6d-9586-4523-9272-b7e8f34701bc,cf20c2e8-311f-4d2d-b34c-d4af245e7615,Z00580YJ,2026-08-20T00:00:00Z,admin,2026-08-20T00:00:00Z,admin
171fc1d4-abc4-4b92-a378-4b162e4964c7,cf20c2e8-311f-4d2d-b34c-d4af245e7615,Z004XVAB,2026-08-20T00:00:00Z,admin,2026-08-20T00:00:00Z,admin
365bdcce-1e6d-41ad-820d-53703b1cc711,cf20c2e8-311f-4d2d-b34c-d4af245e7615,Z00503ZF,2026-08-20T00:00:00Z,admin,2026-08-20T00:00:00Z,admin
db2d024a-4954-403d-b4f4-904d6301682e,cf20c2e8-311f-4d2d-b34c-d4af245e7615,Z0053X3Z,2026-08-20T00:00:00Z,admin,2026-08-20T00:00:00Z,admin
11c66bf1-4fcd-4e90-95dd-ffbd1b898db3,cf20c2e8-311f-4d2d-b34c-d4af245e7615,Z004Z8HY,2026-08-20T00:00:00Z,admin,2026-08-20T00:00:00Z,admin
601b214e-7d6a-48a1-a8b8-94e2e49e9537,cf20c2e8-311f-4d2d-b34c-d4af245e7615,Z00366PH,2026-08-20T00:00:00Z,admin,2026-08-20T00:00:00Z,admin
3497bbc1-6d28-4e95-8d3e-0d75873ebd51,cf20c2e8-311f-4d2d-b34c-d4af245e7615,Z002M9XR,2026-08-20T00:00:00Z,admin,2026-08-20T00:00:00Z,admin
651ebc14-54d6-4d70-8a7c-3f1b7573a422,cf20c2e8-311f-4d2d-b34c-d4af245e7615,Z0059DWT,2026-08-20T00:00:00Z,admin,2026-08-20T00:00:00Z,admin
d0358fc2-70c1-4fb5-a690-b9b92954e357,cf20c2e8-311f-4d2d-b34c-d4af245e7615,Z005989N,2026-08-20T00:00:00Z,admin,2026-08-20T00:00:00Z,admin
0b9cafc3-550d-4868-9b1c-e86cae7aeaa2,cf20c2e8-311f-4d2d-b34c-d4af245e7615,Z0059DYC,2026-08-20T00:00:00Z,admin,2026-08-20T00:00:00Z,admin
79334cd0-52cb-479c-836b-ffdd0535e85f,cf20c2e8-311f-4d2d-b34c-d4af245e7615,Z0047WTV,2026-08-20T00:00:00Z,admin,2026-08-20T00:00:00Z,admin
477439d7-a3bf-407c-a248-a9c355524689,b2a63c72-fb69-4dbc-9a12-2f50bec86874,Z004TAMU,2026-08-20T00:00:00Z,admin,2026-08-20T00:00:00Z,admin
77a23a70-a7c8-448a-abea-97d634fee24e,b2a63c72-fb69-4dbc-9a12-2f50bec86874,Z00531DY,2026-08-20T00:00:00Z,admin,2026-08-20T00:00:00Z,admin
87a088b7-c604-4b0c-85db-737ec54299fe,b2a63c72-fb69-4dbc-9a12-2f50bec86874,Z004XVAC,2026-08-20T00:00:00Z,admin,2026-08-20T00:00:00Z,admin
ead110dd-2e6e-4a59-8736-c1839f8edc1b,b2a63c72-fb69-4dbc-9a12-2f50bec86874,Z0052TYP,2026-08-20T00:00:00Z,admin,2026-08-20T00:00:00Z,admin
2ca90aac-ae18-47ca-8e1e-2c1178146fbe,b2a63c72-fb69-4dbc-9a12-2f50bec86874,Z002Z66N,2026-08-20T00:00:00Z,admin,2026-08-20T00:00:00Z,admin
e78f4576-ef5c-42dd-8544-945cdba9b677,b2a63c72-fb69-4dbc-9a12-2f50bec86874,Z004YK1R,2026-08-20T00:00:00Z,admin,2026-08-20T00:00:00Z,admin
c5c0c5e4-1025-4412-aaf1-43ce59019e59,b2a63c72-fb69-4dbc-9a12-2f50bec86874,Z004Z7ZE,2026-08-20T00:00:00Z,admin,2026-08-20T00:00:00Z,admin
bb3ad37a-3934-4da7-8ee1-4233809bf919,b2a63c72-fb69-4dbc-9a12-2f50bec86874,Z0054KNE,2026-08-20T00:00:00Z,admin,2026-08-20T00:00:00Z,admin
9beeed2c-19af-4c61-ac74-dcf919474639,b2a63c72-fb69-4dbc-9a12-2f50bec86874,Z0028XMJ,2026-08-20T00:00:00Z,admin,2026-08-20T00:00:00Z,admin
322be7a0-40e5-4355-b33e-6600f05f63fd,b2a63c72-fb69-4dbc-9a12-2f50bec86874,Z004FUJT,2026-08-20T00:00:00Z,admin,2026-08-20T00:00:00Z,admin
5b495b4d-07b3-4110-9727-1a53dceb114c,b2a63c72-fb69-4dbc-9a12-2f50bec86874,Z001WYDU,2026-08-20T00:00:00Z,admin,2026-08-20T00:00:00Z,admin
e2e6d75e-fbcc-44ba-a9c5-5511529f30c7,b2a63c72-fb69-4dbc-9a12-2f50bec86874,Z0014WKT,2026-08-20T00:00:00Z,admin,2026-08-20T00:00:00Z,admin
ae429697-4846-437f-8bc8-4c0c90ae0999,b2a63c72-fb69-4dbc-9a12-2f50bec86874,Z0039MYX,2026-08-20T00:00:00Z,admin,2026-08-20T00:00:00Z,admin
d3fa5785-7284-447d-8441-b5b0c95ba3bb,b2a63c72-fb69-4dbc-9a12-2f50bec86874,Z0051EJU,2026-08-20T00:00:00Z,admin,2026-08-20T00:00:00Z,admin
e834e67c-4255-4f05-b32d-a40690588b01,b2a63c72-fb69-4dbc-9a12-2f50bec86874,Z003RN6R,2026-08-20T00:00:00Z,admin,2026-08-20T00:00:00Z,admin
6c4f779e-fb8d-45ea-8fdd-e293bc8c648e,b2a63c72-fb69-4dbc-9a12-2f50bec86874,Z0046D7W,2026-08-20T00:00:00Z,admin,2026-08-20T00:00:00Z,admin
89948318-67c9-4058-97bf-aef409ff97de,b2a63c72-fb69-4dbc-9a12-2f50bec86874,Z000268E,2026-08-20T00:00:00Z,admin,2026-08-20T00:00:00Z,admin
f05ff643-ae5e-47f0-8fa9-bbedd3bc2e09,b2a63c72-fb69-4dbc-9a12-2f50bec86874,Z002JB9N,2026-08-20T00:00:00Z,admin,2026-08-20T00:00:00Z,admin
ef9a1055-139c-4fe5-bb81-85e50b557585,b2a63c72-fb69-4dbc-9a12-2f50bec86874,Z002ZJEH,2026-08-20T00:00:00Z,admin,2026-08-20T00:00:00Z,admin
446a8de8-9cc5-4a3b-92d9-a45c338e7566,b2a63c72-fb69-4dbc-9a12-2f50bec86874,Z0033TXK,2026-08-20T00:00:00Z,admin,2026-08-20T00:00:00Z,admin
44cfbdeb-cec7-4409-b4fd-de9054cd960f,b2a63c72-fb69-4dbc-9a12-2f50bec86874,Z0037XDV,2026-08-20T00:00:00Z,admin,2026-08-20T00:00:00Z,admin
a6aeabf3-f167-4e13-951d-19af46cc362c,b2a63c72-fb69-4dbc-9a12-2f50bec86874,Z0030F0C,2026-08-20T00:00:00Z,admin,2026-08-20T00:00:00Z,admin
cd960243-d604-495a-86fd-449d8672a390,b2a63c72-fb69-4dbc-9a12-2f50bec86874,Z0049ETY,2026-08-20T00:00:00Z,admin,2026-08-20T00:00:00Z,admin
b90e7142-8bad-4636-b164-4898816c4865,b2a63c72-fb69-4dbc-9a12-2f50bec86874,Z00531ED,2026-08-20T00:00:00Z,admin,2026-08-20T00:00:00Z,admin
f32fd503-da82-433c-a591-ad67a17761a8,b2a63c72-fb69-4dbc-9a12-2f50bec86874,Z00578UN,2026-08-20T00:00:00Z,admin,2026-08-20T00:00:00Z,admin
82fcc0f1-a7ce-49aa-be43-207895c4daaa,b2a63c72-fb69-4dbc-9a12-2f50bec86874,Z0022MPU,2026-08-20T00:00:00Z,admin,2026-08-20T00:00:00Z,admin
4111e7a2-1c43-4936-b6c8-ccd5749722ac,b2a63c72-fb69-4dbc-9a12-2f50bec86874,Z00360RB,2026-08-20T00:00:00Z,admin,2026-08-20T00:00:00Z,admin
befc3e82-cd93-4fe7-a77d-870f45454ad0,b2a63c72-fb69-4dbc-9a12-2f50bec86874,Z00580YJ,2026-08-20T00:00:00Z,admin,2026-08-20T00:00:00Z,admin
43879165-7ce6-4e2e-a455-056d956aa2b0,b2a63c72-fb69-4dbc-9a12-2f50bec86874,Z004XVAB,2026-08-20T00:00:00Z,admin,2026-08-20T00:00:00Z,admin
e2b3b68b-fb07-43c6-b1bf-513e55fffb4a,b2a63c72-fb69-4dbc-9a12-2f50bec86874,Z00503ZF,2026-08-20T00:00:00Z,admin,2026-08-20T00:00:00Z,admin
bfa59c9b-b7b2-4353-8a06-e1607e928161,b2a63c72-fb69-4dbc-9a12-2f50bec86874,Z0053X3Z,2026-08-20T00:00:00Z,admin,2026-08-20T00:00:00Z,admin
4bb042dc-6d16-43ba-9c2e-ba1c883f9719,b2a63c72-fb69-4dbc-9a12-2f50bec86874,Z004Z8HY,2026-08-20T00:00:00Z,admin,2026-08-20T00:00:00Z,admin
81f5bf55-ace6-4815-a2e9-ecf1e2483b90,b2a63c72-fb69-4dbc-9a12-2f50bec86874,Z00366PH,2026-08-20T00:00:00Z,admin,2026-08-20T00:00:00Z,admin
2d898bd8-5052-4ba1-a54c-6b2878aa7637,b2a63c72-fb69-4dbc-9a12-2f50bec86874,Z002M9XR,2026-08-20T00:00:00Z,admin,2026-08-20T00:00:00Z,admin
cd8c4b54-0cd4-4d7e-854f-05995d071d0a,b2a63c72-fb69-4dbc-9a12-2f50bec86874,Z0059DWT,2026-08-20T00:00:00Z,admin,2026-08-20T00:00:00Z,admin
36b77b4a-812a-4272-b2eb-d4b82b91f9fd,b2a63c72-fb69-4dbc-9a12-2f50bec86874,Z005989N,2026-08-20T00:00:00Z,admin,2026-08-20T00:00:00Z,admin
f74be253-bd43-4c93-ad28-6c41de1f1a0d,b2a63c72-fb69-4dbc-9a12-2f50bec86874,Z0059DYC,2026-08-20T00:00:00Z,admin,2026-08-20T00:00:00Z,admin
0424d728-a9b2-4e4b-a9c3-db87c135d64e,b2a63c72-fb69-4dbc-9a12-2f50bec86874,Z0047WTV,2026-08-20T00:00:00Z,admin,2026-08-20T00:00:00Z,admin
b5bb8645-ca80-4898-b279-6cb2f667cf95,00878c49-ec78-47b7-9215-d9c9a7baa9a1,Z004TAMU,2026-08-20T00:00:00Z,admin,2026-08-20T00:00:00Z,admin
dacdb3a0-9569-48ee-8f89-fcf19b877d3f,00878c49-ec78-47b7-9215-d9c9a7baa9a1,Z00531DY,2026-08-20T00:00:00Z,admin,2026-08-20T00:00:00Z,admin
8f31c9e1-9324-473e-a5a3-5d0a3ae4f4b6,00878c49-ec78-47b7-9215-d9c9a7baa9a1,Z004XVAC,2026-08-20T00:00:00Z,admin,2026-08-20T00:00:00Z,admin
0e3d41ee-94b1-4dd8-bd40-043944e3efb6,00878c49-ec78-47b7-9215-d9c9a7baa9a1,Z0052TYP,2026-08-20T00:00:00Z,admin,2026-08-20T00:00:00Z,admin
bf3cdcc0-1e66-4c83-b91d-82d0a9ec4b07,00878c49-ec78-47b7-9215-d9c9a7baa9a1,Z002Z66N,2026-08-20T00:00:00Z,admin,2026-08-20T00:00:00Z,admin
acb36d24-1e79-4616-be4d-f89ff3a8628d,00878c49-ec78-47b7-9215-d9c9a7baa9a1,Z004YK1R,2026-08-20T00:00:00Z,admin,2026-08-20T00:00:00Z,admin
f3034fa8-1f14-4680-b293-5016a81dca89,00878c49-ec78-47b7-9215-d9c9a7baa9a1,Z004Z7ZE,2026-08-20T00:00:00Z,admin,2026-08-20T00:00:00Z,admin
2756df72-3f11-424e-9035-b83136e332ce,00878c49-ec78-47b7-9215-d9c9a7baa9a1,Z0054KNE,2026-08-20T00:00:00Z,admin,2026-08-20T00:00:00Z,admin
7131ff3b-5d69-4c7c-9e2e-dedb769ef644,00878c49-ec78-47b7-9215-d9c9a7baa9a1,Z0028XMJ,2026-08-20T00:00:00Z,admin,2026-08-20T00:00:00Z,admin
c7b10b87-ac9e-41b8-9fb2-a7ee8a705d8f,00878c49-ec78-47b7-9215-d9c9a7baa9a1,Z004FUJT,2026-08-20T00:00:00Z,admin,2026-08-20T00:00:00Z,admin
56a88285-e99e-4452-9e37-91c07b3c139c,00878c49-ec78-47b7-9215-d9c9a7baa9a1,Z001WYDU,2026-08-20T00:00:00Z,admin,2026-08-20T00:00:00Z,admin
75203071-3eeb-46bf-8641-28442fe96ccc,00878c49-ec78-47b7-9215-d9c9a7baa9a1,Z0014WKT,2026-08-20T00:00:00Z,admin,2026-08-20T00:00:00Z,admin
2400e32f-b86a-4683-a85b-27c8d6b3a32e,00878c49-ec78-47b7-9215-d9c9a7baa9a1,Z0039MYX,2026-08-20T00:00:00Z,admin,2026-08-20T00:00:00Z,admin
80dde168-4449-4fd4-9c2a-b589c082ab11,00878c49-ec78-47b7-9215-d9c9a7baa9a1,Z0051EJU,2026-08-20T00:00:00Z,admin,2026-08-20T00:00:00Z,admin
d2fb4754-072f-4d03-8bd9-19ecac85e759,00878c49-ec78-47b7-9215-d9c9a7baa9a1,Z003RN6R,2026-08-20T00:00:00Z,admin,2026-08-20T00:00:00Z,admin
32ad1ca6-1696-4942-b6a4-ad05bd323f67,00878c49-ec78-47b7-9215-d9c9a7baa9a1,Z0046D7W,2026-08-20T00:00:00Z,admin,2026-08-20T00:00:00Z,admin
ea80f561-ce19-453a-bce1-595312b0a1d7,00878c49-ec78-47b7-9215-d9c9a7baa9a1,Z000268E,2026-08-20T00:00:00Z,admin,2026-08-20T00:00:00Z,admin
2b9ec5cb-5e76-4350-bcdb-af29463179a9,00878c49-ec78-47b7-9215-d9c9a7baa9a1,Z002JB9N,2026-08-20T00:00:00Z,admin,2026-08-20T00:00:00Z,admin
1c967221-05f3-4c22-876d-92bc1c6c4e92,00878c49-ec78-47b7-9215-d9c9a7baa9a1,Z002ZJEH,2026-08-20T00:00:00Z,admin,2026-08-20T00:00:00Z,admin
7aefb3b7-23ee-4cb1-9945-ee2f8d48ad78,00878c49-ec78-47b7-9215-d9c9a7baa9a1,Z0033TXK,2026-08-20T00:00:00Z,admin,2026-08-20T00:00:00Z,admin
50709b67-35b8-4b68-9316-11199f58ba95,00878c49-ec78-47b7-9215-d9c9a7baa9a1,Z0037XDV,2026-08-20T00:00:00Z,admin,2026-08-20T00:00:00Z,admin
0b280834-642a-4af2-8afa-54dcb4129922,00878c49-ec78-47b7-9215-d9c9a7baa9a1,Z0030F0C,2026-08-20T00:00:00Z,admin,2026-08-20T00:00:00Z,admin
bce93c9b-524b-4507-a6a0-bca51ac395dd,00878c49-ec78-47b7-9215-d9c9a7baa9a1,Z0049ETY,2026-08-20T00:00:00Z,admin,2026-08-20T00:00:00Z,admin
e61de35a-a25c-45a8-943e-afae0e8f3c4c,00878c49-ec78-47b7-9215-d9c9a7baa9a1,Z00531ED,2026-08-20T00:00:00Z,admin,2026-08-20T00:00:00Z,admin
54ec6a6a-2080-44d5-b14a-16e927774581,00878c49-ec78-47b7-9215-d9c9a7baa9a1,Z00578UN,2026-08-20T00:00:00Z,admin,2026-08-20T00:00:00Z,admin
75819bf4-14ac-411a-8d9f-ea07dc5962f7,00878c49-ec78-47b7-9215-d9c9a7baa9a1,Z0022MPU,2026-08-20T00:00:00Z,admin,2026-08-20T00:00:00Z,admin
58ec6ffe-c223-41ed-a753-065917856e44,00878c49-ec78-47b7-9215-d9c9a7baa9a1,Z00360RB,2026-08-20T00:00:00Z,admin,2026-08-20T00:00:00Z,admin
7d70d947-b3f7-4c6f-82e1-42d721043aad,00878c49-ec78-47b7-9215-d9c9a7baa9a1,Z00580YJ,2026-08-20T00:00:00Z,admin,2026-08-20T00:00:00Z,admin
c805f0c9-a0fd-48a0-a8f0-2c4923cec7d7,00878c49-ec78-47b7-9215-d9c9a7baa9a1,Z004XVAB,2026-08-20T00:00:00Z,admin,2026-08-20T00:00:00Z,admin
28f8a616-a88d-4945-92fc-91eb37af443e,00878c49-ec78-47b7-9215-d9c9a7baa9a1,Z00503ZF,2026-08-20T00:00:00Z,admin,2026-08-20T00:00:00Z,admin
d2dea002-728e-4be7-aa4d-4792698acc9f,00878c49-ec78-47b7-9215-d9c9a7baa9a1,Z0053X3Z,2026-08-20T00:00:00Z,admin,2026-08-20T00:00:00Z,admin
f2de0ba2-c809-43e2-a549-0c004095de34,00878c49-ec78-47b7-9215-d9c9a7baa9a1,Z004Z8HY,2026-08-20T00:00:00Z,admin,2026-08-20T00:00:00Z,admin
64350ebe-fca7-4c66-ba35-8029caf73faa,00878c49-ec78-47b7-9215-d9c9a7baa9a1,Z00366PH,2026-08-20T00:00:00Z,admin,2026-08-20T00:00:00Z,admin
9ad04113-3ee3-4730-a325-4bade482bb7c,00878c49-ec78-47b7-9215-d9c9a7baa9a1,Z002M9XR,2026-08-20T00:00:00Z,admin,2026-08-20T00:00:00Z,admin
01879c06-fc72-4e49-b927-2b11b0d25468,00878c49-ec78-47b7-9215-d9c9a7baa9a1,Z0059DWT,2026-08-20T00:00:00Z,admin,2026-08-20T00:00:00Z,admin
4c3e4aee-6719-4bb4-b302-57de183c3c1d,00878c49-ec78-47b7-9215-d9c9a7baa9a1,Z005989N,2026-08-20T00:00:00Z,admin,2026-08-20T00:00:00Z,admin
0aeb797c-5e81-459f-990c-796129378cd1,00878c49-ec78-47b7-9215-d9c9a7baa9a1,Z0059DYC,2026-08-20T00:00:00Z,admin,2026-08-20T00:00:00Z,admin
9731254b-3f89-4d60-ab41-b736ea23e56a,00878c49-ec78-47b7-9215-d9c9a7baa9a1,Z0047WTV,2026-08-20T00:00:00Z,admin,2026-08-20T00:00:00Z,admin
28af77dc-1dba-4825-8a80-7c96ad432dcc,5ffb08e3-0767-4c83-9ae3-ba96cb31bc34,Z004TAMU,2026-08-20T00:00:00Z,admin,2026-08-20T00:00:00Z,admin
dc6f0f97-03ef-4f2c-b18d-8e59db95d3e6,5ffb08e3-0767-4c83-9ae3-ba96cb31bc34,Z00531DY,2026-08-20T00:00:00Z,admin,2026-08-20T00:00:00Z,admin
3766652a-32ea-4276-9a58-285539e19966,5ffb08e3-0767-4c83-9ae3-ba96cb31bc34,Z004XVAC,2026-08-20T00:00:00Z,admin,2026-08-20T00:00:00Z,admin
d6a327a2-0d6f-43fb-8b2c-0248db04f833,5ffb08e3-0767-4c83-9ae3-ba96cb31bc34,Z0052TYP,2026-08-20T00:00:00Z,admin,2026-08-20T00:00:00Z,admin
9098b4ff-7487-44b9-b87a-4275d0ad0338,5ffb08e3-0767-4c83-9ae3-ba96cb31bc34,Z002Z66N,2026-08-20T00:00:00Z,admin,2026-08-20T00:00:00Z,admin
266a87d3-6d23-49f5-acd2-7834568a4923,5ffb08e3-0767-4c83-9ae3-ba96cb31bc34,Z004YK1R,2026-08-20T00:00:00Z,admin,2026-08-20T00:00:00Z,admin
7a88f79a-31c7-4615-ab4b-249733c3d3d1,5ffb08e3-0767-4c83-9ae3-ba96cb31bc34,Z004Z7ZE,2026-08-20T00:00:00Z,admin,2026-08-20T00:00:00Z,admin
c283b829-ac0b-45c2-8aad-824e1386f1c7,5ffb08e3-0767-4c83-9ae3-ba96cb31bc34,Z0054KNE,2026-08-20T00:00:00Z,admin,2026-08-20T00:00:00Z,admin
fdf1de48-7749-42f3-a4a0-369c19a87430,5ffb08e3-0767-4c83-9ae3-ba96cb31bc34,Z0028XMJ,2026-08-20T00:00:00Z,admin,2026-08-20T00:00:00Z,admin
12b0fb13-80f4-4710-9241-ffcab5475375,5ffb08e3-0767-4c83-9ae3-ba96cb31bc34,Z004FUJT,2026-08-20T00:00:00Z,admin,2026-08-20T00:00:00Z,admin
09258e61-e16d-4646-bfc2-5ccbde8702b5,5ffb08e3-0767-4c83-9ae3-ba96cb31bc34,Z001WYDU,2026-08-20T00:00:00Z,admin,2026-08-20T00:00:00Z,admin
2bc48a4b-d2f8-4629-812c-c6ee00ad8670,5ffb08e3-0767-4c83-9ae3-ba96cb31bc34,Z0014WKT,2026-08-20T00:00:00Z,admin,2026-08-20T00:00:00Z,admin
31fa6866-bff4-4730-896b-103a941d9bd3,5ffb08e3-0767-4c83-9ae3-ba96cb31bc34,Z0039MYX,2026-08-20T00:00:00Z,admin,2026-08-20T00:00:00Z,admin
dbc66cc3-9810-44f5-947d-8b28d4600d21,5ffb08e3-0767-4c83-9ae3-ba96cb31bc34,Z0051EJU,2026-08-20T00:00:00Z,admin,2026-08-20T00:00:00Z,admin
5195f40b-cb82-4cd5-ba85-35cf74bbafcf,5ffb08e3-0767-4c83-9ae3-ba96cb31bc34,Z003RN6R,2026-08-20T00:00:00Z,admin,2026-08-20T00:00:00Z,admin
99dea556-784f-478d-99f1-5c3bffdabd52,5ffb08e3-0767-4c83-9ae3-ba96cb31bc34,Z0046D7W,2026-08-20T00:00:00Z,admin,2026-08-20T00:00:00Z,admin
4b69e96c-4ee4-4400-9ba8-ae4a9903cf40,5ffb08e3-0767-4c83-9ae3-ba96cb31bc34,Z000268E,2026-08-20T00:00:00Z,admin,2026-08-20T00:00:00Z,admin
94aeb26f-9e26-47ac-96ec-bef69a006178,5ffb08e3-0767-4c83-9ae3-ba96cb31bc34,Z002JB9N,2026-08-20T00:00:00Z,admin,2026-08-20T00:00:00Z,admin
48912597-bff4-4231-9a27-62e2c7cd5460,5ffb08e3-0767-4c83-9ae3-ba96cb31bc34,Z002ZJEH,2026-08-20T00:00:00Z,admin,2026-08-20T00:00:00Z,admin
f9324030-3640-46b8-be2d-bbf1f611087e,5ffb08e3-0767-4c83-9ae3-ba96cb31bc34,Z0033TXK,2026-08-20T00:00:00Z,admin,2026-08-20T00:00:00Z,admin
37db017c-f576-4282-be33-3325ea008247,5ffb08e3-0767-4c83-9ae3-ba96cb31bc34,Z0037XDV,2026-08-20T00:00:00Z,admin,2026-08-20T00:00:00Z,admin
d83f7ae7-ceb5-452d-bb71-650080dd38e3,5ffb08e3-0767-4c83-9ae3-ba96cb31bc34,Z0030F0C,2026-08-20T00:00:00Z,admin,2026-08-20T00:00:00Z,admin
743b81b1-2346-4205-aae1-6fb63cb46a10,5ffb08e3-0767-4c83-9ae3-ba96cb31bc34,Z0049ETY,2026-08-20T00:00:00Z,admin,2026-08-20T00:00:00Z,admin
5871e771-d6d6-4775-97e8-0f58b8a561c5,5ffb08e3-0767-4c83-9ae3-ba96cb31bc34,Z00531ED,2026-08-20T00:00:00Z,admin,2026-08-20T00:00:00Z,admin
090d7f1e-7ce0-4f5b-b02a-98f30a43e2aa,5ffb08e3-0767-4c83-9ae3-ba96cb31bc34,Z00578UN,2026-08-20T00:00:00Z,admin,2026-08-20T00:00:00Z,admin
5a8dad9f-da85-4460-a9d6-a1b24a2aa54a,5ffb08e3-0767-4c83-9ae3-ba96cb31bc34,Z0022MPU,2026-08-20T00:00:00Z,admin,2026-08-20T00:00:00Z,admin
88b3d8d0-9602-470a-8972-660517738354,5ffb08e3-0767-4c83-9ae3-ba96cb31bc34,Z00360RB,2026-08-20T00:00:00Z,admin,2026-08-20T00:00:00Z,admin
0276c2b7-e6f9-41f0-acc4-60a0f3df6c30,5ffb08e3-0767-4c83-9ae3-ba96cb31bc34,Z00580YJ,2026-08-20T00:00:00Z,admin,2026-08-20T00:00:00Z,admin
9d3cc8c6-d693-4ca7-bee6-4e2369bddabe,5ffb08e3-0767-4c83-9ae3-ba96cb31bc34,Z004XVAB,2026-08-20T00:00:00Z,admin,2026-08-20T00:00:00Z,admin
191be9aa-9109-420c-902e-40ee282342de,5ffb08e3-0767-4c83-9ae3-ba96cb31bc34,Z00503ZF,2026-08-20T00:00:00Z,admin,2026-08-20T00:00:00Z,admin
745db5e0-f93e-4aed-bb76-b958ad8fa3c0,5ffb08e3-0767-4c83-9ae3-ba96cb31bc34,Z0053X3Z,2026-08-20T00:00:00Z,admin,2026-08-20T00:00:00Z,admin
f2c5c229-398b-4400-85d3-f6f01609a451,5ffb08e3-0767-4c83-9ae3-ba96cb31bc34,Z004Z8HY,2026-08-20T00:00:00Z,admin,2026-08-20T00:00:00Z,admin
43fe0dba-f477-47f5-b132-e613962c9b1d,5ffb08e3-0767-4c83-9ae3-ba96cb31bc34,Z00366PH,2026-08-20T00:00:00Z,admin,2026-08-20T00:00:00Z,admin
335718e5-64e8-49d6-90d3-83ce2e571023,5ffb08e3-0767-4c83-9ae3-ba96cb31bc34,Z002M9XR,2026-08-20T00:00:00Z,admin,2026-08-20T00:00:00Z,admin
3ae08a7b-e21b-4a88-a3ed-b388d6b81a19,5ffb08e3-0767-4c83-9ae3-ba96cb31bc34,Z0059DWT,2026-08-20T00:00:00Z,admin,2026-08-20T00:00:00Z,admin
f4c9c1df-099e-4ea8-8cbd-e381d9bf5ad1,5ffb08e3-0767-4c83-9ae3-ba96cb31bc34,Z005989N,2026-08-20T00:00:00Z,admin,2026-08-20T00:00:00Z,admin
2eaf36ee-993c-4b43-95dd-63e17aba0859,5ffb08e3-0767-4c83-9ae3-ba96cb31bc34,Z0059DYC,2026-08-20T00:00:00Z,admin,2026-08-20T00:00:00Z,admin
fe4c83b3-60df-4bee-b319-8e03b253d3df,5ffb08e3-0767-4c83-9ae3-ba96cb31bc34,Z0047WTV,2026-08-20T00:00:00Z,admin,2026-08-20T00:00:00Z,admin
29ac7470-3a95-46f6-9b85-b1bd7bd35ac0,fef8a012-d8d6-4dec-81d6-5e8517977253,Z004TAMU,2026-08-20T00:00:00Z,admin,2026-08-20T00:00:00Z,admin
4686ed1c-56d4-4ee9-b9a1-8854b06464fd,fef8a012-d8d6-4dec-81d6-5e8517977253,Z00531DY,2026-08-20T00:00:00Z,admin,2026-08-20T00:00:00Z,admin
0770687c-dbfb-4b8c-beec-ae1a3b0c202d,fef8a012-d8d6-4dec-81d6-5e8517977253,Z004XVAC,2026-08-20T00:00:00Z,admin,2026-08-20T00:00:00Z,admin
76ab3d43-141e-4994-b291-28eb2ef1804f,fef8a012-d8d6-4dec-81d6-5e8517977253,Z0052TYP,2026-08-20T00:00:00Z,admin,2026-08-20T00:00:00Z,admin
ba355490-250b-4e43-85fa-f536cdbb6eea,fef8a012-d8d6-4dec-81d6-5e8517977253,Z002Z66N,2026-08-20T00:00:00Z,admin,2026-08-20T00:00:00Z,admin
772545a9-19db-4ed7-84e3-c964e575b6aa,fef8a012-d8d6-4dec-81d6-5e8517977253,Z004YK1R,2026-08-20T00:00:00Z,admin,2026-08-20T00:00:00Z,admin
4ca2baff-47d2-4de3-bcab-613749dbd851,fef8a012-d8d6-4dec-81d6-5e8517977253,Z004Z7ZE,2026-08-20T00:00:00Z,admin,2026-08-20T00:00:00Z,admin
141ff0f7-4dc3-4cfe-933c-e3cdc7a7d21a,fef8a012-d8d6-4dec-81d6-5e8517977253,Z0054KNE,2026-08-20T00:00:00Z,admin,2026-08-20T00:00:00Z,admin
1097833c-abb7-4ef7-b020-33071e353254,fef8a012-d8d6-4dec-81d6-5e8517977253,Z0028XMJ,2026-08-20T00:00:00Z,admin,2026-08-20T00:00:00Z,admin
cb09fb81-7b0a-470f-b5cc-f5c65c6f1315,fef8a012-d8d6-4dec-81d6-5e8517977253,Z004FUJT,2026-08-20T00:00:00Z,admin,2026-08-20T00:00:00Z,admin
a849d0f3-ab25-4e73-a67e-cea32114fe78,fef8a012-d8d6-4dec-81d6-5e8517977253,Z001WYDU,2026-08-20T00:00:00Z,admin,2026-08-20T00:00:00Z,admin
ca812ed0-911d-4db9-a06b-51f246e0db6c,fef8a012-d8d6-4dec-81d6-5e8517977253,Z0014WKT,2026-08-20T00:00:00Z,admin,2026-08-20T00:00:00Z,admin
f77fc265-2029-4924-82a1-0147f9734d15,fef8a012-d8d6-4dec-81d6-5e8517977253,Z0039MYX,2026-08-20T00:00:00Z,admin,2026-08-20T00:00:00Z,admin
c0d9bb6a-f4bb-416f-9416-f1c2ab2a6913,fef8a012-d8d6-4dec-81d6-5e8517977253,Z0051EJU,2026-08-20T00:00:00Z,admin,2026-08-20T00:00:00Z,admin
82cf9dc6-3d14-4d90-8c2b-ca069d490fa2,fef8a012-d8d6-4dec-81d6-5e8517977253,Z003RN6R,2026-08-20T00:00:00Z,admin,2026-08-20T00:00:00Z,admin
ef1a646e-57f5-4b26-ae4a-4c2fcd40d74a,fef8a012-d8d6-4dec-81d6-5e8517977253,Z0046D7W,2026-08-20T00:00:00Z,admin,2026-08-20T00:00:00Z,admin
cf096647-114e-454e-b355-3567e53abed9,fef8a012-d8d6-4dec-81d6-5e8517977253,Z000268E,2026-08-20T00:00:00Z,admin,2026-08-20T00:00:00Z,admin
3b9fb479-fd92-4a05-8eb4-6454774e0ee3,fef8a012-d8d6-4dec-81d6-5e8517977253,Z002JB9N,2026-08-20T00:00:00Z,admin,2026-08-20T00:00:00Z,admin
30e943c5-e9f5-4ab4-b425-a9e7d8921541,fef8a012-d8d6-4dec-81d6-5e8517977253,Z002ZJEH,2026-08-20T00:00:00Z,admin,2026-08-20T00:00:00Z,admin
0192a78e-5a20-430c-9f18-31f613ffbcc2,fef8a012-d8d6-4dec-81d6-5e8517977253,Z0033TXK,2026-08-20T00:00:00Z,admin,2026-08-20T00:00:00Z,admin
baaf8250-516c-45d1-8b87-6571da9f4478,fef8a012-d8d6-4dec-81d6-5e8517977253,Z0037XDV,2026-08-20T00:00:00Z,admin,2026-08-20T00:00:00Z,admin
26a74f7a-951f-49e4-995e-ddf7e3848fd8,fef8a012-d8d6-4dec-81d6-5e8517977253,Z0030F0C,2026-08-20T00:00:00Z,admin,2026-08-20T00:00:00Z,admin
3768ce55-1592-441f-a061-7b3026ff46e9,fef8a012-d8d6-4dec-81d6-5e8517977253,Z0049ETY,2026-08-20T00:00:00Z,admin,2026-08-20T00:00:00Z,admin
c9ac0ebe-ed80-4f47-869f-61f858fdd690,fef8a012-d8d6-4dec-81d6-5e8517977253,Z00531ED,2026-08-20T00:00:00Z,admin,2026-08-20T00:00:00Z,admin
b3e180d1-e341-4101-b550-0c452d0c0645,fef8a012-d8d6-4dec-81d6-5e8517977253,Z00578UN,2026-08-20T00:00:00Z,admin,2026-08-20T00:00:00Z,admin
90b4a31c-adc9-493e-8b7d-7616c4dfa488,fef8a012-d8d6-4dec-81d6-5e8517977253,Z0022MPU,2026-08-20T00:00:00Z,admin,2026-08-20T00:00:00Z,admin
a48e6780-fc0e-4f3d-a7a2-c49ec2297d5b,fef8a012-d8d6-4dec-81d6-5e8517977253,Z00360RB,2026-08-20T00:00:00Z,admin,2026-08-20T00:00:00Z,admin
e0693351-8b2e-489e-a805-622923aab0a9,fef8a012-d8d6-4dec-81d6-5e8517977253,Z00580YJ,2026-08-20T00:00:00Z,admin,2026-08-20T00:00:00Z,admin
d64539bd-2360-46a7-a1a5-0acd636af205,fef8a012-d8d6-4dec-81d6-5e8517977253,Z004XVAB,2026-08-20T00:00:00Z,admin,2026-08-20T00:00:00Z,admin
d18ce9d2-d6ad-4c0a-a0ff-e15fc1b1e258,fef8a012-d8d6-4dec-81d6-5e8517977253,Z00503ZF,2026-08-20T00:00:00Z,admin,2026-08-20T00:00:00Z,admin
9a01f05a-8334-4f97-aede-800817a02107,fef8a012-d8d6-4dec-81d6-5e8517977253,Z0053X3Z,2026-08-20T00:00:00Z,admin,2026-08-20T00:00:00Z,admin
44f1694b-569f-4ad8-8760-e79357e92f25,fef8a012-d8d6-4dec-81d6-5e8517977253,Z004Z8HY,2026-08-20T00:00:00Z,admin,2026-08-20T00:00:00Z,admin
006454e4-378c-4077-97db-42291078789a,fef8a012-d8d6-4dec-81d6-5e8517977253,Z00366PH,2026-08-20T00:00:00Z,admin,2026-08-20T00:00:00Z,admin
e37f6822-3339-45e0-a28d-aaac868ca905,fef8a012-d8d6-4dec-81d6-5e8517977253,Z002M9XR,2026-08-20T00:00:00Z,admin,2026-08-20T00:00:00Z,admin
17f78aa6-91d3-4c5c-825e-5845165f0006,fef8a012-d8d6-4dec-81d6-5e8517977253,Z0059DWT,2026-08-20T00:00:00Z,admin,2026-08-20T00:00:00Z,admin
d6ce9049-7429-4eb4-a917-80a1c3495665,fef8a012-d8d6-4dec-81d6-5e8517977253,Z005989N,2026-08-20T00:00:00Z,admin,2026-08-20T00:00:00Z,admin
e260df15-94e2-41b8-b74e-cb257044f52a,fef8a012-d8d6-4dec-81d6-5e8517977253,Z0059DYC,2026-08-20T00:00:00Z,admin,2026-08-20T00:00:00Z,admin
71924c6b-5f0d-499c-ae5b-f06026c31122,fef8a012-d8d6-4dec-81d6-5e8517977253,Z0047WTV,2026-08-20T00:00:00Z,admin,2026-08-20T00:00:00Z,admin
4e8d2788-af53-474c-a1a0-a33c9dcad033,6bd46034-7bbb-42af-b892-b695cebe3ca8,Z004TAMU,2026-08-20T00:00:00Z,admin,2026-08-20T00:00:00Z,admin
8f02de3a-6307-4805-8084-acef076f7039,6bd46034-7bbb-42af-b892-b695cebe3ca8,Z00531DY,2026-08-20T00:00:00Z,admin,2026-08-20T00:00:00Z,admin
fdfe363c-0be6-44fc-9872-0c403ce5901c,6bd46034-7bbb-42af-b892-b695cebe3ca8,Z004XVAC,2026-08-20T00:00:00Z,admin,2026-08-20T00:00:00Z,admin
da5c11be-e65c-438b-999a-ff23b657eaa3,6bd46034-7bbb-42af-b892-b695cebe3ca8,Z0052TYP,2026-08-20T00:00:00Z,admin,2026-08-20T00:00:00Z,admin
e4262ef6-42f8-4852-9eca-e573daad6814,6bd46034-7bbb-42af-b892-b695cebe3ca8,Z002Z66N,2026-08-20T00:00:00Z,admin,2026-08-20T00:00:00Z,admin
cee13060-e699-4c63-b08c-88a03cb392d9,6bd46034-7bbb-42af-b892-b695cebe3ca8,Z004YK1R,2026-08-20T00:00:00Z,admin,2026-08-20T00:00:00Z,admin
f62c6e53-c1b4-4d39-bf54-400987dd6b3f,6bd46034-7bbb-42af-b892-b695cebe3ca8,Z004Z7ZE,2026-08-20T00:00:00Z,admin,2026-08-20T00:00:00Z,admin
69c23dd4-ed14-4a88-86e4-1e106d651d22,6bd46034-7bbb-42af-b892-b695cebe3ca8,Z0054KNE,2026-08-20T00:00:00Z,admin,2026-08-20T00:00:00Z,admin
3e032434-8e9d-44a4-b88a-0a05095fcb8a,6bd46034-7bbb-42af-b892-b695cebe3ca8,Z0028XMJ,2026-08-20T00:00:00Z,admin,2026-08-20T00:00:00Z,admin
e7eb31fd-8a52-4db6-bf91-974bac2b4cb7,6bd46034-7bbb-42af-b892-b695cebe3ca8,Z004FUJT,2026-08-20T00:00:00Z,admin,2026-08-20T00:00:00Z,admin
b0eda68b-29e6-4dd2-90f1-17c4cb4a29c1,6bd46034-7bbb-42af-b892-b695cebe3ca8,Z001WYDU,2026-08-20T00:00:00Z,admin,2026-08-20T00:00:00Z,admin
95e5566b-52e7-4b7e-b28c-976ac76772b6,6bd46034-7bbb-42af-b892-b695cebe3ca8,Z0014WKT,2026-08-20T00:00:00Z,admin,2026-08-20T00:00:00Z,admin
2049e783-3549-4b70-bff9-d1b329a81c89,6bd46034-7bbb-42af-b892-b695cebe3ca8,Z0039MYX,2026-08-20T00:00:00Z,admin,2026-08-20T00:00:00Z,admin
7107718f-8135-4a6e-8157-9a1351e09998,6bd46034-7bbb-42af-b892-b695cebe3ca8,Z0051EJU,2026-08-20T00:00:00Z,admin,2026-08-20T00:00:00Z,admin
0e1a6bd2-943f-4a62-bbcd-02b15153b13b,6bd46034-7bbb-42af-b892-b695cebe3ca8,Z003RN6R,2026-08-20T00:00:00Z,admin,2026-08-20T00:00:00Z,admin
77075f55-5603-4d95-9dfb-5482a131dce1,6bd46034-7bbb-42af-b892-b695cebe3ca8,Z0046D7W,2026-08-20T00:00:00Z,admin,2026-08-20T00:00:00Z,admin
03d29186-29f5-4052-be2f-db58907550b9,6bd46034-7bbb-42af-b892-b695cebe3ca8,Z000268E,2026-08-20T00:00:00Z,admin,2026-08-20T00:00:00Z,admin
b6ac7b20-5caf-4ef7-a77a-d2b36246052e,6bd46034-7bbb-42af-b892-b695cebe3ca8,Z002JB9N,2026-08-20T00:00:00Z,admin,2026-08-20T00:00:00Z,admin
336d2ba6-39c5-418a-80b2-b4a66af13f6d,6bd46034-7bbb-42af-b892-b695cebe3ca8,Z002ZJEH,2026-08-20T00:00:00Z,admin,2026-08-20T00:00:00Z,admin
06b4711c-aead-4064-95d4-c714db8b321e,6bd46034-7bbb-42af-b892-b695cebe3ca8,Z0033TXK,2026-08-20T00:00:00Z,admin,2026-08-20T00:00:00Z,admin
f538c44f-9813-4db0-bbda-63cb91205bac,6bd46034-7bbb-42af-b892-b695cebe3ca8,Z0037XDV,2026-08-20T00:00:00Z,admin,2026-08-20T00:00:00Z,admin
d5659ff6-6b0d-43a8-9237-db9fce811215,6bd46034-7bbb-42af-b892-b695cebe3ca8,Z0030F0C,2026-08-20T00:00:00Z,admin,2026-08-20T00:00:00Z,admin
15a8a5a8-ba5c-4792-822c-7c7291585517,6bd46034-7bbb-42af-b892-b695cebe3ca8,Z0049ETY,2026-08-20T00:00:00Z,admin,2026-08-20T00:00:00Z,admin
416625e1-5ede-4032-8b72-92c7279c5632,6bd46034-7bbb-42af-b892-b695cebe3ca8,Z00531ED,2026-08-20T00:00:00Z,admin,2026-08-20T00:00:00Z,admin
c5e89047-1711-4a9c-a45f-e5a5ebb75bd7,6bd46034-7bbb-42af-b892-b695cebe3ca8,Z00578UN,2026-08-20T00:00:00Z,admin,2026-08-20T00:00:00Z,admin
119e8857-7c2e-45e7-8cad-78c04c3d0be2,6bd46034-7bbb-42af-b892-b695cebe3ca8,Z0022MPU,2026-08-20T00:00:00Z,admin,2026-08-20T00:00:00Z,admin
04ff0ec9-1aaa-4850-b03b-158c93ec3251,6bd46034-7bbb-42af-b892-b695cebe3ca8,Z00360RB,2026-08-20T00:00:00Z,admin,2026-08-20T00:00:00Z,admin
f86ec8ef-680b-4827-a25b-b625dabb3b7f,6bd46034-7bbb-42af-b892-b695cebe3ca8,Z00580YJ,2026-08-20T00:00:00Z,admin,2026-08-20T00:00:00Z,admin
ab488feb-1da5-45e4-a985-c3ec0afe6e79,6bd46034-7bbb-42af-b892-b695cebe3ca8,Z004XVAB,2026-08-20T00:00:00Z,admin,2026-08-20T00:00:00Z,admin
360291e8-d923-46f7-9f3e-8cf07a7816b8,6bd46034-7bbb-42af-b892-b695cebe3ca8,Z00503ZF,2026-08-20T00:00:00Z,admin,2026-08-20T00:00:00Z,admin
0a44d789-dd91-48c4-97a3-0bc38ead442d,6bd46034-7bbb-42af-b892-b695cebe3ca8,Z0053X3Z,2026-08-20T00:00:00Z,admin,2026-08-20T00:00:00Z,admin
85b2c731-9f84-4833-a06f-71a62d57f019,6bd46034-7bbb-42af-b892-b695cebe3ca8,Z004Z8HY,2026-08-20T00:00:00Z,admin,2026-08-20T00:00:00Z,admin
8fcd6505-2007-420b-bcbd-a9efd1c6c5d1,6bd46034-7bbb-42af-b892-b695cebe3ca8,Z00366PH,2026-08-20T00:00:00Z,admin,2026-08-20T00:00:00Z,admin
63c50dcc-8e13-4ea4-aff1-cd36fcbd6b84,6bd46034-7bbb-42af-b892-b695cebe3ca8,Z002M9XR,2026-08-20T00:00:00Z,admin,2026-08-20T00:00:00Z,admin
e703432c-3e49-47d6-a512-8d866f46ed22,6bd46034-7bbb-42af-b892-b695cebe3ca8,Z0059DWT,2026-08-20T00:00:00Z,admin,2026-08-20T00:00:00Z,admin
82d31c61-639c-41ba-b837-e65db8a6867f,6bd46034-7bbb-42af-b892-b695cebe3ca8,Z005989N,2026-08-20T00:00:00Z,admin,2026-08-20T00:00:00Z,admin
fd074b8f-f1dc-4422-93ce-510ade0e7bdd,6bd46034-7bbb-42af-b892-b695cebe3ca8,Z0059DYC,2026-08-20T00:00:00Z,admin,2026-08-20T00:00:00Z,admin
834da47c-2d7b-4b64-93af-bbc26fce0dae,6bd46034-7bbb-42af-b892-b695cebe3ca8,Z0047WTV,2026-08-20T00:00:00Z,admin,2026-08-20T00:00:00Z,admin
8b0a02b0-4d24-44d9-88a5-3cfcc9a45ee0,50a50907-2eb8-41f5-b689-e91a0d8a752b,Z004TAMU,2026-08-20T00:00:00Z,admin,2026-08-20T00:00:00Z,admin
e9d55808-4a6d-4b96-a896-f116eb98cfdd,50a50907-2eb8-41f5-b689-e91a0d8a752b,Z00531DY,2026-08-20T00:00:00Z,admin,2026-08-20T00:00:00Z,admin
3b603c2e-f6f7-46a1-8e69-f1302264450c,50a50907-2eb8-41f5-b689-e91a0d8a752b,Z004XVAC,2026-08-20T00:00:00Z,admin,2026-08-20T00:00:00Z,admin
723cb816-607b-4252-b270-1e19562f9086,50a50907-2eb8-41f5-b689-e91a0d8a752b,Z0052TYP,2026-08-20T00:00:00Z,admin,2026-08-20T00:00:00Z,admin
001e3d3b-a8a8-42db-8a64-5c86b98c7fd5,50a50907-2eb8-41f5-b689-e91a0d8a752b,Z002Z66N,2026-08-20T00:00:00Z,admin,2026-08-20T00:00:00Z,admin
b8067306-cb86-4ce8-a65f-153fc5e9425c,50a50907-2eb8-41f5-b689-e91a0d8a752b,Z004YK1R,2026-08-20T00:00:00Z,admin,2026-08-20T00:00:00Z,admin
8346eaf2-d642-4e98-8c5a-493a1c50144c,50a50907-2eb8-41f5-b689-e91a0d8a752b,Z004Z7ZE,2026-08-20T00:00:00Z,admin,2026-08-20T00:00:00Z,admin
9d094536-de1d-4773-9e1e-09a22a467bbc,50a50907-2eb8-41f5-b689-e91a0d8a752b,Z0054KNE,2026-08-20T00:00:00Z,admin,2026-08-20T00:00:00Z,admin
eecaf12e-4227-4716-a6fb-43c340e56a44,50a50907-2eb8-41f5-b689-e91a0d8a752b,Z0028XMJ,2026-08-20T00:00:00Z,admin,2026-08-20T00:00:00Z,admin
b9565840-dd06-4bf2-b7e7-2ffc276f7bac,50a50907-2eb8-41f5-b689-e91a0d8a752b,Z004FUJT,2026-08-20T00:00:00Z,admin,2026-08-20T00:00:00Z,admin
f7ad74ad-3d2a-4e1e-9f77-a2ff18771551,50a50907-2eb8-41f5-b689-e91a0d8a752b,Z001WYDU,2026-08-20T00:00:00Z,admin,2026-08-20T00:00:00Z,admin
652389ef-df7b-4d4b-9cb2-c851fd68ee42,50a50907-2eb8-41f5-b689-e91a0d8a752b,Z0014WKT,2026-08-20T00:00:00Z,admin,2026-08-20T00:00:00Z,admin
b3074534-2d11-4fbc-b997-5366a03dc67d,50a50907-2eb8-41f5-b689-e91a0d8a752b,Z0039MYX,2026-08-20T00:00:00Z,admin,2026-08-20T00:00:00Z,admin
0131b02a-d6d7-48b1-9187-13a74678287b,50a50907-2eb8-41f5-b689-e91a0d8a752b,Z0051EJU,2026-08-20T00:00:00Z,admin,2026-08-20T00:00:00Z,admin
fa4dad75-3e75-41f9-9df9-f26de4d3d937,50a50907-2eb8-41f5-b689-e91a0d8a752b,Z003RN6R,2026-08-20T00:00:00Z,admin,2026-08-20T00:00:00Z,admin
364d12e5-f306-4562-86ab-6a74d874d730,50a50907-2eb8-41f5-b689-e91a0d8a752b,Z0046D7W,2026-08-20T00:00:00Z,admin,2026-08-20T00:00:00Z,admin
6578984f-f4b8-47e2-9264-79bbff79833d,50a50907-2eb8-41f5-b689-e91a0d8a752b,Z000268E,2026-08-20T00:00:00Z,admin,2026-08-20T00:00:00Z,admin
f08c58ab-9d40-415e-ace6-0b792489a451,50a50907-2eb8-41f5-b689-e91a0d8a752b,Z002JB9N,2026-08-20T00:00:00Z,admin,2026-08-20T00:00:00Z,admin
19db8b11-34ad-4cd0-9e6d-4cfd0e43ba0b,50a50907-2eb8-41f5-b689-e91a0d8a752b,Z002ZJEH,2026-08-20T00:00:00Z,admin,2026-08-20T00:00:00Z,admin
302307c0-35d1-492c-a7af-9b943e3869d9,50a50907-2eb8-41f5-b689-e91a0d8a752b,Z0033TXK,2026-08-20T00:00:00Z,admin,2026-08-20T00:00:00Z,admin
d612b925-1de1-4e8c-9903-34ddade8714d,50a50907-2eb8-41f5-b689-e91a0d8a752b,Z0037XDV,2026-08-20T00:00:00Z,admin,2026-08-20T00:00:00Z,admin
72ded602-890b-49d2-b67b-ab85369a978e,50a50907-2eb8-41f5-b689-e91a0d8a752b,Z0030F0C,2026-08-20T00:00:00Z,admin,2026-08-20T00:00:00Z,admin
9ebaea9a-9fab-497a-8057-c8e7c70df777,50a50907-2eb8-41f5-b689-e91a0d8a752b,Z0049ETY,2026-08-20T00:00:00Z,admin,2026-08-20T00:00:00Z,admin
2d3d8792-ce7b-497f-9d57-46e3b2e161d2,50a50907-2eb8-41f5-b689-e91a0d8a752b,Z00531ED,2026-08-20T00:00:00Z,admin,2026-08-20T00:00:00Z,admin
596b0ab5-0bc1-4dc0-885c-891050e10eb0,50a50907-2eb8-41f5-b689-e91a0d8a752b,Z00578UN,2026-08-20T00:00:00Z,admin,2026-08-20T00:00:00Z,admin
58d88c28-7c52-4874-9024-7abe98808748,50a50907-2eb8-41f5-b689-e91a0d8a752b,Z0022MPU,2026-08-20T00:00:00Z,admin,2026-08-20T00:00:00Z,admin
f681459e-28b6-41e3-9e35-8119136b6079,50a50907-2eb8-41f5-b689-e91a0d8a752b,Z00360RB,2026-08-20T00:00:00Z,admin,2026-08-20T00:00:00Z,admin
700640f8-412a-4822-8bf8-f72d0270c261,50a50907-2eb8-41f5-b689-e91a0d8a752b,Z00580YJ,2026-08-20T00:00:00Z,admin,2026-08-20T00:00:00Z,admin
03bdaf33-fc0e-4e15-8794-76ce3c1609ee,50a50907-2eb8-41f5-b689-e91a0d8a752b,Z004XVAB,2026-08-20T00:00:00Z,admin,2026-08-20T00:00:00Z,admin
f6857bc0-68dd-4dcd-ad4e-4f5bce456210,50a50907-2eb8-41f5-b689-e91a0d8a752b,Z00503ZF,2026-08-20T00:00:00Z,admin,2026-08-20T00:00:00Z,admin
8818a84a-d9c7-4fa3-8a45-50d802c60315,50a50907-2eb8-41f5-b689-e91a0d8a752b,Z0053X3Z,2026-08-20T00:00:00Z,admin,2026-08-20T00:00:00Z,admin
dfa99120-f6e0-4f9f-8bee-581eee80415f,50a50907-2eb8-41f5-b689-e91a0d8a752b,Z004Z8HY,2026-08-20T00:00:00Z,admin,2026-08-20T00:00:00Z,admin
7bbcf7f7-78e8-46c8-b221-7b25a83b0618,50a50907-2eb8-41f5-b689-e91a0d8a752b,Z00366PH,2026-08-20T00:00:00Z,admin,2026-08-20T00:00:00Z,admin
82b23877-5426-4898-a684-d96592fb3547,50a50907-2eb8-41f5-b689-e91a0d8a752b,Z002M9XR,2026-08-20T00:00:00Z,admin,2026-08-20T00:00:00Z,admin
7e86ea8d-501d-4144-b14d-42d70bff9589,50a50907-2eb8-41f5-b689-e91a0d8a752b,Z0059DWT,2026-08-20T00:00:00Z,admin,2026-08-20T00:00:00Z,admin
430ea212-018c-4333-b29a-c902831f3d7e,50a50907-2eb8-41f5-b689-e91a0d8a752b,Z005989N,2026-08-20T00:00:00Z,admin,2026-08-20T00:00:00Z,admin
0c1426f2-6054-4d11-a303-73a8a760094f,50a50907-2eb8-41f5-b689-e91a0d8a752b,Z0059DYC,2026-08-20T00:00:00Z,admin,2026-08-20T00:00:00Z,admin
2450a4e9-e52b-4fdf-9c16-9183cd2ea61b,50a50907-2eb8-41f5-b689-e91a0d8a752b,Z0047WTV,2026-08-20T00:00:00Z,admin,2026-08-20T00:00:00Z,admin
07a3a26b-2072-4913-a458-69cf63e88c34,dec5243c-95ee-4c89-9e93-89db98d296a2,Z004TAMU,2026-08-20T00:00:00Z,admin,2026-08-20T00:00:00Z,admin
2221d448-cfb6-4f61-b6f4-8716c11f80b6,dec5243c-95ee-4c89-9e93-89db98d296a2,Z00531DY,2026-08-20T00:00:00Z,admin,2026-08-20T00:00:00Z,admin
310de78f-45a0-4ef8-a15f-8fc7a3433b8c,dec5243c-95ee-4c89-9e93-89db98d296a2,Z004XVAC,2026-08-20T00:00:00Z,admin,2026-08-20T00:00:00Z,admin
e344fa99-3139-4b06-afc7-3607a85532ba,dec5243c-95ee-4c89-9e93-89db98d296a2,Z0052TYP,2026-08-20T00:00:00Z,admin,2026-08-20T00:00:00Z,admin
acc81949-1c1e-47aa-80e4-9eab80a61ea9,dec5243c-95ee-4c89-9e93-89db98d296a2,Z002Z66N,2026-08-20T00:00:00Z,admin,2026-08-20T00:00:00Z,admin
b9b2eadb-f308-4769-84d3-b2514289c544,dec5243c-95ee-4c89-9e93-89db98d296a2,Z004YK1R,2026-08-20T00:00:00Z,admin,2026-08-20T00:00:00Z,admin
f58a075d-1142-48c5-9038-f85762d12924,dec5243c-95ee-4c89-9e93-89db98d296a2,Z004Z7ZE,2026-08-20T00:00:00Z,admin,2026-08-20T00:00:00Z,admin
326e415f-6a5e-4c0e-af3e-7d56c8ceb390,dec5243c-95ee-4c89-9e93-89db98d296a2,Z0054KNE,2026-08-20T00:00:00Z,admin,2026-08-20T00:00:00Z,admin
31216559-70aa-4573-8e81-82e2686bebc0,dec5243c-95ee-4c89-9e93-89db98d296a2,Z0028XMJ,2026-08-20T00:00:00Z,admin,2026-08-20T00:00:00Z,admin
2c3ad268-be37-49cb-95cc-0dafc42dc1cc,dec5243c-95ee-4c89-9e93-89db98d296a2,Z004FUJT,2026-08-20T00:00:00Z,admin,2026-08-20T00:00:00Z,admin
f6482a19-9feb-4bcf-93bc-3647e32ec470,dec5243c-95ee-4c89-9e93-89db98d296a2,Z001WYDU,2026-08-20T00:00:00Z,admin,2026-08-20T00:00:00Z,admin
8a91ec10-2625-44ec-ac3f-a7ef911d97e5,dec5243c-95ee-4c89-9e93-89db98d296a2,Z0014WKT,2026-08-20T00:00:00Z,admin,2026-08-20T00:00:00Z,admin
b493553b-966e-49a8-ade5-14a3f1137722,dec5243c-95ee-4c89-9e93-89db98d296a2,Z0039MYX,2026-08-20T00:00:00Z,admin,2026-08-20T00:00:00Z,admin
5328265e-369d-4491-b5c3-9f614a2249e8,dec5243c-95ee-4c89-9e93-89db98d296a2,Z0051EJU,2026-08-20T00:00:00Z,admin,2026-08-20T00:00:00Z,admin
9617bdcd-6e34-42be-bd1b-b38c4a0658c6,dec5243c-95ee-4c89-9e93-89db98d296a2,Z003RN6R,2026-08-20T00:00:00Z,admin,2026-08-20T00:00:00Z,admin
675f7db6-d630-4d26-9ebc-80c95b7485a4,dec5243c-95ee-4c89-9e93-89db98d296a2,Z0046D7W,2026-08-20T00:00:00Z,admin,2026-08-20T00:00:00Z,admin
c7493f20-3f1b-4fd7-a58f-cba06a121616,dec5243c-95ee-4c89-9e93-89db98d296a2,Z000268E,2026-08-20T00:00:00Z,admin,2026-08-20T00:00:00Z,admin
9683887d-64b3-4d95-9c96-01466863cffa,dec5243c-95ee-4c89-9e93-89db98d296a2,Z002JB9N,2026-08-20T00:00:00Z,admin,2026-08-20T00:00:00Z,admin
b8420700-3a55-493a-8bdd-8f28f6c8be9e,dec5243c-95ee-4c89-9e93-89db98d296a2,Z002ZJEH,2026-08-20T00:00:00Z,admin,2026-08-20T00:00:00Z,admin
95b98f95-0924-4f04-9375-1f3497ddc7c1,dec5243c-95ee-4c89-9e93-89db98d296a2,Z0033TXK,2026-08-20T00:00:00Z,admin,2026-08-20T00:00:00Z,admin
06b9a8cd-c371-4024-aa47-12cb3cc4e6b8,dec5243c-95ee-4c89-9e93-89db98d296a2,Z0037XDV,2026-08-20T00:00:00Z,admin,2026-08-20T00:00:00Z,admin
6aa61ca8-521d-4ea8-a1ff-3928152266ff,dec5243c-95ee-4c89-9e93-89db98d296a2,Z0030F0C,2026-08-20T00:00:00Z,admin,2026-08-20T00:00:00Z,admin
4ac4b49d-94c2-4b3a-8b35-36d42f327b11,dec5243c-95ee-4c89-9e93-89db98d296a2,Z0049ETY,2026-08-20T00:00:00Z,admin,2026-08-20T00:00:00Z,admin
6774d761-b980-4d39-b9ba-f6234ea147e4,dec5243c-95ee-4c89-9e93-89db98d296a2,Z00531ED,2026-08-20T00:00:00Z,admin,2026-08-20T00:00:00Z,admin
1e9e9344-2dd0-409d-8a9d-657e3db54471,dec5243c-95ee-4c89-9e93-89db98d296a2,Z00578UN,2026-08-20T00:00:00Z,admin,2026-08-20T00:00:00Z,admin
df931a7e-375a-4331-abca-59955a1e8b95,dec5243c-95ee-4c89-9e93-89db98d296a2,Z0022MPU,2026-08-20T00:00:00Z,admin,2026-08-20T00:00:00Z,admin
276bdd06-19b1-4bf3-9752-21d966627fa6,dec5243c-95ee-4c89-9e93-89db98d296a2,Z00360RB,2026-08-20T00:00:00Z,admin,2026-08-20T00:00:00Z,admin
e81cc2f2-8579-43b5-89a9-feffc55ad683,dec5243c-95ee-4c89-9e93-89db98d296a2,Z00580YJ,2026-08-20T00:00:00Z,admin,2026-08-20T00:00:00Z,admin
feab3265-06cd-4c7d-9350-f6c8dd68bc9c,dec5243c-95ee-4c89-9e93-89db98d296a2,Z004XVAB,2026-08-20T00:00:00Z,admin,2026-08-20T00:00:00Z,admin
60014d4e-fae8-42d4-aaa8-5567487e91ac,dec5243c-95ee-4c89-9e93-89db98d296a2,Z00503ZF,2026-08-20T00:00:00Z,admin,2026-08-20T00:00:00Z,admin
6eddac1d-ad5c-476f-854f-1ab975b986b0,dec5243c-95ee-4c89-9e93-89db98d296a2,Z0053X3Z,2026-08-20T00:00:00Z,admin,2026-08-20T00:00:00Z,admin
cedd8c15-3078-41d0-8ea8-4a15afb3edb3,dec5243c-95ee-4c89-9e93-89db98d296a2,Z004Z8HY,2026-08-20T00:00:00Z,admin,2026-08-20T00:00:00Z,admin
d7ad916c-a5c8-4595-bccc-2f9b90322910,dec5243c-95ee-4c89-9e93-89db98d296a2,Z00366PH,2026-08-20T00:00:00Z,admin,2026-08-20T00:00:00Z,admin
afbc35d5-faec-48cb-9cd4-17b5af8567d9,dec5243c-95ee-4c89-9e93-89db98d296a2,Z002M9XR,2026-08-20T00:00:00Z,admin,2026-08-20T00:00:00Z,admin
f893dcd5-7b1f-406b-8c50-649a0f4d47d2,dec5243c-95ee-4c89-9e93-89db98d296a2,Z0059DWT,2026-08-20T00:00:00Z,admin,2026-08-20T00:00:00Z,admin
61103a37-a040-4817-80cb-b74921ce254d,dec5243c-95ee-4c89-9e93-89db98d296a2,Z005989N,2026-08-20T00:00:00Z,admin,2026-08-20T00:00:00Z,admin
a238a8bd-f386-4018-a699-602d6c185a71,dec5243c-95ee-4c89-9e93-89db98d296a2,Z0059DYC,2026-08-20T00:00:00Z,admin,2026-08-20T00:00:00Z,admin
9274b5f5-bccc-41f9-91b3-08b0781e5954,dec5243c-95ee-4c89-9e93-89db98d296a2,Z0047WTV,2026-08-20T00:00:00Z,admin,2026-08-20T00:00:00Z,admin
8eb1f3ab-23cc-456f-b4ca-eac04d49ba44,896a320d-2ad8-4fb9-a383-9e49085f7b20,Z004TAMU,2026-08-20T00:00:00Z,admin,2026-08-20T00:00:00Z,admin
7d3453e4-5d44-4031-b78c-0fe96b15b044,896a320d-2ad8-4fb9-a383-9e49085f7b20,Z00531DY,2026-08-20T00:00:00Z,admin,2026-08-20T00:00:00Z,admin
754ab301-f28a-4cf6-8e64-36adb6cef80b,896a320d-2ad8-4fb9-a383-9e49085f7b20,Z004XVAC,2026-08-20T00:00:00Z,admin,2026-08-20T00:00:00Z,admin
bad5966f-0a58-43c9-ba0e-acb91780e013,896a320d-2ad8-4fb9-a383-9e49085f7b20,Z0052TYP,2026-08-20T00:00:00Z,admin,2026-08-20T00:00:00Z,admin
6caa94f6-878d-4172-9f77-4f80524505be,896a320d-2ad8-4fb9-a383-9e49085f7b20,Z002Z66N,2026-08-20T00:00:00Z,admin,2026-08-20T00:00:00Z,admin
8e75b6a2-5e07-4d79-bd41-c5f677145e76,896a320d-2ad8-4fb9-a383-9e49085f7b20,Z004YK1R,2026-08-20T00:00:00Z,admin,2026-08-20T00:00:00Z,admin
e297fdbb-5a76-4db9-bf35-ea992827f478,896a320d-2ad8-4fb9-a383-9e49085f7b20,Z004Z7ZE,2026-08-20T00:00:00Z,admin,2026-08-20T00:00:00Z,admin
99901a16-ab18-4281-978f-89de691420d6,896a320d-2ad8-4fb9-a383-9e49085f7b20,Z0054KNE,2026-08-20T00:00:00Z,admin,2026-08-20T00:00:00Z,admin
f78f5884-7f92-451f-9737-cbbeeefe0fa3,896a320d-2ad8-4fb9-a383-9e49085f7b20,Z0028XMJ,2026-08-20T00:00:00Z,admin,2026-08-20T00:00:00Z,admin
b06d2dcc-fe99-4405-834a-86e278f3108e,896a320d-2ad8-4fb9-a383-9e49085f7b20,Z004FUJT,2026-08-20T00:00:00Z,admin,2026-08-20T00:00:00Z,admin
7c478429-f2d4-4745-a551-d5a0a569765f,896a320d-2ad8-4fb9-a383-9e49085f7b20,Z001WYDU,2026-08-20T00:00:00Z,admin,2026-08-20T00:00:00Z,admin
94525d7c-ba1a-452d-b3b7-a9611f03dd7a,896a320d-2ad8-4fb9-a383-9e49085f7b20,Z0014WKT,2026-08-20T00:00:00Z,admin,2026-08-20T00:00:00Z,admin
dec7d969-8ee4-47a5-8f3f-543bc7655515,896a320d-2ad8-4fb9-a383-9e49085f7b20,Z0039MYX,2026-08-20T00:00:00Z,admin,2026-08-20T00:00:00Z,admin
9836d634-ed51-4c6f-828e-7ac1afee36f1,896a320d-2ad8-4fb9-a383-9e49085f7b20,Z0051EJU,2026-08-20T00:00:00Z,admin,2026-08-20T00:00:00Z,admin
7042c5d2-44c3-4169-81d1-c5c7d13bfaf8,896a320d-2ad8-4fb9-a383-9e49085f7b20,Z003RN6R,2026-08-20T00:00:00Z,admin,2026-08-20T00:00:00Z,admin
1fc5ae2e-6ca4-49b2-a21c-12cb67636329,896a320d-2ad8-4fb9-a383-9e49085f7b20,Z0046D7W,2026-08-20T00:00:00Z,admin,2026-08-20T00:00:00Z,admin
24a30f64-701c-4263-8482-d0d9ae1e6678,896a320d-2ad8-4fb9-a383-9e49085f7b20,Z000268E,2026-08-20T00:00:00Z,admin,2026-08-20T00:00:00Z,admin
ef0fd736-ceef-4ad2-b9c8-14cfe51447a1,896a320d-2ad8-4fb9-a383-9e49085f7b20,Z002JB9N,2026-08-20T00:00:00Z,admin,2026-08-20T00:00:00Z,admin
d373d6b9-4249-4ab4-95fe-aa458af20a1b,896a320d-2ad8-4fb9-a383-9e49085f7b20,Z002ZJEH,2026-08-20T00:00:00Z,admin,2026-08-20T00:00:00Z,admin
d88429dc-605a-4e7d-8c45-3f7b3ecbf43c,896a320d-2ad8-4fb9-a383-9e49085f7b20,Z0033TXK,2026-08-20T00:00:00Z,admin,2026-08-20T00:00:00Z,admin
053edae3-2f6d-4a7b-abf5-f88e038dff2e,896a320d-2ad8-4fb9-a383-9e49085f7b20,Z0037XDV,2026-08-20T00:00:00Z,admin,2026-08-20T00:00:00Z,admin
4db6c0af-2e30-41ff-b214-f3dd93639ef6,896a320d-2ad8-4fb9-a383-9e49085f7b20,Z0030F0C,2026-08-20T00:00:00Z,admin,2026-08-20T00:00:00Z,admin
a82f03fb-937f-4ab3-bb0e-bb41f323e8ab,896a320d-2ad8-4fb9-a383-9e49085f7b20,Z0049ETY,2026-08-20T00:00:00Z,admin,2026-08-20T00:00:00Z,admin
95a4429c-6e72-4a72-a6af-63be33fe51f2,896a320d-2ad8-4fb9-a383-9e49085f7b20,Z00531ED,2026-08-20T00:00:00Z,admin,2026-08-20T00:00:00Z,admin
fcb0a7d3-143c-47c3-bc26-686c57c33d10,896a320d-2ad8-4fb9-a383-9e49085f7b20,Z00578UN,2026-08-20T00:00:00Z,admin,2026-08-20T00:00:00Z,admin
5dd45d81-281d-4d35-bc71-37084645fa4e,896a320d-2ad8-4fb9-a383-9e49085f7b20,Z0022MPU,2026-08-20T00:00:00Z,admin,2026-08-20T00:00:00Z,admin
f46df27e-0a21-4d17-9767-3c4f9e3133b9,896a320d-2ad8-4fb9-a383-9e49085f7b20,Z00360RB,2026-08-20T00:00:00Z,admin,2026-08-20T00:00:00Z,admin
84353209-278c-4917-8e65-488e7632e9ff,896a320d-2ad8-4fb9-a383-9e49085f7b20,Z00580YJ,2026-08-20T00:00:00Z,admin,2026-08-20T00:00:00Z,admin
2a61c775-5de6-4f99-b49d-55f67f3907d6,896a320d-2ad8-4fb9-a383-9e49085f7b20,Z004XVAB,2026-08-20T00:00:00Z,admin,2026-08-20T00:00:00Z,admin
910ec761-374f-4d54-b04a-278cbd615d70,896a320d-2ad8-4fb9-a383-9e49085f7b20,Z00503ZF,2026-08-20T00:00:00Z,admin,2026-08-20T00:00:00Z,admin
5dca19a0-7aa6-4649-8289-5f438dbfce2f,896a320d-2ad8-4fb9-a383-9e49085f7b20,Z0053X3Z,2026-08-20T00:00:00Z,admin,2026-08-20T00:00:00Z,admin
4af6b1a4-3104-4736-8933-d739ce91936d,896a320d-2ad8-4fb9-a383-9e49085f7b20,Z004Z8HY,2026-08-20T00:00:00Z,admin,2026-08-20T00:00:00Z,admin
389b9f67-06a7-4c30-945d-6c827b4715de,896a320d-2ad8-4fb9-a383-9e49085f7b20,Z00366PH,2026-08-20T00:00:00Z,admin,2026-08-20T00:00:00Z,admin
f17900cd-cb65-499b-9f72-1dfd81138816,896a320d-2ad8-4fb9-a383-9e49085f7b20,Z002M9XR,2026-08-20T00:00:00Z,admin,2026-08-20T00:00:00Z,admin
1b395661-b426-4a86-99cf-12980497a55e,896a320d-2ad8-4fb9-a383-9e49085f7b20,Z0059DWT,2026-08-20T00:00:00Z,admin,2026-08-20T00:00:00Z,admin
f1e0e573-fe7f-4fce-b9da-ad077d8427ba,896a320d-2ad8-4fb9-a383-9e49085f7b20,Z005989N,2026-08-20T00:00:00Z,admin,2026-08-20T00:00:00Z,admin
9f6e2487-5c55-4cb8-b2e7-e13fe3791a74,896a320d-2ad8-4fb9-a383-9e49085f7b20,Z0059DYC,2026-08-20T00:00:00Z,admin,2026-08-20T00:00:00Z,admin
ad631ab1-bf6b-40b9-b739-5e4fa4933e4b,896a320d-2ad8-4fb9-a383-9e49085f7b20,Z0047WTV,2026-08-20T00:00:00Z,admin,2026-08-20T00:00:00Z,admin
cf330533-e09e-49d5-b9bd-f01d878209d1,7972928b-f239-4497-b6c5-8cef91d21a63,Z004TAMU,2026-08-20T00:00:00Z,admin,2026-08-20T00:00:00Z,admin
2f1ae0ec-174c-4c20-a97f-94c2fe9f6383,7972928b-f239-4497-b6c5-8cef91d21a63,Z00531DY,2026-08-20T00:00:00Z,admin,2026-08-20T00:00:00Z,admin
15f311b0-6cc5-47af-9279-d8b382676395,7972928b-f239-4497-b6c5-8cef91d21a63,Z004XVAC,2026-08-20T00:00:00Z,admin,2026-08-20T00:00:00Z,admin
41b12b63-b58b-4a5a-80a7-02ff7e916bf2,7972928b-f239-4497-b6c5-8cef91d21a63,Z0052TYP,2026-08-20T00:00:00Z,admin,2026-08-20T00:00:00Z,admin
16294a1a-6b2d-4640-b240-a3b605facf17,7972928b-f239-4497-b6c5-8cef91d21a63,Z002Z66N,2026-08-20T00:00:00Z,admin,2026-08-20T00:00:00Z,admin
a527a5b1-7330-40d3-9ec9-46977574a5ea,7972928b-f239-4497-b6c5-8cef91d21a63,Z004YK1R,2026-08-20T00:00:00Z,admin,2026-08-20T00:00:00Z,admin
ee3dc7c2-e0d5-4b4b-8185-6250d7d24f20,7972928b-f239-4497-b6c5-8cef91d21a63,Z004Z7ZE,2026-08-20T00:00:00Z,admin,2026-08-20T00:00:00Z,admin
6ac63938-4067-47e7-89a7-37e9c93039e4,7972928b-f239-4497-b6c5-8cef91d21a63,Z0054KNE,2026-08-20T00:00:00Z,admin,2026-08-20T00:00:00Z,admin
c01df5d8-4484-4f14-aa0b-e558ac9411a3,7972928b-f239-4497-b6c5-8cef91d21a63,Z0028XMJ,2026-08-20T00:00:00Z,admin,2026-08-20T00:00:00Z,admin
12fd87e7-7efd-4eff-beda-1c91c3337cb1,7972928b-f239-4497-b6c5-8cef91d21a63,Z004FUJT,2026-08-20T00:00:00Z,admin,2026-08-20T00:00:00Z,admin
0f8b2818-5085-4f07-827c-5b0137cd1039,7972928b-f239-4497-b6c5-8cef91d21a63,Z001WYDU,2026-08-20T00:00:00Z,admin,2026-08-20T00:00:00Z,admin
ef4002a4-3881-4fd3-998f-ad18eca93e6f,7972928b-f239-4497-b6c5-8cef91d21a63,Z0014WKT,2026-08-20T00:00:00Z,admin,2026-08-20T00:00:00Z,admin
d3fc5a0f-57ee-4bd6-9aad-534b4d518a35,7972928b-f239-4497-b6c5-8cef91d21a63,Z0039MYX,2026-08-20T00:00:00Z,admin,2026-08-20T00:00:00Z,admin
70a06dcc-ef33-441e-80e2-80505cd06fec,7972928b-f239-4497-b6c5-8cef91d21a63,Z0051EJU,2026-08-20T00:00:00Z,admin,2026-08-20T00:00:00Z,admin
c9285d5d-a1f0-4d16-8a89-914389a328a3,7972928b-f239-4497-b6c5-8cef91d21a63,Z003RN6R,2026-08-20T00:00:00Z,admin,2026-08-20T00:00:00Z,admin
3be32ff1-15d3-4cdf-a15c-f612b7ea80e3,7972928b-f239-4497-b6c5-8cef91d21a63,Z0046D7W,2026-08-20T00:00:00Z,admin,2026-08-20T00:00:00Z,admin
b7bec396-7d36-4529-b997-af48e6985114,7972928b-f239-4497-b6c5-8cef91d21a63,Z000268E,2026-08-20T00:00:00Z,admin,2026-08-20T00:00:00Z,admin
07ba315d-157e-46e5-946b-41fae48e0da4,7972928b-f239-4497-b6c5-8cef91d21a63,Z002JB9N,2026-08-20T00:00:00Z,admin,2026-08-20T00:00:00Z,admin
acd1d584-e72a-4e4c-a0c3-9e7fd0864b86,7972928b-f239-4497-b6c5-8cef91d21a63,Z002ZJEH,2026-08-20T00:00:00Z,admin,2026-08-20T00:00:00Z,admin
eb3c3ed3-e8ec-4c36-a814-5addc1e93dc9,7972928b-f239-4497-b6c5-8cef91d21a63,Z0033TXK,2026-08-20T00:00:00Z,admin,2026-08-20T00:00:00Z,admin
3f8ec945-a87e-4752-ad88-83ab7d53d09f,7972928b-f239-4497-b6c5-8cef91d21a63,Z0037XDV,2026-08-20T00:00:00Z,admin,2026-08-20T00:00:00Z,admin
96ea4312-cdda-4f4a-82a5-34a935f566cf,7972928b-f239-4497-b6c5-8cef91d21a63,Z0030F0C,2026-08-20T00:00:00Z,admin,2026-08-20T00:00:00Z,admin
84b8bee9-2e0f-4c6d-ba52-f47e54253060,7972928b-f239-4497-b6c5-8cef91d21a63,Z0049ETY,2026-08-20T00:00:00Z,admin,2026-08-20T00:00:00Z,admin
2b625dd4-8a79-49b6-8486-9f892b1c8155,7972928b-f239-4497-b6c5-8cef91d21a63,Z00531ED,2026-08-20T00:00:00Z,admin,2026-08-20T00:00:00Z,admin
08008249-7f15-47fc-8d9c-b450e589c917,7972928b-f239-4497-b6c5-8cef91d21a63,Z00578UN,2026-08-20T00:00:00Z,admin,2026-08-20T00:00:00Z,admin
9b11fb23-fd3b-41fb-97ab-cfd5aeb4f58b,7972928b-f239-4497-b6c5-8cef91d21a63,Z0022MPU,2026-08-20T00:00:00Z,admin,2026-08-20T00:00:00Z,admin
6948250b-3749-4bae-a9e8-aceb2b4dcdf5,7972928b-f239-4497-b6c5-8cef91d21a63,Z00360RB,2026-08-20T00:00:00Z,admin,2026-08-20T00:00:00Z,admin
3121ff36-ad06-4ef9-8fc9-959f5db4cb30,7972928b-f239-4497-b6c5-8cef91d21a63,Z00580YJ,2026-08-20T00:00:00Z,admin,2026-08-20T00:00:00Z,admin
506beaf1-e950-46e1-b2ac-2eca944fadb4,7972928b-f239-4497-b6c5-8cef91d21a63,Z004XVAB,2026-08-20T00:00:00Z,admin,2026-08-20T00:00:00Z,admin
33b7fbf1-215f-4d22-ba6a-6a79c6107558,7972928b-f239-4497-b6c5-8cef91d21a63,Z00503ZF,2026-08-20T00:00:00Z,admin,2026-08-20T00:00:00Z,admin
cacf2b57-f962-4a6f-be54-45c13cc13b3e,7972928b-f239-4497-b6c5-8cef91d21a63,Z0053X3Z,2026-08-20T00:00:00Z,admin,2026-08-20T00:00:00Z,admin
dcc1945c-34a9-4a43-bb90-5b6a86bcf6a2,7972928b-f239-4497-b6c5-8cef91d21a63,Z004Z8HY,2026-08-20T00:00:00Z,admin,2026-08-20T00:00:00Z,admin
068bc7a5-9a97-4678-b88f-4c282554693f,7972928b-f239-4497-b6c5-8cef91d21a63,Z00366PH,2026-08-20T00:00:00Z,admin,2026-08-20T00:00:00Z,admin
d5fedb90-8b33-41e3-8f8d-36f659cbbeb6,7972928b-f239-4497-b6c5-8cef91d21a63,Z002M9XR,2026-08-20T00:00:00Z,admin,2026-08-20T00:00:00Z,admin
f3438020-3e60-47e7-b6fb-262f184da6fd,7972928b-f239-4497-b6c5-8cef91d21a63,Z0059DWT,2026-08-20T00:00:00Z,admin,2026-08-20T00:00:00Z,admin
942c6e4c-9561-46ce-ad22-a35eb45791ba,7972928b-f239-4497-b6c5-8cef91d21a63,Z005989N,2026-08-20T00:00:00Z,admin,2026-08-20T00:00:00Z,admin
2216c41e-59e6-469a-bdc6-fb002c7db877,7972928b-f239-4497-b6c5-8cef91d21a63,Z0059DYC,2026-08-20T00:00:00Z,admin,2026-08-20T00:00:00Z,admin
bb19e2af-a49c-4499-b5fd-ea75ae2a7b74,7972928b-f239-4497-b6c5-8cef91d21a63,Z0047WTV,2026-08-20T00:00:00Z,admin,2026-08-20T00:00:00Z,admin
8047cbd1-b9a2-44da-b0a9-ae9346104243,e663bcd4-d3c8-4d40-a718-471fd2d37739,Z004TAMU,2026-08-20T00:00:00Z,admin,2026-08-20T00:00:00Z,admin
f0589726-1e1e-4677-bd0a-3daa50f81926,e663bcd4-d3c8-4d40-a718-471fd2d37739,Z00531DY,2026-08-20T00:00:00Z,admin,2026-08-20T00:00:00Z,admin
ea55f52e-fdd1-4334-8f03-505fcd9806ab,e663bcd4-d3c8-4d40-a718-471fd2d37739,Z004XVAC,2026-08-20T00:00:00Z,admin,2026-08-20T00:00:00Z,admin
56b31b04-a94e-4880-994d-7b4d512f9736,e663bcd4-d3c8-4d40-a718-471fd2d37739,Z0052TYP,2026-08-20T00:00:00Z,admin,2026-08-20T00:00:00Z,admin
8fbaf366-c5ea-45ea-9e0e-d8a1f8106e7c,e663bcd4-d3c8-4d40-a718-471fd2d37739,Z002Z66N,2026-08-20T00:00:00Z,admin,2026-08-20T00:00:00Z,admin
ade5a54c-41b7-4f64-9522-9baacda001ac,e663bcd4-d3c8-4d40-a718-471fd2d37739,Z004YK1R,2026-08-20T00:00:00Z,admin,2026-08-20T00:00:00Z,admin
ece526c5-f23f-4d3f-99ec-8614609ef072,e663bcd4-d3c8-4d40-a718-471fd2d37739,Z004Z7ZE,2026-08-20T00:00:00Z,admin,2026-08-20T00:00:00Z,admin
913d23fa-0581-42b6-8cf9-b09ba7fac4fb,e663bcd4-d3c8-4d40-a718-471fd2d37739,Z0054KNE,2026-08-20T00:00:00Z,admin,2026-08-20T00:00:00Z,admin
d54a52c1-ce9a-4e3a-95ed-2b16b09638a2,e663bcd4-d3c8-4d40-a718-471fd2d37739,Z0028XMJ,2026-08-20T00:00:00Z,admin,2026-08-20T00:00:00Z,admin
4f5f4d9e-bcbd-4fec-8c2d-f67bbf00d40f,e663bcd4-d3c8-4d40-a718-471fd2d37739,Z004FUJT,2026-08-20T00:00:00Z,admin,2026-08-20T00:00:00Z,admin
7c33fff0-8cc5-497f-8dc7-9e26046c687c,e663bcd4-d3c8-4d40-a718-471fd2d37739,Z001WYDU,2026-08-20T00:00:00Z,admin,2026-08-20T00:00:00Z,admin
773fade4-3482-430a-af77-32543315ad37,e663bcd4-d3c8-4d40-a718-471fd2d37739,Z0014WKT,2026-08-20T00:00:00Z,admin,2026-08-20T00:00:00Z,admin
90313326-5065-449a-835f-ab1e340047a0,e663bcd4-d3c8-4d40-a718-471fd2d37739,Z0039MYX,2026-08-20T00:00:00Z,admin,2026-08-20T00:00:00Z,admin
bfb468b6-3440-469a-a8bb-0ac45d61faeb,e663bcd4-d3c8-4d40-a718-471fd2d37739,Z0051EJU,2026-08-20T00:00:00Z,admin,2026-08-20T00:00:00Z,admin
81f97057-d71c-410a-b5e2-b7776de4616b,e663bcd4-d3c8-4d40-a718-471fd2d37739,Z003RN6R,2026-08-20T00:00:00Z,admin,2026-08-20T00:00:00Z,admin
1defa323-8806-44da-8064-ee9af524dacb,e663bcd4-d3c8-4d40-a718-471fd2d37739,Z0046D7W,2026-08-20T00:00:00Z,admin,2026-08-20T00:00:00Z,admin
6c262517-b268-4310-b278-8633885079ca,e663bcd4-d3c8-4d40-a718-471fd2d37739,Z000268E,2026-08-20T00:00:00Z,admin,2026-08-20T00:00:00Z,admin
a75f6bc6-ef1b-4444-91eb-d3cf31957b60,e663bcd4-d3c8-4d40-a718-471fd2d37739,Z002JB9N,2026-08-20T00:00:00Z,admin,2026-08-20T00:00:00Z,admin
4146e03f-2ca1-41d2-90c9-72298671e211,e663bcd4-d3c8-4d40-a718-471fd2d37739,Z002ZJEH,2026-08-20T00:00:00Z,admin,2026-08-20T00:00:00Z,admin
a64fed94-4001-45c5-adf7-d2d2096ce707,e663bcd4-d3c8-4d40-a718-471fd2d37739,Z0033TXK,2026-08-20T00:00:00Z,admin,2026-08-20T00:00:00Z,admin
8d43f580-bac9-494f-8204-d1d435e8fd18,e663bcd4-d3c8-4d40-a718-471fd2d37739,Z0037XDV,2026-08-20T00:00:00Z,admin,2026-08-20T00:00:00Z,admin
cd75e752-fc2d-4d25-96f6-adb4d07121a5,e663bcd4-d3c8-4d40-a718-471fd2d37739,Z0030F0C,2026-08-20T00:00:00Z,admin,2026-08-20T00:00:00Z,admin
9b047e6a-9bd0-4a1d-a28e-86cfa2336bc1,e663bcd4-d3c8-4d40-a718-471fd2d37739,Z0049ETY,2026-08-20T00:00:00Z,admin,2026-08-20T00:00:00Z,admin
aa28dcbe-149f-4b20-8c27-f6d750555ec4,e663bcd4-d3c8-4d40-a718-471fd2d37739,Z00531ED,2026-08-20T00:00:00Z,admin,2026-08-20T00:00:00Z,admin
0735c85d-d884-4814-96f0-ec5b6a818e9c,e663bcd4-d3c8-4d40-a718-471fd2d37739,Z00578UN,2026-08-20T00:00:00Z,admin,2026-08-20T00:00:00Z,admin
7ec8cf11-edb1-435f-acda-badd27a5d0af,e663bcd4-d3c8-4d40-a718-471fd2d37739,Z0022MPU,2026-08-20T00:00:00Z,admin,2026-08-20T00:00:00Z,admin
650eae8d-07dd-4e5a-a964-8dd7b4af6485,e663bcd4-d3c8-4d40-a718-471fd2d37739,Z00360RB,2026-08-20T00:00:00Z,admin,2026-08-20T00:00:00Z,admin
fb27cd9a-e957-486e-8513-cdcca9871fb9,e663bcd4-d3c8-4d40-a718-471fd2d37739,Z00580YJ,2026-08-20T00:00:00Z,admin,2026-08-20T00:00:00Z,admin
0ac75bdc-8436-40ee-a8fe-09d3253258bd,e663bcd4-d3c8-4d40-a718-471fd2d37739,Z004XVAB,2026-08-20T00:00:00Z,admin,2026-08-20T00:00:00Z,admin
fb8da906-d888-454e-b214-30fb8469f0ad,e663bcd4-d3c8-4d40-a718-471fd2d37739,Z00503ZF,2026-08-20T00:00:00Z,admin,2026-08-20T00:00:00Z,admin
26935537-f106-4da3-b66e-11a08f6d3ff8,e663bcd4-d3c8-4d40-a718-471fd2d37739,Z0053X3Z,2026-08-20T00:00:00Z,admin,2026-08-20T00:00:00Z,admin
3a66f3bd-f2e4-476f-83ff-ffd8bc976725,e663bcd4-d3c8-4d40-a718-471fd2d37739,Z004Z8HY,2026-08-20T00:00:00Z,admin,2026-08-20T00:00:00Z,admin
aa527eae-acac-4459-89cb-b3bc35dc3efa,e663bcd4-d3c8-4d40-a718-471fd2d37739,Z00366PH,2026-08-20T00:00:00Z,admin,2026-08-20T00:00:00Z,admin
fe72d90b-d532-432d-870a-f757ac3d5192,e663bcd4-d3c8-4d40-a718-471fd2d37739,Z002M9XR,2026-08-20T00:00:00Z,admin,2026-08-20T00:00:00Z,admin
53e18812-433b-4e27-9c40-df84e5e29631,e663bcd4-d3c8-4d40-a718-471fd2d37739,Z0059DWT,2026-08-20T00:00:00Z,admin,2026-08-20T00:00:00Z,admin
28b372ef-fe61-403f-bebb-8bbb2a8ccd58,e663bcd4-d3c8-4d40-a718-471fd2d37739,Z005989N,2026-08-20T00:00:00Z,admin,2026-08-20T00:00:00Z,admin
ca054a5b-d835-4d70-a533-f8607f74256b,e663bcd4-d3c8-4d40-a718-471fd2d37739,Z0059DYC,2026-08-20T00:00:00Z,admin,2026-08-20T00:00:00Z,admin
0d40868c-c3a1-4efd-804c-5d4f15a250db,e663bcd4-d3c8-4d40-a718-471fd2d37739,Z0047WTV,2026-08-20T00:00:00Z,admin,2026-08-20T00:00:00Z,admin
7f8d4e7e-aa5c-4c23-8389-9b80f06b740e,25a55f34-ce6c-425e-a58f-688cde3b65f5,Z004TAMU,2026-08-20T00:00:00Z,admin,2026-08-20T00:00:00Z,admin
30e55464-f2ed-44d0-921b-6ce0a9eb5ee2,25a55f34-ce6c-425e-a58f-688cde3b65f5,Z00531DY,2026-08-20T00:00:00Z,admin,2026-08-20T00:00:00Z,admin
cf8602ad-3e17-4bae-838b-669d20cc12a8,25a55f34-ce6c-425e-a58f-688cde3b65f5,Z004XVAC,2026-08-20T00:00:00Z,admin,2026-08-20T00:00:00Z,admin
01b97ca5-35bb-4edd-88d6-a33f83837317,25a55f34-ce6c-425e-a58f-688cde3b65f5,Z0052TYP,2026-08-20T00:00:00Z,admin,2026-08-20T00:00:00Z,admin
5a103d53-1118-40d6-9df5-ab0790e0fbc9,25a55f34-ce6c-425e-a58f-688cde3b65f5,Z002Z66N,2026-08-20T00:00:00Z,admin,2026-08-20T00:00:00Z,admin
f0e56a3a-adbc-451c-abed-f056374d8efe,25a55f34-ce6c-425e-a58f-688cde3b65f5,Z004YK1R,2026-08-20T00:00:00Z,admin,2026-08-20T00:00:00Z,admin
0da85219-dc42-4fc9-9c7e-60976a3a70e0,25a55f34-ce6c-425e-a58f-688cde3b65f5,Z004Z7ZE,2026-08-20T00:00:00Z,admin,2026-08-20T00:00:00Z,admin
e5129ba1-425b-4e6e-9068-6e8c5b49451f,25a55f34-ce6c-425e-a58f-688cde3b65f5,Z0054KNE,2026-08-20T00:00:00Z,admin,2026-08-20T00:00:00Z,admin
ad6eec6c-f480-4034-a297-8ed3e4b490fc,25a55f34-ce6c-425e-a58f-688cde3b65f5,Z0028XMJ,2026-08-20T00:00:00Z,admin,2026-08-20T00:00:00Z,admin
ed982982-446d-4199-9413-fe531d9e68da,25a55f34-ce6c-425e-a58f-688cde3b65f5,Z004FUJT,2026-08-20T00:00:00Z,admin,2026-08-20T00:00:00Z,admin
4d808e0b-ac6e-4ab8-992a-d6a0e85ce7d4,25a55f34-ce6c-425e-a58f-688cde3b65f5,Z001WYDU,2026-08-20T00:00:00Z,admin,2026-08-20T00:00:00Z,admin
9401f5ab-5d62-4bea-ad8a-4bdaf76c0e8c,25a55f34-ce6c-425e-a58f-688cde3b65f5,Z0014WKT,2026-08-20T00:00:00Z,admin,2026-08-20T00:00:00Z,admin
97e1d50c-c199-48f1-827d-ebd604ab98b5,25a55f34-ce6c-425e-a58f-688cde3b65f5,Z0039MYX,2026-08-20T00:00:00Z,admin,2026-08-20T00:00:00Z,admin
516284e2-06c2-41eb-84c1-9660c0dd0551,25a55f34-ce6c-425e-a58f-688cde3b65f5,Z0051EJU,2026-08-20T00:00:00Z,admin,2026-08-20T00:00:00Z,admin
efef4813-5f7e-4510-8621-6bad0dc67e6c,25a55f34-ce6c-425e-a58f-688cde3b65f5,Z003RN6R,2026-08-20T00:00:00Z,admin,2026-08-20T00:00:00Z,admin
aa66320a-5a16-4155-be81-a152cb386765,25a55f34-ce6c-425e-a58f-688cde3b65f5,Z0046D7W,2026-08-20T00:00:00Z,admin,2026-08-20T00:00:00Z,admin
9f27d03a-a1f0-48a4-8053-1b8f71ad54fa,25a55f34-ce6c-425e-a58f-688cde3b65f5,Z000268E,2026-08-20T00:00:00Z,admin,2026-08-20T00:00:00Z,admin
3ffc1acb-7fea-4706-b4c3-e9a4ee705111,25a55f34-ce6c-425e-a58f-688cde3b65f5,Z002JB9N,2026-08-20T00:00:00Z,admin,2026-08-20T00:00:00Z,admin
feb4bb08-7141-42e4-9270-ec99033e2cb5,25a55f34-ce6c-425e-a58f-688cde3b65f5,Z002ZJEH,2026-08-20T00:00:00Z,admin,2026-08-20T00:00:00Z,admin
097f48ff-d184-4de7-8b51-7104049b527a,25a55f34-ce6c-425e-a58f-688cde3b65f5,Z0033TXK,2026-08-20T00:00:00Z,admin,2026-08-20T00:00:00Z,admin
cce7f363-2367-42b1-8a2b-c12f103ce21a,25a55f34-ce6c-425e-a58f-688cde3b65f5,Z0037XDV,2026-08-20T00:00:00Z,admin,2026-08-20T00:00:00Z,admin
374d225c-3b5a-41db-993b-10bf0a37ab89,25a55f34-ce6c-425e-a58f-688cde3b65f5,Z0030F0C,2026-08-20T00:00:00Z,admin,2026-08-20T00:00:00Z,admin
4b88e91a-9b46-429b-b66f-dac437210f40,25a55f34-ce6c-425e-a58f-688cde3b65f5,Z0049ETY,2026-08-20T00:00:00Z,admin,2026-08-20T00:00:00Z,admin
26f37eb2-9d02-4d09-9702-2d358b6cb48e,25a55f34-ce6c-425e-a58f-688cde3b65f5,Z00531ED,2026-08-20T00:00:00Z,admin,2026-08-20T00:00:00Z,admin
bbe8230e-06c5-4a8e-8d0a-253099172642,25a55f34-ce6c-425e-a58f-688cde3b65f5,Z00578UN,2026-08-20T00:00:00Z,admin,2026-08-20T00:00:00Z,admin
72ff199a-2a88-4d73-a0ca-1df36ad13cd3,25a55f34-ce6c-425e-a58f-688cde3b65f5,Z0022MPU,2026-08-20T00:00:00Z,admin,2026-08-20T00:00:00Z,admin
37731e3e-861e-43d0-a31c-1bc726751a14,25a55f34-ce6c-425e-a58f-688cde3b65f5,Z00360RB,2026-08-20T00:00:00Z,admin,2026-08-20T00:00:00Z,admin
ea3cb26f-efd3-49a3-97d5-76e3e3f95866,25a55f34-ce6c-425e-a58f-688cde3b65f5,Z00580YJ,2026-08-20T00:00:00Z,admin,2026-08-20T00:00:00Z,admin
4ac7088b-36fd-4af2-9a7b-e0881256e9f7,25a55f34-ce6c-425e-a58f-688cde3b65f5,Z004XVAB,2026-08-20T00:00:00Z,admin,2026-08-20T00:00:00Z,admin
41e3a185-e4a1-4fc1-b4b4-2ce0c61ec89e,25a55f34-ce6c-425e-a58f-688cde3b65f5,Z00503ZF,2026-08-20T00:00:00Z,admin,2026-08-20T00:00:00Z,admin
c5f2972c-41f0-46ba-a2e8-463228c2e180,25a55f34-ce6c-425e-a58f-688cde3b65f5,Z0053X3Z,2026-08-20T00:00:00Z,admin,2026-08-20T00:00:00Z,admin
15e92d78-1e1b-4429-8455-94105a231c60,25a55f34-ce6c-425e-a58f-688cde3b65f5,Z004Z8HY,2026-08-20T00:00:00Z,admin,2026-08-20T00:00:00Z,admin
5c79ff7f-a6db-4e08-8d23-022af72d1c54,25a55f34-ce6c-425e-a58f-688cde3b65f5,Z00366PH,2026-08-20T00:00:00Z,admin,2026-08-20T00:00:00Z,admin
c293f2b9-f400-4193-ae56-33ebd3e6fb76,25a55f34-ce6c-425e-a58f-688cde3b65f5,Z002M9XR,2026-08-20T00:00:00Z,admin,2026-08-20T00:00:00Z,admin
4690199c-6ca8-47c0-9b42-029792429031,25a55f34-ce6c-425e-a58f-688cde3b65f5,Z0059DWT,2026-08-20T00:00:00Z,admin,2026-08-20T00:00:00Z,admin
81cdda67-3ba2-4570-ab9e-a917b5b7b30b,25a55f34-ce6c-425e-a58f-688cde3b65f5,Z005989N,2026-08-20T00:00:00Z,admin,2026-08-20T00:00:00Z,admin
0ece6136-4f5d-43ab-a803-e88624b7aa64,25a55f34-ce6c-425e-a58f-688cde3b65f5,Z0059DYC,2026-08-20T00:00:00Z,admin,2026-08-20T00:00:00Z,admin
6592c7b1-3fc0-4f43-b940-adc505acd03a,25a55f34-ce6c-425e-a58f-688cde3b65f5,Z0047WTV,2026-08-20T00:00:00Z,admin,2026-08-20T00:00:00Z,admin
31833e6b-7ceb-41fe-a19a-9cd0eb5bc573,94ef61a3-3d1c-43c5-8589-ead30ec4728c,Z004TAMU,2026-08-20T00:00:00Z,admin,2026-08-20T00:00:00Z,admin
11d01729-b1c8-401d-a94e-28109778e1ee,94ef61a3-3d1c-43c5-8589-ead30ec4728c,Z00531DY,2026-08-20T00:00:00Z,admin,2026-08-20T00:00:00Z,admin
57d1c8bf-f21d-4136-a597-3f08fd2f8998,94ef61a3-3d1c-43c5-8589-ead30ec4728c,Z004XVAC,2026-08-20T00:00:00Z,admin,2026-08-20T00:00:00Z,admin
2e8da8ce-f3d1-4801-b107-bb71936f1f33,94ef61a3-3d1c-43c5-8589-ead30ec4728c,Z0052TYP,2026-08-20T00:00:00Z,admin,2026-08-20T00:00:00Z,admin
213625f4-9a92-4d77-ad23-52e2d9e593cd,94ef61a3-3d1c-43c5-8589-ead30ec4728c,Z002Z66N,2026-08-20T00:00:00Z,admin,2026-08-20T00:00:00Z,admin
905efe57-1e93-428f-aa42-84ae469e365e,94ef61a3-3d1c-43c5-8589-ead30ec4728c,Z004YK1R,2026-08-20T00:00:00Z,admin,2026-08-20T00:00:00Z,admin
84b4f572-b2ad-4deb-9a92-fee3e0e7e8d0,94ef61a3-3d1c-43c5-8589-ead30ec4728c,Z004Z7ZE,2026-08-20T00:00:00Z,admin,2026-08-20T00:00:00Z,admin
3ebd79d5-b82b-47db-ab63-ed20286a7501,94ef61a3-3d1c-43c5-8589-ead30ec4728c,Z0054KNE,2026-08-20T00:00:00Z,admin,2026-08-20T00:00:00Z,admin
0a950ee5-555c-44bf-b4bb-cd327afc8122,94ef61a3-3d1c-43c5-8589-ead30ec4728c,Z0028XMJ,2026-08-20T00:00:00Z,admin,2026-08-20T00:00:00Z,admin
4ebefa58-790a-4e16-baee-da80350ead2d,94ef61a3-3d1c-43c5-8589-ead30ec4728c,Z004FUJT,2026-08-20T00:00:00Z,admin,2026-08-20T00:00:00Z,admin
45061ee7-76a2-4756-9d7b-33249355c0c2,94ef61a3-3d1c-43c5-8589-ead30ec4728c,Z001WYDU,2026-08-20T00:00:00Z,admin,2026-08-20T00:00:00Z,admin
290a1718-bc64-4bbd-901e-bfd1f8f7b5c1,94ef61a3-3d1c-43c5-8589-ead30ec4728c,Z0014WKT,2026-08-20T00:00:00Z,admin,2026-08-20T00:00:00Z,admin
0254a970-b831-4bb4-a0cf-3beb437d8f81,94ef61a3-3d1c-43c5-8589-ead30ec4728c,Z0039MYX,2026-08-20T00:00:00Z,admin,2026-08-20T00:00:00Z,admin
998c9b1e-848e-4121-b2e7-d78f24fe6055,94ef61a3-3d1c-43c5-8589-ead30ec4728c,Z0051EJU,2026-08-20T00:00:00Z,admin,2026-08-20T00:00:00Z,admin
77688524-549d-42af-ac18-e0486035d9da,94ef61a3-3d1c-43c5-8589-ead30ec4728c,Z003RN6R,2026-08-20T00:00:00Z,admin,2026-08-20T00:00:00Z,admin
f4b205e9-e7c0-46d7-95f9-33338e251ca0,94ef61a3-3d1c-43c5-8589-ead30ec4728c,Z0046D7W,2026-08-20T00:00:00Z,admin,2026-08-20T00:00:00Z,admin
084c26db-fad9-4840-9100-42cbe99e447e,94ef61a3-3d1c-43c5-8589-ead30ec4728c,Z000268E,2026-08-20T00:00:00Z,admin,2026-08-20T00:00:00Z,admin
cedb5ea5-67e8-4ada-ad13-dbc20a4c2efd,94ef61a3-3d1c-43c5-8589-ead30ec4728c,Z002JB9N,2026-08-20T00:00:00Z,admin,2026-08-20T00:00:00Z,admin
7849b362-caf4-475f-89d2-ca80e935347d,94ef61a3-3d1c-43c5-8589-ead30ec4728c,Z002ZJEH,2026-08-20T00:00:00Z,admin,2026-08-20T00:00:00Z,admin
2254a241-61a3-4a9e-92aa-b7239bbb65a9,94ef61a3-3d1c-43c5-8589-ead30ec4728c,Z0033TXK,2026-08-20T00:00:00Z,admin,2026-08-20T00:00:00Z,admin
24d1e5e0-a37b-41e9-8cf4-3764fd628696,94ef61a3-3d1c-43c5-8589-ead30ec4728c,Z0037XDV,2026-08-20T00:00:00Z,admin,2026-08-20T00:00:00Z,admin
500065d5-bf71-4bee-a486-ebb17e80f3db,94ef61a3-3d1c-43c5-8589-ead30ec4728c,Z0030F0C,2026-08-20T00:00:00Z,admin,2026-08-20T00:00:00Z,admin
b9f1b0cf-7b2b-4ac6-8d96-373ef2b6ce52,94ef61a3-3d1c-43c5-8589-ead30ec4728c,Z0049ETY,2026-08-20T00:00:00Z,admin,2026-08-20T00:00:00Z,admin
9465df46-06a6-404d-ba22-d62c72167c1d,94ef61a3-3d1c-43c5-8589-ead30ec4728c,Z00531ED,2026-08-20T00:00:00Z,admin,2026-08-20T00:00:00Z,admin
54fe64f6-692d-4749-8a8b-d912eb475a05,94ef61a3-3d1c-43c5-8589-ead30ec4728c,Z00578UN,2026-08-20T00:00:00Z,admin,2026-08-20T00:00:00Z,admin
2f550b59-7e96-43fe-ae96-11e9b57e4e98,94ef61a3-3d1c-43c5-8589-ead30ec4728c,Z0022MPU,2026-08-20T00:00:00Z,admin,2026-08-20T00:00:00Z,admin
ab96c445-5524-4335-9b3c-08e3747a583b,94ef61a3-3d1c-43c5-8589-ead30ec4728c,Z00360RB,2026-08-20T00:00:00Z,admin,2026-08-20T00:00:00Z,admin
d152a652-3082-41b3-bec2-a47e833f077a,94ef61a3-3d1c-43c5-8589-ead30ec4728c,Z00580YJ,2026-08-20T00:00:00Z,admin,2026-08-20T00:00:00Z,admin
1b508d35-8a39-4581-902c-3a5d31270b37,94ef61a3-3d1c-43c5-8589-ead30ec4728c,Z004XVAB,2026-08-20T00:00:00Z,admin,2026-08-20T00:00:00Z,admin
f2562f24-6dd9-444d-a26c-c9e5df5ce829,94ef61a3-3d1c-43c5-8589-ead30ec4728c,Z00503ZF,2026-08-20T00:00:00Z,admin,2026-08-20T00:00:00Z,admin
ced6db81-2344-4bb8-a6ac-072dc2c7f098,94ef61a3-3d1c-43c5-8589-ead30ec4728c,Z0053X3Z,2026-08-20T00:00:00Z,admin,2026-08-20T00:00:00Z,admin
b685d6d1-a2b9-45f9-a582-0f4a6f69ebf0,94ef61a3-3d1c-43c5-8589-ead30ec4728c,Z004Z8HY,2026-08-20T00:00:00Z,admin,2026-08-20T00:00:00Z,admin
362285f3-98e7-4fc7-b1dc-1bf3fddb7991,94ef61a3-3d1c-43c5-8589-ead30ec4728c,Z00366PH,2026-08-20T00:00:00Z,admin,2026-08-20T00:00:00Z,admin
0d08f68a-7884-4b8c-85e6-a10f725b6be0,94ef61a3-3d1c-43c5-8589-ead30ec4728c,Z002M9XR,2026-08-20T00:00:00Z,admin,2026-08-20T00:00:00Z,admin
a7e5b91d-7cc5-4ad5-9d3d-389f2e0c50dc,94ef61a3-3d1c-43c5-8589-ead30ec4728c,Z0059DWT,2026-08-20T00:00:00Z,admin,2026-08-20T00:00:00Z,admin
b2be5e7b-2d87-446a-af1f-619943c4d74a,94ef61a3-3d1c-43c5-8589-ead30ec4728c,Z005989N,2026-08-20T00:00:00Z,admin,2026-08-20T00:00:00Z,admin
98a9fab2-c3d6-448b-9f2a-9af61a11438b,94ef61a3-3d1c-43c5-8589-ead30ec4728c,Z0059DYC,2026-08-20T00:00:00Z,admin,2026-08-20T00:00:00Z,admin
53571a3d-2b7b-4c2c-8aa6-b013461ae183,94ef61a3-3d1c-43c5-8589-ead30ec4728c,Z0047WTV,2026-08-20T00:00:00Z,admin,2026-08-20T00:00:00Z,admin
24c679cf-1218-4f47-b00a-f596c59357e6,376eae78-d802-437c-aee2-09646ac47165,Z004TAMU,2026-08-20T00:00:00Z,admin,2026-08-20T00:00:00Z,admin
99de9992-a0de-4031-a352-f264f94eef4c,376eae78-d802-437c-aee2-09646ac47165,Z00531DY,2026-08-20T00:00:00Z,admin,2026-08-20T00:00:00Z,admin
35093f09-7c2e-485d-9471-893d95e59955,376eae78-d802-437c-aee2-09646ac47165,Z004XVAC,2026-08-20T00:00:00Z,admin,2026-08-20T00:00:00Z,admin
80cbf1dc-f648-4050-a47b-cc713051de27,376eae78-d802-437c-aee2-09646ac47165,Z0052TYP,2026-08-20T00:00:00Z,admin,2026-08-20T00:00:00Z,admin
c793eb8c-b425-478a-9bb3-2baced940f27,376eae78-d802-437c-aee2-09646ac47165,Z002Z66N,2026-08-20T00:00:00Z,admin,2026-08-20T00:00:00Z,admin
3b630542-6161-495a-8822-c1e4badebb55,376eae78-d802-437c-aee2-09646ac47165,Z004YK1R,2026-08-20T00:00:00Z,admin,2026-08-20T00:00:00Z,admin
920e892e-44d8-4676-8d63-6171d55d1098,376eae78-d802-437c-aee2-09646ac47165,Z004Z7ZE,2026-08-20T00:00:00Z,admin,2026-08-20T00:00:00Z,admin
54717906-825b-48f5-b9db-430bb59052b2,376eae78-d802-437c-aee2-09646ac47165,Z0054KNE,2026-08-20T00:00:00Z,admin,2026-08-20T00:00:00Z,admin
541baaa1-5aee-473b-ab14-fcd1165fd94d,376eae78-d802-437c-aee2-09646ac47165,Z0028XMJ,2026-08-20T00:00:00Z,admin,2026-08-20T00:00:00Z,admin
c4393d3c-b8eb-4bb0-894d-98042a24637f,376eae78-d802-437c-aee2-09646ac47165,Z004FUJT,2026-08-20T00:00:00Z,admin,2026-08-20T00:00:00Z,admin
8b75db20-88fd-4f43-b20b-d28841b1c9d9,376eae78-d802-437c-aee2-09646ac47165,Z001WYDU,2026-08-20T00:00:00Z,admin,2026-08-20T00:00:00Z,admin
ffb189ed-f7f8-4681-b6e9-029c62272a31,376eae78-d802-437c-aee2-09646ac47165,Z0014WKT,2026-08-20T00:00:00Z,admin,2026-08-20T00:00:00Z,admin
8b057470-73c2-4c89-b761-818ed9c3471c,376eae78-d802-437c-aee2-09646ac47165,Z0039MYX,2026-08-20T00:00:00Z,admin,2026-08-20T00:00:00Z,admin
0e015676-e678-4bf7-a26e-9cc5e322a44e,376eae78-d802-437c-aee2-09646ac47165,Z0051EJU,2026-08-20T00:00:00Z,admin,2026-08-20T00:00:00Z,admin
a0feedc2-3c10-434b-a45d-4821f43a03dc,376eae78-d802-437c-aee2-09646ac47165,Z003RN6R,2026-08-20T00:00:00Z,admin,2026-08-20T00:00:00Z,admin
f5a68ee4-1a96-4839-8658-196eb2dceb98,376eae78-d802-437c-aee2-09646ac47165,Z0046D7W,2026-08-20T00:00:00Z,admin,2026-08-20T00:00:00Z,admin
cee7306e-6e61-4a21-928b-96e27c09c75d,376eae78-d802-437c-aee2-09646ac47165,Z000268E,2026-08-20T00:00:00Z,admin,2026-08-20T00:00:00Z,admin
a23cd2ef-2572-49ee-93d7-42e91f99fb1a,376eae78-d802-437c-aee2-09646ac47165,Z002JB9N,2026-08-20T00:00:00Z,admin,2026-08-20T00:00:00Z,admin
69cb0902-bc33-4043-9052-8bfe586b711c,376eae78-d802-437c-aee2-09646ac47165,Z002ZJEH,2026-08-20T00:00:00Z,admin,2026-08-20T00:00:00Z,admin
ffa609be-fb66-4244-b61e-1cd2e5c0ca80,376eae78-d802-437c-aee2-09646ac47165,Z0033TXK,2026-08-20T00:00:00Z,admin,2026-08-20T00:00:00Z,admin
6847da00-3565-43ba-919d-dbd689e458df,376eae78-d802-437c-aee2-09646ac47165,Z0037XDV,2026-08-20T00:00:00Z,admin,2026-08-20T00:00:00Z,admin
bd7ca848-6b9f-46c5-b9bc-cc838d18927e,376eae78-d802-437c-aee2-09646ac47165,Z0030F0C,2026-08-20T00:00:00Z,admin,2026-08-20T00:00:00Z,admin
8115e8a1-3bf0-4ad5-95a3-31f50eff46f9,376eae78-d802-437c-aee2-09646ac47165,Z0049ETY,2026-08-20T00:00:00Z,admin,2026-08-20T00:00:00Z,admin
4570854e-2ae4-41c5-bc28-9e50d2d2ba74,376eae78-d802-437c-aee2-09646ac47165,Z00531ED,2026-08-20T00:00:00Z,admin,2026-08-20T00:00:00Z,admin
94e6265b-2c51-4357-bd6b-74df9d2e94b7,376eae78-d802-437c-aee2-09646ac47165,Z00578UN,2026-08-20T00:00:00Z,admin,2026-08-20T00:00:00Z,admin
3731ff24-4ea7-416a-a660-8fd6baabb677,376eae78-d802-437c-aee2-09646ac47165,Z0022MPU,2026-08-20T00:00:00Z,admin,2026-08-20T00:00:00Z,admin
a4da5f68-c31b-4f43-923c-5b5d89f0f8c1,376eae78-d802-437c-aee2-09646ac47165,Z00360RB,2026-08-20T00:00:00Z,admin,2026-08-20T00:00:00Z,admin
4b5f0b65-a334-4aa4-a2d0-8e93d9448260,376eae78-d802-437c-aee2-09646ac47165,Z00580YJ,2026-08-20T00:00:00Z,admin,2026-08-20T00:00:00Z,admin
96970006-7d63-4a4a-a1a8-22b68b4f6fc9,376eae78-d802-437c-aee2-09646ac47165,Z004XVAB,2026-08-20T00:00:00Z,admin,2026-08-20T00:00:00Z,admin
0d9169c5-5bf6-49b4-923e-3065b8444a5c,376eae78-d802-437c-aee2-09646ac47165,Z00503ZF,2026-08-20T00:00:00Z,admin,2026-08-20T00:00:00Z,admin
35085d73-f552-4356-ae01-2718a2966723,376eae78-d802-437c-aee2-09646ac47165,Z0053X3Z,2026-08-20T00:00:00Z,admin,2026-08-20T00:00:00Z,admin
f683f427-b45f-4905-ab97-61f15cb78430,376eae78-d802-437c-aee2-09646ac47165,Z004Z8HY,2026-08-20T00:00:00Z,admin,2026-08-20T00:00:00Z,admin
a1300472-a8c5-4748-a99e-0fb919ebb8d3,376eae78-d802-437c-aee2-09646ac47165,Z00366PH,2026-08-20T00:00:00Z,admin,2026-08-20T00:00:00Z,admin
2ba09590-f4ec-4c8b-9dcb-762a4bd4a0b2,376eae78-d802-437c-aee2-09646ac47165,Z002M9XR,2026-08-20T00:00:00Z,admin,2026-08-20T00:00:00Z,admin
fc986a0b-f413-411e-b88c-bc57663cd878,376eae78-d802-437c-aee2-09646ac47165,Z0059DWT,2026-08-20T00:00:00Z,admin,2026-08-20T00:00:00Z,admin
0d7aa356-f06c-4816-9bbf-dfb1bcffd4d9,376eae78-d802-437c-aee2-09646ac47165,Z005989N,2026-08-20T00:00:00Z,admin,2026-08-20T00:00:00Z,admin
b54d4531-8f72-4b07-85ca-c4183cc4c4fd,376eae78-d802-437c-aee2-09646ac47165,Z0059DYC,2026-08-20T00:00:00Z,admin,2026-08-20T00:00:00Z,admin
d8db97e7-b327-4ef7-96a9-71cab7e82aca,376eae78-d802-437c-aee2-09646ac47165,Z0047WTV,2026-08-20T00:00:00Z,admin,2026-08-20T00:00:00Z,admin
e0b7a846-7c2d-4dc6-9a89-f73054bdb5fe,5e268bc1-7670-4205-8722-5f1dfee39f34,Z004TAMU,2026-08-20T00:00:00Z,admin,2026-08-20T00:00:00Z,admin
79f01e16-2494-41b6-85c1-ea4d2116c47b,5e268bc1-7670-4205-8722-5f1dfee39f34,Z00531DY,2026-08-20T00:00:00Z,admin,2026-08-20T00:00:00Z,admin
85bc8252-c0a4-4f81-8aa0-037ecbf5be5f,5e268bc1-7670-4205-8722-5f1dfee39f34,Z004XVAC,2026-08-20T00:00:00Z,admin,2026-08-20T00:00:00Z,admin
c6690986-e161-426f-bacd-2947d15639cf,5e268bc1-7670-4205-8722-5f1dfee39f34,Z0052TYP,2026-08-20T00:00:00Z,admin,2026-08-20T00:00:00Z,admin
2d7c565c-234a-4487-b16b-48d09c9d1686,5e268bc1-7670-4205-8722-5f1dfee39f34,Z002Z66N,2026-08-20T00:00:00Z,admin,2026-08-20T00:00:00Z,admin
5e089b47-cc60-4f51-8351-41df37bc4144,5e268bc1-7670-4205-8722-5f1dfee39f34,Z004YK1R,2026-08-20T00:00:00Z,admin,2026-08-20T00:00:00Z,admin
d2f4394c-8005-4c0b-966d-778501f7054c,5e268bc1-7670-4205-8722-5f1dfee39f34,Z004Z7ZE,2026-08-20T00:00:00Z,admin,2026-08-20T00:00:00Z,admin
513c7e4f-15c0-40c0-a307-905c6b4bfcad,5e268bc1-7670-4205-8722-5f1dfee39f34,Z0054KNE,2026-08-20T00:00:00Z,admin,2026-08-20T00:00:00Z,admin
4cf3a235-4ab2-458a-9f81-77ac5e064762,5e268bc1-7670-4205-8722-5f1dfee39f34,Z0028XMJ,2026-08-20T00:00:00Z,admin,2026-08-20T00:00:00Z,admin
f56ae5c0-68d6-40c4-81b9-4da975c8815a,5e268bc1-7670-4205-8722-5f1dfee39f34,Z004FUJT,2026-08-20T00:00:00Z,admin,2026-08-20T00:00:00Z,admin
380f8a92-3276-4606-b74a-b72515faf4c8,5e268bc1-7670-4205-8722-5f1dfee39f34,Z001WYDU,2026-08-20T00:00:00Z,admin,2026-08-20T00:00:00Z,admin
3e37ce55-eefa-43ff-b106-0153524d3401,5e268bc1-7670-4205-8722-5f1dfee39f34,Z0014WKT,2026-08-20T00:00:00Z,admin,2026-08-20T00:00:00Z,admin
8e2527ad-ddb4-47df-975f-ed5dbd43bc86,5e268bc1-7670-4205-8722-5f1dfee39f34,Z0039MYX,2026-08-20T00:00:00Z,admin,2026-08-20T00:00:00Z,admin
e0850614-8c4a-44e5-8439-89802a5710e3,5e268bc1-7670-4205-8722-5f1dfee39f34,Z0051EJU,2026-08-20T00:00:00Z,admin,2026-08-20T00:00:00Z,admin
70a16adb-ed26-49fa-9d14-fb0d052a1243,5e268bc1-7670-4205-8722-5f1dfee39f34,Z003RN6R,2026-08-20T00:00:00Z,admin,2026-08-20T00:00:00Z,admin
afc83585-da47-433b-b66e-cc6eee39f049,5e268bc1-7670-4205-8722-5f1dfee39f34,Z0046D7W,2026-08-20T00:00:00Z,admin,2026-08-20T00:00:00Z,admin
f792c0d1-d36c-422f-98cd-67d87ea58bcc,5e268bc1-7670-4205-8722-5f1dfee39f34,Z000268E,2026-08-20T00:00:00Z,admin,2026-08-20T00:00:00Z,admin
3ca1e9ff-f190-4934-bace-8c50c249a1a6,5e268bc1-7670-4205-8722-5f1dfee39f34,Z002JB9N,2026-08-20T00:00:00Z,admin,2026-08-20T00:00:00Z,admin
d3cd0935-3c9d-418f-a7bb-6ebef874feb3,5e268bc1-7670-4205-8722-5f1dfee39f34,Z002ZJEH,2026-08-20T00:00:00Z,admin,2026-08-20T00:00:00Z,admin
e8e44cdc-40de-463e-b51f-5b7bd5c50bf5,5e268bc1-7670-4205-8722-5f1dfee39f34,Z0033TXK,2026-08-20T00:00:00Z,admin,2026-08-20T00:00:00Z,admin
0fbf6d68-77d8-4d49-89f1-9dcea8efdfb6,5e268bc1-7670-4205-8722-5f1dfee39f34,Z0037XDV,2026-08-20T00:00:00Z,admin,2026-08-20T00:00:00Z,admin
8240b015-8cd1-46df-ab65-275eb8003e43,5e268bc1-7670-4205-8722-5f1dfee39f34,Z0030F0C,2026-08-20T00:00:00Z,admin,2026-08-20T00:00:00Z,admin
b36d0153-196f-447e-8bf5-667cf87800a0,5e268bc1-7670-4205-8722-5f1dfee39f34,Z0049ETY,2026-08-20T00:00:00Z,admin,2026-08-20T00:00:00Z,admin
caf932b4-1f2b-4c26-8c74-cf501735bdf9,5e268bc1-7670-4205-8722-5f1dfee39f34,Z00531ED,2026-08-20T00:00:00Z,admin,2026-08-20T00:00:00Z,admin
82ab7f1b-000b-4aa0-b1a1-e98e0c6cc431,5e268bc1-7670-4205-8722-5f1dfee39f34,Z00578UN,2026-08-20T00:00:00Z,admin,2026-08-20T00:00:00Z,admin
ed723dda-7838-40ad-83c1-65b3b6496357,5e268bc1-7670-4205-8722-5f1dfee39f34,Z0022MPU,2026-08-20T00:00:00Z,admin,2026-08-20T00:00:00Z,admin
ee54ce66-8980-4889-8877-167b82960a52,5e268bc1-7670-4205-8722-5f1dfee39f34,Z00360RB,2026-08-20T00:00:00Z,admin,2026-08-20T00:00:00Z,admin
c58178da-4b14-4090-a2a5-86499d9d6a5b,5e268bc1-7670-4205-8722-5f1dfee39f34,Z00580YJ,2026-08-20T00:00:00Z,admin,2026-08-20T00:00:00Z,admin
4786bf90-ed14-44b5-96cd-0e17dba93ec2,5e268bc1-7670-4205-8722-5f1dfee39f34,Z004XVAB,2026-08-20T00:00:00Z,admin,2026-08-20T00:00:00Z,admin
59076c6d-aa20-499c-b7a6-c292c4e1d541,5e268bc1-7670-4205-8722-5f1dfee39f34,Z00503ZF,2026-08-20T00:00:00Z,admin,2026-08-20T00:00:00Z,admin
698e9609-0edb-4115-920e-e5af1a68b0d7,5e268bc1-7670-4205-8722-5f1dfee39f34,Z0053X3Z,2026-08-20T00:00:00Z,admin,2026-08-20T00:00:00Z,admin
f62c5c9e-bd17-42c2-8ac0-99d778534345,5e268bc1-7670-4205-8722-5f1dfee39f34,Z004Z8HY,2026-08-20T00:00:00Z,admin,2026-08-20T00:00:00Z,admin
28d9ce9e-dfef-4faa-883b-94e9fe11a89b,5e268bc1-7670-4205-8722-5f1dfee39f34,Z00366PH,2026-08-20T00:00:00Z,admin,2026-08-20T00:00:00Z,admin
512fdf2b-4fa8-4bd6-99fa-fa15e49ac627,5e268bc1-7670-4205-8722-5f1dfee39f34,Z002M9XR,2026-08-20T00:00:00Z,admin,2026-08-20T00:00:00Z,admin
cdf043fa-3ca5-4ba6-b4d4-2234f6def156,5e268bc1-7670-4205-8722-5f1dfee39f34,Z0059DWT,2026-08-20T00:00:00Z,admin,2026-08-20T00:00:00Z,admin
f940db5a-f726-4e49-8c7f-99e35f5c2a3e,5e268bc1-7670-4205-8722-5f1dfee39f34,Z005989N,2026-08-20T00:00:00Z,admin,2026-08-20T00:00:00Z,admin
0ee10331-ddd5-4de5-8579-0df914da38a4,5e268bc1-7670-4205-8722-5f1dfee39f34,Z0059DYC,2026-08-20T00:00:00Z,admin,2026-08-20T00:00:00Z,admin
4a9f2ec3-c4cc-42f2-ba00-b0ed17151b88,5e268bc1-7670-4205-8722-5f1dfee39f34,Z0047WTV,2026-08-20T00:00:00Z,admin,2026-08-20T00:00:00Z,admin
47ae2f48-b770-4fb1-9286-f112a74ac518,76680240-2b0e-4628-a3c7-40763ce686b2,Z004TAMU,2026-08-20T00:00:00Z,admin,2026-08-20T00:00:00Z,admin
93b7d23f-c9fb-4b43-903f-d7d265f53039,76680240-2b0e-4628-a3c7-40763ce686b2,Z00531DY,2026-08-20T00:00:00Z,admin,2026-08-20T00:00:00Z,admin
6928ed5a-ddbf-4401-aa5e-84b70dd649af,76680240-2b0e-4628-a3c7-40763ce686b2,Z004XVAC,2026-08-20T00:00:00Z,admin,2026-08-20T00:00:00Z,admin
dbc64a2f-fda6-4130-b483-aa4db11d8eb8,76680240-2b0e-4628-a3c7-40763ce686b2,Z0052TYP,2026-08-20T00:00:00Z,admin,2026-08-20T00:00:00Z,admin
2f44a0eb-1872-4cab-b220-f380aff7c6e2,76680240-2b0e-4628-a3c7-40763ce686b2,Z002Z66N,2026-08-20T00:00:00Z,admin,2026-08-20T00:00:00Z,admin
35fba501-8ba2-4e65-8b06-1d13a3116b9a,76680240-2b0e-4628-a3c7-40763ce686b2,Z004YK1R,2026-08-20T00:00:00Z,admin,2026-08-20T00:00:00Z,admin
709d65d1-66eb-44b4-b3e8-65fb453b8bda,76680240-2b0e-4628-a3c7-40763ce686b2,Z004Z7ZE,2026-08-20T00:00:00Z,admin,2026-08-20T00:00:00Z,admin
05510d24-cc85-4da8-b878-3095f4b677c8,76680240-2b0e-4628-a3c7-40763ce686b2,Z0054KNE,2026-08-20T00:00:00Z,admin,2026-08-20T00:00:00Z,admin
8be08163-bf5c-4652-bb4e-0156c45459f3,76680240-2b0e-4628-a3c7-40763ce686b2,Z0028XMJ,2026-08-20T00:00:00Z,admin,2026-08-20T00:00:00Z,admin
02217536-5b77-40cf-bb04-3e9a7909631c,76680240-2b0e-4628-a3c7-40763ce686b2,Z004FUJT,2026-08-20T00:00:00Z,admin,2026-08-20T00:00:00Z,admin
21dc0b8b-8340-4808-a586-861d86e63a25,76680240-2b0e-4628-a3c7-40763ce686b2,Z001WYDU,2026-08-20T00:00:00Z,admin,2026-08-20T00:00:00Z,admin
faef3539-cfa8-4e04-a6d8-39c931f2ab73,76680240-2b0e-4628-a3c7-40763ce686b2,Z0014WKT,2026-08-20T00:00:00Z,admin,2026-08-20T00:00:00Z,admin
abd28cc8-42cf-4861-bad6-a1f69dcaa58a,76680240-2b0e-4628-a3c7-40763ce686b2,Z0039MYX,2026-08-20T00:00:00Z,admin,2026-08-20T00:00:00Z,admin
cd295817-c151-4029-bc0d-66f88e9608b2,76680240-2b0e-4628-a3c7-40763ce686b2,Z0051EJU,2026-08-20T00:00:00Z,admin,2026-08-20T00:00:00Z,admin
8d17c200-110a-425c-86bf-aaa2db7a99c3,76680240-2b0e-4628-a3c7-40763ce686b2,Z003RN6R,2026-08-20T00:00:00Z,admin,2026-08-20T00:00:00Z,admin
28f6171a-70b8-40cb-a226-6f0211a37e24,76680240-2b0e-4628-a3c7-40763ce686b2,Z0046D7W,2026-08-20T00:00:00Z,admin,2026-08-20T00:00:00Z,admin
ccb29fb8-b6ed-4c87-bd72-b44237d1c71f,76680240-2b0e-4628-a3c7-40763ce686b2,Z000268E,2026-08-20T00:00:00Z,admin,2026-08-20T00:00:00Z,admin
d83434e6-4627-4296-bbbd-02922649ccc5,76680240-2b0e-4628-a3c7-40763ce686b2,Z002JB9N,2026-08-20T00:00:00Z,admin,2026-08-20T00:00:00Z,admin
b088f309-ecf8-44dd-af36-59d8367c3863,76680240-2b0e-4628-a3c7-40763ce686b2,Z002ZJEH,2026-08-20T00:00:00Z,admin,2026-08-20T00:00:00Z,admin
9d03641f-68d2-4a08-90e3-4c6abafe5061,76680240-2b0e-4628-a3c7-40763ce686b2,Z0033TXK,2026-08-20T00:00:00Z,admin,2026-08-20T00:00:00Z,admin
f76ecbf0-8a34-4894-b828-b9d3d0c730f4,76680240-2b0e-4628-a3c7-40763ce686b2,Z0037XDV,2026-08-20T00:00:00Z,admin,2026-08-20T00:00:00Z,admin
857714a5-7d46-49bf-823e-ae8870858cff,76680240-2b0e-4628-a3c7-40763ce686b2,Z0030F0C,2026-08-20T00:00:00Z,admin,2026-08-20T00:00:00Z,admin
b2c48120-7d12-449b-b8f2-b730f8b11437,76680240-2b0e-4628-a3c7-40763ce686b2,Z0049ETY,2026-08-20T00:00:00Z,admin,2026-08-20T00:00:00Z,admin
3b787237-fbe1-4639-b7f3-bc2447596093,76680240-2b0e-4628-a3c7-40763ce686b2,Z00531ED,2026-08-20T00:00:00Z,admin,2026-08-20T00:00:00Z,admin
3823e80a-371f-48a9-8447-5821a50a370a,76680240-2b0e-4628-a3c7-40763ce686b2,Z00578UN,2026-08-20T00:00:00Z,admin,2026-08-20T00:00:00Z,admin
be51e9ef-5e7d-4a74-bda7-a329732ea472,76680240-2b0e-4628-a3c7-40763ce686b2,Z0022MPU,2026-08-20T00:00:00Z,admin,2026-08-20T00:00:00Z,admin
56d7382d-ae04-49ea-8f08-c2e94e82c1a9,76680240-2b0e-4628-a3c7-40763ce686b2,Z00360RB,2026-08-20T00:00:00Z,admin,2026-08-20T00:00:00Z,admin
10d71d9a-70a3-4402-8d86-0f92b3b11b10,76680240-2b0e-4628-a3c7-40763ce686b2,Z00580YJ,2026-08-20T00:00:00Z,admin,2026-08-20T00:00:00Z,admin
6f9f9c67-8483-415b-aec4-3732f23f0206,76680240-2b0e-4628-a3c7-40763ce686b2,Z004XVAB,2026-08-20T00:00:00Z,admin,2026-08-20T00:00:00Z,admin
dfa45e44-0ac2-475c-b3da-98034d6cde91,76680240-2b0e-4628-a3c7-40763ce686b2,Z00503ZF,2026-08-20T00:00:00Z,admin,2026-08-20T00:00:00Z,admin
6900badb-fdfc-4622-93d2-3f9ffc560652,76680240-2b0e-4628-a3c7-40763ce686b2,Z0053X3Z,2026-08-20T00:00:00Z,admin,2026-08-20T00:00:00Z,admin
bb42b041-d319-4fbc-9b77-77b69f0fd215,76680240-2b0e-4628-a3c7-40763ce686b2,Z004Z8HY,2026-08-20T00:00:00Z,admin,2026-08-20T00:00:00Z,admin
46a34699-68a5-4dbb-89f1-0f9fa11344eb,76680240-2b0e-4628-a3c7-40763ce686b2,Z00366PH,2026-08-20T00:00:00Z,admin,2026-08-20T00:00:00Z,admin
2b3c12c4-8bd0-4e8f-8d49-61fc3147d37d,76680240-2b0e-4628-a3c7-40763ce686b2,Z002M9XR,2026-08-20T00:00:00Z,admin,2026-08-20T00:00:00Z,admin
a9f4effb-f4bb-4785-891c-a307c5657db7,76680240-2b0e-4628-a3c7-40763ce686b2,Z0059DWT,2026-08-20T00:00:00Z,admin,2026-08-20T00:00:00Z,admin
028f25c1-4402-4d67-be0c-569d4cd52c24,76680240-2b0e-4628-a3c7-40763ce686b2,Z005989N,2026-08-20T00:00:00Z,admin,2026-08-20T00:00:00Z,admin
d1b1b7db-cfea-4953-a39d-52e9cc1dabaa,76680240-2b0e-4628-a3c7-40763ce686b2,Z0059DYC,2026-08-20T00:00:00Z,admin,2026-08-20T00:00:00Z,admin
3226be55-a7e8-40ba-a7be-be6bd3728b47,76680240-2b0e-4628-a3c7-40763ce686b2,Z0047WTV,2026-08-20T00:00:00Z,admin,2026-08-20T00:00:00Z,admin
0bdee006-2da9-472c-94b3-cb2c64c1be5a,2010942f-c083-4f3b-b21f-f0bc685f3a59,Z004TAMU,2026-08-20T00:00:00Z,admin,2026-08-20T00:00:00Z,admin
95487415-3071-4bde-857d-2803e550b077,2010942f-c083-4f3b-b21f-f0bc685f3a59,Z00531DY,2026-08-20T00:00:00Z,admin,2026-08-20T00:00:00Z,admin
521fbd02-aead-4f78-90d8-cba6986984ff,2010942f-c083-4f3b-b21f-f0bc685f3a59,Z004XVAC,2026-08-20T00:00:00Z,admin,2026-08-20T00:00:00Z,admin
5a86990f-d829-4a34-a180-d1e2b53b4a69,2010942f-c083-4f3b-b21f-f0bc685f3a59,Z0052TYP,2026-08-20T00:00:00Z,admin,2026-08-20T00:00:00Z,admin
4c47185e-116e-4357-8b5d-d4e5e7f856c5,2010942f-c083-4f3b-b21f-f0bc685f3a59,Z002Z66N,2026-08-20T00:00:00Z,admin,2026-08-20T00:00:00Z,admin
d649b8ff-95b0-4bfa-a27d-b918cbaa6545,2010942f-c083-4f3b-b21f-f0bc685f3a59,Z004YK1R,2026-08-20T00:00:00Z,admin,2026-08-20T00:00:00Z,admin
b17b055c-fedd-405e-9020-e4ac1b8774c7,2010942f-c083-4f3b-b21f-f0bc685f3a59,Z004Z7ZE,2026-08-20T00:00:00Z,admin,2026-08-20T00:00:00Z,admin
5e342a0a-0626-496e-943e-80665cde4872,2010942f-c083-4f3b-b21f-f0bc685f3a59,Z0054KNE,2026-08-20T00:00:00Z,admin,2026-08-20T00:00:00Z,admin
2c894923-3ec8-40a4-8c3b-917a073b70cc,2010942f-c083-4f3b-b21f-f0bc685f3a59,Z0028XMJ,2026-08-20T00:00:00Z,admin,2026-08-20T00:00:00Z,admin
8ff3df68-a568-40a6-bf55-80ee7ddd3196,2010942f-c083-4f3b-b21f-f0bc685f3a59,Z004FUJT,2026-08-20T00:00:00Z,admin,2026-08-20T00:00:00Z,admin
2cfddbc1-cd8e-4a4f-8c1c-a5d1a322f5d3,2010942f-c083-4f3b-b21f-f0bc685f3a59,Z001WYDU,2026-08-20T00:00:00Z,admin,2026-08-20T00:00:00Z,admin
da6fd3f3-ca6b-4f45-9bbe-5cf1ed5b917d,2010942f-c083-4f3b-b21f-f0bc685f3a59,Z0014WKT,2026-08-20T00:00:00Z,admin,2026-08-20T00:00:00Z,admin
7cfd3ec7-a343-460c-8e34-2a6f3f5bfa78,2010942f-c083-4f3b-b21f-f0bc685f3a59,Z0039MYX,2026-08-20T00:00:00Z,admin,2026-08-20T00:00:00Z,admin
ca68c882-4bc7-4aaa-98ad-a98beb1a1b8c,2010942f-c083-4f3b-b21f-f0bc685f3a59,Z0051EJU,2026-08-20T00:00:00Z,admin,2026-08-20T00:00:00Z,admin
083ca109-035d-49a5-9970-7fc72ba55d2b,2010942f-c083-4f3b-b21f-f0bc685f3a59,Z003RN6R,2026-08-20T00:00:00Z,admin,2026-08-20T00:00:00Z,admin
3d2cfaf5-6783-4647-954d-dffa5f23daa4,2010942f-c083-4f3b-b21f-f0bc685f3a59,Z0046D7W,2026-08-20T00:00:00Z,admin,2026-08-20T00:00:00Z,admin
b1329335-215e-4957-a5be-d2988d9b242d,2010942f-c083-4f3b-b21f-f0bc685f3a59,Z000268E,2026-08-20T00:00:00Z,admin,2026-08-20T00:00:00Z,admin
e3ad1564-7825-4eff-bc2d-31fd61a5f0a0,2010942f-c083-4f3b-b21f-f0bc685f3a59,Z002JB9N,2026-08-20T00:00:00Z,admin,2026-08-20T00:00:00Z,admin
cd90505a-b74a-4720-9cc8-375a696e65bc,2010942f-c083-4f3b-b21f-f0bc685f3a59,Z002ZJEH,2026-08-20T00:00:00Z,admin,2026-08-20T00:00:00Z,admin
586b5313-b571-4d40-91c4-90106fbd4204,2010942f-c083-4f3b-b21f-f0bc685f3a59,Z0033TXK,2026-08-20T00:00:00Z,admin,2026-08-20T00:00:00Z,admin
ec672f56-d415-4c4f-ae1f-974e09bd46a8,2010942f-c083-4f3b-b21f-f0bc685f3a59,Z0037XDV,2026-08-20T00:00:00Z,admin,2026-08-20T00:00:00Z,admin
cd7f2e52-759d-47a3-957f-5bd0debb28fc,2010942f-c083-4f3b-b21f-f0bc685f3a59,Z0030F0C,2026-08-20T00:00:00Z,admin,2026-08-20T00:00:00Z,admin
3df3ae2a-e91e-4fb6-8a50-9caddbf12e70,2010942f-c083-4f3b-b21f-f0bc685f3a59,Z0049ETY,2026-08-20T00:00:00Z,admin,2026-08-20T00:00:00Z,admin
eb814f2e-aff0-4a97-9c88-23b31c1f1695,2010942f-c083-4f3b-b21f-f0bc685f3a59,Z00531ED,2026-08-20T00:00:00Z,admin,2026-08-20T00:00:00Z,admin
44f4982a-ed83-4f91-b447-427ee76a9ee6,2010942f-c083-4f3b-b21f-f0bc685f3a59,Z00578UN,2026-08-20T00:00:00Z,admin,2026-08-20T00:00:00Z,admin
5ae3ca79-471c-4c87-8a3e-890bd809635d,2010942f-c083-4f3b-b21f-f0bc685f3a59,Z0022MPU,2026-08-20T00:00:00Z,admin,2026-08-20T00:00:00Z,admin
e03fae3a-fdcf-4dbd-976d-8823d454360e,2010942f-c083-4f3b-b21f-f0bc685f3a59,Z00360RB,2026-08-20T00:00:00Z,admin,2026-08-20T00:00:00Z,admin
0bbb2b31-76f8-4289-be40-80bcb319afed,2010942f-c083-4f3b-b21f-f0bc685f3a59,Z00580YJ,2026-08-20T00:00:00Z,admin,2026-08-20T00:00:00Z,admin
5ad9c373-beb5-4acf-83f3-a14d15f1b72b,2010942f-c083-4f3b-b21f-f0bc685f3a59,Z004XVAB,2026-08-20T00:00:00Z,admin,2026-08-20T00:00:00Z,admin
0c4b2a3d-ed43-4301-9719-66ca7be7a78c,2010942f-c083-4f3b-b21f-f0bc685f3a59,Z00503ZF,2026-08-20T00:00:00Z,admin,2026-08-20T00:00:00Z,admin
bda92385-a91e-4867-ba57-830d0f3f7b36,2010942f-c083-4f3b-b21f-f0bc685f3a59,Z0053X3Z,2026-08-20T00:00:00Z,admin,2026-08-20T00:00:00Z,admin
c69bdf91-5315-4d31-adaa-421e55d74730,2010942f-c083-4f3b-b21f-f0bc685f3a59,Z004Z8HY,2026-08-20T00:00:00Z,admin,2026-08-20T00:00:00Z,admin
026878c4-e72e-43a5-80a5-9ae416cc9a45,2010942f-c083-4f3b-b21f-f0bc685f3a59,Z00366PH,2026-08-20T00:00:00Z,admin,2026-08-20T00:00:00Z,admin
172b28ce-e774-43e6-99be-d6d53db9de12,2010942f-c083-4f3b-b21f-f0bc685f3a59,Z002M9XR,2026-08-20T00:00:00Z,admin,2026-08-20T00:00:00Z,admin
3750c885-dc71-4286-94aa-c9a7c1f04024,2010942f-c083-4f3b-b21f-f0bc685f3a59,Z0059DWT,2026-08-20T00:00:00Z,admin,2026-08-20T00:00:00Z,admin
e95f4a68-745c-412c-9d23-858851dfe4be,2010942f-c083-4f3b-b21f-f0bc685f3a59,Z005989N,2026-08-20T00:00:00Z,admin,2026-08-20T00:00:00Z,admin
00c676ec-6026-47dc-afe7-9d9a1a1aa4f6,2010942f-c083-4f3b-b21f-f0bc685f3a59,Z0059DYC,2026-08-20T00:00:00Z,admin,2026-08-20T00:00:00Z,admin
6b6be5a8-2bd6-40fd-898b-7498fdb4633e,2010942f-c083-4f3b-b21f-f0bc685f3a59,Z0047WTV,2026-08-20T00:00:00Z,admin,2026-08-20T00:00:00Z,admin
eaaa1632-bc1b-4889-b724-986be27877e8,45f85454-fe76-4def-adce-31e4bf0ba1fe,Z004TAMU,2026-08-20T00:00:00Z,admin,2026-08-20T00:00:00Z,admin
6b5c9aea-58a6-4634-b83e-d8c4b333a750,45f85454-fe76-4def-adce-31e4bf0ba1fe,Z00531DY,2026-08-20T00:00:00Z,admin,2026-08-20T00:00:00Z,admin
23c21cbe-3139-4547-abc0-43985055eb61,45f85454-fe76-4def-adce-31e4bf0ba1fe,Z004XVAC,2026-08-20T00:00:00Z,admin,2026-08-20T00:00:00Z,admin
2a781e97-bd61-4753-bd1f-18a5732e2870,45f85454-fe76-4def-adce-31e4bf0ba1fe,Z0052TYP,2026-08-20T00:00:00Z,admin,2026-08-20T00:00:00Z,admin
2f18ce84-e84d-44df-9eea-d736238c3e41,45f85454-fe76-4def-adce-31e4bf0ba1fe,Z002Z66N,2026-08-20T00:00:00Z,admin,2026-08-20T00:00:00Z,admin
1c0f14b7-d552-4498-b14a-25112da13548,45f85454-fe76-4def-adce-31e4bf0ba1fe,Z004YK1R,2026-08-20T00:00:00Z,admin,2026-08-20T00:00:00Z,admin
a9382d13-58b2-4d92-918b-f1f12e45d64d,45f85454-fe76-4def-adce-31e4bf0ba1fe,Z004Z7ZE,2026-08-20T00:00:00Z,admin,2026-08-20T00:00:00Z,admin
7de0916c-d2b6-4655-9614-690b50ea36ed,45f85454-fe76-4def-adce-31e4bf0ba1fe,Z0054KNE,2026-08-20T00:00:00Z,admin,2026-08-20T00:00:00Z,admin
c83571eb-d929-4759-8c6e-47bbb25541db,45f85454-fe76-4def-adce-31e4bf0ba1fe,Z0028XMJ,2026-08-20T00:00:00Z,admin,2026-08-20T00:00:00Z,admin
8aaefdac-969b-4988-9971-87858e7224c7,45f85454-fe76-4def-adce-31e4bf0ba1fe,Z004FUJT,2026-08-20T00:00:00Z,admin,2026-08-20T00:00:00Z,admin
c3907377-0be7-4053-98e9-c6e85f2808f9,45f85454-fe76-4def-adce-31e4bf0ba1fe,Z001WYDU,2026-08-20T00:00:00Z,admin,2026-08-20T00:00:00Z,admin
f50a8ec9-7080-4d30-a475-e328c204c194,45f85454-fe76-4def-adce-31e4bf0ba1fe,Z0014WKT,2026-08-20T00:00:00Z,admin,2026-08-20T00:00:00Z,admin
00dd59f6-7024-4306-841a-a285c33c9e5f,45f85454-fe76-4def-adce-31e4bf0ba1fe,Z0039MYX,2026-08-20T00:00:00Z,admin,2026-08-20T00:00:00Z,admin
a46afabd-bb16-467d-934e-35c9b4f6b416,45f85454-fe76-4def-adce-31e4bf0ba1fe,Z0051EJU,2026-08-20T00:00:00Z,admin,2026-08-20T00:00:00Z,admin
1bd46f9f-253a-487d-aaea-97256d957b51,45f85454-fe76-4def-adce-31e4bf0ba1fe,Z003RN6R,2026-08-20T00:00:00Z,admin,2026-08-20T00:00:00Z,admin
0d60295a-3e51-46f6-8cd0-c6cc22233d97,45f85454-fe76-4def-adce-31e4bf0ba1fe,Z0046D7W,2026-08-20T00:00:00Z,admin,2026-08-20T00:00:00Z,admin
883de876-0ba8-4ca4-b2c1-12915d688472,45f85454-fe76-4def-adce-31e4bf0ba1fe,Z000268E,2026-08-20T00:00:00Z,admin,2026-08-20T00:00:00Z,admin
84aed191-a224-474e-893c-330a726577cc,45f85454-fe76-4def-adce-31e4bf0ba1fe,Z002JB9N,2026-08-20T00:00:00Z,admin,2026-08-20T00:00:00Z,admin
54624522-dd8c-4d24-995a-71ea2e1e66b8,45f85454-fe76-4def-adce-31e4bf0ba1fe,Z002ZJEH,2026-08-20T00:00:00Z,admin,2026-08-20T00:00:00Z,admin
572ea71b-7980-44e2-a6ed-f7bc9ed18c69,45f85454-fe76-4def-adce-31e4bf0ba1fe,Z0033TXK,2026-08-20T00:00:00Z,admin,2026-08-20T00:00:00Z,admin
790ae5e7-2c6e-4a22-9abb-0367d35d3f4a,45f85454-fe76-4def-adce-31e4bf0ba1fe,Z0037XDV,2026-08-20T00:00:00Z,admin,2026-08-20T00:00:00Z,admin
22707427-8137-4fd5-ae79-918a1355ba7f,45f85454-fe76-4def-adce-31e4bf0ba1fe,Z0030F0C,2026-08-20T00:00:00Z,admin,2026-08-20T00:00:00Z,admin
71eb8327-bb78-41fc-801c-929932343223,45f85454-fe76-4def-adce-31e4bf0ba1fe,Z0049ETY,2026-08-20T00:00:00Z,admin,2026-08-20T00:00:00Z,admin
3fdb4719-5473-4f7a-b4cb-fdb412e84705,45f85454-fe76-4def-adce-31e4bf0ba1fe,Z00531ED,2026-08-20T00:00:00Z,admin,2026-08-20T00:00:00Z,admin
14604ef4-86ca-4268-a913-b83f022944ae,45f85454-fe76-4def-adce-31e4bf0ba1fe,Z00578UN,2026-08-20T00:00:00Z,admin,2026-08-20T00:00:00Z,admin
bfcde4bd-5f27-4ffb-bb1b-fb92f310d03c,45f85454-fe76-4def-adce-31e4bf0ba1fe,Z0022MPU,2026-08-20T00:00:00Z,admin,2026-08-20T00:00:00Z,admin
909f7699-2e0f-41bc-94c8-fe8ae90af1a9,45f85454-fe76-4def-adce-31e4bf0ba1fe,Z00360RB,2026-08-20T00:00:00Z,admin,2026-08-20T00:00:00Z,admin
1fea4133-97cf-4447-a25d-faf05b67eb9c,45f85454-fe76-4def-adce-31e4bf0ba1fe,Z00580YJ,2026-08-20T00:00:00Z,admin,2026-08-20T00:00:00Z,admin
3960aa33-2d76-41d0-9158-7cdfdd961d86,45f85454-fe76-4def-adce-31e4bf0ba1fe,Z004XVAB,2026-08-20T00:00:00Z,admin,2026-08-20T00:00:00Z,admin
c61545ad-2915-4c25-9dd1-12bf8a27ecef,45f85454-fe76-4def-adce-31e4bf0ba1fe,Z00503ZF,2026-08-20T00:00:00Z,admin,2026-08-20T00:00:00Z,admin
f11569fa-739d-4726-90d9-4ca5e94a39bf,45f85454-fe76-4def-adce-31e4bf0ba1fe,Z0053X3Z,2026-08-20T00:00:00Z,admin,2026-08-20T00:00:00Z,admin
0b12ddd1-cfe2-4ff4-a6b1-67458e1d3a4b,45f85454-fe76-4def-adce-31e4bf0ba1fe,Z004Z8HY,2026-08-20T00:00:00Z,admin,2026-08-20T00:00:00Z,admin
f682293a-4519-4dff-836b-549eb5b5c894,45f85454-fe76-4def-adce-31e4bf0ba1fe,Z00366PH,2026-08-20T00:00:00Z,admin,2026-08-20T00:00:00Z,admin
ced4a03a-0b78-4644-a94c-a08260d5730d,45f85454-fe76-4def-adce-31e4bf0ba1fe,Z002M9XR,2026-08-20T00:00:00Z,admin,2026-08-20T00:00:00Z,admin
a8cd762c-1618-42ea-acf7-7ef23b5d4a2a,45f85454-fe76-4def-adce-31e4bf0ba1fe,Z0059DWT,2026-08-20T00:00:00Z,admin,2026-08-20T00:00:00Z,admin
c202657a-1a28-44d4-80f5-4b6b23029e56,45f85454-fe76-4def-adce-31e4bf0ba1fe,Z005989N,2026-08-20T00:00:00Z,admin,2026-08-20T00:00:00Z,admin
c1a53c1c-02db-49db-adf3-b414682e8cb1,45f85454-fe76-4def-adce-31e4bf0ba1fe,Z0059DYC,2026-08-20T00:00:00Z,admin,2026-08-20T00:00:00Z,admin
b0cc8f17-a11a-4bd1-834d-a77a95fba9ca,45f85454-fe76-4def-adce-31e4bf0ba1fe,Z0047WTV,2026-08-20T00:00:00Z,admin,2026-08-20T00:00:00Z,admin
c07e20c4-e3fa-4761-b764-64d4ededb990,39f30801-d46b-472d-9a52-1b3861026205,Z004TAMU,2026-08-20T00:00:00Z,admin,2026-08-20T00:00:00Z,admin
c8d4d15e-f075-4038-b2dc-28cf5afc9410,39f30801-d46b-472d-9a52-1b3861026205,Z00531DY,2026-08-20T00:00:00Z,admin,2026-08-20T00:00:00Z,admin
00a8eb0c-4e4e-4a92-be08-bfdcd0bb5d8d,39f30801-d46b-472d-9a52-1b3861026205,Z004XVAC,2026-08-20T00:00:00Z,admin,2026-08-20T00:00:00Z,admin
79ab2e38-44ff-474b-91ad-2dc498c4199d,39f30801-d46b-472d-9a52-1b3861026205,Z0052TYP,2026-08-20T00:00:00Z,admin,2026-08-20T00:00:00Z,admin
97f539c4-1002-4a74-9978-565b43314965,39f30801-d46b-472d-9a52-1b3861026205,Z002Z66N,2026-08-20T00:00:00Z,admin,2026-08-20T00:00:00Z,admin
6bfc4730-fed0-451c-8b89-e581fa9ac67c,39f30801-d46b-472d-9a52-1b3861026205,Z004YK1R,2026-08-20T00:00:00Z,admin,2026-08-20T00:00:00Z,admin
2757ce57-7550-41cd-960b-c38cf942d2fa,39f30801-d46b-472d-9a52-1b3861026205,Z004Z7ZE,2026-08-20T00:00:00Z,admin,2026-08-20T00:00:00Z,admin
29358d06-3d9b-45a5-b3fe-5b298a58d318,39f30801-d46b-472d-9a52-1b3861026205,Z0054KNE,2026-08-20T00:00:00Z,admin,2026-08-20T00:00:00Z,admin
fd224bd2-766c-47b8-b59d-8b294891eb8e,39f30801-d46b-472d-9a52-1b3861026205,Z0028XMJ,2026-08-20T00:00:00Z,admin,2026-08-20T00:00:00Z,admin
db1113d2-7a4c-4175-bafc-5384e4e52987,39f30801-d46b-472d-9a52-1b3861026205,Z004FUJT,2026-08-20T00:00:00Z,admin,2026-08-20T00:00:00Z,admin
68a7d3c1-4917-4527-8f48-4df60ac39ed1,39f30801-d46b-472d-9a52-1b3861026205,Z001WYDU,2026-08-20T00:00:00Z,admin,2026-08-20T00:00:00Z,admin
efb645bb-b7fd-4f08-8310-70c6a4afda4a,39f30801-d46b-472d-9a52-1b3861026205,Z0014WKT,2026-08-20T00:00:00Z,admin,2026-08-20T00:00:00Z,admin
b68223ed-46c5-4e99-806b-5acc0b1852fe,39f30801-d46b-472d-9a52-1b3861026205,Z0039MYX,2026-08-20T00:00:00Z,admin,2026-08-20T00:00:00Z,admin
9050ccd0-a751-4516-bee9-437edc2e544e,39f30801-d46b-472d-9a52-1b3861026205,Z0051EJU,2026-08-20T00:00:00Z,admin,2026-08-20T00:00:00Z,admin
7810de55-94c0-4c47-89dc-c25c221c126c,39f30801-d46b-472d-9a52-1b3861026205,Z003RN6R,2026-08-20T00:00:00Z,admin,2026-08-20T00:00:00Z,admin
b7ced6c9-a136-4cf8-8dd0-d66fe61537d0,39f30801-d46b-472d-9a52-1b3861026205,Z0046D7W,2026-08-20T00:00:00Z,admin,2026-08-20T00:00:00Z,admin
5801daed-29e3-474e-95d9-0b439f74b566,39f30801-d46b-472d-9a52-1b3861026205,Z000268E,2026-08-20T00:00:00Z,admin,2026-08-20T00:00:00Z,admin
3b9ffc3b-e515-4b43-93a7-eb7c8eca6383,39f30801-d46b-472d-9a52-1b3861026205,Z002JB9N,2026-08-20T00:00:00Z,admin,2026-08-20T00:00:00Z,admin
362e7a00-ffbd-4050-ba80-2813eb48a93f,39f30801-d46b-472d-9a52-1b3861026205,Z002ZJEH,2026-08-20T00:00:00Z,admin,2026-08-20T00:00:00Z,admin
f015659c-c202-4fdc-aed1-e39547d4b80f,39f30801-d46b-472d-9a52-1b3861026205,Z0033TXK,2026-08-20T00:00:00Z,admin,2026-08-20T00:00:00Z,admin
2098e104-83e9-48b1-b248-b57e1e7d49ec,39f30801-d46b-472d-9a52-1b3861026205,Z0037XDV,2026-08-20T00:00:00Z,admin,2026-08-20T00:00:00Z,admin
634a895e-0bd0-46ab-8e50-fcf905ec39bf,39f30801-d46b-472d-9a52-1b3861026205,Z0030F0C,2026-08-20T00:00:00Z,admin,2026-08-20T00:00:00Z,admin
cb73cac7-73bd-4a0a-9cba-e6fe42dae35c,39f30801-d46b-472d-9a52-1b3861026205,Z0049ETY,2026-08-20T00:00:00Z,admin,2026-08-20T00:00:00Z,admin
8d86b880-2e21-4e57-ac5e-1f5076eb7b35,39f30801-d46b-472d-9a52-1b3861026205,Z00531ED,2026-08-20T00:00:00Z,admin,2026-08-20T00:00:00Z,admin
8ffe2a5a-11b6-4cd9-be64-700a003295e7,39f30801-d46b-472d-9a52-1b3861026205,Z00578UN,2026-08-20T00:00:00Z,admin,2026-08-20T00:00:00Z,admin
84d8b92e-d02d-4f7c-a6b0-06d49a79d210,39f30801-d46b-472d-9a52-1b3861026205,Z0022MPU,2026-08-20T00:00:00Z,admin,2026-08-20T00:00:00Z,admin
a7cddd50-c745-4f44-a39d-30780815699e,39f30801-d46b-472d-9a52-1b3861026205,Z00360RB,2026-08-20T00:00:00Z,admin,2026-08-20T00:00:00Z,admin
827640e1-17ad-41ef-84a6-43ea0bf32ff4,39f30801-d46b-472d-9a52-1b3861026205,Z00580YJ,2026-08-20T00:00:00Z,admin,2026-08-20T00:00:00Z,admin
842b3ec8-7aaa-481d-9542-56911c2f40b9,39f30801-d46b-472d-9a52-1b3861026205,Z004XVAB,2026-08-20T00:00:00Z,admin,2026-08-20T00:00:00Z,admin
34aaae77-73ce-4130-a184-2971751a4c2a,39f30801-d46b-472d-9a52-1b3861026205,Z00503ZF,2026-08-20T00:00:00Z,admin,2026-08-20T00:00:00Z,admin
e0f19b28-add1-4a95-a65a-0ab6919d4982,39f30801-d46b-472d-9a52-1b3861026205,Z0053X3Z,2026-08-20T00:00:00Z,admin,2026-08-20T00:00:00Z,admin
7ff32d87-bf5c-49d7-b884-7469751035ba,39f30801-d46b-472d-9a52-1b3861026205,Z004Z8HY,2026-08-20T00:00:00Z,admin,2026-08-20T00:00:00Z,admin
979d9095-54a4-4ec5-afe2-b416036475fd,39f30801-d46b-472d-9a52-1b3861026205,Z00366PH,2026-08-20T00:00:00Z,admin,2026-08-20T00:00:00Z,admin
a9fb0030-3dcc-4f4c-ba68-4c6de63b7782,39f30801-d46b-472d-9a52-1b3861026205,Z002M9XR,2026-08-20T00:00:00Z,admin,2026-08-20T00:00:00Z,admin
0e1906f3-9f92-47a3-829a-60d72e37b38c,39f30801-d46b-472d-9a52-1b3861026205,Z0059DWT,2026-08-20T00:00:00Z,admin,2026-08-20T00:00:00Z,admin
b4d627dd-7cba-42ac-b6a4-417b022120a4,39f30801-d46b-472d-9a52-1b3861026205,Z005989N,2026-08-20T00:00:00Z,admin,2026-08-20T00:00:00Z,admin
575368c8-c21d-4202-94be-18ebd081b756,39f30801-d46b-472d-9a52-1b3861026205,Z0059DYC,2026-08-20T00:00:00Z,admin,2026-08-20T00:00:00Z,admin
c05faffe-d17b-40f3-824d-955d1b7f5eb9,39f30801-d46b-472d-9a52-1b3861026205,Z0047WTV,2026-08-20T00:00:00Z,admin,2026-08-20T00:00:00Z,admin
431415bc-da62-46ef-a692-988c41e3dba6,81e7fea0-97ce-42cc-80dd-d54a5c4bcc5d,Z004TAMU,2026-08-20T00:00:00Z,admin,2026-08-20T00:00:00Z,admin
e584a761-b14c-46ab-aa49-d08cd34264ad,81e7fea0-97ce-42cc-80dd-d54a5c4bcc5d,Z00531DY,2026-08-20T00:00:00Z,admin,2026-08-20T00:00:00Z,admin
4ebc332d-f389-4aba-9600-80ee5526c520,81e7fea0-97ce-42cc-80dd-d54a5c4bcc5d,Z004XVAC,2026-08-20T00:00:00Z,admin,2026-08-20T00:00:00Z,admin
826e78a6-4923-4578-9d54-1adedfaa6d31,81e7fea0-97ce-42cc-80dd-d54a5c4bcc5d,Z0052TYP,2026-08-20T00:00:00Z,admin,2026-08-20T00:00:00Z,admin
791087b9-77d1-47d6-830f-6c355553a33b,81e7fea0-97ce-42cc-80dd-d54a5c4bcc5d,Z002Z66N,2026-08-20T00:00:00Z,admin,2026-08-20T00:00:00Z,admin
2e75ce17-19ec-4413-9df7-c9e5cddbfe07,81e7fea0-97ce-42cc-80dd-d54a5c4bcc5d,Z004YK1R,2026-08-20T00:00:00Z,admin,2026-08-20T00:00:00Z,admin
8d5f9e56-b325-49b7-a54b-6664ea83376d,81e7fea0-97ce-42cc-80dd-d54a5c4bcc5d,Z004Z7ZE,2026-08-20T00:00:00Z,admin,2026-08-20T00:00:00Z,admin
b97aaec3-83dc-48f6-864d-7b34d60411bf,81e7fea0-97ce-42cc-80dd-d54a5c4bcc5d,Z0054KNE,2026-08-20T00:00:00Z,admin,2026-08-20T00:00:00Z,admin
8e4f3b67-cf9f-4f35-a3ed-52a607643fc1,81e7fea0-97ce-42cc-80dd-d54a5c4bcc5d,Z0028XMJ,2026-08-20T00:00:00Z,admin,2026-08-20T00:00:00Z,admin
92486133-a22b-42c2-be67-55330f3e5200,81e7fea0-97ce-42cc-80dd-d54a5c4bcc5d,Z004FUJT,2026-08-20T00:00:00Z,admin,2026-08-20T00:00:00Z,admin
e802d29e-429b-458a-95ea-04c3dee37e79,81e7fea0-97ce-42cc-80dd-d54a5c4bcc5d,Z001WYDU,2026-08-20T00:00:00Z,admin,2026-08-20T00:00:00Z,admin
799a52a3-9700-42a0-b55e-10e30d620488,81e7fea0-97ce-42cc-80dd-d54a5c4bcc5d,Z0014WKT,2026-08-20T00:00:00Z,admin,2026-08-20T00:00:00Z,admin
26e5d51e-dedf-4507-b976-c18a01af0bfd,81e7fea0-97ce-42cc-80dd-d54a5c4bcc5d,Z0039MYX,2026-08-20T00:00:00Z,admin,2026-08-20T00:00:00Z,admin
540f94e4-a9b7-41fc-baea-ea5b9b9a4db3,81e7fea0-97ce-42cc-80dd-d54a5c4bcc5d,Z0051EJU,2026-08-20T00:00:00Z,admin,2026-08-20T00:00:00Z,admin
2bffd65b-6701-4d96-a6ec-ccf2b38adbaa,81e7fea0-97ce-42cc-80dd-d54a5c4bcc5d,Z003RN6R,2026-08-20T00:00:00Z,admin,2026-08-20T00:00:00Z,admin
3fb4ea46-578d-450c-9889-b30bf128a568,81e7fea0-97ce-42cc-80dd-d54a5c4bcc5d,Z0046D7W,2026-08-20T00:00:00Z,admin,2026-08-20T00:00:00Z,admin
810ee835-9d47-48da-8d6e-b12b0c8f4e3e,81e7fea0-97ce-42cc-80dd-d54a5c4bcc5d,Z000268E,2026-08-20T00:00:00Z,admin,2026-08-20T00:00:00Z,admin
a76df9fe-6df9-450d-a882-7e2bd097ebcb,81e7fea0-97ce-42cc-80dd-d54a5c4bcc5d,Z002JB9N,2026-08-20T00:00:00Z,admin,2026-08-20T00:00:00Z,admin
da5d1845-ee38-42f4-96c0-1a351a819b65,81e7fea0-97ce-42cc-80dd-d54a5c4bcc5d,Z002ZJEH,2026-08-20T00:00:00Z,admin,2026-08-20T00:00:00Z,admin
df752fd9-89f9-48ab-906e-88175241fc12,81e7fea0-97ce-42cc-80dd-d54a5c4bcc5d,Z0033TXK,2026-08-20T00:00:00Z,admin,2026-08-20T00:00:00Z,admin
7ec1c227-fb7e-4b7b-a049-95ca3b13fcde,81e7fea0-97ce-42cc-80dd-d54a5c4bcc5d,Z0037XDV,2026-08-20T00:00:00Z,admin,2026-08-20T00:00:00Z,admin
c7a7f37b-bc6c-400a-89b5-671e8414d6b0,81e7fea0-97ce-42cc-80dd-d54a5c4bcc5d,Z0030F0C,2026-08-20T00:00:00Z,admin,2026-08-20T00:00:00Z,admin
ffd90d7b-6f8c-4e69-8ad2-785f4c320923,81e7fea0-97ce-42cc-80dd-d54a5c4bcc5d,Z0049ETY,2026-08-20T00:00:00Z,admin,2026-08-20T00:00:00Z,admin
2cf78025-685b-4108-bf2f-a6a103188586,81e7fea0-97ce-42cc-80dd-d54a5c4bcc5d,Z00531ED,2026-08-20T00:00:00Z,admin,2026-08-20T00:00:00Z,admin
91dab6bc-6c49-44ed-b1be-e9dbc057b1e4,81e7fea0-97ce-42cc-80dd-d54a5c4bcc5d,Z00578UN,2026-08-20T00:00:00Z,admin,2026-08-20T00:00:00Z,admin
cbf06561-a9da-42c2-b926-b1a7d337823f,81e7fea0-97ce-42cc-80dd-d54a5c4bcc5d,Z0022MPU,2026-08-20T00:00:00Z,admin,2026-08-20T00:00:00Z,admin
2d324a2f-a7e5-4b64-9e47-ee96737e63d1,81e7fea0-97ce-42cc-80dd-d54a5c4bcc5d,Z00360RB,2026-08-20T00:00:00Z,admin,2026-08-20T00:00:00Z,admin
22495856-0457-4493-a5f9-d8cf7207dd6c,81e7fea0-97ce-42cc-80dd-d54a5c4bcc5d,Z00580YJ,2026-08-20T00:00:00Z,admin,2026-08-20T00:00:00Z,admin
5fe65f87-682a-4ff0-9e85-963a40aad7ac,81e7fea0-97ce-42cc-80dd-d54a5c4bcc5d,Z004XVAB,2026-08-20T00:00:00Z,admin,2026-08-20T00:00:00Z,admin
c9853f65-20f1-4d3d-a3f2-fefdeef26855,81e7fea0-97ce-42cc-80dd-d54a5c4bcc5d,Z00503ZF,2026-08-20T00:00:00Z,admin,2026-08-20T00:00:00Z,admin
db52b4af-6591-4ae4-9ab0-0acfd19a63be,81e7fea0-97ce-42cc-80dd-d54a5c4bcc5d,Z0053X3Z,2026-08-20T00:00:00Z,admin,2026-08-20T00:00:00Z,admin
364aa36d-eec5-41ea-a409-f5f93139ecf9,81e7fea0-97ce-42cc-80dd-d54a5c4bcc5d,Z004Z8HY,2026-08-20T00:00:00Z,admin,2026-08-20T00:00:00Z,admin
2a55fb0e-eea9-4274-b38d-a1e5e2965309,81e7fea0-97ce-42cc-80dd-d54a5c4bcc5d,Z00366PH,2026-08-20T00:00:00Z,admin,2026-08-20T00:00:00Z,admin
332d4d7e-a3cd-4d09-85b8-6c1da397cfb7,81e7fea0-97ce-42cc-80dd-d54a5c4bcc5d,Z002M9XR,2026-08-20T00:00:00Z,admin,2026-08-20T00:00:00Z,admin
998c72c6-afb6-4ea6-9a7e-84b6e9cd7fc1,81e7fea0-97ce-42cc-80dd-d54a5c4bcc5d,Z0059DWT,2026-08-20T00:00:00Z,admin,2026-08-20T00:00:00Z,admin
8a9a782c-972d-43b4-a47a-608280a33d0f,81e7fea0-97ce-42cc-80dd-d54a5c4bcc5d,Z005989N,2026-08-20T00:00:00Z,admin,2026-08-20T00:00:00Z,admin
b94b2882-9e7b-4b4a-b866-8dd2cb054abe,81e7fea0-97ce-42cc-80dd-d54a5c4bcc5d,Z0059DYC,2026-08-20T00:00:00Z,admin,2026-08-20T00:00:00Z,admin
9779adb5-374a-43af-9c8b-9f157c2897b0,81e7fea0-97ce-42cc-80dd-d54a5c4bcc5d,Z0047WTV,2026-08-20T00:00:00Z,admin,2026-08-20T00:00:00Z,admin
8c72bcaa-c7b3-416d-b958-da45edb1583e,9d637d94-6d63-436f-808e-bd0e3443180b,Z004TAMU,2026-08-20T00:00:00Z,admin,2026-08-20T00:00:00Z,admin
ea0dd27e-68b4-461c-a421-37d9ca4899d8,9d637d94-6d63-436f-808e-bd0e3443180b,Z00531DY,2026-08-20T00:00:00Z,admin,2026-08-20T00:00:00Z,admin
22dde503-6589-424b-8916-b06eca51f975,9d637d94-6d63-436f-808e-bd0e3443180b,Z004XVAC,2026-08-20T00:00:00Z,admin,2026-08-20T00:00:00Z,admin
f8f8940d-e8f2-406c-a98a-6c78c29c6635,9d637d94-6d63-436f-808e-bd0e3443180b,Z0052TYP,2026-08-20T00:00:00Z,admin,2026-08-20T00:00:00Z,admin
5ce0ae22-2d71-4fa8-b872-3f1736c6f1de,9d637d94-6d63-436f-808e-bd0e3443180b,Z002Z66N,2026-08-20T00:00:00Z,admin,2026-08-20T00:00:00Z,admin
7112b247-e4e3-481f-ba11-023b123c8edf,9d637d94-6d63-436f-808e-bd0e3443180b,Z004YK1R,2026-08-20T00:00:00Z,admin,2026-08-20T00:00:00Z,admin
7f4d60d7-e914-4c68-9e9a-0c4153d08272,9d637d94-6d63-436f-808e-bd0e3443180b,Z004Z7ZE,2026-08-20T00:00:00Z,admin,2026-08-20T00:00:00Z,admin
ee72ba46-53d0-4612-a06a-e37c9fcf3e0f,9d637d94-6d63-436f-808e-bd0e3443180b,Z0054KNE,2026-08-20T00:00:00Z,admin,2026-08-20T00:00:00Z,admin
c39bfaaa-0b0f-4be4-adbb-7e1da4558edf,9d637d94-6d63-436f-808e-bd0e3443180b,Z0028XMJ,2026-08-20T00:00:00Z,admin,2026-08-20T00:00:00Z,admin
f26d39c7-e35f-4d16-b0a9-265fb3e0b3bf,9d637d94-6d63-436f-808e-bd0e3443180b,Z004FUJT,2026-08-20T00:00:00Z,admin,2026-08-20T00:00:00Z,admin
16a98bc8-fad0-484a-aa8d-d67ef2f4e473,9d637d94-6d63-436f-808e-bd0e3443180b,Z001WYDU,2026-08-20T00:00:00Z,admin,2026-08-20T00:00:00Z,admin
5b777d2c-09ae-4fa4-bf72-db7f4922f6a9,9d637d94-6d63-436f-808e-bd0e3443180b,Z0014WKT,2026-08-20T00:00:00Z,admin,2026-08-20T00:00:00Z,admin
fdd17304-234e-45bf-9933-9c9e1c50111f,9d637d94-6d63-436f-808e-bd0e3443180b,Z0039MYX,2026-08-20T00:00:00Z,admin,2026-08-20T00:00:00Z,admin
6942f8a2-2dd7-4495-a7ac-9655610853a3,9d637d94-6d63-436f-808e-bd0e3443180b,Z0051EJU,2026-08-20T00:00:00Z,admin,2026-08-20T00:00:00Z,admin
ead32e31-9e4c-478a-b9b2-1f95bd86f4a2,9d637d94-6d63-436f-808e-bd0e3443180b,Z003RN6R,2026-08-20T00:00:00Z,admin,2026-08-20T00:00:00Z,admin
09ef01d1-db60-4b1d-9782-459d6709d0eb,9d637d94-6d63-436f-808e-bd0e3443180b,Z0046D7W,2026-08-20T00:00:00Z,admin,2026-08-20T00:00:00Z,admin
fb81eab4-9eb7-4925-b02f-4a96c7eab1bf,9d637d94-6d63-436f-808e-bd0e3443180b,Z000268E,2026-08-20T00:00:00Z,admin,2026-08-20T00:00:00Z,admin
5eb685aa-ea44-4618-9a49-0ff40ad7399b,9d637d94-6d63-436f-808e-bd0e3443180b,Z002JB9N,2026-08-20T00:00:00Z,admin,2026-08-20T00:00:00Z,admin
04a0ada4-031d-40bc-80be-344fd4a8bc06,9d637d94-6d63-436f-808e-bd0e3443180b,Z002ZJEH,2026-08-20T00:00:00Z,admin,2026-08-20T00:00:00Z,admin
bb384604-6988-4f20-b4e8-ea7053e0ed95,9d637d94-6d63-436f-808e-bd0e3443180b,Z0033TXK,2026-08-20T00:00:00Z,admin,2026-08-20T00:00:00Z,admin
80c9e9c5-e7d2-4a30-8e11-1ee359b77c7e,9d637d94-6d63-436f-808e-bd0e3443180b,Z0037XDV,2026-08-20T00:00:00Z,admin,2026-08-20T00:00:00Z,admin
9105383b-c71b-4328-922a-b12d109755fb,9d637d94-6d63-436f-808e-bd0e3443180b,Z0030F0C,2026-08-20T00:00:00Z,admin,2026-08-20T00:00:00Z,admin
e0b7a723-2589-4ca2-84c9-c72f2af464e5,9d637d94-6d63-436f-808e-bd0e3443180b,Z0049ETY,2026-08-20T00:00:00Z,admin,2026-08-20T00:00:00Z,admin
518ccbfe-de7a-49eb-a09f-516d530ae6a4,9d637d94-6d63-436f-808e-bd0e3443180b,Z00531ED,2026-08-20T00:00:00Z,admin,2026-08-20T00:00:00Z,admin
bf328bec-0dc7-47bf-bc20-38fe79f41ba5,9d637d94-6d63-436f-808e-bd0e3443180b,Z00578UN,2026-08-20T00:00:00Z,admin,2026-08-20T00:00:00Z,admin
b119d6c4-ec7e-429e-8fa0-53631ef7860c,9d637d94-6d63-436f-808e-bd0e3443180b,Z0022MPU,2026-08-20T00:00:00Z,admin,2026-08-20T00:00:00Z,admin
354ee88c-8cae-4b91-95ae-38ee96c56d2b,9d637d94-6d63-436f-808e-bd0e3443180b,Z00360RB,2026-08-20T00:00:00Z,admin,2026-08-20T00:00:00Z,admin
858efcd3-b39e-4d8b-b294-e80446869c10,9d637d94-6d63-436f-808e-bd0e3443180b,Z00580YJ,2026-08-20T00:00:00Z,admin,2026-08-20T00:00:00Z,admin
65023c0d-8cee-4efb-b9fd-0f90119778bd,9d637d94-6d63-436f-808e-bd0e3443180b,Z004XVAB,2026-08-20T00:00:00Z,admin,2026-08-20T00:00:00Z,admin
09d25b67-e733-4bae-8535-299602a0e014,9d637d94-6d63-436f-808e-bd0e3443180b,Z00503ZF,2026-08-20T00:00:00Z,admin,2026-08-20T00:00:00Z,admin
a5a25e55-e509-4a20-899d-d5ac35588439,9d637d94-6d63-436f-808e-bd0e3443180b,Z0053X3Z,2026-08-20T00:00:00Z,admin,2026-08-20T00:00:00Z,admin
63a4707c-68e5-47e0-96b0-9f155dab23f4,9d637d94-6d63-436f-808e-bd0e3443180b,Z004Z8HY,2026-08-20T00:00:00Z,admin,2026-08-20T00:00:00Z,admin
b417c680-aa23-48b4-8f19-74cf681b7b83,9d637d94-6d63-436f-808e-bd0e3443180b,Z00366PH,2026-08-20T00:00:00Z,admin,2026-08-20T00:00:00Z,admin
bfb210fe-2a00-417a-a292-7b8f6c9d6f89,9d637d94-6d63-436f-808e-bd0e3443180b,Z002M9XR,2026-08-20T00:00:00Z,admin,2026-08-20T00:00:00Z,admin
b8bb7184-4eb7-4ceb-8ccb-0d6a0f53528c,9d637d94-6d63-436f-808e-bd0e3443180b,Z0059DWT,2026-08-20T00:00:00Z,admin,2026-08-20T00:00:00Z,admin
e10815b1-a032-489c-9df1-43cee415fa4e,9d637d94-6d63-436f-808e-bd0e3443180b,Z005989N,2026-08-20T00:00:00Z,admin,2026-08-20T00:00:00Z,admin
781c9194-9fd4-430f-ac03-01ec7b1a3c36,9d637d94-6d63-436f-808e-bd0e3443180b,Z0059DYC,2026-08-20T00:00:00Z,admin,2026-08-20T00:00:00Z,admin
1bd5c547-1f07-4b98-b5ff-a62de1a4487c,9d637d94-6d63-436f-808e-bd0e3443180b,Z0047WTV,2026-08-20T00:00:00Z,admin,2026-08-20T00:00:00Z,admin
10181a1e-7a97-4ce1-9b92-95561794adb0,009774b8-0089-4237-bb2c-303ef9197124,Z004TAMU,2026-08-20T00:00:00Z,admin,2026-08-20T00:00:00Z,admin
d2b99c49-bc25-4c11-9db7-048357c7449b,009774b8-0089-4237-bb2c-303ef9197124,Z00531DY,2026-08-20T00:00:00Z,admin,2026-08-20T00:00:00Z,admin
f9925a3a-b980-426c-aab4-7c4825bcad3c,009774b8-0089-4237-bb2c-303ef9197124,Z004XVAC,2026-08-20T00:00:00Z,admin,2026-08-20T00:00:00Z,admin
7047b4e3-468b-4e99-876e-80fb8cfd0257,009774b8-0089-4237-bb2c-303ef9197124,Z0052TYP,2026-08-20T00:00:00Z,admin,2026-08-20T00:00:00Z,admin
e835822d-0521-456f-9c1b-1a24ef1b7b4f,009774b8-0089-4237-bb2c-303ef9197124,Z002Z66N,2026-08-20T00:00:00Z,admin,2026-08-20T00:00:00Z,admin
e9f0fb45-5f46-494f-a4b9-c7ac49e880b2,009774b8-0089-4237-bb2c-303ef9197124,Z004YK1R,2026-08-20T00:00:00Z,admin,2026-08-20T00:00:00Z,admin
311ee8b4-caeb-4840-beb9-c01978597f4d,009774b8-0089-4237-bb2c-303ef9197124,Z004Z7ZE,2026-08-20T00:00:00Z,admin,2026-08-20T00:00:00Z,admin
4a0ce632-1082-4240-abc9-4820873f4998,009774b8-0089-4237-bb2c-303ef9197124,Z0054KNE,2026-08-20T00:00:00Z,admin,2026-08-20T00:00:00Z,admin
47909ad1-d9b0-4082-a4d5-0095e46ae36b,009774b8-0089-4237-bb2c-303ef9197124,Z0028XMJ,2026-08-20T00:00:00Z,admin,2026-08-20T00:00:00Z,admin
b363e5c6-d25e-4c10-be88-89781e833ac8,009774b8-0089-4237-bb2c-303ef9197124,Z004FUJT,2026-08-20T00:00:00Z,admin,2026-08-20T00:00:00Z,admin
cebb5331-c9aa-4076-9547-a2ebb6dbdd57,009774b8-0089-4237-bb2c-303ef9197124,Z001WYDU,2026-08-20T00:00:00Z,admin,2026-08-20T00:00:00Z,admin
89d02b9f-6d81-4e97-80f3-4b708bdc584c,009774b8-0089-4237-bb2c-303ef9197124,Z0014WKT,2026-08-20T00:00:00Z,admin,2026-08-20T00:00:00Z,admin
32648f3e-99f9-4a7f-a39d-c11585ea509d,009774b8-0089-4237-bb2c-303ef9197124,Z0039MYX,2026-08-20T00:00:00Z,admin,2026-08-20T00:00:00Z,admin
3da46a56-ab69-49cf-9a17-e18b6d1337db,009774b8-0089-4237-bb2c-303ef9197124,Z0051EJU,2026-08-20T00:00:00Z,admin,2026-08-20T00:00:00Z,admin
18c2fa5c-8162-4783-b90d-2c61251e1e5a,009774b8-0089-4237-bb2c-303ef9197124,Z003RN6R,2026-08-20T00:00:00Z,admin,2026-08-20T00:00:00Z,admin
046f7e52-ae51-4fe2-941b-cdbb5324edbe,009774b8-0089-4237-bb2c-303ef9197124,Z0046D7W,2026-08-20T00:00:00Z,admin,2026-08-20T00:00:00Z,admin
9c1c79f2-a4c4-49d6-afee-6388490c707c,009774b8-0089-4237-bb2c-303ef9197124,Z000268E,2026-08-20T00:00:00Z,admin,2026-08-20T00:00:00Z,admin
df39a2a5-e0d7-40ee-975d-fe50cfb6dad4,009774b8-0089-4237-bb2c-303ef9197124,Z002JB9N,2026-08-20T00:00:00Z,admin,2026-08-20T00:00:00Z,admin
d51b6785-82c4-4732-986f-75acb6c6dc2d,009774b8-0089-4237-bb2c-303ef9197124,Z002ZJEH,2026-08-20T00:00:00Z,admin,2026-08-20T00:00:00Z,admin
56dadaf1-f0e0-42a0-8487-bd6bef9eda0f,009774b8-0089-4237-bb2c-303ef9197124,Z0033TXK,2026-08-20T00:00:00Z,admin,2026-08-20T00:00:00Z,admin
2dfc6805-e13f-4b71-ad1b-91bab08a7710,009774b8-0089-4237-bb2c-303ef9197124,Z0037XDV,2026-08-20T00:00:00Z,admin,2026-08-20T00:00:00Z,admin
7f0cf347-bc0f-4ae4-9b08-f2011ce3cd39,009774b8-0089-4237-bb2c-303ef9197124,Z0030F0C,2026-08-20T00:00:00Z,admin,2026-08-20T00:00:00Z,admin
164ddfe9-e89e-4fd6-b88b-d99cafee055c,009774b8-0089-4237-bb2c-303ef9197124,Z0049ETY,2026-08-20T00:00:00Z,admin,2026-08-20T00:00:00Z,admin
49e7819d-d017-42de-99b6-33751b6df488,009774b8-0089-4237-bb2c-303ef9197124,Z00531ED,2026-08-20T00:00:00Z,admin,2026-08-20T00:00:00Z,admin
807cbb45-119b-4ce6-b149-3f4a36cf7356,009774b8-0089-4237-bb2c-303ef9197124,Z00578UN,2026-08-20T00:00:00Z,admin,2026-08-20T00:00:00Z,admin
5c780c38-8fe0-4b87-a18b-879fe86caa6a,009774b8-0089-4237-bb2c-303ef9197124,Z0022MPU,2026-08-20T00:00:00Z,admin,2026-08-20T00:00:00Z,admin
3a1c9e4d-d6f5-4d49-9409-0b339f28a3a9,009774b8-0089-4237-bb2c-303ef9197124,Z00360RB,2026-08-20T00:00:00Z,admin,2026-08-20T00:00:00Z,admin
9ddd7ffa-0612-449c-9129-0c90ee47209f,009774b8-0089-4237-bb2c-303ef9197124,Z00580YJ,2026-08-20T00:00:00Z,admin,2026-08-20T00:00:00Z,admin
c52430ce-b6db-4bce-9f9a-b74873044579,009774b8-0089-4237-bb2c-303ef9197124,Z004XVAB,2026-08-20T00:00:00Z,admin,2026-08-20T00:00:00Z,admin
6c674af0-61b7-48b3-82bb-5b700a7f0586,009774b8-0089-4237-bb2c-303ef9197124,Z00503ZF,2026-08-20T00:00:00Z,admin,2026-08-20T00:00:00Z,admin
03863ae4-d0b1-4962-9eb6-b8ba687ac5ad,009774b8-0089-4237-bb2c-303ef9197124,Z0053X3Z,2026-08-20T00:00:00Z,admin,2026-08-20T00:00:00Z,admin
2034b2d8-ec58-4229-b131-a18999096a60,009774b8-0089-4237-bb2c-303ef9197124,Z004Z8HY,2026-08-20T00:00:00Z,admin,2026-08-20T00:00:00Z,admin
38688b6e-012f-4570-8469-7261b51cc7ad,009774b8-0089-4237-bb2c-303ef9197124,Z00366PH,2026-08-20T00:00:00Z,admin,2026-08-20T00:00:00Z,admin
719e01f6-bc01-4051-8823-96cf3ecb9c2a,009774b8-0089-4237-bb2c-303ef9197124,Z002M9XR,2026-08-20T00:00:00Z,admin,2026-08-20T00:00:00Z,admin
c39eb5a7-d955-43ee-994a-14a822a5f494,009774b8-0089-4237-bb2c-303ef9197124,Z0059DWT,2026-08-20T00:00:00Z,admin,2026-08-20T00:00:00Z,admin
60ff3a8a-0ba0-4580-a484-a43901c552a6,009774b8-0089-4237-bb2c-303ef9197124,Z005989N,2026-08-20T00:00:00Z,admin,2026-08-20T00:00:00Z,admin
73abfed5-f804-474f-beae-e8e548c0f456,009774b8-0089-4237-bb2c-303ef9197124,Z0059DYC,2026-08-20T00:00:00Z,admin,2026-08-20T00:00:00Z,admin
7ccb88e3-e8a1-4b92-a706-6d2ea237fd30,009774b8-0089-4237-bb2c-303ef9197124,Z0047WTV,2026-08-20T00:00:00Z,admin,2026-08-20T00:00:00Z,admin
222a42c1-0a65-4fb9-8eea-38abace6c2db,f9891b97-5385-42a7-95fa-2d73203f1832,Z004TAMU,2026-08-20T00:00:00Z,admin,2026-08-20T00:00:00Z,admin
025b36bd-a819-42cc-9294-db574d06ccb4,f9891b97-5385-42a7-95fa-2d73203f1832,Z00531DY,2026-08-20T00:00:00Z,admin,2026-08-20T00:00:00Z,admin
dd3cc984-38ab-4338-ace5-5fdaf53c731f,f9891b97-5385-42a7-95fa-2d73203f1832,Z004XVAC,2026-08-20T00:00:00Z,admin,2026-08-20T00:00:00Z,admin
8cee2aa5-9d65-4b9d-8b2f-425c1005c365,f9891b97-5385-42a7-95fa-2d73203f1832,Z0052TYP,2026-08-20T00:00:00Z,admin,2026-08-20T00:00:00Z,admin
934ae0b5-8e1e-4ad1-9752-b805a7609322,f9891b97-5385-42a7-95fa-2d73203f1832,Z002Z66N,2026-08-20T00:00:00Z,admin,2026-08-20T00:00:00Z,admin
058760b6-ef58-4146-9129-95845902b03d,f9891b97-5385-42a7-95fa-2d73203f1832,Z004YK1R,2026-08-20T00:00:00Z,admin,2026-08-20T00:00:00Z,admin
b50b3f3a-3b1f-4071-b532-7ffc4dd54f6b,f9891b97-5385-42a7-95fa-2d73203f1832,Z004Z7ZE,2026-08-20T00:00:00Z,admin,2026-08-20T00:00:00Z,admin
eab91947-8c74-4d18-9e87-703835445eb5,f9891b97-5385-42a7-95fa-2d73203f1832,Z0054KNE,2026-08-20T00:00:00Z,admin,2026-08-20T00:00:00Z,admin
39f6b450-6c01-4dba-ac1d-2bb694f2e818,f9891b97-5385-42a7-95fa-2d73203f1832,Z0028XMJ,2026-08-20T00:00:00Z,admin,2026-08-20T00:00:00Z,admin
b24f6c51-4d40-4090-958f-be5fe62ac6e3,f9891b97-5385-42a7-95fa-2d73203f1832,Z004FUJT,2026-08-20T00:00:00Z,admin,2026-08-20T00:00:00Z,admin
97da2d9b-0437-4335-85d1-c865a1dcb9de,f9891b97-5385-42a7-95fa-2d73203f1832,Z001WYDU,2026-08-20T00:00:00Z,admin,2026-08-20T00:00:00Z,admin
0b27a84d-7dcd-437d-844d-fc5df85ab5b2,f9891b97-5385-42a7-95fa-2d73203f1832,Z0014WKT,2026-08-20T00:00:00Z,admin,2026-08-20T00:00:00Z,admin
c95c1c03-f7e8-4e42-8c0c-5a92c15f9631,f9891b97-5385-42a7-95fa-2d73203f1832,Z0039MYX,2026-08-20T00:00:00Z,admin,2026-08-20T00:00:00Z,admin
dec63bc3-2c5f-401c-b69f-2aa0fb468a5d,f9891b97-5385-42a7-95fa-2d73203f1832,Z0051EJU,2026-08-20T00:00:00Z,admin,2026-08-20T00:00:00Z,admin
319a01e3-fdd8-4169-be8b-9f8867553d72,f9891b97-5385-42a7-95fa-2d73203f1832,Z003RN6R,2026-08-20T00:00:00Z,admin,2026-08-20T00:00:00Z,admin
ce5e6726-dfab-4177-8377-9bb6bb753576,f9891b97-5385-42a7-95fa-2d73203f1832,Z0046D7W,2026-08-20T00:00:00Z,admin,2026-08-20T00:00:00Z,admin
4d8f37a7-3587-4d2b-9268-03c738652832,f9891b97-5385-42a7-95fa-2d73203f1832,Z000268E,2026-08-20T00:00:00Z,admin,2026-08-20T00:00:00Z,admin
918548f5-90a3-4969-8af4-b6a6d38984fe,f9891b97-5385-42a7-95fa-2d73203f1832,Z002JB9N,2026-08-20T00:00:00Z,admin,2026-08-20T00:00:00Z,admin
7a5dbe31-7ac2-437f-a612-103eb2bf222d,f9891b97-5385-42a7-95fa-2d73203f1832,Z002ZJEH,2026-08-20T00:00:00Z,admin,2026-08-20T00:00:00Z,admin
1ac9e588-0ac0-4286-8c4e-0d3804c59748,f9891b97-5385-42a7-95fa-2d73203f1832,Z0033TXK,2026-08-20T00:00:00Z,admin,2026-08-20T00:00:00Z,admin
c83617ac-3bc6-42ff-aedd-0574b37e000c,f9891b97-5385-42a7-95fa-2d73203f1832,Z0037XDV,2026-08-20T00:00:00Z,admin,2026-08-20T00:00:00Z,admin
aa380337-f8f4-4ce1-97ef-68028d44a6ca,f9891b97-5385-42a7-95fa-2d73203f1832,Z0030F0C,2026-08-20T00:00:00Z,admin,2026-08-20T00:00:00Z,admin
d93728e7-8c34-4525-ae7b-8661712a6b90,f9891b97-5385-42a7-95fa-2d73203f1832,Z0049ETY,2026-08-20T00:00:00Z,admin,2026-08-20T00:00:00Z,admin
0993c3c4-3fc0-4434-bfd2-dc1c8c7f78c0,f9891b97-5385-42a7-95fa-2d73203f1832,Z00531ED,2026-08-20T00:00:00Z,admin,2026-08-20T00:00:00Z,admin
c08e702f-786a-4e98-b1fd-bbc630de1aa4,f9891b97-5385-42a7-95fa-2d73203f1832,Z00578UN,2026-08-20T00:00:00Z,admin,2026-08-20T00:00:00Z,admin
0626fe59-ef2b-4655-8415-65a74fe446ed,f9891b97-5385-42a7-95fa-2d73203f1832,Z0022MPU,2026-08-20T00:00:00Z,admin,2026-08-20T00:00:00Z,admin
3e441594-b072-4346-8e56-c6036766d2c6,f9891b97-5385-42a7-95fa-2d73203f1832,Z00360RB,2026-08-20T00:00:00Z,admin,2026-08-20T00:00:00Z,admin
c96484cd-7d4f-491e-9113-aad2174bad60,f9891b97-5385-42a7-95fa-2d73203f1832,Z00580YJ,2026-08-20T00:00:00Z,admin,2026-08-20T00:00:00Z,admin
159d6d24-b92d-414b-9a9c-c1b487e0b981,f9891b97-5385-42a7-95fa-2d73203f1832,Z004XVAB,2026-08-20T00:00:00Z,admin,2026-08-20T00:00:00Z,admin
f4650bed-09b8-43f2-b946-5df4294f7acb,f9891b97-5385-42a7-95fa-2d73203f1832,Z00503ZF,2026-08-20T00:00:00Z,admin,2026-08-20T00:00:00Z,admin
c1de3b6b-cb54-4f8b-8582-89c8ecda9a48,f9891b97-5385-42a7-95fa-2d73203f1832,Z0053X3Z,2026-08-20T00:00:00Z,admin,2026-08-20T00:00:00Z,admin
3937857e-a0ec-4f93-9fb6-ddac63271d91,f9891b97-5385-42a7-95fa-2d73203f1832,Z004Z8HY,2026-08-20T00:00:00Z,admin,2026-08-20T00:00:00Z,admin
5e980607-e69c-4f78-84c6-a0b84af88ea3,f9891b97-5385-42a7-95fa-2d73203f1832,Z00366PH,2026-08-20T00:00:00Z,admin,2026-08-20T00:00:00Z,admin
b20271ef-c2fb-4dbb-826a-206c8fc9c3b8,f9891b97-5385-42a7-95fa-2d73203f1832,Z002M9XR,2026-08-20T00:00:00Z,admin,2026-08-20T00:00:00Z,admin
af2b5666-3998-4240-9ecf-7281dee1e1f5,f9891b97-5385-42a7-95fa-2d73203f1832,Z0059DWT,2026-08-20T00:00:00Z,admin,2026-08-20T00:00:00Z,admin
3feb055b-80a1-4576-a6ba-2b2a26d10648,f9891b97-5385-42a7-95fa-2d73203f1832,Z005989N,2026-08-20T00:00:00Z,admin,2026-08-20T00:00:00Z,admin
d8fb233a-d6d2-495d-8dcd-0679059c3490,f9891b97-5385-42a7-95fa-2d73203f1832,Z0059DYC,2026-08-20T00:00:00Z,admin,2026-08-20T00:00:00Z,admin
f3461234-6853-400f-baa4-94d9e167f0b4,f9891b97-5385-42a7-95fa-2d73203f1832,Z0047WTV,2026-08-20T00:00:00Z,admin,2026-08-20T00:00:00Z,admin
40a8caa5-a7d2-4268-aadd-b65c82c627c9,1ae0069a-09a0-41e3-8e86-ab121df3e889,Z004TAMU,2026-08-20T00:00:00Z,admin,2026-08-20T00:00:00Z,admin
a9464016-13b0-48dd-b286-619f7890e442,1ae0069a-09a0-41e3-8e86-ab121df3e889,Z00531DY,2026-08-20T00:00:00Z,admin,2026-08-20T00:00:00Z,admin
df42d3fd-d450-42b3-b8ac-f015af1c06d9,1ae0069a-09a0-41e3-8e86-ab121df3e889,Z004XVAC,2026-08-20T00:00:00Z,admin,2026-08-20T00:00:00Z,admin
3ecde822-f775-4f66-b040-4b23867ca62e,1ae0069a-09a0-41e3-8e86-ab121df3e889,Z0052TYP,2026-08-20T00:00:00Z,admin,2026-08-20T00:00:00Z,admin
7c7255bc-4136-49f4-9bc9-5abeb3a7b614,1ae0069a-09a0-41e3-8e86-ab121df3e889,Z002Z66N,2026-08-20T00:00:00Z,admin,2026-08-20T00:00:00Z,admin
b4ae0a97-dd60-4e25-89d3-9695154a392d,1ae0069a-09a0-41e3-8e86-ab121df3e889,Z004YK1R,2026-08-20T00:00:00Z,admin,2026-08-20T00:00:00Z,admin
a2b9cada-61da-471e-bed0-f30241ccbd1c,1ae0069a-09a0-41e3-8e86-ab121df3e889,Z004Z7ZE,2026-08-20T00:00:00Z,admin,2026-08-20T00:00:00Z,admin
0aca6bd4-76e9-448e-85b3-7e4317d9ffe2,1ae0069a-09a0-41e3-8e86-ab121df3e889,Z0054KNE,2026-08-20T00:00:00Z,admin,2026-08-20T00:00:00Z,admin
727fc6c6-96be-4a5b-93bc-1dca8926d90e,1ae0069a-09a0-41e3-8e86-ab121df3e889,Z0028XMJ,2026-08-20T00:00:00Z,admin,2026-08-20T00:00:00Z,admin
adbe4078-8f92-4489-9596-b5fe93081e77,1ae0069a-09a0-41e3-8e86-ab121df3e889,Z004FUJT,2026-08-20T00:00:00Z,admin,2026-08-20T00:00:00Z,admin
f9f8371a-b0bb-4438-aad8-b332e546c86d,1ae0069a-09a0-41e3-8e86-ab121df3e889,Z001WYDU,2026-08-20T00:00:00Z,admin,2026-08-20T00:00:00Z,admin
73a9ad6c-4bf1-4fb3-8ef8-08e650f9c15e,1ae0069a-09a0-41e3-8e86-ab121df3e889,Z0014WKT,2026-08-20T00:00:00Z,admin,2026-08-20T00:00:00Z,admin
53547bac-c66c-4191-937e-7431829b55f4,1ae0069a-09a0-41e3-8e86-ab121df3e889,Z0039MYX,2026-08-20T00:00:00Z,admin,2026-08-20T00:00:00Z,admin
e562490d-2240-4b17-84a8-d162a81b0038,1ae0069a-09a0-41e3-8e86-ab121df3e889,Z0051EJU,2026-08-20T00:00:00Z,admin,2026-08-20T00:00:00Z,admin
42ac4fe5-325f-4623-94fb-8118a6b0f7d6,1ae0069a-09a0-41e3-8e86-ab121df3e889,Z003RN6R,2026-08-20T00:00:00Z,admin,2026-08-20T00:00:00Z,admin
6b8e1917-e764-46a7-a2d1-ee801fa5ac67,1ae0069a-09a0-41e3-8e86-ab121df3e889,Z0046D7W,2026-08-20T00:00:00Z,admin,2026-08-20T00:00:00Z,admin
c06551ee-d75e-4cbc-ae62-ea3f08144b0f,1ae0069a-09a0-41e3-8e86-ab121df3e889,Z000268E,2026-08-20T00:00:00Z,admin,2026-08-20T00:00:00Z,admin
b3c014e7-4a55-47da-907f-c7a81427dedf,1ae0069a-09a0-41e3-8e86-ab121df3e889,Z002JB9N,2026-08-20T00:00:00Z,admin,2026-08-20T00:00:00Z,admin
74385cd8-9eb3-4d0c-98d5-e41a016950ca,1ae0069a-09a0-41e3-8e86-ab121df3e889,Z002ZJEH,2026-08-20T00:00:00Z,admin,2026-08-20T00:00:00Z,admin
6e0aee51-3c15-439d-928a-371bb6eda028,1ae0069a-09a0-41e3-8e86-ab121df3e889,Z0033TXK,2026-08-20T00:00:00Z,admin,2026-08-20T00:00:00Z,admin
5079e43d-1827-442e-ae41-80248bed71a8,1ae0069a-09a0-41e3-8e86-ab121df3e889,Z0037XDV,2026-08-20T00:00:00Z,admin,2026-08-20T00:00:00Z,admin
3aea0ea5-fec3-465d-a461-6deae2bc829e,1ae0069a-09a0-41e3-8e86-ab121df3e889,Z0030F0C,2026-08-20T00:00:00Z,admin,2026-08-20T00:00:00Z,admin
51f644d9-d5fc-45a3-b114-21d91763e054,1ae0069a-09a0-41e3-8e86-ab121df3e889,Z0049ETY,2026-08-20T00:00:00Z,admin,2026-08-20T00:00:00Z,admin
2044aadb-e06b-4873-aa72-ce654e5f184c,1ae0069a-09a0-41e3-8e86-ab121df3e889,Z00531ED,2026-08-20T00:00:00Z,admin,2026-08-20T00:00:00Z,admin
676347cd-8f26-4f49-92cc-e1b6b1ef812d,1ae0069a-09a0-41e3-8e86-ab121df3e889,Z00578UN,2026-08-20T00:00:00Z,admin,2026-08-20T00:00:00Z,admin
42bf96b7-8e6f-4faa-801a-1e1d5fd98a28,1ae0069a-09a0-41e3-8e86-ab121df3e889,Z0022MPU,2026-08-20T00:00:00Z,admin,2026-08-20T00:00:00Z,admin
e017fdb9-a7c8-4d4e-a1ad-b52b9646c499,1ae0069a-09a0-41e3-8e86-ab121df3e889,Z00360RB,2026-08-20T00:00:00Z,admin,2026-08-20T00:00:00Z,admin
f852cef6-9115-45d6-a4f8-6c6fc5324e06,1ae0069a-09a0-41e3-8e86-ab121df3e889,Z00580YJ,2026-08-20T00:00:00Z,admin,2026-08-20T00:00:00Z,admin
6245fb26-baee-4e11-b102-b2e86cb05b60,1ae0069a-09a0-41e3-8e86-ab121df3e889,Z004XVAB,2026-08-20T00:00:00Z,admin,2026-08-20T00:00:00Z,admin
4dff8612-9f10-4c6c-bb52-8f9fecd7e507,1ae0069a-09a0-41e3-8e86-ab121df3e889,Z00503ZF,2026-08-20T00:00:00Z,admin,2026-08-20T00:00:00Z,admin
cc225f84-d69b-4899-aa78-30d6a1cd2817,1ae0069a-09a0-41e3-8e86-ab121df3e889,Z0053X3Z,2026-08-20T00:00:00Z,admin,2026-08-20T00:00:00Z,admin
c7725a6a-122b-4573-9563-64fe2535b87e,1ae0069a-09a0-41e3-8e86-ab121df3e889,Z004Z8HY,2026-08-20T00:00:00Z,admin,2026-08-20T00:00:00Z,admin
b8225abd-d436-4659-a5de-e69e003c194e,1ae0069a-09a0-41e3-8e86-ab121df3e889,Z00366PH,2026-08-20T00:00:00Z,admin,2026-08-20T00:00:00Z,admin
7a05b391-b0eb-4354-a0a8-1c013f38ee8d,1ae0069a-09a0-41e3-8e86-ab121df3e889,Z002M9XR,2026-08-20T00:00:00Z,admin,2026-08-20T00:00:00Z,admin
d6062f0f-5a0c-41d1-aa67-51cc8c6b9ff1,1ae0069a-09a0-41e3-8e86-ab121df3e889,Z0059DWT,2026-08-20T00:00:00Z,admin,2026-08-20T00:00:00Z,admin
03c7eabe-7e14-4dc8-9493-2f158366e8d4,1ae0069a-09a0-41e3-8e86-ab121df3e889,Z005989N,2026-08-20T00:00:00Z,admin,2026-08-20T00:00:00Z,admin
5f69e29a-93ae-4322-87f0-3f04f2a0c22e,1ae0069a-09a0-41e3-8e86-ab121df3e889,Z0059DYC,2026-08-20T00:00:00Z,admin,2026-08-20T00:00:00Z,admin
cd1a837c-2392-4b00-a67d-d4b2e2e48b81,1ae0069a-09a0-41e3-8e86-ab121df3e889,Z0047WTV,2026-08-20T00:00:00Z,admin,2026-08-20T00:00:00Z,admin
f639d58d-072a-4b12-8c02-b5ec9a1dbaa7,c162fbc5-7592-4230-8e9a-a087eab3ba1f,Z004TAMU,2026-08-20T00:00:00Z,admin,2026-08-20T00:00:00Z,admin
2721884b-1164-4871-8b63-b19c6fe48553,c162fbc5-7592-4230-8e9a-a087eab3ba1f,Z00531DY,2026-08-20T00:00:00Z,admin,2026-08-20T00:00:00Z,admin
93fd1ebe-eab7-432e-b6ee-6cba4ba5e3c9,c162fbc5-7592-4230-8e9a-a087eab3ba1f,Z004XVAC,2026-08-20T00:00:00Z,admin,2026-08-20T00:00:00Z,admin
2e134a54-5343-4fdd-a032-7052767b3425,c162fbc5-7592-4230-8e9a-a087eab3ba1f,Z0052TYP,2026-08-20T00:00:00Z,admin,2026-08-20T00:00:00Z,admin
0ac9da05-cfa5-4e1b-8210-72c2c1512928,c162fbc5-7592-4230-8e9a-a087eab3ba1f,Z002Z66N,2026-08-20T00:00:00Z,admin,2026-08-20T00:00:00Z,admin
1856bd23-a323-4514-b38d-523d889334bc,c162fbc5-7592-4230-8e9a-a087eab3ba1f,Z004YK1R,2026-08-20T00:00:00Z,admin,2026-08-20T00:00:00Z,admin
585819cf-7a88-44c1-82cc-f817f3f6f70e,c162fbc5-7592-4230-8e9a-a087eab3ba1f,Z004Z7ZE,2026-08-20T00:00:00Z,admin,2026-08-20T00:00:00Z,admin
0db62d4c-3aea-4df7-ad37-2525a82b4838,c162fbc5-7592-4230-8e9a-a087eab3ba1f,Z0054KNE,2026-08-20T00:00:00Z,admin,2026-08-20T00:00:00Z,admin
c96bc2ba-bf71-4eb5-8109-624b47d82e02,c162fbc5-7592-4230-8e9a-a087eab3ba1f,Z0028XMJ,2026-08-20T00:00:00Z,admin,2026-08-20T00:00:00Z,admin
6e3e2908-6a86-4c6f-89f5-da4a6c940f40,c162fbc5-7592-4230-8e9a-a087eab3ba1f,Z004FUJT,2026-08-20T00:00:00Z,admin,2026-08-20T00:00:00Z,admin
f5a26d2d-39c3-455e-85b8-8a214a915673,c162fbc5-7592-4230-8e9a-a087eab3ba1f,Z001WYDU,2026-08-20T00:00:00Z,admin,2026-08-20T00:00:00Z,admin
5b2525f3-7a8b-46f2-88eb-0f7fff5310d3,c162fbc5-7592-4230-8e9a-a087eab3ba1f,Z0014WKT,2026-08-20T00:00:00Z,admin,2026-08-20T00:00:00Z,admin
6aedce8f-4cb0-4367-8147-d58ef0d8a497,c162fbc5-7592-4230-8e9a-a087eab3ba1f,Z0039MYX,2026-08-20T00:00:00Z,admin,2026-08-20T00:00:00Z,admin
0c95b97b-f473-4775-a123-779d9211be90,c162fbc5-7592-4230-8e9a-a087eab3ba1f,Z0051EJU,2026-08-20T00:00:00Z,admin,2026-08-20T00:00:00Z,admin
44a04c0e-dc4c-4177-bd87-92f2812ebffe,c162fbc5-7592-4230-8e9a-a087eab3ba1f,Z003RN6R,2026-08-20T00:00:00Z,admin,2026-08-20T00:00:00Z,admin
766f8b7c-e9f3-47f2-b5e6-f5add5db4b04,c162fbc5-7592-4230-8e9a-a087eab3ba1f,Z0046D7W,2026-08-20T00:00:00Z,admin,2026-08-20T00:00:00Z,admin
4ac4b67e-1454-460b-bb27-d3bfdb8ce3d9,c162fbc5-7592-4230-8e9a-a087eab3ba1f,Z000268E,2026-08-20T00:00:00Z,admin,2026-08-20T00:00:00Z,admin
e8916a28-fbed-499d-81ab-17fc01a7b75b,c162fbc5-7592-4230-8e9a-a087eab3ba1f,Z002JB9N,2026-08-20T00:00:00Z,admin,2026-08-20T00:00:00Z,admin
4ba71513-e0d6-4bd2-a315-d5bf7fa6d52e,c162fbc5-7592-4230-8e9a-a087eab3ba1f,Z002ZJEH,2026-08-20T00:00:00Z,admin,2026-08-20T00:00:00Z,admin
1cdcb9bb-da20-4765-af2c-8acc8a868f35,c162fbc5-7592-4230-8e9a-a087eab3ba1f,Z0033TXK,2026-08-20T00:00:00Z,admin,2026-08-20T00:00:00Z,admin
6f5c5e5f-2b4d-4053-b899-46ac0c6c6589,c162fbc5-7592-4230-8e9a-a087eab3ba1f,Z0037XDV,2026-08-20T00:00:00Z,admin,2026-08-20T00:00:00Z,admin
d4cda610-fff7-4d65-832b-55607463d593,c162fbc5-7592-4230-8e9a-a087eab3ba1f,Z0030F0C,2026-08-20T00:00:00Z,admin,2026-08-20T00:00:00Z,admin
d550debf-bfa7-4a48-8e29-0257bc07d1d6,c162fbc5-7592-4230-8e9a-a087eab3ba1f,Z0049ETY,2026-08-20T00:00:00Z,admin,2026-08-20T00:00:00Z,admin
fb608cf1-87ac-4051-b0a7-453cd24462b9,c162fbc5-7592-4230-8e9a-a087eab3ba1f,Z00531ED,2026-08-20T00:00:00Z,admin,2026-08-20T00:00:00Z,admin
7c76ce6c-f879-4a08-9517-662be890e8e6,c162fbc5-7592-4230-8e9a-a087eab3ba1f,Z00578UN,2026-08-20T00:00:00Z,admin,2026-08-20T00:00:00Z,admin
d119aefe-dc6d-4c13-aab8-823ed3328d4a,c162fbc5-7592-4230-8e9a-a087eab3ba1f,Z0022MPU,2026-08-20T00:00:00Z,admin,2026-08-20T00:00:00Z,admin
46c4f53c-2c2f-4c01-a88d-3eabee40acb5,c162fbc5-7592-4230-8e9a-a087eab3ba1f,Z00360RB,2026-08-20T00:00:00Z,admin,2026-08-20T00:00:00Z,admin
4083787f-14dd-4e05-a6aa-c8391a9e8213,c162fbc5-7592-4230-8e9a-a087eab3ba1f,Z00580YJ,2026-08-20T00:00:00Z,admin,2026-08-20T00:00:00Z,admin
f08011dd-573e-4352-b9e5-0aaaa4e26f46,c162fbc5-7592-4230-8e9a-a087eab3ba1f,Z004XVAB,2026-08-20T00:00:00Z,admin,2026-08-20T00:00:00Z,admin
066d9adb-aa94-40eb-b0ad-e9893b3d35d5,c162fbc5-7592-4230-8e9a-a087eab3ba1f,Z00503ZF,2026-08-20T00:00:00Z,admin,2026-08-20T00:00:00Z,admin
576b37e1-cef2-44a4-b9d9-ca5f44cbe956,c162fbc5-7592-4230-8e9a-a087eab3ba1f,Z0053X3Z,2026-08-20T00:00:00Z,admin,2026-08-20T00:00:00Z,admin
afc9a961-4cdd-4035-9290-a445bc75480b,c162fbc5-7592-4230-8e9a-a087eab3ba1f,Z004Z8HY,2026-08-20T00:00:00Z,admin,2026-08-20T00:00:00Z,admin
b1a03417-1ea7-4b99-899b-702bf77e9df6,c162fbc5-7592-4230-8e9a-a087eab3ba1f,Z00366PH,2026-08-20T00:00:00Z,admin,2026-08-20T00:00:00Z,admin
8c9e3605-9843-44a2-be2c-92ed2913d031,c162fbc5-7592-4230-8e9a-a087eab3ba1f,Z002M9XR,2026-08-20T00:00:00Z,admin,2026-08-20T00:00:00Z,admin
023d1340-42ed-41d1-a518-ca3648228d39,c162fbc5-7592-4230-8e9a-a087eab3ba1f,Z0059DWT,2026-08-20T00:00:00Z,admin,2026-08-20T00:00:00Z,admin
74aa991e-0d83-4bcd-8768-405739227753,c162fbc5-7592-4230-8e9a-a087eab3ba1f,Z005989N,2026-08-20T00:00:00Z,admin,2026-08-20T00:00:00Z,admin
29b5959e-784f-4bd8-b7d1-30049c96cfa1,c162fbc5-7592-4230-8e9a-a087eab3ba1f,Z0059DYC,2026-08-20T00:00:00Z,admin,2026-08-20T00:00:00Z,admin
3006771d-fe5b-4d21-8656-83f47545af62,c162fbc5-7592-4230-8e9a-a087eab3ba1f,Z0047WTV,2026-08-20T00:00:00Z,admin,2026-08-20T00:00:00Z,admin
f184ef04-778a-404e-8942-4fd4f366664e,5b4aac36-199c-496f-96c6-a1c372abf1e4,Z004TAMU,2026-08-20T00:00:00Z,admin,2026-08-20T00:00:00Z,admin
0378c7c8-6a64-4b7f-99c9-cdd29e11c3da,5b4aac36-199c-496f-96c6-a1c372abf1e4,Z00531DY,2026-08-20T00:00:00Z,admin,2026-08-20T00:00:00Z,admin
b4196af2-f692-4f08-a2b9-7b824a6ef35b,5b4aac36-199c-496f-96c6-a1c372abf1e4,Z004XVAC,2026-08-20T00:00:00Z,admin,2026-08-20T00:00:00Z,admin
d25d946f-2eb4-4a4a-9992-d1d9fa286b94,5b4aac36-199c-496f-96c6-a1c372abf1e4,Z0052TYP,2026-08-20T00:00:00Z,admin,2026-08-20T00:00:00Z,admin
1720f5fc-e6fa-4f0f-a693-209b3d01576d,5b4aac36-199c-496f-96c6-a1c372abf1e4,Z002Z66N,2026-08-20T00:00:00Z,admin,2026-08-20T00:00:00Z,admin
2de921f2-380b-49a3-a061-c2d84839cf5a,5b4aac36-199c-496f-96c6-a1c372abf1e4,Z004YK1R,2026-08-20T00:00:00Z,admin,2026-08-20T00:00:00Z,admin
e4dfa0c5-dc1c-4893-bbe7-1cc212e85c02,5b4aac36-199c-496f-96c6-a1c372abf1e4,Z004Z7ZE,2026-08-20T00:00:00Z,admin,2026-08-20T00:00:00Z,admin
228af0be-cd65-4915-9f6c-01f6e3d62bcd,5b4aac36-199c-496f-96c6-a1c372abf1e4,Z0054KNE,2026-08-20T00:00:00Z,admin,2026-08-20T00:00:00Z,admin
31ef091e-ed45-4bd2-97bf-0d148b0f50ef,5b4aac36-199c-496f-96c6-a1c372abf1e4,Z0028XMJ,2026-08-20T00:00:00Z,admin,2026-08-20T00:00:00Z,admin
93870b29-c67f-48ae-907d-1b14c6bad5ab,5b4aac36-199c-496f-96c6-a1c372abf1e4,Z004FUJT,2026-08-20T00:00:00Z,admin,2026-08-20T00:00:00Z,admin
bf743e86-0fe7-4e4c-960d-5bcfea84d29e,5b4aac36-199c-496f-96c6-a1c372abf1e4,Z001WYDU,2026-08-20T00:00:00Z,admin,2026-08-20T00:00:00Z,admin
af136430-762d-4b9b-9bbf-abae54657a96,5b4aac36-199c-496f-96c6-a1c372abf1e4,Z0014WKT,2026-08-20T00:00:00Z,admin,2026-08-20T00:00:00Z,admin
d63a6323-9037-459b-ae11-15ab999e1e6d,5b4aac36-199c-496f-96c6-a1c372abf1e4,Z0039MYX,2026-08-20T00:00:00Z,admin,2026-08-20T00:00:00Z,admin
d45cfb80-01d8-449b-95f9-187f25d23608,5b4aac36-199c-496f-96c6-a1c372abf1e4,Z0051EJU,2026-08-20T00:00:00Z,admin,2026-08-20T00:00:00Z,admin
5b2b8673-fa54-4dd2-8a56-39760c953817,5b4aac36-199c-496f-96c6-a1c372abf1e4,Z003RN6R,2026-08-20T00:00:00Z,admin,2026-08-20T00:00:00Z,admin
a70b69a9-475f-414a-a35f-a6f45db573e2,5b4aac36-199c-496f-96c6-a1c372abf1e4,Z0046D7W,2026-08-20T00:00:00Z,admin,2026-08-20T00:00:00Z,admin
327979af-dcc6-4035-91ad-ebc79d66b743,5b4aac36-199c-496f-96c6-a1c372abf1e4,Z000268E,2026-08-20T00:00:00Z,admin,2026-08-20T00:00:00Z,admin
6e09993f-6042-4cbe-9877-7089d92f26e9,5b4aac36-199c-496f-96c6-a1c372abf1e4,Z002JB9N,2026-08-20T00:00:00Z,admin,2026-08-20T00:00:00Z,admin
4b4792a9-a7b8-4e9d-97e1-5f9a8dee4868,5b4aac36-199c-496f-96c6-a1c372abf1e4,Z002ZJEH,2026-08-20T00:00:00Z,admin,2026-08-20T00:00:00Z,admin
58d75da3-7c6e-45c5-a2ab-d4196455e2b3,5b4aac36-199c-496f-96c6-a1c372abf1e4,Z0033TXK,2026-08-20T00:00:00Z,admin,2026-08-20T00:00:00Z,admin
fa6f6a1f-f389-40f4-b279-f7850feb7b02,5b4aac36-199c-496f-96c6-a1c372abf1e4,Z0037XDV,2026-08-20T00:00:00Z,admin,2026-08-20T00:00:00Z,admin
25e14bc8-145b-423d-ac48-4d4f989002fd,5b4aac36-199c-496f-96c6-a1c372abf1e4,Z0030F0C,2026-08-20T00:00:00Z,admin,2026-08-20T00:00:00Z,admin
f49970d6-90a5-486a-bfa0-c5c562ee10a0,5b4aac36-199c-496f-96c6-a1c372abf1e4,Z0049ETY,2026-08-20T00:00:00Z,admin,2026-08-20T00:00:00Z,admin
3a8f8b81-0bf9-4e10-98e1-2b2c7d7766c6,5b4aac36-199c-496f-96c6-a1c372abf1e4,Z00531ED,2026-08-20T00:00:00Z,admin,2026-08-20T00:00:00Z,admin
bda34786-644d-4930-b7f4-240c1dd69747,5b4aac36-199c-496f-96c6-a1c372abf1e4,Z00578UN,2026-08-20T00:00:00Z,admin,2026-08-20T00:00:00Z,admin
3aebdb84-2eca-41d7-b821-96e603cf226a,5b4aac36-199c-496f-96c6-a1c372abf1e4,Z0022MPU,2026-08-20T00:00:00Z,admin,2026-08-20T00:00:00Z,admin
f256f91f-4c1a-4eee-89ca-b1646252eb98,5b4aac36-199c-496f-96c6-a1c372abf1e4,Z00360RB,2026-08-20T00:00:00Z,admin,2026-08-20T00:00:00Z,admin
8b756a9f-21a4-4a19-9a24-6030b23af203,5b4aac36-199c-496f-96c6-a1c372abf1e4,Z00580YJ,2026-08-20T00:00:00Z,admin,2026-08-20T00:00:00Z,admin
4264cfb2-7236-4a69-9f71-4354693a2ee3,5b4aac36-199c-496f-96c6-a1c372abf1e4,Z004XVAB,2026-08-20T00:00:00Z,admin,2026-08-20T00:00:00Z,admin
c69e07df-6cf6-4ca8-ba10-bf0a89e57c3d,5b4aac36-199c-496f-96c6-a1c372abf1e4,Z00503ZF,2026-08-20T00:00:00Z,admin,2026-08-20T00:00:00Z,admin
ecdf7809-476c-4475-beca-90b5e220dd8d,5b4aac36-199c-496f-96c6-a1c372abf1e4,Z0053X3Z,2026-08-20T00:00:00Z,admin,2026-08-20T00:00:00Z,admin
6125e363-4b40-4871-b16c-948b8b6c3777,5b4aac36-199c-496f-96c6-a1c372abf1e4,Z004Z8HY,2026-08-20T00:00:00Z,admin,2026-08-20T00:00:00Z,admin
8d2fdca8-15e9-4bae-b0eb-9dd44e0627e4,5b4aac36-199c-496f-96c6-a1c372abf1e4,Z00366PH,2026-08-20T00:00:00Z,admin,2026-08-20T00:00:00Z,admin
a3efef3d-68f1-4e9c-93e4-cca370b1720e,5b4aac36-199c-496f-96c6-a1c372abf1e4,Z002M9XR,2026-08-20T00:00:00Z,admin,2026-08-20T00:00:00Z,admin
3fd4e045-7ca1-4448-8456-a2d31a439001,5b4aac36-199c-496f-96c6-a1c372abf1e4,Z0059DWT,2026-08-20T00:00:00Z,admin,2026-08-20T00:00:00Z,admin
8b96a621-8d7f-450f-a1b6-06d90ff21a9c,5b4aac36-199c-496f-96c6-a1c372abf1e4,Z005989N,2026-08-20T00:00:00Z,admin,2026-08-20T00:00:00Z,admin
44adb296-b5f9-4cdd-9382-b5541ca848a2,5b4aac36-199c-496f-96c6-a1c372abf1e4,Z0059DYC,2026-08-20T00:00:00Z,admin,2026-08-20T00:00:00Z,admin
96f628b2-3a1d-43e3-bb27-844b008e51c0,5b4aac36-199c-496f-96c6-a1c372abf1e4,Z0047WTV,2026-08-20T00:00:00Z,admin,2026-08-20T00:00:00Z,admin
621c9351-5b22-4601-ab87-6a309a6dd3be,b8ffad17-35b1-4dd3-883d-f1bd9c442ad7,Z004TAMU,2026-08-20T00:00:00Z,admin,2026-08-20T00:00:00Z,admin
4b47603a-a7a0-4db4-a473-a6bbc99fb1c2,b8ffad17-35b1-4dd3-883d-f1bd9c442ad7,Z00531DY,2026-08-20T00:00:00Z,admin,2026-08-20T00:00:00Z,admin
ab5542c9-2e03-4569-b7a7-85dc87f947cd,b8ffad17-35b1-4dd3-883d-f1bd9c442ad7,Z004XVAC,2026-08-20T00:00:00Z,admin,2026-08-20T00:00:00Z,admin
1fad55d5-444d-44f8-9e35-6ee645eaa79b,b8ffad17-35b1-4dd3-883d-f1bd9c442ad7,Z0052TYP,2026-08-20T00:00:00Z,admin,2026-08-20T00:00:00Z,admin
2bf2f4c0-0b69-4c5a-bab8-1585e0eb1e7f,b8ffad17-35b1-4dd3-883d-f1bd9c442ad7,Z002Z66N,2026-08-20T00:00:00Z,admin,2026-08-20T00:00:00Z,admin
e13e148b-6db3-412a-8436-83af7744bfe0,b8ffad17-35b1-4dd3-883d-f1bd9c442ad7,Z004YK1R,2026-08-20T00:00:00Z,admin,2026-08-20T00:00:00Z,admin
2afdb55c-9d81-48af-beb3-e2f64c21f5ef,b8ffad17-35b1-4dd3-883d-f1bd9c442ad7,Z004Z7ZE,2026-08-20T00:00:00Z,admin,2026-08-20T00:00:00Z,admin
08c57a3a-1b47-4fb6-adac-4ed355c4ca7b,b8ffad17-35b1-4dd3-883d-f1bd9c442ad7,Z0054KNE,2026-08-20T00:00:00Z,admin,2026-08-20T00:00:00Z,admin
c26a603c-9a46-47a7-83e1-3276f9c5ffa2,b8ffad17-35b1-4dd3-883d-f1bd9c442ad7,Z0028XMJ,2026-08-20T00:00:00Z,admin,2026-08-20T00:00:00Z,admin
bff558a6-a53a-42f8-850b-77ab78cfcd05,b8ffad17-35b1-4dd3-883d-f1bd9c442ad7,Z004FUJT,2026-08-20T00:00:00Z,admin,2026-08-20T00:00:00Z,admin
3ffdb292-f1e3-4133-a31b-ce03b33aa011,b8ffad17-35b1-4dd3-883d-f1bd9c442ad7,Z001WYDU,2026-08-20T00:00:00Z,admin,2026-08-20T00:00:00Z,admin
dca2aed6-d5d3-4c04-a701-85dce08b71fa,b8ffad17-35b1-4dd3-883d-f1bd9c442ad7,Z0014WKT,2026-08-20T00:00:00Z,admin,2026-08-20T00:00:00Z,admin
d39cdbdb-bd90-4ee0-9301-9356bd1faa67,b8ffad17-35b1-4dd3-883d-f1bd9c442ad7,Z0039MYX,2026-08-20T00:00:00Z,admin,2026-08-20T00:00:00Z,admin
08ed36e4-5a66-47aa-9a6a-3990baf8a3cc,b8ffad17-35b1-4dd3-883d-f1bd9c442ad7,Z0051EJU,2026-08-20T00:00:00Z,admin,2026-08-20T00:00:00Z,admin
45708cbb-b08b-4b30-ab52-83a9f949b9a6,b8ffad17-35b1-4dd3-883d-f1bd9c442ad7,Z003RN6R,2026-08-20T00:00:00Z,admin,2026-08-20T00:00:00Z,admin
dee665e2-a527-4e98-a2ab-6a5d49cb5aac,b8ffad17-35b1-4dd3-883d-f1bd9c442ad7,Z0046D7W,2026-08-20T00:00:00Z,admin,2026-08-20T00:00:00Z,admin
bab7016d-8805-4f83-bef6-379472a4c159,b8ffad17-35b1-4dd3-883d-f1bd9c442ad7,Z000268E,2026-08-20T00:00:00Z,admin,2026-08-20T00:00:00Z,admin
0d3c97b4-8732-4c0d-a527-68a9b1a97db9,b8ffad17-35b1-4dd3-883d-f1bd9c442ad7,Z002JB9N,2026-08-20T00:00:00Z,admin,2026-08-20T00:00:00Z,admin
1b4c28c9-191a-47c5-912c-48975371ea62,b8ffad17-35b1-4dd3-883d-f1bd9c442ad7,Z002ZJEH,2026-08-20T00:00:00Z,admin,2026-08-20T00:00:00Z,admin
74ac11a7-9442-4dc2-bdd5-a7f48fa73446,b8ffad17-35b1-4dd3-883d-f1bd9c442ad7,Z0033TXK,2026-08-20T00:00:00Z,admin,2026-08-20T00:00:00Z,admin
2de47eac-0aa4-438a-8636-44d1e5fdd6f0,b8ffad17-35b1-4dd3-883d-f1bd9c442ad7,Z0037XDV,2026-08-20T00:00:00Z,admin,2026-08-20T00:00:00Z,admin
87ecde99-b824-43ac-ad2f-58c429868146,b8ffad17-35b1-4dd3-883d-f1bd9c442ad7,Z0030F0C,2026-08-20T00:00:00Z,admin,2026-08-20T00:00:00Z,admin
593672a1-f54e-42e2-a729-3974dc807f00,b8ffad17-35b1-4dd3-883d-f1bd9c442ad7,Z0049ETY,2026-08-20T00:00:00Z,admin,2026-08-20T00:00:00Z,admin
168d89d6-f10a-4f6f-a9ae-1af1c7950778,b8ffad17-35b1-4dd3-883d-f1bd9c442ad7,Z00531ED,2026-08-20T00:00:00Z,admin,2026-08-20T00:00:00Z,admin
74a82de0-082c-49f7-8b2b-2c8b71ccdcbd,b8ffad17-35b1-4dd3-883d-f1bd9c442ad7,Z00578UN,2026-08-20T00:00:00Z,admin,2026-08-20T00:00:00Z,admin
53e091c4-38cb-4d89-a6c4-e8a9c7a12a99,b8ffad17-35b1-4dd3-883d-f1bd9c442ad7,Z0022MPU,2026-08-20T00:00:00Z,admin,2026-08-20T00:00:00Z,admin
9e19e2cb-af02-415b-8637-448eb16ed046,b8ffad17-35b1-4dd3-883d-f1bd9c442ad7,Z00360RB,2026-08-20T00:00:00Z,admin,2026-08-20T00:00:00Z,admin
8cd97394-8bb2-4f84-9711-5395c4b62ee2,b8ffad17-35b1-4dd3-883d-f1bd9c442ad7,Z00580YJ,2026-08-20T00:00:00Z,admin,2026-08-20T00:00:00Z,admin
88db73b7-9c0d-45b6-9da1-d9aa08f0ab0d,b8ffad17-35b1-4dd3-883d-f1bd9c442ad7,Z004XVAB,2026-08-20T00:00:00Z,admin,2026-08-20T00:00:00Z,admin
6caf7284-d12e-401e-926c-b487adf3e084,b8ffad17-35b1-4dd3-883d-f1bd9c442ad7,Z00503ZF,2026-08-20T00:00:00Z,admin,2026-08-20T00:00:00Z,admin
74c65a93-6614-4b5c-9f00-4485fa354665,b8ffad17-35b1-4dd3-883d-f1bd9c442ad7,Z0053X3Z,2026-08-20T00:00:00Z,admin,2026-08-20T00:00:00Z,admin
baebefdc-e6bc-44c4-aa61-41c503f44a2d,b8ffad17-35b1-4dd3-883d-f1bd9c442ad7,Z004Z8HY,2026-08-20T00:00:00Z,admin,2026-08-20T00:00:00Z,admin
ee65f7dd-2a22-4bc4-a2db-e5d7cbe2b0f0,b8ffad17-35b1-4dd3-883d-f1bd9c442ad7,Z00366PH,2026-08-20T00:00:00Z,admin,2026-08-20T00:00:00Z,admin
434f4057-0c54-42ca-b0e3-878cd6efbb74,b8ffad17-35b1-4dd3-883d-f1bd9c442ad7,Z002M9XR,2026-08-20T00:00:00Z,admin,2026-08-20T00:00:00Z,admin
142463bc-c251-40b5-b1f8-b1ee4b926d1b,b8ffad17-35b1-4dd3-883d-f1bd9c442ad7,Z0059DWT,2026-08-20T00:00:00Z,admin,2026-08-20T00:00:00Z,admin
c737d84b-e82f-4640-b82a-256dd6d0a8f1,b8ffad17-35b1-4dd3-883d-f1bd9c442ad7,Z005989N,2026-08-20T00:00:00Z,admin,2026-08-20T00:00:00Z,admin
7d99658c-5694-4726-80b1-f0ea33142575,b8ffad17-35b1-4dd3-883d-f1bd9c442ad7,Z0059DYC,2026-08-20T00:00:00Z,admin,2026-08-20T00:00:00Z,admin
7de3dd14-ca28-4374-8e82-3f2a6ba4f151,b8ffad17-35b1-4dd3-883d-f1bd9c442ad7,Z0047WTV,2026-08-20T00:00:00Z,admin,2026-08-20T00:00:00Z,admin
a853a7e5-7cbe-4a3c-8de2-42a200d334fa,460804e8-221b-4aa7-a76a-f87af4e707a3,Z004TAMU,2026-08-20T00:00:00Z,admin,2026-08-20T00:00:00Z,admin
be3f8eda-0c68-4664-b6ce-a0be7bf51028,460804e8-221b-4aa7-a76a-f87af4e707a3,Z00531DY,2026-08-20T00:00:00Z,admin,2026-08-20T00:00:00Z,admin
bb2d0bae-9400-4da3-8780-23b745a7b0ef,460804e8-221b-4aa7-a76a-f87af4e707a3,Z004XVAC,2026-08-20T00:00:00Z,admin,2026-08-20T00:00:00Z,admin
7e7b059d-6af4-4b97-a219-3f9aec511e6e,460804e8-221b-4aa7-a76a-f87af4e707a3,Z0052TYP,2026-08-20T00:00:00Z,admin,2026-08-20T00:00:00Z,admin
062ad343-fd06-4b13-84da-f9322e42e0a9,460804e8-221b-4aa7-a76a-f87af4e707a3,Z002Z66N,2026-08-20T00:00:00Z,admin,2026-08-20T00:00:00Z,admin
ecd0195f-ddd9-4717-9312-11ff18fc5d87,460804e8-221b-4aa7-a76a-f87af4e707a3,Z004YK1R,2026-08-20T00:00:00Z,admin,2026-08-20T00:00:00Z,admin
680ec62b-db0e-4a28-b1ee-3b57516b7735,460804e8-221b-4aa7-a76a-f87af4e707a3,Z004Z7ZE,2026-08-20T00:00:00Z,admin,2026-08-20T00:00:00Z,admin
cb9eeaac-18aa-458e-93b8-1637c56dc5e6,460804e8-221b-4aa7-a76a-f87af4e707a3,Z0054KNE,2026-08-20T00:00:00Z,admin,2026-08-20T00:00:00Z,admin
62efb9b0-e96a-40f3-a497-6c7b42a5065a,460804e8-221b-4aa7-a76a-f87af4e707a3,Z0028XMJ,2026-08-20T00:00:00Z,admin,2026-08-20T00:00:00Z,admin
f4c7de09-9876-4b87-bbc9-e80f29c8fe34,460804e8-221b-4aa7-a76a-f87af4e707a3,Z004FUJT,2026-08-20T00:00:00Z,admin,2026-08-20T00:00:00Z,admin
b2170917-1e65-4588-903e-3f753698c044,460804e8-221b-4aa7-a76a-f87af4e707a3,Z001WYDU,2026-08-20T00:00:00Z,admin,2026-08-20T00:00:00Z,admin
94950123-4369-41ef-b5ea-e99a931ddfce,460804e8-221b-4aa7-a76a-f87af4e707a3,Z0014WKT,2026-08-20T00:00:00Z,admin,2026-08-20T00:00:00Z,admin
49295811-dfd2-4f64-be0f-1eb67ed4d783,460804e8-221b-4aa7-a76a-f87af4e707a3,Z0039MYX,2026-08-20T00:00:00Z,admin,2026-08-20T00:00:00Z,admin
07b16bfc-7348-4315-ab3c-659c2e6c3113,460804e8-221b-4aa7-a76a-f87af4e707a3,Z0051EJU,2026-08-20T00:00:00Z,admin,2026-08-20T00:00:00Z,admin
6b59f0bc-909f-4c65-bc7c-0a0c36c018af,460804e8-221b-4aa7-a76a-f87af4e707a3,Z003RN6R,2026-08-20T00:00:00Z,admin,2026-08-20T00:00:00Z,admin
25eb7458-e8f3-429e-8174-d5f69ddadd5c,460804e8-221b-4aa7-a76a-f87af4e707a3,Z0046D7W,2026-08-20T00:00:00Z,admin,2026-08-20T00:00:00Z,admin
a905b66b-a988-42d0-ae6e-59298377e8ae,460804e8-221b-4aa7-a76a-f87af4e707a3,Z000268E,2026-08-20T00:00:00Z,admin,2026-08-20T00:00:00Z,admin
9bc2fe92-1118-47cb-a49b-300041de80cb,460804e8-221b-4aa7-a76a-f87af4e707a3,Z002JB9N,2026-08-20T00:00:00Z,admin,2026-08-20T00:00:00Z,admin
8f055a06-edb5-4e18-b9ad-715d49768289,460804e8-221b-4aa7-a76a-f87af4e707a3,Z002ZJEH,2026-08-20T00:00:00Z,admin,2026-08-20T00:00:00Z,admin
a2691336-7b5c-43bc-89d7-d2613f15d39f,460804e8-221b-4aa7-a76a-f87af4e707a3,Z0033TXK,2026-08-20T00:00:00Z,admin,2026-08-20T00:00:00Z,admin
837a2ec1-df71-4114-99f9-9e1ea1a9f379,460804e8-221b-4aa7-a76a-f87af4e707a3,Z0037XDV,2026-08-20T00:00:00Z,admin,2026-08-20T00:00:00Z,admin
32b4f356-3c1f-4f53-96b7-9fa38c2b0f49,460804e8-221b-4aa7-a76a-f87af4e707a3,Z0030F0C,2026-08-20T00:00:00Z,admin,2026-08-20T00:00:00Z,admin
ced7a876-e8da-4451-8ceb-badada8e772b,460804e8-221b-4aa7-a76a-f87af4e707a3,Z0049ETY,2026-08-20T00:00:00Z,admin,2026-08-20T00:00:00Z,admin
f951e15a-2142-494c-be12-bb43a32118df,460804e8-221b-4aa7-a76a-f87af4e707a3,Z00531ED,2026-08-20T00:00:00Z,admin,2026-08-20T00:00:00Z,admin
55ab0726-e35f-4bbb-bfec-dc9857ba9850,460804e8-221b-4aa7-a76a-f87af4e707a3,Z00578UN,2026-08-20T00:00:00Z,admin,2026-08-20T00:00:00Z,admin
cb4dbb0b-03b9-487f-99f6-48bc46c6a942,460804e8-221b-4aa7-a76a-f87af4e707a3,Z0022MPU,2026-08-20T00:00:00Z,admin,2026-08-20T00:00:00Z,admin
879f2968-6557-4993-89bf-de49dcd81090,460804e8-221b-4aa7-a76a-f87af4e707a3,Z00360RB,2026-08-20T00:00:00Z,admin,2026-08-20T00:00:00Z,admin
4952132e-845f-466d-8c8a-652d3f0d6280,460804e8-221b-4aa7-a76a-f87af4e707a3,Z00580YJ,2026-08-20T00:00:00Z,admin,2026-08-20T00:00:00Z,admin
b39b6b99-9505-422c-a6ce-1c12a40e759d,460804e8-221b-4aa7-a76a-f87af4e707a3,Z004XVAB,2026-08-20T00:00:00Z,admin,2026-08-20T00:00:00Z,admin
74af672e-8dc9-4370-b514-0bcc36e40d3a,460804e8-221b-4aa7-a76a-f87af4e707a3,Z00503ZF,2026-08-20T00:00:00Z,admin,2026-08-20T00:00:00Z,admin
6a831856-3313-4543-bee6-adeca48a8e03,460804e8-221b-4aa7-a76a-f87af4e707a3,Z0053X3Z,2026-08-20T00:00:00Z,admin,2026-08-20T00:00:00Z,admin
130ede8d-68e2-49ac-9da7-2d5bd2d41dc3,460804e8-221b-4aa7-a76a-f87af4e707a3,Z004Z8HY,2026-08-20T00:00:00Z,admin,2026-08-20T00:00:00Z,admin
ffda7039-dfa0-44bb-8cb4-dd507c929bf7,460804e8-221b-4aa7-a76a-f87af4e707a3,Z00366PH,2026-08-20T00:00:00Z,admin,2026-08-20T00:00:00Z,admin
c665fa86-25dd-42d0-b296-6673597cdb2c,460804e8-221b-4aa7-a76a-f87af4e707a3,Z002M9XR,2026-08-20T00:00:00Z,admin,2026-08-20T00:00:00Z,admin
30b6a77f-2f90-46e8-90ac-042cee4657b4,460804e8-221b-4aa7-a76a-f87af4e707a3,Z0059DWT,2026-08-20T00:00:00Z,admin,2026-08-20T00:00:00Z,admin
69fb627e-526f-4824-96be-b8e07bcf345f,460804e8-221b-4aa7-a76a-f87af4e707a3,Z005989N,2026-08-20T00:00:00Z,admin,2026-08-20T00:00:00Z,admin
e7d3d577-5cfc-48f0-8dbb-47cd04175abd,460804e8-221b-4aa7-a76a-f87af4e707a3,Z0059DYC,2026-08-20T00:00:00Z,admin,2026-08-20T00:00:00Z,admin
0428575e-d3e5-48a3-97cd-06a82021d681,460804e8-221b-4aa7-a76a-f87af4e707a3,Z0047WTV,2026-08-20T00:00:00Z,admin,2026-08-20T00:00:00Z,admin
12b11f6c-d5d2-4727-afd9-ee4d9b0f6a49,a121e079-a00f-4f61-9cd0-90c7551c5fc0,Z004TAMU,2026-08-20T00:00:00Z,admin,2026-08-20T00:00:00Z,admin
06409d7d-ba85-49f8-8209-0e91bc5649d5,a121e079-a00f-4f61-9cd0-90c7551c5fc0,Z00531DY,2026-08-20T00:00:00Z,admin,2026-08-20T00:00:00Z,admin
44138e42-049f-47b8-8a51-f331ef9c58e6,a121e079-a00f-4f61-9cd0-90c7551c5fc0,Z004XVAC,2026-08-20T00:00:00Z,admin,2026-08-20T00:00:00Z,admin
75688c77-78c6-4381-94a3-7380add97f23,a121e079-a00f-4f61-9cd0-90c7551c5fc0,Z0052TYP,2026-08-20T00:00:00Z,admin,2026-08-20T00:00:00Z,admin
ac6928fc-c806-414d-a97d-58f1f9a09fa6,a121e079-a00f-4f61-9cd0-90c7551c5fc0,Z002Z66N,2026-08-20T00:00:00Z,admin,2026-08-20T00:00:00Z,admin
ff799781-a11b-4248-bb18-1e6ddbe34a71,a121e079-a00f-4f61-9cd0-90c7551c5fc0,Z004YK1R,2026-08-20T00:00:00Z,admin,2026-08-20T00:00:00Z,admin
e218d601-8deb-483f-aa2a-41b2529ee9d3,a121e079-a00f-4f61-9cd0-90c7551c5fc0,Z004Z7ZE,2026-08-20T00:00:00Z,admin,2026-08-20T00:00:00Z,admin
e6adff58-d85e-4c97-9124-71b8ef610be5,a121e079-a00f-4f61-9cd0-90c7551c5fc0,Z0054KNE,2026-08-20T00:00:00Z,admin,2026-08-20T00:00:00Z,admin
422f2f1e-12dd-4302-9a77-ff4bfa72e527,a121e079-a00f-4f61-9cd0-90c7551c5fc0,Z0028XMJ,2026-08-20T00:00:00Z,admin,2026-08-20T00:00:00Z,admin
09163540-1b3e-4391-9118-df1ddd95cdd5,a121e079-a00f-4f61-9cd0-90c7551c5fc0,Z004FUJT,2026-08-20T00:00:00Z,admin,2026-08-20T00:00:00Z,admin
98fb7012-02ee-4663-9a48-6581394b961f,a121e079-a00f-4f61-9cd0-90c7551c5fc0,Z001WYDU,2026-08-20T00:00:00Z,admin,2026-08-20T00:00:00Z,admin
1d52fdfe-45b0-437c-8853-ed047313fb15,a121e079-a00f-4f61-9cd0-90c7551c5fc0,Z0014WKT,2026-08-20T00:00:00Z,admin,2026-08-20T00:00:00Z,admin
839182eb-41de-4978-b885-7d39010b8e89,a121e079-a00f-4f61-9cd0-90c7551c5fc0,Z0039MYX,2026-08-20T00:00:00Z,admin,2026-08-20T00:00:00Z,admin
5f1d42bb-e0c2-4c41-85d7-a80257804400,a121e079-a00f-4f61-9cd0-90c7551c5fc0,Z0051EJU,2026-08-20T00:00:00Z,admin,2026-08-20T00:00:00Z,admin
341e1ec4-4183-492a-8888-e9c8874b6730,a121e079-a00f-4f61-9cd0-90c7551c5fc0,Z003RN6R,2026-08-20T00:00:00Z,admin,2026-08-20T00:00:00Z,admin
1201be4b-75de-494e-b34f-366581ab3c3f,a121e079-a00f-4f61-9cd0-90c7551c5fc0,Z0046D7W,2026-08-20T00:00:00Z,admin,2026-08-20T00:00:00Z,admin
e6a8b984-6eef-4226-98f2-8c64c2595b38,a121e079-a00f-4f61-9cd0-90c7551c5fc0,Z000268E,2026-08-20T00:00:00Z,admin,2026-08-20T00:00:00Z,admin
e5968945-79cd-4859-8421-488e04d6f5d3,a121e079-a00f-4f61-9cd0-90c7551c5fc0,Z002JB9N,2026-08-20T00:00:00Z,admin,2026-08-20T00:00:00Z,admin
b057b94f-1f3e-49d5-97f8-1bc96928eff3,a121e079-a00f-4f61-9cd0-90c7551c5fc0,Z002ZJEH,2026-08-20T00:00:00Z,admin,2026-08-20T00:00:00Z,admin
333459c2-8d29-4549-a87a-2ec1fb5ce803,a121e079-a00f-4f61-9cd0-90c7551c5fc0,Z0033TXK,2026-08-20T00:00:00Z,admin,2026-08-20T00:00:00Z,admin
34dea3e4-4481-4e42-ab07-1171dca325e4,a121e079-a00f-4f61-9cd0-90c7551c5fc0,Z0037XDV,2026-08-20T00:00:00Z,admin,2026-08-20T00:00:00Z,admin
e6beb153-0eb9-4db8-9071-f324d0633b9b,a121e079-a00f-4f61-9cd0-90c7551c5fc0,Z0030F0C,2026-08-20T00:00:00Z,admin,2026-08-20T00:00:00Z,admin
7619558c-1df2-4fc3-813f-57a0f2e3054e,a121e079-a00f-4f61-9cd0-90c7551c5fc0,Z0049ETY,2026-08-20T00:00:00Z,admin,2026-08-20T00:00:00Z,admin
3f8a9869-a1b1-4657-8596-cc3763f975c3,a121e079-a00f-4f61-9cd0-90c7551c5fc0,Z00531ED,2026-08-20T00:00:00Z,admin,2026-08-20T00:00:00Z,admin
de78aeb4-69db-4485-b9e1-1272bc282f01,a121e079-a00f-4f61-9cd0-90c7551c5fc0,Z00578UN,2026-08-20T00:00:00Z,admin,2026-08-20T00:00:00Z,admin
9d1d192f-5b06-43f1-8a28-6db283daf575,a121e079-a00f-4f61-9cd0-90c7551c5fc0,Z0022MPU,2026-08-20T00:00:00Z,admin,2026-08-20T00:00:00Z,admin
86211bb9-d0bb-4e12-9e28-a8dee4c85107,a121e079-a00f-4f61-9cd0-90c7551c5fc0,Z00360RB,2026-08-20T00:00:00Z,admin,2026-08-20T00:00:00Z,admin
d1b9a7e6-1e9a-465b-8455-a06c68b0ed30,a121e079-a00f-4f61-9cd0-90c7551c5fc0,Z00580YJ,2026-08-20T00:00:00Z,admin,2026-08-20T00:00:00Z,admin
d923db7d-aeb2-478a-a2b0-e22422f0c1fb,a121e079-a00f-4f61-9cd0-90c7551c5fc0,Z004XVAB,2026-08-20T00:00:00Z,admin,2026-08-20T00:00:00Z,admin
d94233a0-62c3-412c-86c0-8fc6678d10fd,a121e079-a00f-4f61-9cd0-90c7551c5fc0,Z00503ZF,2026-08-20T00:00:00Z,admin,2026-08-20T00:00:00Z,admin
e9888b7a-c27b-42fd-8ab2-dd2a348d3be8,a121e079-a00f-4f61-9cd0-90c7551c5fc0,Z0053X3Z,2026-08-20T00:00:00Z,admin,2026-08-20T00:00:00Z,admin
ede37d8a-7aae-43f4-b5a5-b818fbf7fe74,a121e079-a00f-4f61-9cd0-90c7551c5fc0,Z004Z8HY,2026-08-20T00:00:00Z,admin,2026-08-20T00:00:00Z,admin
414292a3-2ffa-474d-aeab-8959f3312115,a121e079-a00f-4f61-9cd0-90c7551c5fc0,Z00366PH,2026-08-20T00:00:00Z,admin,2026-08-20T00:00:00Z,admin
fd2a0bb5-28c0-482d-9e08-7ef550180f59,a121e079-a00f-4f61-9cd0-90c7551c5fc0,Z002M9XR,2026-08-20T00:00:00Z,admin,2026-08-20T00:00:00Z,admin
5c82357e-982e-4aab-bf18-6a626bc27ebd,a121e079-a00f-4f61-9cd0-90c7551c5fc0,Z0059DWT,2026-08-20T00:00:00Z,admin,2026-08-20T00:00:00Z,admin
4c9525f5-a131-410c-ba42-f211e15cc0ec,a121e079-a00f-4f61-9cd0-90c7551c5fc0,Z005989N,2026-08-20T00:00:00Z,admin,2026-08-20T00:00:00Z,admin
3c46c53d-44f1-474e-b824-488e53ca817b,a121e079-a00f-4f61-9cd0-90c7551c5fc0,Z0059DYC,2026-08-20T00:00:00Z,admin,2026-08-20T00:00:00Z,admin
0c67f705-11bb-42b3-9c7f-663476596439,a121e079-a00f-4f61-9cd0-90c7551c5fc0,Z0047WTV,2026-08-20T00:00:00Z,admin,2026-08-20T00:00:00Z,admin
38ae159e-5e37-4246-890e-f33737171de7,178af3cd-67ea-4b07-a57d-8681ec679b64,Z004TAMU,2026-08-20T00:00:00Z,admin,2026-08-20T00:00:00Z,admin
d475c817-18d6-4ee1-aed4-f85c0167fc2d,178af3cd-67ea-4b07-a57d-8681ec679b64,Z00531DY,2026-08-20T00:00:00Z,admin,2026-08-20T00:00:00Z,admin
7b857174-f08b-4dd5-90a1-72359937d37f,178af3cd-67ea-4b07-a57d-8681ec679b64,Z004XVAC,2026-08-20T00:00:00Z,admin,2026-08-20T00:00:00Z,admin
e584bb40-c39c-4922-ba79-c2275c9a1536,178af3cd-67ea-4b07-a57d-8681ec679b64,Z0052TYP,2026-08-20T00:00:00Z,admin,2026-08-20T00:00:00Z,admin
216c4270-fe10-4745-a097-4d28a0248652,178af3cd-67ea-4b07-a57d-8681ec679b64,Z002Z66N,2026-08-20T00:00:00Z,admin,2026-08-20T00:00:00Z,admin
e4878b38-b8af-4c72-b58a-e9b43fe062f4,178af3cd-67ea-4b07-a57d-8681ec679b64,Z004YK1R,2026-08-20T00:00:00Z,admin,2026-08-20T00:00:00Z,admin
cd421b63-c4a8-4144-90eb-26b91f81987a,178af3cd-67ea-4b07-a57d-8681ec679b64,Z004Z7ZE,2026-08-20T00:00:00Z,admin,2026-08-20T00:00:00Z,admin
f3049c47-64d9-4644-ad78-88c9f150aaca,178af3cd-67ea-4b07-a57d-8681ec679b64,Z0054KNE,2026-08-20T00:00:00Z,admin,2026-08-20T00:00:00Z,admin
133ef214-81a9-4c3d-9d5b-5a1edee8c5d8,178af3cd-67ea-4b07-a57d-8681ec679b64,Z0028XMJ,2026-08-20T00:00:00Z,admin,2026-08-20T00:00:00Z,admin
e210ec73-aa79-4f2e-8beb-175a71d12c2f,178af3cd-67ea-4b07-a57d-8681ec679b64,Z004FUJT,2026-08-20T00:00:00Z,admin,2026-08-20T00:00:00Z,admin
ee77c72d-fc58-4c95-8d64-21e73c64dc20,178af3cd-67ea-4b07-a57d-8681ec679b64,Z001WYDU,2026-08-20T00:00:00Z,admin,2026-08-20T00:00:00Z,admin
88ad2b1b-11de-4c38-b7fa-03ed098691b9,178af3cd-67ea-4b07-a57d-8681ec679b64,Z0014WKT,2026-08-20T00:00:00Z,admin,2026-08-20T00:00:00Z,admin
631adc47-0a71-4741-8a75-1df0f57719d1,178af3cd-67ea-4b07-a57d-8681ec679b64,Z0039MYX,2026-08-20T00:00:00Z,admin,2026-08-20T00:00:00Z,admin
30979510-4e48-4287-8719-7b9515c79956,178af3cd-67ea-4b07-a57d-8681ec679b64,Z0051EJU,2026-08-20T00:00:00Z,admin,2026-08-20T00:00:00Z,admin
675db587-a026-4c48-9a91-8f13b9a12256,178af3cd-67ea-4b07-a57d-8681ec679b64,Z003RN6R,2026-08-20T00:00:00Z,admin,2026-08-20T00:00:00Z,admin
5e8af8c5-a55f-4b8e-ae77-add7acb402e1,178af3cd-67ea-4b07-a57d-8681ec679b64,Z0046D7W,2026-08-20T00:00:00Z,admin,2026-08-20T00:00:00Z,admin
77c41b23-5270-458a-b1bb-44955af19b28,178af3cd-67ea-4b07-a57d-8681ec679b64,Z000268E,2026-08-20T00:00:00Z,admin,2026-08-20T00:00:00Z,admin
0bb3e4b7-b8e7-434e-a611-c0b6db78e8c2,178af3cd-67ea-4b07-a57d-8681ec679b64,Z002JB9N,2026-08-20T00:00:00Z,admin,2026-08-20T00:00:00Z,admin
ab7104ea-60b9-4357-afb4-9dd40e7a83a0,178af3cd-67ea-4b07-a57d-8681ec679b64,Z002ZJEH,2026-08-20T00:00:00Z,admin,2026-08-20T00:00:00Z,admin
f0ca9e40-4622-45f1-aeeb-3f39bb5bdd8b,178af3cd-67ea-4b07-a57d-8681ec679b64,Z0033TXK,2026-08-20T00:00:00Z,admin,2026-08-20T00:00:00Z,admin
09aec395-6103-417f-90da-7897061ab282,178af3cd-67ea-4b07-a57d-8681ec679b64,Z0037XDV,2026-08-20T00:00:00Z,admin,2026-08-20T00:00:00Z,admin
2afce685-eee5-434b-90c4-19214cb77d30,178af3cd-67ea-4b07-a57d-8681ec679b64,Z0030F0C,2026-08-20T00:00:00Z,admin,2026-08-20T00:00:00Z,admin
7fc68d75-8803-409f-a2ff-4eedded42d29,178af3cd-67ea-4b07-a57d-8681ec679b64,Z0049ETY,2026-08-20T00:00:00Z,admin,2026-08-20T00:00:00Z,admin
39504609-b6c7-4361-89a8-17c6ec1552dd,178af3cd-67ea-4b07-a57d-8681ec679b64,Z00531ED,2026-08-20T00:00:00Z,admin,2026-08-20T00:00:00Z,admin
9b219dbf-b9d8-461f-9839-39613120f8a2,178af3cd-67ea-4b07-a57d-8681ec679b64,Z00578UN,2026-08-20T00:00:00Z,admin,2026-08-20T00:00:00Z,admin
02c094d0-f260-4966-9ed2-60c0d3a4a0a6,178af3cd-67ea-4b07-a57d-8681ec679b64,Z0022MPU,2026-08-20T00:00:00Z,admin,2026-08-20T00:00:00Z,admin
ac502aa3-3aff-4e23-b84c-68440dd63226,178af3cd-67ea-4b07-a57d-8681ec679b64,Z00360RB,2026-08-20T00:00:00Z,admin,2026-08-20T00:00:00Z,admin
f779d42b-4400-4032-a5af-c89b247bcbe4,178af3cd-67ea-4b07-a57d-8681ec679b64,Z00580YJ,2026-08-20T00:00:00Z,admin,2026-08-20T00:00:00Z,admin
07a0725e-d7b6-4e81-9b61-80a08e5824b1,178af3cd-67ea-4b07-a57d-8681ec679b64,Z004XVAB,2026-08-20T00:00:00Z,admin,2026-08-20T00:00:00Z,admin
d4d242ad-d896-4c2d-ac23-f78f670c11f2,178af3cd-67ea-4b07-a57d-8681ec679b64,Z00503ZF,2026-08-20T00:00:00Z,admin,2026-08-20T00:00:00Z,admin
7bb254e7-d8ab-454f-a8cd-1ab946b014ac,178af3cd-67ea-4b07-a57d-8681ec679b64,Z0053X3Z,2026-08-20T00:00:00Z,admin,2026-08-20T00:00:00Z,admin
cf98fdac-1acb-4309-bec9-32332a2277d9,178af3cd-67ea-4b07-a57d-8681ec679b64,Z004Z8HY,2026-08-20T00:00:00Z,admin,2026-08-20T00:00:00Z,admin
917ff32a-8949-46f4-a2b6-ca0c854a62e1,178af3cd-67ea-4b07-a57d-8681ec679b64,Z00366PH,2026-08-20T00:00:00Z,admin,2026-08-20T00:00:00Z,admin
fc3d2487-c9b2-4c3a-93b4-acf3cbc78bb2,178af3cd-67ea-4b07-a57d-8681ec679b64,Z002M9XR,2026-08-20T00:00:00Z,admin,2026-08-20T00:00:00Z,admin
17d529d8-7780-4e06-8af4-7fd86595a4b1,178af3cd-67ea-4b07-a57d-8681ec679b64,Z0059DWT,2026-08-20T00:00:00Z,admin,2026-08-20T00:00:00Z,admin
dc264717-8de3-4f19-93ab-bfe61b8e0d6f,178af3cd-67ea-4b07-a57d-8681ec679b64,Z005989N,2026-08-20T00:00:00Z,admin,2026-08-20T00:00:00Z,admin
c2ee9d75-b7d9-4c43-9aa7-fd6464cf44e3,178af3cd-67ea-4b07-a57d-8681ec679b64,Z0059DYC,2026-08-20T00:00:00Z,admin,2026-08-20T00:00:00Z,admin
f37e9a6f-978c-485a-985c-1c67e1b5bb7b,178af3cd-67ea-4b07-a57d-8681ec679b64,Z0047WTV,2026-08-20T00:00:00Z,admin,2026-08-20T00:00:00Z,admin
1bb14eee-0464-46f0-96e9-30ed46c0c962,e566bac5-93dc-4c25-8992-e87f2e8a269b,Z004TAMU,2026-08-20T00:00:00Z,admin,2026-08-20T00:00:00Z,admin
bcbd53e5-206b-472d-9976-767f3f5fc226,e566bac5-93dc-4c25-8992-e87f2e8a269b,Z00531DY,2026-08-20T00:00:00Z,admin,2026-08-20T00:00:00Z,admin
7f1aab6f-7c9b-4e1a-bd48-5385874829dd,e566bac5-93dc-4c25-8992-e87f2e8a269b,Z004XVAC,2026-08-20T00:00:00Z,admin,2026-08-20T00:00:00Z,admin
528e9a6f-9fda-4639-84c3-94776a3f91cb,e566bac5-93dc-4c25-8992-e87f2e8a269b,Z0052TYP,2026-08-20T00:00:00Z,admin,2026-08-20T00:00:00Z,admin
c0383d2c-c5c1-4705-83a4-5c8983310489,e566bac5-93dc-4c25-8992-e87f2e8a269b,Z002Z66N,2026-08-20T00:00:00Z,admin,2026-08-20T00:00:00Z,admin
b0ef51f8-4f72-4ddb-8f9c-5ab2d9b7e2e9,e566bac5-93dc-4c25-8992-e87f2e8a269b,Z004YK1R,2026-08-20T00:00:00Z,admin,2026-08-20T00:00:00Z,admin
73971da2-a040-4ed9-83c7-4f2de2ea8fea,e566bac5-93dc-4c25-8992-e87f2e8a269b,Z004Z7ZE,2026-08-20T00:00:00Z,admin,2026-08-20T00:00:00Z,admin
4cf5f65f-16e0-43c7-95f5-9f876e9c9beb,e566bac5-93dc-4c25-8992-e87f2e8a269b,Z0054KNE,2026-08-20T00:00:00Z,admin,2026-08-20T00:00:00Z,admin
642862db-57a1-4767-a22a-56d5dd00efb4,e566bac5-93dc-4c25-8992-e87f2e8a269b,Z0028XMJ,2026-08-20T00:00:00Z,admin,2026-08-20T00:00:00Z,admin
872fd2ba-bd7f-4bbf-b46e-58e79dda59ac,e566bac5-93dc-4c25-8992-e87f2e8a269b,Z004FUJT,2026-08-20T00:00:00Z,admin,2026-08-20T00:00:00Z,admin
fcbb516d-0bc7-422b-9411-77ff1655d20f,e566bac5-93dc-4c25-8992-e87f2e8a269b,Z001WYDU,2026-08-20T00:00:00Z,admin,2026-08-20T00:00:00Z,admin
5f407a2f-d05f-4288-899f-08444546512b,e566bac5-93dc-4c25-8992-e87f2e8a269b,Z0014WKT,2026-08-20T00:00:00Z,admin,2026-08-20T00:00:00Z,admin
ed33f3c1-311b-445c-964c-dd0de6928b4e,e566bac5-93dc-4c25-8992-e87f2e8a269b,Z0039MYX,2026-08-20T00:00:00Z,admin,2026-08-20T00:00:00Z,admin
fd542d8f-a1d6-421d-843f-852acfffd79c,e566bac5-93dc-4c25-8992-e87f2e8a269b,Z0051EJU,2026-08-20T00:00:00Z,admin,2026-08-20T00:00:00Z,admin
a03fa50c-5650-44ff-b6ee-6982a59c7250,e566bac5-93dc-4c25-8992-e87f2e8a269b,Z003RN6R,2026-08-20T00:00:00Z,admin,2026-08-20T00:00:00Z,admin
4323e8b2-f4bb-44f3-8d7b-03f0371ec85d,e566bac5-93dc-4c25-8992-e87f2e8a269b,Z0046D7W,2026-08-20T00:00:00Z,admin,2026-08-20T00:00:00Z,admin
6489311b-f00c-4025-9334-eb9cce7e6281,e566bac5-93dc-4c25-8992-e87f2e8a269b,Z000268E,2026-08-20T00:00:00Z,admin,2026-08-20T00:00:00Z,admin
c75c4052-f873-43ed-8db8-edbb66a2797b,e566bac5-93dc-4c25-8992-e87f2e8a269b,Z002JB9N,2026-08-20T00:00:00Z,admin,2026-08-20T00:00:00Z,admin
b77ac97d-2af0-4d46-8d8d-d7064eebba5e,e566bac5-93dc-4c25-8992-e87f2e8a269b,Z002ZJEH,2026-08-20T00:00:00Z,admin,2026-08-20T00:00:00Z,admin
a4dfff42-57a6-4843-86d1-9f44f349dffb,e566bac5-93dc-4c25-8992-e87f2e8a269b,Z0033TXK,2026-08-20T00:00:00Z,admin,2026-08-20T00:00:00Z,admin
93b14f9a-f667-4330-b101-d087f1e6a269,e566bac5-93dc-4c25-8992-e87f2e8a269b,Z0037XDV,2026-08-20T00:00:00Z,admin,2026-08-20T00:00:00Z,admin
dfa1f362-ae1a-4b29-9556-4b83585d0560,e566bac5-93dc-4c25-8992-e87f2e8a269b,Z0030F0C,2026-08-20T00:00:00Z,admin,2026-08-20T00:00:00Z,admin
c0bf4c79-3266-4fab-91fe-4e7d1206a4ed,e566bac5-93dc-4c25-8992-e87f2e8a269b,Z0049ETY,2026-08-20T00:00:00Z,admin,2026-08-20T00:00:00Z,admin
ec2c5b6a-81e8-4e65-a99d-759b8d906b09,e566bac5-93dc-4c25-8992-e87f2e8a269b,Z00531ED,2026-08-20T00:00:00Z,admin,2026-08-20T00:00:00Z,admin
f2d45bd9-372c-4ac9-b749-2af6dc4b1307,e566bac5-93dc-4c25-8992-e87f2e8a269b,Z00578UN,2026-08-20T00:00:00Z,admin,2026-08-20T00:00:00Z,admin
829ac74c-d1f8-4cfe-b2b8-8b4bcc856ca5,e566bac5-93dc-4c25-8992-e87f2e8a269b,Z0022MPU,2026-08-20T00:00:00Z,admin,2026-08-20T00:00:00Z,admin
fccd57ac-b596-47a2-802e-1a6ef90afcd9,e566bac5-93dc-4c25-8992-e87f2e8a269b,Z00360RB,2026-08-20T00:00:00Z,admin,2026-08-20T00:00:00Z,admin
fb661a6f-bd76-49ee-a704-c5cea6053975,e566bac5-93dc-4c25-8992-e87f2e8a269b,Z00580YJ,2026-08-20T00:00:00Z,admin,2026-08-20T00:00:00Z,admin
08903bb6-5ae3-4a97-b25b-89418f9f5933,e566bac5-93dc-4c25-8992-e87f2e8a269b,Z004XVAB,2026-08-20T00:00:00Z,admin,2026-08-20T00:00:00Z,admin
83d13e72-d3ff-4e1d-852c-84beebf7abd4,e566bac5-93dc-4c25-8992-e87f2e8a269b,Z00503ZF,2026-08-20T00:00:00Z,admin,2026-08-20T00:00:00Z,admin
5fcff2cc-6814-44a6-acbc-03f7a82916b4,e566bac5-93dc-4c25-8992-e87f2e8a269b,Z0053X3Z,2026-08-20T00:00:00Z,admin,2026-08-20T00:00:00Z,admin
3b3691d6-c12d-4b5c-a731-8dabaa4fbec5,e566bac5-93dc-4c25-8992-e87f2e8a269b,Z004Z8HY,2026-08-20T00:00:00Z,admin,2026-08-20T00:00:00Z,admin
2690d4e7-4822-49de-8138-84615f8bbc8d,e566bac5-93dc-4c25-8992-e87f2e8a269b,Z00366PH,2026-08-20T00:00:00Z,admin,2026-08-20T00:00:00Z,admin
7fd8ddcf-3074-433e-84ff-d689ceb93488,e566bac5-93dc-4c25-8992-e87f2e8a269b,Z002M9XR,2026-08-20T00:00:00Z,admin,2026-08-20T00:00:00Z,admin
7894bb0d-713e-4ee1-ab18-6e621e7a5c64,e566bac5-93dc-4c25-8992-e87f2e8a269b,Z0059DWT,2026-08-20T00:00:00Z,admin,2026-08-20T00:00:00Z,admin
18d52a25-74b9-4065-b105-374bf4ffde34,e566bac5-93dc-4c25-8992-e87f2e8a269b,Z005989N,2026-08-20T00:00:00Z,admin,2026-08-20T00:00:00Z,admin
55494633-4962-475b-84cc-dbf2ff4ae25d,e566bac5-93dc-4c25-8992-e87f2e8a269b,Z0059DYC,2026-08-20T00:00:00Z,admin,2026-08-20T00:00:00Z,admin
2b163d36-db1b-49a4-9dd6-e3a2784c1357,e566bac5-93dc-4c25-8992-e87f2e8a269b,Z0047WTV,2026-08-20T00:00:00Z,admin,2026-08-20T00:00:00Z,admin
e8c15c9e-6a56-4534-befb-5c741c36d682,5654792b-6994-4bbb-9982-82ed141c425b,Z004TAMU,2026-08-20T00:00:00Z,admin,2026-08-20T00:00:00Z,admin
bd7cf843-2e1b-4560-a722-c6e46c133e78,5654792b-6994-4bbb-9982-82ed141c425b,Z00531DY,2026-08-20T00:00:00Z,admin,2026-08-20T00:00:00Z,admin
650b7ef9-f43c-46b2-9442-d4a5ba049fed,5654792b-6994-4bbb-9982-82ed141c425b,Z004XVAC,2026-08-20T00:00:00Z,admin,2026-08-20T00:00:00Z,admin
9481e36c-836a-40f3-8ff1-0f444a5edd6e,5654792b-6994-4bbb-9982-82ed141c425b,Z0052TYP,2026-08-20T00:00:00Z,admin,2026-08-20T00:00:00Z,admin
2e3cfac7-a1f7-4b29-934c-23c02fc0bb6a,5654792b-6994-4bbb-9982-82ed141c425b,Z002Z66N,2026-08-20T00:00:00Z,admin,2026-08-20T00:00:00Z,admin
cc638725-1a01-4bd9-ba29-64a973c856ee,5654792b-6994-4bbb-9982-82ed141c425b,Z004YK1R,2026-08-20T00:00:00Z,admin,2026-08-20T00:00:00Z,admin
8a74be66-5315-4593-96c2-595f34a610d0,5654792b-6994-4bbb-9982-82ed141c425b,Z004Z7ZE,2026-08-20T00:00:00Z,admin,2026-08-20T00:00:00Z,admin
0182665d-43d6-4fde-bae3-7cd5b95a38d9,5654792b-6994-4bbb-9982-82ed141c425b,Z0054KNE,2026-08-20T00:00:00Z,admin,2026-08-20T00:00:00Z,admin
c1b6b7f2-19aa-4d5b-9780-95b9a77d193c,5654792b-6994-4bbb-9982-82ed141c425b,Z0028XMJ,2026-08-20T00:00:00Z,admin,2026-08-20T00:00:00Z,admin
9dd4d4b6-5719-4fcd-a055-7b2f63307acf,5654792b-6994-4bbb-9982-82ed141c425b,Z004FUJT,2026-08-20T00:00:00Z,admin,2026-08-20T00:00:00Z,admin
8150f4cb-ae8f-4f24-8351-017f648f37a7,5654792b-6994-4bbb-9982-82ed141c425b,Z001WYDU,2026-08-20T00:00:00Z,admin,2026-08-20T00:00:00Z,admin
a1b49dc3-f7dd-4083-8bcf-267549e78fd6,5654792b-6994-4bbb-9982-82ed141c425b,Z0014WKT,2026-08-20T00:00:00Z,admin,2026-08-20T00:00:00Z,admin
71ab20ca-2d93-4348-959a-d51f9e3d2063,5654792b-6994-4bbb-9982-82ed141c425b,Z0039MYX,2026-08-20T00:00:00Z,admin,2026-08-20T00:00:00Z,admin
7e7da8e9-c596-4faf-9923-5c024ad348e2,5654792b-6994-4bbb-9982-82ed141c425b,Z0051EJU,2026-08-20T00:00:00Z,admin,2026-08-20T00:00:00Z,admin
6ab0436b-f92d-45cb-b36f-a0de53ca21ef,5654792b-6994-4bbb-9982-82ed141c425b,Z003RN6R,2026-08-20T00:00:00Z,admin,2026-08-20T00:00:00Z,admin
4facc2ad-ebcf-40a3-8d75-f54548b6b1da,5654792b-6994-4bbb-9982-82ed141c425b,Z0046D7W,2026-08-20T00:00:00Z,admin,2026-08-20T00:00:00Z,admin
ec48cedb-b56c-4503-9856-af643eb71f19,5654792b-6994-4bbb-9982-82ed141c425b,Z000268E,2026-08-20T00:00:00Z,admin,2026-08-20T00:00:00Z,admin
71019de7-a614-4dbe-804f-396f92732673,5654792b-6994-4bbb-9982-82ed141c425b,Z002JB9N,2026-08-20T00:00:00Z,admin,2026-08-20T00:00:00Z,admin
e61d7b73-4220-4bdb-a464-b142611b9034,5654792b-6994-4bbb-9982-82ed141c425b,Z002ZJEH,2026-08-20T00:00:00Z,admin,2026-08-20T00:00:00Z,admin
84a758dd-4ad0-42e6-8e13-479af62056c6,5654792b-6994-4bbb-9982-82ed141c425b,Z0033TXK,2026-08-20T00:00:00Z,admin,2026-08-20T00:00:00Z,admin
81307710-416e-4419-af2e-6dacca3f491f,5654792b-6994-4bbb-9982-82ed141c425b,Z0037XDV,2026-08-20T00:00:00Z,admin,2026-08-20T00:00:00Z,admin
88706e74-412a-40e7-8c81-0078c2e891fa,5654792b-6994-4bbb-9982-82ed141c425b,Z0030F0C,2026-08-20T00:00:00Z,admin,2026-08-20T00:00:00Z,admin
f384ebc6-5bfb-4eae-ad4a-0289c36b1de5,5654792b-6994-4bbb-9982-82ed141c425b,Z0049ETY,2026-08-20T00:00:00Z,admin,2026-08-20T00:00:00Z,admin
2a027b62-caf3-46a3-a657-82e35d40c87e,5654792b-6994-4bbb-9982-82ed141c425b,Z00531ED,2026-08-20T00:00:00Z,admin,2026-08-20T00:00:00Z,admin
e029a317-961f-42b3-9ef9-7b8f761ca5f0,5654792b-6994-4bbb-9982-82ed141c425b,Z00578UN,2026-08-20T00:00:00Z,admin,2026-08-20T00:00:00Z,admin
4ca71145-b73e-4458-ba04-2693a652a6de,5654792b-6994-4bbb-9982-82ed141c425b,Z0022MPU,2026-08-20T00:00:00Z,admin,2026-08-20T00:00:00Z,admin
d8e1676a-3d2a-4430-99be-a073f3fabaf5,5654792b-6994-4bbb-9982-82ed141c425b,Z00360RB,2026-08-20T00:00:00Z,admin,2026-08-20T00:00:00Z,admin
d27d6014-07db-420e-8038-246da54b51d3,5654792b-6994-4bbb-9982-82ed141c425b,Z00580YJ,2026-08-20T00:00:00Z,admin,2026-08-20T00:00:00Z,admin
514bba02-ad78-4dfc-a0a5-680a814c277d,5654792b-6994-4bbb-9982-82ed141c425b,Z004XVAB,2026-08-20T00:00:00Z,admin,2026-08-20T00:00:00Z,admin
9244fe87-29df-4b15-bf6a-47455549f78e,5654792b-6994-4bbb-9982-82ed141c425b,Z00503ZF,2026-08-20T00:00:00Z,admin,2026-08-20T00:00:00Z,admin
f39ffebe-905f-4dcc-8fa8-1de8ab64d0b6,5654792b-6994-4bbb-9982-82ed141c425b,Z0053X3Z,2026-08-20T00:00:00Z,admin,2026-08-20T00:00:00Z,admin
9cbd90f4-1ab7-4db9-a5b9-7c7f04859a0c,5654792b-6994-4bbb-9982-82ed141c425b,Z004Z8HY,2026-08-20T00:00:00Z,admin,2026-08-20T00:00:00Z,admin
62f4ca25-3ac2-4f53-af23-b83c72dcaef5,5654792b-6994-4bbb-9982-82ed141c425b,Z00366PH,2026-08-20T00:00:00Z,admin,2026-08-20T00:00:00Z,admin
599c8421-6469-48df-9d4e-554a9c0719b5,5654792b-6994-4bbb-9982-82ed141c425b,Z002M9XR,2026-08-20T00:00:00Z,admin,2026-08-20T00:00:00Z,admin
fb01f71c-b306-4c74-a4d3-93fb84fdecd9,5654792b-6994-4bbb-9982-82ed141c425b,Z0059DWT,2026-08-20T00:00:00Z,admin,2026-08-20T00:00:00Z,admin
ae929886-c0f9-4112-bf2d-f921d21f1914,5654792b-6994-4bbb-9982-82ed141c425b,Z005989N,2026-08-20T00:00:00Z,admin,2026-08-20T00:00:00Z,admin
df039519-0ecd-4a72-9572-83529735dc92,5654792b-6994-4bbb-9982-82ed141c425b,Z0059DYC,2026-08-20T00:00:00Z,admin,2026-08-20T00:00:00Z,admin
9075007b-8ba5-4c76-b1bf-11cf64c444ae,5654792b-6994-4bbb-9982-82ed141c425b,Z0047WTV,2026-08-20T00:00:00Z,admin,2026-08-20T00:00:00Z,admin
7a3ce969-e27b-48ca-a74f-63315ea64a6f,0d46a945-ec54-4526-91ee-89aefe433d3b,Z004TAMU,2026-08-20T00:00:00Z,admin,2026-08-20T00:00:00Z,admin
a45210a8-2bb6-4032-bb84-6e4e29653344,0d46a945-ec54-4526-91ee-89aefe433d3b,Z00531DY,2026-08-20T00:00:00Z,admin,2026-08-20T00:00:00Z,admin
fdf5e77d-5dc0-4191-9768-69fa361158fb,0d46a945-ec54-4526-91ee-89aefe433d3b,Z004XVAC,2026-08-20T00:00:00Z,admin,2026-08-20T00:00:00Z,admin
bb89c925-b345-4352-9334-c4b564854ab7,0d46a945-ec54-4526-91ee-89aefe433d3b,Z0052TYP,2026-08-20T00:00:00Z,admin,2026-08-20T00:00:00Z,admin
ba94bf67-f1d8-451a-9836-ee183dc7c417,0d46a945-ec54-4526-91ee-89aefe433d3b,Z002Z66N,2026-08-20T00:00:00Z,admin,2026-08-20T00:00:00Z,admin
46806c8c-ecd5-408a-bec1-40a34013939f,0d46a945-ec54-4526-91ee-89aefe433d3b,Z004YK1R,2026-08-20T00:00:00Z,admin,2026-08-20T00:00:00Z,admin
d7ad79eb-8d02-4b93-a651-23619d46a09b,0d46a945-ec54-4526-91ee-89aefe433d3b,Z004Z7ZE,2026-08-20T00:00:00Z,admin,2026-08-20T00:00:00Z,admin
23327eb0-cc1a-427e-b71e-81764ec8ab2c,0d46a945-ec54-4526-91ee-89aefe433d3b,Z0054KNE,2026-08-20T00:00:00Z,admin,2026-08-20T00:00:00Z,admin
e6db17b9-03eb-4e1f-bba7-aae1724550f5,0d46a945-ec54-4526-91ee-89aefe433d3b,Z0028XMJ,2026-08-20T00:00:00Z,admin,2026-08-20T00:00:00Z,admin
b6c5f47d-191c-4ce5-916f-55a07db4f8a1,0d46a945-ec54-4526-91ee-89aefe433d3b,Z004FUJT,2026-08-20T00:00:00Z,admin,2026-08-20T00:00:00Z,admin
80bf4131-7dcd-4993-911c-7a70911f56bb,0d46a945-ec54-4526-91ee-89aefe433d3b,Z001WYDU,2026-08-20T00:00:00Z,admin,2026-08-20T00:00:00Z,admin
7b6e9ecb-ca88-4fda-8c93-8901743415ac,0d46a945-ec54-4526-91ee-89aefe433d3b,Z0014WKT,2026-08-20T00:00:00Z,admin,2026-08-20T00:00:00Z,admin
c0e64973-c3bd-4e30-b01d-ef8c73b206b2,0d46a945-ec54-4526-91ee-89aefe433d3b,Z0039MYX,2026-08-20T00:00:00Z,admin,2026-08-20T00:00:00Z,admin
c6ae1e87-3200-485a-b000-0652ac0c6d52,0d46a945-ec54-4526-91ee-89aefe433d3b,Z0051EJU,2026-08-20T00:00:00Z,admin,2026-08-20T00:00:00Z,admin
fdd00fdb-5262-4617-9bff-dad65bcbf698,0d46a945-ec54-4526-91ee-89aefe433d3b,Z003RN6R,2026-08-20T00:00:00Z,admin,2026-08-20T00:00:00Z,admin
aa95ed25-acc1-471e-964a-678e41e69f14,0d46a945-ec54-4526-91ee-89aefe433d3b,Z0046D7W,2026-08-20T00:00:00Z,admin,2026-08-20T00:00:00Z,admin
27e48064-3bae-4d90-8895-3edd2c43dce7,0d46a945-ec54-4526-91ee-89aefe433d3b,Z000268E,2026-08-20T00:00:00Z,admin,2026-08-20T00:00:00Z,admin
04b6bbda-6c69-4f65-91b4-a1f8da55d003,0d46a945-ec54-4526-91ee-89aefe433d3b,Z002JB9N,2026-08-20T00:00:00Z,admin,2026-08-20T00:00:00Z,admin
9c65f620-c323-4baf-844c-c8528ebd7672,0d46a945-ec54-4526-91ee-89aefe433d3b,Z002ZJEH,2026-08-20T00:00:00Z,admin,2026-08-20T00:00:00Z,admin
b1d539b4-e58d-4cb6-ae30-c16a4dc4135f,0d46a945-ec54-4526-91ee-89aefe433d3b,Z0033TXK,2026-08-20T00:00:00Z,admin,2026-08-20T00:00:00Z,admin
e8c32954-a4f6-4db6-a77b-3621d8a31318,0d46a945-ec54-4526-91ee-89aefe433d3b,Z0037XDV,2026-08-20T00:00:00Z,admin,2026-08-20T00:00:00Z,admin
8de78254-4d4e-4877-ab94-5f0512c37708,0d46a945-ec54-4526-91ee-89aefe433d3b,Z0030F0C,2026-08-20T00:00:00Z,admin,2026-08-20T00:00:00Z,admin
7245d4cd-9067-44ea-ad58-8e68a72439ce,0d46a945-ec54-4526-91ee-89aefe433d3b,Z0049ETY,2026-08-20T00:00:00Z,admin,2026-08-20T00:00:00Z,admin
39b4f3ee-3865-4b89-b0e8-dd04a307dc15,0d46a945-ec54-4526-91ee-89aefe433d3b,Z00531ED,2026-08-20T00:00:00Z,admin,2026-08-20T00:00:00Z,admin
722465c5-7732-4238-8b8a-517c4248562d,0d46a945-ec54-4526-91ee-89aefe433d3b,Z00578UN,2026-08-20T00:00:00Z,admin,2026-08-20T00:00:00Z,admin
b12c7de8-a6a0-475e-b516-ba28502b5c0d,0d46a945-ec54-4526-91ee-89aefe433d3b,Z0022MPU,2026-08-20T00:00:00Z,admin,2026-08-20T00:00:00Z,admin
30706a34-f261-4c85-9b6e-b3859a21f36f,0d46a945-ec54-4526-91ee-89aefe433d3b,Z00360RB,2026-08-20T00:00:00Z,admin,2026-08-20T00:00:00Z,admin
b3e6e842-4859-48c6-8836-e483f6bacdfe,0d46a945-ec54-4526-91ee-89aefe433d3b,Z00580YJ,2026-08-20T00:00:00Z,admin,2026-08-20T00:00:00Z,admin
0a208202-83d4-4326-9c89-1c373b111461,0d46a945-ec54-4526-91ee-89aefe433d3b,Z004XVAB,2026-08-20T00:00:00Z,admin,2026-08-20T00:00:00Z,admin
a5835bc3-b7ba-4739-9e73-6ccc4596b9e5,0d46a945-ec54-4526-91ee-89aefe433d3b,Z00503ZF,2026-08-20T00:00:00Z,admin,2026-08-20T00:00:00Z,admin
634673d3-81c2-4ecd-8a0f-3a97711f2350,0d46a945-ec54-4526-91ee-89aefe433d3b,Z0053X3Z,2026-08-20T00:00:00Z,admin,2026-08-20T00:00:00Z,admin
1671ae45-1f38-4d16-92a0-743ef810074e,0d46a945-ec54-4526-91ee-89aefe433d3b,Z004Z8HY,2026-08-20T00:00:00Z,admin,2026-08-20T00:00:00Z,admin
2de5fdb1-80c7-4ef8-9aba-761ee4d607ee,0d46a945-ec54-4526-91ee-89aefe433d3b,Z00366PH,2026-08-20T00:00:00Z,admin,2026-08-20T00:00:00Z,admin
f5dc6df4-1407-413a-a7ac-f06c97dbbfd8,0d46a945-ec54-4526-91ee-89aefe433d3b,Z002M9XR,2026-08-20T00:00:00Z,admin,2026-08-20T00:00:00Z,admin
29257150-3026-4fd0-af3f-4d3e82bafc0b,0d46a945-ec54-4526-91ee-89aefe433d3b,Z0059DWT,2026-08-20T00:00:00Z,admin,2026-08-20T00:00:00Z,admin
b9ec048c-8707-49b9-ae65-a6c52e50b225,0d46a945-ec54-4526-91ee-89aefe433d3b,Z005989N,2026-08-20T00:00:00Z,admin,2026-08-20T00:00:00Z,admin
1f3a5e96-f35a-4623-a941-9076bc174894,0d46a945-ec54-4526-91ee-89aefe433d3b,Z0059DYC,2026-08-20T00:00:00Z,admin,2026-08-20T00:00:00Z,admin
055c71b3-33ee-4b3c-953d-2d775144c2a8,0d46a945-ec54-4526-91ee-89aefe433d3b,Z0047WTV,2026-08-20T00:00:00Z,admin,2026-08-20T00:00:00Z,admin
bec4dab4-2c82-4173-a7ef-703d15485857,5805a0e2-8162-4ed4-b573-959a7f994369,Z004TAMU,2026-08-20T00:00:00Z,admin,2026-08-20T00:00:00Z,admin
6464891e-1a5c-4a0b-9bfa-55d10678168f,5805a0e2-8162-4ed4-b573-959a7f994369,Z00531DY,2026-08-20T00:00:00Z,admin,2026-08-20T00:00:00Z,admin
96401889-68f8-4622-a9ad-0309b651be65,5805a0e2-8162-4ed4-b573-959a7f994369,Z004XVAC,2026-08-20T00:00:00Z,admin,2026-08-20T00:00:00Z,admin
dcca4d41-7c31-4c9e-870d-852cb2bc7c99,5805a0e2-8162-4ed4-b573-959a7f994369,Z0052TYP,2026-08-20T00:00:00Z,admin,2026-08-20T00:00:00Z,admin
254aa925-fd2a-4893-89ca-0aa60481b58c,5805a0e2-8162-4ed4-b573-959a7f994369,Z002Z66N,2026-08-20T00:00:00Z,admin,2026-08-20T00:00:00Z,admin
74f0b902-bc4b-4a25-be0d-551088a880df,5805a0e2-8162-4ed4-b573-959a7f994369,Z004YK1R,2026-08-20T00:00:00Z,admin,2026-08-20T00:00:00Z,admin
46bd27a8-41f1-4e2b-91f9-aa811f51d9e7,5805a0e2-8162-4ed4-b573-959a7f994369,Z004Z7ZE,2026-08-20T00:00:00Z,admin,2026-08-20T00:00:00Z,admin
5827b53c-c5a2-4afa-b5a0-05d52c026d81,5805a0e2-8162-4ed4-b573-959a7f994369,Z0054KNE,2026-08-20T00:00:00Z,admin,2026-08-20T00:00:00Z,admin
b452da27-aa6c-475c-9314-85748b4070cd,5805a0e2-8162-4ed4-b573-959a7f994369,Z0028XMJ,2026-08-20T00:00:00Z,admin,2026-08-20T00:00:00Z,admin
8a789eb4-89ce-45a0-adea-a2345c867dc1,5805a0e2-8162-4ed4-b573-959a7f994369,Z004FUJT,2026-08-20T00:00:00Z,admin,2026-08-20T00:00:00Z,admin
3072ca57-7ece-4716-8ee8-9c4eacd894b5,5805a0e2-8162-4ed4-b573-959a7f994369,Z001WYDU,2026-08-20T00:00:00Z,admin,2026-08-20T00:00:00Z,admin
49e30eb6-361e-4428-b806-be12cf998163,5805a0e2-8162-4ed4-b573-959a7f994369,Z0014WKT,2026-08-20T00:00:00Z,admin,2026-08-20T00:00:00Z,admin
7a60d304-d814-4fec-9bce-9572bdf81ea6,5805a0e2-8162-4ed4-b573-959a7f994369,Z0039MYX,2026-08-20T00:00:00Z,admin,2026-08-20T00:00:00Z,admin
f63954fc-8a3a-4ac2-a6f9-756c59fb7282,5805a0e2-8162-4ed4-b573-959a7f994369,Z0051EJU,2026-08-20T00:00:00Z,admin,2026-08-20T00:00:00Z,admin
1cc5b0fe-12a9-4277-bfa3-0382e49b0933,5805a0e2-8162-4ed4-b573-959a7f994369,Z003RN6R,2026-08-20T00:00:00Z,admin,2026-08-20T00:00:00Z,admin
b233e804-1838-444e-ace8-e23719f15c60,5805a0e2-8162-4ed4-b573-959a7f994369,Z0046D7W,2026-08-20T00:00:00Z,admin,2026-08-20T00:00:00Z,admin
19bfcf72-59d9-40d6-9931-aeaa73f56b97,5805a0e2-8162-4ed4-b573-959a7f994369,Z000268E,2026-08-20T00:00:00Z,admin,2026-08-20T00:00:00Z,admin
ff0a55cd-20f3-40e5-9e1a-a2f364445fb2,5805a0e2-8162-4ed4-b573-959a7f994369,Z002JB9N,2026-08-20T00:00:00Z,admin,2026-08-20T00:00:00Z,admin
41c998b7-3b47-495c-bed2-c06133b7c238,5805a0e2-8162-4ed4-b573-959a7f994369,Z002ZJEH,2026-08-20T00:00:00Z,admin,2026-08-20T00:00:00Z,admin
1789bc55-6a81-465b-947e-4d8c1364c70e,5805a0e2-8162-4ed4-b573-959a7f994369,Z0033TXK,2026-08-20T00:00:00Z,admin,2026-08-20T00:00:00Z,admin
b63a53c3-ef8c-4818-99e6-6a1e8fda0082,5805a0e2-8162-4ed4-b573-959a7f994369,Z0037XDV,2026-08-20T00:00:00Z,admin,2026-08-20T00:00:00Z,admin
c4c25bf6-b798-4c89-b965-9c2bc2b1058f,5805a0e2-8162-4ed4-b573-959a7f994369,Z0030F0C,2026-08-20T00:00:00Z,admin,2026-08-20T00:00:00Z,admin
4546ee95-7f68-4ab8-8695-c5ad38636252,5805a0e2-8162-4ed4-b573-959a7f994369,Z0049ETY,2026-08-20T00:00:00Z,admin,2026-08-20T00:00:00Z,admin
9d88f69d-e506-4433-b1ff-11c5e6473d6d,5805a0e2-8162-4ed4-b573-959a7f994369,Z00531ED,2026-08-20T00:00:00Z,admin,2026-08-20T00:00:00Z,admin
3113d08f-13ea-4d14-8afd-c3161fa9c263,5805a0e2-8162-4ed4-b573-959a7f994369,Z00578UN,2026-08-20T00:00:00Z,admin,2026-08-20T00:00:00Z,admin
4054b72e-44ec-4ce7-80c7-eed8efbbcf2c,5805a0e2-8162-4ed4-b573-959a7f994369,Z0022MPU,2026-08-20T00:00:00Z,admin,2026-08-20T00:00:00Z,admin
e7cc8d54-6987-4d65-b117-dcde67a71dd2,5805a0e2-8162-4ed4-b573-959a7f994369,Z00360RB,2026-08-20T00:00:00Z,admin,2026-08-20T00:00:00Z,admin
1642fc5e-34f3-4206-92b3-8ada3784e27d,5805a0e2-8162-4ed4-b573-959a7f994369,Z00580YJ,2026-08-20T00:00:00Z,admin,2026-08-20T00:00:00Z,admin
1206ceb4-80ef-405e-982b-043842e23f3f,5805a0e2-8162-4ed4-b573-959a7f994369,Z004XVAB,2026-08-20T00:00:00Z,admin,2026-08-20T00:00:00Z,admin
5ea1bdc4-25a7-489f-9177-120ced616401,5805a0e2-8162-4ed4-b573-959a7f994369,Z00503ZF,2026-08-20T00:00:00Z,admin,2026-08-20T00:00:00Z,admin
9868cb71-bd3e-473a-bc87-eb44f8e76308,5805a0e2-8162-4ed4-b573-959a7f994369,Z0053X3Z,2026-08-20T00:00:00Z,admin,2026-08-20T00:00:00Z,admin
7bf730c7-82cd-4f1b-82e9-40f102a289b9,5805a0e2-8162-4ed4-b573-959a7f994369,Z004Z8HY,2026-08-20T00:00:00Z,admin,2026-08-20T00:00:00Z,admin
9e1c23f2-6f0b-434c-ae32-1e9d789de74b,5805a0e2-8162-4ed4-b573-959a7f994369,Z00366PH,2026-08-20T00:00:00Z,admin,2026-08-20T00:00:00Z,admin
9b6b5b38-2943-4e5f-a9af-e9a1f0525efa,5805a0e2-8162-4ed4-b573-959a7f994369,Z002M9XR,2026-08-20T00:00:00Z,admin,2026-08-20T00:00:00Z,admin
ebba291e-9327-40ff-8885-f7fb47fd109b,5805a0e2-8162-4ed4-b573-959a7f994369,Z0059DWT,2026-08-20T00:00:00Z,admin,2026-08-20T00:00:00Z,admin
80ea9003-64f3-4d6e-94d6-85454e4a70f4,5805a0e2-8162-4ed4-b573-959a7f994369,Z005989N,2026-08-20T00:00:00Z,admin,2026-08-20T00:00:00Z,admin
623dfd23-8a67-45d2-8aff-d908d9364731,5805a0e2-8162-4ed4-b573-959a7f994369,Z0059DYC,2026-08-20T00:00:00Z,admin,2026-08-20T00:00:00Z,admin
467d1178-d8d1-4c47-a83f-61c3d5ecd1cc,5805a0e2-8162-4ed4-b573-959a7f994369,Z0047WTV,2026-08-20T00:00:00Z,admin,2026-08-20T00:00:00Z,admin
2dd89496-ba4d-421d-8e26-50f7cf6a9e00,60ba572f-c437-4793-a728-8f52f70f4ead,Z004TAMU,2026-08-20T00:00:00Z,admin,2026-08-20T00:00:00Z,admin
01518b97-d38d-4807-a98a-d638af608b76,60ba572f-c437-4793-a728-8f52f70f4ead,Z00531DY,2026-08-20T00:00:00Z,admin,2026-08-20T00:00:00Z,admin
72a83648-f9c9-4697-b717-8dbb6988aa0f,60ba572f-c437-4793-a728-8f52f70f4ead,Z004XVAC,2026-08-20T00:00:00Z,admin,2026-08-20T00:00:00Z,admin
f40b550c-edfd-470d-908c-7909db2ca8c9,60ba572f-c437-4793-a728-8f52f70f4ead,Z0052TYP,2026-08-20T00:00:00Z,admin,2026-08-20T00:00:00Z,admin
1800db2e-9be7-4a61-9230-a63476eb9c51,60ba572f-c437-4793-a728-8f52f70f4ead,Z002Z66N,2026-08-20T00:00:00Z,admin,2026-08-20T00:00:00Z,admin
e0703983-3d49-4f4b-8d20-ec9c3c8cbf90,60ba572f-c437-4793-a728-8f52f70f4ead,Z004YK1R,2026-08-20T00:00:00Z,admin,2026-08-20T00:00:00Z,admin
5a2bc53f-8e43-4c19-9852-1fa0d37dea72,60ba572f-c437-4793-a728-8f52f70f4ead,Z004Z7ZE,2026-08-20T00:00:00Z,admin,2026-08-20T00:00:00Z,admin
3bb139e0-70c3-4176-b00c-2062f442c918,60ba572f-c437-4793-a728-8f52f70f4ead,Z0054KNE,2026-08-20T00:00:00Z,admin,2026-08-20T00:00:00Z,admin
254efcb5-d0f6-49a6-a820-f49376167760,60ba572f-c437-4793-a728-8f52f70f4ead,Z0028XMJ,2026-08-20T00:00:00Z,admin,2026-08-20T00:00:00Z,admin
3d1c6468-fa65-442b-8b51-c9f660d9eafa,60ba572f-c437-4793-a728-8f52f70f4ead,Z004FUJT,2026-08-20T00:00:00Z,admin,2026-08-20T00:00:00Z,admin
a32d0aa5-0eb6-4a1e-9467-23ab9641198d,60ba572f-c437-4793-a728-8f52f70f4ead,Z001WYDU,2026-08-20T00:00:00Z,admin,2026-08-20T00:00:00Z,admin
d679feba-fff9-4a2c-b203-ad9b3f1a5a17,60ba572f-c437-4793-a728-8f52f70f4ead,Z0014WKT,2026-08-20T00:00:00Z,admin,2026-08-20T00:00:00Z,admin
dfcc4fd6-022c-4e4e-bfe9-e81fbcdfa70c,60ba572f-c437-4793-a728-8f52f70f4ead,Z0039MYX,2026-08-20T00:00:00Z,admin,2026-08-20T00:00:00Z,admin
1566d3ef-e703-432a-9bb5-b081b7cb166c,60ba572f-c437-4793-a728-8f52f70f4ead,Z0051EJU,2026-08-20T00:00:00Z,admin,2026-08-20T00:00:00Z,admin
e23fc075-8a96-4ea0-8298-12c8ea3ab8bb,60ba572f-c437-4793-a728-8f52f70f4ead,Z003RN6R,2026-08-20T00:00:00Z,admin,2026-08-20T00:00:00Z,admin
b0c577c4-c03c-4ce4-9270-e7811a35465c,60ba572f-c437-4793-a728-8f52f70f4ead,Z0046D7W,2026-08-20T00:00:00Z,admin,2026-08-20T00:00:00Z,admin
f8a85b4d-1b6c-4045-81cb-e10a22150b00,60ba572f-c437-4793-a728-8f52f70f4ead,Z000268E,2026-08-20T00:00:00Z,admin,2026-08-20T00:00:00Z,admin
305f3bc0-2127-473a-aa78-efbcc5b84e8b,60ba572f-c437-4793-a728-8f52f70f4ead,Z002JB9N,2026-08-20T00:00:00Z,admin,2026-08-20T00:00:00Z,admin
29c102b3-aa9f-4d5e-91b7-8dfdefb5533a,60ba572f-c437-4793-a728-8f52f70f4ead,Z002ZJEH,2026-08-20T00:00:00Z,admin,2026-08-20T00:00:00Z,admin
69985b99-abe0-41c4-b0d6-5719658d0087,60ba572f-c437-4793-a728-8f52f70f4ead,Z0033TXK,2026-08-20T00:00:00Z,admin,2026-08-20T00:00:00Z,admin
4313727a-b593-47f8-a5ab-c719edafc015,60ba572f-c437-4793-a728-8f52f70f4ead,Z0037XDV,2026-08-20T00:00:00Z,admin,2026-08-20T00:00:00Z,admin
18026f8a-6569-4d92-bb74-dad9ce3aa3ab,60ba572f-c437-4793-a728-8f52f70f4ead,Z0030F0C,2026-08-20T00:00:00Z,admin,2026-08-20T00:00:00Z,admin
cf1e771e-8658-416b-a4c0-10e190878128,60ba572f-c437-4793-a728-8f52f70f4ead,Z0049ETY,2026-08-20T00:00:00Z,admin,2026-08-20T00:00:00Z,admin
79fbac58-2182-402a-b4e9-8cc7740877a2,60ba572f-c437-4793-a728-8f52f70f4ead,Z00531ED,2026-08-20T00:00:00Z,admin,2026-08-20T00:00:00Z,admin
8427dd71-a685-40f1-976e-6c0915629021,60ba572f-c437-4793-a728-8f52f70f4ead,Z00578UN,2026-08-20T00:00:00Z,admin,2026-08-20T00:00:00Z,admin
354c8099-6e91-46b2-8681-f15078b42aed,60ba572f-c437-4793-a728-8f52f70f4ead,Z0022MPU,2026-08-20T00:00:00Z,admin,2026-08-20T00:00:00Z,admin
db68052e-7f30-46f2-bb5e-4eb92897fc7c,60ba572f-c437-4793-a728-8f52f70f4ead,Z00360RB,2026-08-20T00:00:00Z,admin,2026-08-20T00:00:00Z,admin
27852df4-72ea-4977-9975-d0da0472a1d1,60ba572f-c437-4793-a728-8f52f70f4ead,Z00580YJ,2026-08-20T00:00:00Z,admin,2026-08-20T00:00:00Z,admin
4b3dfde1-f6b6-46b1-9a68-702f0873b6ea,60ba572f-c437-4793-a728-8f52f70f4ead,Z004XVAB,2026-08-20T00:00:00Z,admin,2026-08-20T00:00:00Z,admin
404bc38c-3639-416b-8f2e-1361d19fe19a,60ba572f-c437-4793-a728-8f52f70f4ead,Z00503ZF,2026-08-20T00:00:00Z,admin,2026-08-20T00:00:00Z,admin
b95726bc-610c-45b0-8993-797f16ad33d0,60ba572f-c437-4793-a728-8f52f70f4ead,Z0053X3Z,2026-08-20T00:00:00Z,admin,2026-08-20T00:00:00Z,admin
5feb1bb5-e313-4f2f-ad09-78312b7efb7c,60ba572f-c437-4793-a728-8f52f70f4ead,Z004Z8HY,2026-08-20T00:00:00Z,admin,2026-08-20T00:00:00Z,admin
0b62961d-a051-495f-b8ca-e5b39b758cb8,60ba572f-c437-4793-a728-8f52f70f4ead,Z00366PH,2026-08-20T00:00:00Z,admin,2026-08-20T00:00:00Z,admin
bbbeb1f1-9dd3-4ed8-9c56-b67d2e91959e,60ba572f-c437-4793-a728-8f52f70f4ead,Z002M9XR,2026-08-20T00:00:00Z,admin,2026-08-20T00:00:00Z,admin
3076a830-c426-4acb-9992-e3faac9055b2,60ba572f-c437-4793-a728-8f52f70f4ead,Z0059DWT,2026-08-20T00:00:00Z,admin,2026-08-20T00:00:00Z,admin
3abaf391-ff93-4938-a4b5-75e6ae18f3f3,60ba572f-c437-4793-a728-8f52f70f4ead,Z005989N,2026-08-20T00:00:00Z,admin,2026-08-20T00:00:00Z,admin
1fa6f4fe-3b3f-4188-bb1c-618612bdbfa0,60ba572f-c437-4793-a728-8f52f70f4ead,Z0059DYC,2026-08-20T00:00:00Z,admin,2026-08-20T00:00:00Z,admin
f22a3ea8-5816-47eb-be38-1eefc30ae943,60ba572f-c437-4793-a728-8f52f70f4ead,Z0047WTV,2026-08-20T00:00:00Z,admin,2026-08-20T00:00:00Z,admin
d46697bb-8bfc-47af-9bfc-e073e3441609,a4fa44c9-700c-491f-8db3-55d7ed1777a0,Z004TAMU,2026-08-20T00:00:00Z,admin,2026-08-20T00:00:00Z,admin
318b96cf-2606-4341-be37-1827c1a491f6,a4fa44c9-700c-491f-8db3-55d7ed1777a0,Z00531DY,2026-08-20T00:00:00Z,admin,2026-08-20T00:00:00Z,admin
8fa5ca9a-6428-4b90-9b8f-2ed8a5acb751,a4fa44c9-700c-491f-8db3-55d7ed1777a0,Z004XVAC,2026-08-20T00:00:00Z,admin,2026-08-20T00:00:00Z,admin
0a89a146-dcac-4049-8de5-b2a43ce7b38e,a4fa44c9-700c-491f-8db3-55d7ed1777a0,Z0052TYP,2026-08-20T00:00:00Z,admin,2026-08-20T00:00:00Z,admin
0b16de3d-cec3-46d4-9d45-f7bab5eae5f5,a4fa44c9-700c-491f-8db3-55d7ed1777a0,Z002Z66N,2026-08-20T00:00:00Z,admin,2026-08-20T00:00:00Z,admin
dbcd828e-8202-419f-ad85-175886957954,a4fa44c9-700c-491f-8db3-55d7ed1777a0,Z004YK1R,2026-08-20T00:00:00Z,admin,2026-08-20T00:00:00Z,admin
6c272537-a56e-4148-a18b-73c34fd42a85,a4fa44c9-700c-491f-8db3-55d7ed1777a0,Z004Z7ZE,2026-08-20T00:00:00Z,admin,2026-08-20T00:00:00Z,admin
71de2b60-a935-4d12-a915-5b4d6b0a8863,a4fa44c9-700c-491f-8db3-55d7ed1777a0,Z0054KNE,2026-08-20T00:00:00Z,admin,2026-08-20T00:00:00Z,admin
ff951636-ac46-4e3a-9ab0-ae7c2c23eeca,a4fa44c9-700c-491f-8db3-55d7ed1777a0,Z0028XMJ,2026-08-20T00:00:00Z,admin,2026-08-20T00:00:00Z,admin
a99eb28b-be26-4b59-a78c-2d8f8f01a879,a4fa44c9-700c-491f-8db3-55d7ed1777a0,Z004FUJT,2026-08-20T00:00:00Z,admin,2026-08-20T00:00:00Z,admin
495ec830-649e-4dcf-bf89-cc28511c213a,a4fa44c9-700c-491f-8db3-55d7ed1777a0,Z001WYDU,2026-08-20T00:00:00Z,admin,2026-08-20T00:00:00Z,admin
c11a62d9-ae4f-4a4b-aeb6-a170843b33f2,a4fa44c9-700c-491f-8db3-55d7ed1777a0,Z0014WKT,2026-08-20T00:00:00Z,admin,2026-08-20T00:00:00Z,admin
33c3723a-3f0b-4aab-986b-e2d8ec0222ec,a4fa44c9-700c-491f-8db3-55d7ed1777a0,Z0039MYX,2026-08-20T00:00:00Z,admin,2026-08-20T00:00:00Z,admin
68a75c03-af80-4ae9-a5fb-515f874fbd06,a4fa44c9-700c-491f-8db3-55d7ed1777a0,Z0051EJU,2026-08-20T00:00:00Z,admin,2026-08-20T00:00:00Z,admin
117d38ff-9077-4709-875f-ce0912337a3c,a4fa44c9-700c-491f-8db3-55d7ed1777a0,Z003RN6R,2026-08-20T00:00:00Z,admin,2026-08-20T00:00:00Z,admin
80a1d8f8-67b4-40ae-ad09-eae7b107b151,a4fa44c9-700c-491f-8db3-55d7ed1777a0,Z0046D7W,2026-08-20T00:00:00Z,admin,2026-08-20T00:00:00Z,admin
6df13295-818b-48d0-b7a1-0ff770fcd1b1,a4fa44c9-700c-491f-8db3-55d7ed1777a0,Z000268E,2026-08-20T00:00:00Z,admin,2026-08-20T00:00:00Z,admin
185fadfa-f5d3-47ab-be76-da9222fc5873,a4fa44c9-700c-491f-8db3-55d7ed1777a0,Z002JB9N,2026-08-20T00:00:00Z,admin,2026-08-20T00:00:00Z,admin
1c096d83-ee6d-4699-9009-b03daf8d2ad7,a4fa44c9-700c-491f-8db3-55d7ed1777a0,Z002ZJEH,2026-08-20T00:00:00Z,admin,2026-08-20T00:00:00Z,admin
2b1c5f93-70a8-4254-9abb-c58235af7a14,a4fa44c9-700c-491f-8db3-55d7ed1777a0,Z0033TXK,2026-08-20T00:00:00Z,admin,2026-08-20T00:00:00Z,admin
e982cb68-f02a-4114-ae2d-58233417c121,a4fa44c9-700c-491f-8db3-55d7ed1777a0,Z0037XDV,2026-08-20T00:00:00Z,admin,2026-08-20T00:00:00Z,admin
9f676b6d-25bb-4fa8-a7a6-3c0cfde01784,a4fa44c9-700c-491f-8db3-55d7ed1777a0,Z0030F0C,2026-08-20T00:00:00Z,admin,2026-08-20T00:00:00Z,admin
73508d73-e8b5-4863-92e7-8436817347b3,a4fa44c9-700c-491f-8db3-55d7ed1777a0,Z0049ETY,2026-08-20T00:00:00Z,admin,2026-08-20T00:00:00Z,admin
00ba47d3-1123-424e-ad82-a7e5b545af8a,a4fa44c9-700c-491f-8db3-55d7ed1777a0,Z00531ED,2026-08-20T00:00:00Z,admin,2026-08-20T00:00:00Z,admin
0a216c38-ff59-4578-a927-96c0a5dee529,a4fa44c9-700c-491f-8db3-55d7ed1777a0,Z00578UN,2026-08-20T00:00:00Z,admin,2026-08-20T00:00:00Z,admin
9b24eb5f-a484-4533-b272-f73701f051d8,a4fa44c9-700c-491f-8db3-55d7ed1777a0,Z0022MPU,2026-08-20T00:00:00Z,admin,2026-08-20T00:00:00Z,admin
e5a3319d-5641-4dbd-b0a0-906a62891592,a4fa44c9-700c-491f-8db3-55d7ed1777a0,Z00360RB,2026-08-20T00:00:00Z,admin,2026-08-20T00:00:00Z,admin
dae32d69-aa4b-4c30-84fa-24c50bc8a604,a4fa44c9-700c-491f-8db3-55d7ed1777a0,Z00580YJ,2026-08-20T00:00:00Z,admin,2026-08-20T00:00:00Z,admin
7d1a95e9-e3f0-4d9d-90a3-39cf605f2494,a4fa44c9-700c-491f-8db3-55d7ed1777a0,Z004XVAB,2026-08-20T00:00:00Z,admin,2026-08-20T00:00:00Z,admin
1d98e1f6-c814-40f7-8f80-aae8178bd21d,a4fa44c9-700c-491f-8db3-55d7ed1777a0,Z00503ZF,2026-08-20T00:00:00Z,admin,2026-08-20T00:00:00Z,admin
4e466bc5-4995-473a-9089-fdbf13ac1441,a4fa44c9-700c-491f-8db3-55d7ed1777a0,Z0053X3Z,2026-08-20T00:00:00Z,admin,2026-08-20T00:00:00Z,admin
e1be5d54-8c2b-4d51-99ae-2e2b781f898f,a4fa44c9-700c-491f-8db3-55d7ed1777a0,Z004Z8HY,2026-08-20T00:00:00Z,admin,2026-08-20T00:00:00Z,admin
3ba0a9a5-c5d6-4a31-985f-9e4c0703047c,a4fa44c9-700c-491f-8db3-55d7ed1777a0,Z00366PH,2026-08-20T00:00:00Z,admin,2026-08-20T00:00:00Z,admin
4d2923f4-7065-4450-a14b-421b4c442034,a4fa44c9-700c-491f-8db3-55d7ed1777a0,Z002M9XR,2026-08-20T00:00:00Z,admin,2026-08-20T00:00:00Z,admin
1d59af5d-19fe-4150-a4ac-e13fbc1a672f,a4fa44c9-700c-491f-8db3-55d7ed1777a0,Z0059DWT,2026-08-20T00:00:00Z,admin,2026-08-20T00:00:00Z,admin
a124aa92-f352-475c-b346-380d68e2ee0a,a4fa44c9-700c-491f-8db3-55d7ed1777a0,Z005989N,2026-08-20T00:00:00Z,admin,2026-08-20T00:00:00Z,admin
2c8219bb-9bb5-4ad3-860b-8fdff423c356,a4fa44c9-700c-491f-8db3-55d7ed1777a0,Z0059DYC,2026-08-20T00:00:00Z,admin,2026-08-20T00:00:00Z,admin
8b610172-3e95-4637-8cb9-660ec7465a86,a4fa44c9-700c-491f-8db3-55d7ed1777a0,Z0047WTV,2026-08-20T00:00:00Z,admin,2026-08-20T00:00:00Z,admin
03c499db-fc6f-435d-8e43-4e86019ec2fd,5282f77e-cf48-4372-80e6-354bc0729833,Z004TAMU,2026-08-20T00:00:00Z,admin,2026-08-20T00:00:00Z,admin
140a4d1e-e2d1-4cc9-ad53-1e905bca7ca7,5282f77e-cf48-4372-80e6-354bc0729833,Z00531DY,2026-08-20T00:00:00Z,admin,2026-08-20T00:00:00Z,admin
0e372102-6fe8-4900-bcdf-e45bf249e48b,5282f77e-cf48-4372-80e6-354bc0729833,Z004XVAC,2026-08-20T00:00:00Z,admin,2026-08-20T00:00:00Z,admin
f6895041-f70b-4b7e-b957-6851765dddf4,5282f77e-cf48-4372-80e6-354bc0729833,Z0052TYP,2026-08-20T00:00:00Z,admin,2026-08-20T00:00:00Z,admin
c504c81a-8eb3-4ea9-8b52-f9f75d3cccc8,5282f77e-cf48-4372-80e6-354bc0729833,Z002Z66N,2026-08-20T00:00:00Z,admin,2026-08-20T00:00:00Z,admin
0b174771-10d3-4f82-bdef-5edb50f8628c,5282f77e-cf48-4372-80e6-354bc0729833,Z004YK1R,2026-08-20T00:00:00Z,admin,2026-08-20T00:00:00Z,admin
bd58ee8f-1a8c-45c9-ad8f-444db4552b42,5282f77e-cf48-4372-80e6-354bc0729833,Z004Z7ZE,2026-08-20T00:00:00Z,admin,2026-08-20T00:00:00Z,admin
39b17459-ed8d-42aa-89d3-f1a7f3f6cfc9,5282f77e-cf48-4372-80e6-354bc0729833,Z0054KNE,2026-08-20T00:00:00Z,admin,2026-08-20T00:00:00Z,admin
d20b6520-a37b-4bd5-a300-992f99966d7b,5282f77e-cf48-4372-80e6-354bc0729833,Z0028XMJ,2026-08-20T00:00:00Z,admin,2026-08-20T00:00:00Z,admin
65d5b89a-8057-440e-a03b-f698e5860a61,5282f77e-cf48-4372-80e6-354bc0729833,Z004FUJT,2026-08-20T00:00:00Z,admin,2026-08-20T00:00:00Z,admin
68b0b2e9-9032-430a-aa05-11c449ffa790,5282f77e-cf48-4372-80e6-354bc0729833,Z001WYDU,2026-08-20T00:00:00Z,admin,2026-08-20T00:00:00Z,admin
6711cac9-7c53-476a-b4a6-c539c451c858,5282f77e-cf48-4372-80e6-354bc0729833,Z0014WKT,2026-08-20T00:00:00Z,admin,2026-08-20T00:00:00Z,admin
d92c22d9-c98d-416a-a3ad-fb77b1dc1b3c,5282f77e-cf48-4372-80e6-354bc0729833,Z0039MYX,2026-08-20T00:00:00Z,admin,2026-08-20T00:00:00Z,admin
ac0f41e1-b873-4629-b663-038e9d31c374,5282f77e-cf48-4372-80e6-354bc0729833,Z0051EJU,2026-08-20T00:00:00Z,admin,2026-08-20T00:00:00Z,admin
5b91b51b-3098-4013-bafd-54d89dd3627d,5282f77e-cf48-4372-80e6-354bc0729833,Z003RN6R,2026-08-20T00:00:00Z,admin,2026-08-20T00:00:00Z,admin
cad68aa9-51a7-4fbc-9d55-cce0ef35138f,5282f77e-cf48-4372-80e6-354bc0729833,Z0046D7W,2026-08-20T00:00:00Z,admin,2026-08-20T00:00:00Z,admin
6ce29ee7-983b-4429-8297-e5e3d0e0d478,5282f77e-cf48-4372-80e6-354bc0729833,Z000268E,2026-08-20T00:00:00Z,admin,2026-08-20T00:00:00Z,admin
1500e552-1394-45bb-a43b-f52de51e0b25,5282f77e-cf48-4372-80e6-354bc0729833,Z002JB9N,2026-08-20T00:00:00Z,admin,2026-08-20T00:00:00Z,admin
06520720-ba5a-40c2-82dd-994c9a67bed0,5282f77e-cf48-4372-80e6-354bc0729833,Z002ZJEH,2026-08-20T00:00:00Z,admin,2026-08-20T00:00:00Z,admin
64528042-27ae-4ea7-b475-00d1452a599b,5282f77e-cf48-4372-80e6-354bc0729833,Z0033TXK,2026-08-20T00:00:00Z,admin,2026-08-20T00:00:00Z,admin
d07059f8-e08e-4978-9cc7-f4aa0d9c717d,5282f77e-cf48-4372-80e6-354bc0729833,Z0037XDV,2026-08-20T00:00:00Z,admin,2026-08-20T00:00:00Z,admin
f576a50f-f91f-464d-b99b-9f99eebf5565,5282f77e-cf48-4372-80e6-354bc0729833,Z0030F0C,2026-08-20T00:00:00Z,admin,2026-08-20T00:00:00Z,admin
0f81e05b-c330-4711-bd1b-33f37e8a8d19,5282f77e-cf48-4372-80e6-354bc0729833,Z0049ETY,2026-08-20T00:00:00Z,admin,2026-08-20T00:00:00Z,admin
f04ce645-89c2-4a8b-9e5d-e2f9f089a305,5282f77e-cf48-4372-80e6-354bc0729833,Z00531ED,2026-08-20T00:00:00Z,admin,2026-08-20T00:00:00Z,admin
705a0adc-a568-4621-bfda-5924169ac4a8,5282f77e-cf48-4372-80e6-354bc0729833,Z00578UN,2026-08-20T00:00:00Z,admin,2026-08-20T00:00:00Z,admin
a2be9463-6583-4bc3-8218-607108ca964a,5282f77e-cf48-4372-80e6-354bc0729833,Z0022MPU,2026-08-20T00:00:00Z,admin,2026-08-20T00:00:00Z,admin
19339f48-8046-4519-8f8e-edeb9379295d,5282f77e-cf48-4372-80e6-354bc0729833,Z00360RB,2026-08-20T00:00:00Z,admin,2026-08-20T00:00:00Z,admin
8da162bd-3ebe-4b02-bed2-4898c88d1afb,5282f77e-cf48-4372-80e6-354bc0729833,Z00580YJ,2026-08-20T00:00:00Z,admin,2026-08-20T00:00:00Z,admin
fa47a0a8-cf6f-4bbe-9099-59b7c34a4d74,5282f77e-cf48-4372-80e6-354bc0729833,Z004XVAB,2026-08-20T00:00:00Z,admin,2026-08-20T00:00:00Z,admin
4731d397-34dd-46c0-977d-94ed1769f480,5282f77e-cf48-4372-80e6-354bc0729833,Z00503ZF,2026-08-20T00:00:00Z,admin,2026-08-20T00:00:00Z,admin
e2ff4d6f-e6f9-4264-bfa6-4f0296a1b442,5282f77e-cf48-4372-80e6-354bc0729833,Z0053X3Z,2026-08-20T00:00:00Z,admin,2026-08-20T00:00:00Z,admin
e8c90eca-4ac5-4d14-b414-600cb7c58960,5282f77e-cf48-4372-80e6-354bc0729833,Z004Z8HY,2026-08-20T00:00:00Z,admin,2026-08-20T00:00:00Z,admin
987b88d5-0b29-4e98-9667-b6aed835b4fd,5282f77e-cf48-4372-80e6-354bc0729833,Z00366PH,2026-08-20T00:00:00Z,admin,2026-08-20T00:00:00Z,admin
2e2de30a-07d4-40ec-88c7-549712bac236,5282f77e-cf48-4372-80e6-354bc0729833,Z002M9XR,2026-08-20T00:00:00Z,admin,2026-08-20T00:00:00Z,admin
344f93a3-19c3-455c-9636-a6a859c43cc5,5282f77e-cf48-4372-80e6-354bc0729833,Z0059DWT,2026-08-20T00:00:00Z,admin,2026-08-20T00:00:00Z,admin
73afa6ea-30b9-474d-800b-e2c65c75e44f,5282f77e-cf48-4372-80e6-354bc0729833,Z005989N,2026-08-20T00:00:00Z,admin,2026-08-20T00:00:00Z,admin
2d33d2d6-33b5-4a5e-82f1-903c548d4dfd,5282f77e-cf48-4372-80e6-354bc0729833,Z0059DYC,2026-08-20T00:00:00Z,admin,2026-08-20T00:00:00Z,admin
3556d4f9-2e83-4a9a-a65f-da684439f57a,5282f77e-cf48-4372-80e6-354bc0729833,Z0047WTV,2026-08-20T00:00:00Z,admin,2026-08-20T00:00:00Z,admin
fef39a05-7497-4e56-ba13-fb56f9af73ff,3664489d-53af-4a20-9822-3610d2930eb7,Z004TAMU,2026-08-20T00:00:00Z,admin,2026-08-20T00:00:00Z,admin
6fe0966b-202b-4567-9b1d-aa699f6590dd,3664489d-53af-4a20-9822-3610d2930eb7,Z00531DY,2026-08-20T00:00:00Z,admin,2026-08-20T00:00:00Z,admin
b98fe303-4609-4a17-9752-9e550b60dfae,3664489d-53af-4a20-9822-3610d2930eb7,Z004XVAC,2026-08-20T00:00:00Z,admin,2026-08-20T00:00:00Z,admin
6bbfab3d-276e-4987-891a-b314041b38ae,3664489d-53af-4a20-9822-3610d2930eb7,Z0052TYP,2026-08-20T00:00:00Z,admin,2026-08-20T00:00:00Z,admin
673a7d75-c32a-4e9f-802f-cda8767d7ca9,3664489d-53af-4a20-9822-3610d2930eb7,Z002Z66N,2026-08-20T00:00:00Z,admin,2026-08-20T00:00:00Z,admin
51b4a0dd-6f4e-4668-898e-88691ea457b4,3664489d-53af-4a20-9822-3610d2930eb7,Z004YK1R,2026-08-20T00:00:00Z,admin,2026-08-20T00:00:00Z,admin
9437cc74-ffdd-4fa0-a5d7-ba299c00db8c,3664489d-53af-4a20-9822-3610d2930eb7,Z004Z7ZE,2026-08-20T00:00:00Z,admin,2026-08-20T00:00:00Z,admin
b272b1a2-5f36-4678-825e-76dda2a17580,3664489d-53af-4a20-9822-3610d2930eb7,Z0054KNE,2026-08-20T00:00:00Z,admin,2026-08-20T00:00:00Z,admin
59ac81b9-f613-4b18-9a86-80ff8bb3bf0b,3664489d-53af-4a20-9822-3610d2930eb7,Z0028XMJ,2026-08-20T00:00:00Z,admin,2026-08-20T00:00:00Z,admin
ec3df71c-963d-41ab-97d2-f54bea57c3ef,3664489d-53af-4a20-9822-3610d2930eb7,Z004FUJT,2026-08-20T00:00:00Z,admin,2026-08-20T00:00:00Z,admin
24643ec8-fa97-4e80-9f6b-7c7a0e05666c,3664489d-53af-4a20-9822-3610d2930eb7,Z001WYDU,2026-08-20T00:00:00Z,admin,2026-08-20T00:00:00Z,admin
f42c44c9-3f15-4ae2-80cf-a4178182677c,3664489d-53af-4a20-9822-3610d2930eb7,Z0014WKT,2026-08-20T00:00:00Z,admin,2026-08-20T00:00:00Z,admin
0bca9084-95e6-4fee-b6e1-dfd78ef5a236,3664489d-53af-4a20-9822-3610d2930eb7,Z0039MYX,2026-08-20T00:00:00Z,admin,2026-08-20T00:00:00Z,admin
f0764554-e7ad-4854-b126-f6c6355c66cf,3664489d-53af-4a20-9822-3610d2930eb7,Z0051EJU,2026-08-20T00:00:00Z,admin,2026-08-20T00:00:00Z,admin
cc018683-fd54-4c65-adc7-5d14961df7ba,3664489d-53af-4a20-9822-3610d2930eb7,Z003RN6R,2026-08-20T00:00:00Z,admin,2026-08-20T00:00:00Z,admin
b7bf53d6-bc7e-4a04-9637-d1f8c0026017,3664489d-53af-4a20-9822-3610d2930eb7,Z0046D7W,2026-08-20T00:00:00Z,admin,2026-08-20T00:00:00Z,admin
fc682ff6-1304-4fb1-838e-25b5ef7d0d7e,3664489d-53af-4a20-9822-3610d2930eb7,Z000268E,2026-08-20T00:00:00Z,admin,2026-08-20T00:00:00Z,admin
fd9d891d-d720-4193-96cd-16418e9a3b06,3664489d-53af-4a20-9822-3610d2930eb7,Z002JB9N,2026-08-20T00:00:00Z,admin,2026-08-20T00:00:00Z,admin
ce27a560-1274-4af5-8e11-e157fcafdb7d,3664489d-53af-4a20-9822-3610d2930eb7,Z002ZJEH,2026-08-20T00:00:00Z,admin,2026-08-20T00:00:00Z,admin
a99daacd-3c16-41a3-93c2-483e37b8ae66,3664489d-53af-4a20-9822-3610d2930eb7,Z0033TXK,2026-08-20T00:00:00Z,admin,2026-08-20T00:00:00Z,admin
12cc654f-2879-4839-a3e2-7ea620f25ff3,3664489d-53af-4a20-9822-3610d2930eb7,Z0037XDV,2026-08-20T00:00:00Z,admin,2026-08-20T00:00:00Z,admin
260701a6-27a1-414e-b622-2fcdc654da87,3664489d-53af-4a20-9822-3610d2930eb7,Z0030F0C,2026-08-20T00:00:00Z,admin,2026-08-20T00:00:00Z,admin
2cd8f9c9-7893-4aee-9c2b-91a5f4e7f6ee,3664489d-53af-4a20-9822-3610d2930eb7,Z0049ETY,2026-08-20T00:00:00Z,admin,2026-08-20T00:00:00Z,admin
66cc3ad5-bf9c-42c2-9b76-3d9139f0aa2c,3664489d-53af-4a20-9822-3610d2930eb7,Z00531ED,2026-08-20T00:00:00Z,admin,2026-08-20T00:00:00Z,admin
40c8dbb3-2cd5-451c-b1c7-305e02b9d4b1,3664489d-53af-4a20-9822-3610d2930eb7,Z00578UN,2026-08-20T00:00:00Z,admin,2026-08-20T00:00:00Z,admin
963a406e-fb81-4653-b4bd-29ca5d80c903,3664489d-53af-4a20-9822-3610d2930eb7,Z0022MPU,2026-08-20T00:00:00Z,admin,2026-08-20T00:00:00Z,admin
0abd97a5-85f2-4579-819d-78aebdc11fdc,3664489d-53af-4a20-9822-3610d2930eb7,Z00360RB,2026-08-20T00:00:00Z,admin,2026-08-20T00:00:00Z,admin
6d0f6f67-7d4c-457b-b6a5-56d1570d34a2,3664489d-53af-4a20-9822-3610d2930eb7,Z00580YJ,2026-08-20T00:00:00Z,admin,2026-08-20T00:00:00Z,admin
abbfd7a2-6785-43ad-b6fc-27d208e923e2,3664489d-53af-4a20-9822-3610d2930eb7,Z004XVAB,2026-08-20T00:00:00Z,admin,2026-08-20T00:00:00Z,admin
9aea9da8-cd35-4ff3-88cd-30026ee864b9,3664489d-53af-4a20-9822-3610d2930eb7,Z00503ZF,2026-08-20T00:00:00Z,admin,2026-08-20T00:00:00Z,admin
276d64cf-26ea-49f9-a12f-b9f70e285b77,3664489d-53af-4a20-9822-3610d2930eb7,Z0053X3Z,2026-08-20T00:00:00Z,admin,2026-08-20T00:00:00Z,admin
04648fe3-fbbf-492b-93c2-e42ee5db9398,3664489d-53af-4a20-9822-3610d2930eb7,Z004Z8HY,2026-08-20T00:00:00Z,admin,2026-08-20T00:00:00Z,admin
0111dc77-45d4-49b2-bb8a-6e06c902f01e,3664489d-53af-4a20-9822-3610d2930eb7,Z00366PH,2026-08-20T00:00:00Z,admin,2026-08-20T00:00:00Z,admin
e18bc6fa-6c10-4ea7-af51-14b848587ef9,3664489d-53af-4a20-9822-3610d2930eb7,Z002M9XR,2026-08-20T00:00:00Z,admin,2026-08-20T00:00:00Z,admin
08bb5efb-bcb4-4d28-86b7-b35e9dfb429c,3664489d-53af-4a20-9822-3610d2930eb7,Z0059DWT,2026-08-20T00:00:00Z,admin,2026-08-20T00:00:00Z,admin
a4c80bf0-7ef5-404c-8537-9f228f5da0e9,3664489d-53af-4a20-9822-3610d2930eb7,Z005989N,2026-08-20T00:00:00Z,admin,2026-08-20T00:00:00Z,admin
2e1f8b58-52c7-4423-8089-76b8ed223150,3664489d-53af-4a20-9822-3610d2930eb7,Z0059DYC,2026-08-20T00:00:00Z,admin,2026-08-20T00:00:00Z,admin
9e0c7f4b-3bca-4ed5-92fc-f9fa544cd6a1,3664489d-53af-4a20-9822-3610d2930eb7,Z0047WTV,2026-08-20T00:00:00Z,admin,2026-08-20T00:00:00Z,admin
3a0fd4d7-a597-4b0d-b677-e4ff54296097,570b4739-c14c-4c67-b3b2-d74fbf22427c,Z004TAMU,2026-08-20T00:00:00Z,admin,2026-08-20T00:00:00Z,admin
add5d06a-60e5-464c-8d04-45b6ea5b7fc1,570b4739-c14c-4c67-b3b2-d74fbf22427c,Z00531DY,2026-08-20T00:00:00Z,admin,2026-08-20T00:00:00Z,admin
56da9ad1-2fd0-4151-8cd3-5cfddb3f0270,570b4739-c14c-4c67-b3b2-d74fbf22427c,Z004XVAC,2026-08-20T00:00:00Z,admin,2026-08-20T00:00:00Z,admin
233576ff-7ad1-4cff-95e6-33a3bd2f041d,570b4739-c14c-4c67-b3b2-d74fbf22427c,Z0052TYP,2026-08-20T00:00:00Z,admin,2026-08-20T00:00:00Z,admin
6547c912-6175-4b8d-a49e-78172d8eee99,570b4739-c14c-4c67-b3b2-d74fbf22427c,Z002Z66N,2026-08-20T00:00:00Z,admin,2026-08-20T00:00:00Z,admin
524f1663-f094-4942-abe4-cc353e12afaa,570b4739-c14c-4c67-b3b2-d74fbf22427c,Z004YK1R,2026-08-20T00:00:00Z,admin,2026-08-20T00:00:00Z,admin
a666da0e-d42b-4ea0-9dbb-b10ec7138be3,570b4739-c14c-4c67-b3b2-d74fbf22427c,Z004Z7ZE,2026-08-20T00:00:00Z,admin,2026-08-20T00:00:00Z,admin
828c47f4-e04f-4a24-85eb-abe9f011a65d,570b4739-c14c-4c67-b3b2-d74fbf22427c,Z0054KNE,2026-08-20T00:00:00Z,admin,2026-08-20T00:00:00Z,admin
1c0b58ea-3d83-45cc-b4ad-2a309bd9fce0,570b4739-c14c-4c67-b3b2-d74fbf22427c,Z0028XMJ,2026-08-20T00:00:00Z,admin,2026-08-20T00:00:00Z,admin
889d5988-16a4-4bf5-bc0b-052435075caa,570b4739-c14c-4c67-b3b2-d74fbf22427c,Z004FUJT,2026-08-20T00:00:00Z,admin,2026-08-20T00:00:00Z,admin
da6e5c65-bc62-4582-9510-975d1c172e16,570b4739-c14c-4c67-b3b2-d74fbf22427c,Z001WYDU,2026-08-20T00:00:00Z,admin,2026-08-20T00:00:00Z,admin
a2d96b44-2775-4147-91dd-1b0131234c63,570b4739-c14c-4c67-b3b2-d74fbf22427c,Z0014WKT,2026-08-20T00:00:00Z,admin,2026-08-20T00:00:00Z,admin
d8ea0a84-6938-42cf-a710-ca48b60e6785,570b4739-c14c-4c67-b3b2-d74fbf22427c,Z0039MYX,2026-08-20T00:00:00Z,admin,2026-08-20T00:00:00Z,admin
988496a5-4c6b-4eaa-ba88-fa73265723e9,570b4739-c14c-4c67-b3b2-d74fbf22427c,Z0051EJU,2026-08-20T00:00:00Z,admin,2026-08-20T00:00:00Z,admin
add85813-d95c-41f6-8553-283ea76ef672,570b4739-c14c-4c67-b3b2-d74fbf22427c,Z003RN6R,2026-08-20T00:00:00Z,admin,2026-08-20T00:00:00Z,admin
a7e8faff-f5f1-48ba-b166-8d1cd2b3f1ef,570b4739-c14c-4c67-b3b2-d74fbf22427c,Z0046D7W,2026-08-20T00:00:00Z,admin,2026-08-20T00:00:00Z,admin
c3465865-defc-4c2d-a55f-d51b6626a262,570b4739-c14c-4c67-b3b2-d74fbf22427c,Z000268E,2026-08-20T00:00:00Z,admin,2026-08-20T00:00:00Z,admin
033bd54d-8233-4059-842f-bef07c54f113,570b4739-c14c-4c67-b3b2-d74fbf22427c,Z002JB9N,2026-08-20T00:00:00Z,admin,2026-08-20T00:00:00Z,admin
fb9e9176-99af-4726-9d3b-336dfb513703,570b4739-c14c-4c67-b3b2-d74fbf22427c,Z002ZJEH,2026-08-20T00:00:00Z,admin,2026-08-20T00:00:00Z,admin
15a73a50-fa7e-4eaa-b6a0-8f08e4ca832c,570b4739-c14c-4c67-b3b2-d74fbf22427c,Z0033TXK,2026-08-20T00:00:00Z,admin,2026-08-20T00:00:00Z,admin
19dcc4c9-84a7-4481-8cd2-4f7551af90ae,570b4739-c14c-4c67-b3b2-d74fbf22427c,Z0037XDV,2026-08-20T00:00:00Z,admin,2026-08-20T00:00:00Z,admin
a96d4cd5-b374-49d6-8547-1a9ee3d65d6d,570b4739-c14c-4c67-b3b2-d74fbf22427c,Z0030F0C,2026-08-20T00:00:00Z,admin,2026-08-20T00:00:00Z,admin
1c7bee6c-f363-410b-a670-3fc3c4a7db71,570b4739-c14c-4c67-b3b2-d74fbf22427c,Z0049ETY,2026-08-20T00:00:00Z,admin,2026-08-20T00:00:00Z,admin
b94738df-e640-4f5f-a4ac-7795dadce317,570b4739-c14c-4c67-b3b2-d74fbf22427c,Z00531ED,2026-08-20T00:00:00Z,admin,2026-08-20T00:00:00Z,admin
e1de76fc-965a-41ed-991d-47b8d16fc21c,570b4739-c14c-4c67-b3b2-d74fbf22427c,Z00578UN,2026-08-20T00:00:00Z,admin,2026-08-20T00:00:00Z,admin
6ee58ab9-db39-47c9-811b-166f91935bcc,570b4739-c14c-4c67-b3b2-d74fbf22427c,Z0022MPU,2026-08-20T00:00:00Z,admin,2026-08-20T00:00:00Z,admin
9c2896e5-42a9-4e8d-b048-9ed22f8b6507,570b4739-c14c-4c67-b3b2-d74fbf22427c,Z00360RB,2026-08-20T00:00:00Z,admin,2026-08-20T00:00:00Z,admin
284e5f2e-b637-4cee-9e08-18e9b8e689fb,570b4739-c14c-4c67-b3b2-d74fbf22427c,Z00580YJ,2026-08-20T00:00:00Z,admin,2026-08-20T00:00:00Z,admin
a6b05628-a43d-4b52-9507-3494e2c02de9,570b4739-c14c-4c67-b3b2-d74fbf22427c,Z004XVAB,2026-08-20T00:00:00Z,admin,2026-08-20T00:00:00Z,admin
ec061ecc-faf0-4a6b-88b8-2c946f1ef04c,570b4739-c14c-4c67-b3b2-d74fbf22427c,Z00503ZF,2026-08-20T00:00:00Z,admin,2026-08-20T00:00:00Z,admin
a42ae850-d8fb-491a-b40b-d2d9c1752233,570b4739-c14c-4c67-b3b2-d74fbf22427c,Z0053X3Z,2026-08-20T00:00:00Z,admin,2026-08-20T00:00:00Z,admin
7eee2b7c-db5d-4f87-abeb-95f3e970fb97,570b4739-c14c-4c67-b3b2-d74fbf22427c,Z004Z8HY,2026-08-20T00:00:00Z,admin,2026-08-20T00:00:00Z,admin
31d753cc-44b5-41e5-8a0e-8f4bd230d780,570b4739-c14c-4c67-b3b2-d74fbf22427c,Z00366PH,2026-08-20T00:00:00Z,admin,2026-08-20T00:00:00Z,admin
52b544ba-d75c-4f0d-89f9-0fb3e2455085,570b4739-c14c-4c67-b3b2-d74fbf22427c,Z002M9XR,2026-08-20T00:00:00Z,admin,2026-08-20T00:00:00Z,admin
2e170341-4caf-436c-bd4c-06d9443c45f9,570b4739-c14c-4c67-b3b2-d74fbf22427c,Z0059DWT,2026-08-20T00:00:00Z,admin,2026-08-20T00:00:00Z,admin
4ac19570-cf11-4b25-b7d4-c7dfe39581ab,570b4739-c14c-4c67-b3b2-d74fbf22427c,Z005989N,2026-08-20T00:00:00Z,admin,2026-08-20T00:00:00Z,admin
54606f5f-3d59-4fb6-b989-c4794d9aab68,570b4739-c14c-4c67-b3b2-d74fbf22427c,Z0059DYC,2026-08-20T00:00:00Z,admin,2026-08-20T00:00:00Z,admin
2e7ddbf8-3240-426e-af9b-3819e7db9048,570b4739-c14c-4c67-b3b2-d74fbf22427c,Z0047WTV,2026-08-20T00:00:00Z,admin,2026-08-20T00:00:00Z,admin
3c3f3577-77ca-44f7-8d38-c2549bf5ca4e,ac7019f8-0597-409d-ace5-921562bfdba9,Z004TAMU,2026-08-20T00:00:00Z,admin,2026-08-20T00:00:00Z,admin
c3a333e2-94b1-4dcd-b9e9-03dca623549d,ac7019f8-0597-409d-ace5-921562bfdba9,Z00531DY,2026-08-20T00:00:00Z,admin,2026-08-20T00:00:00Z,admin
720ed9ad-aba0-40fb-b7fc-e55164c8cc33,ac7019f8-0597-409d-ace5-921562bfdba9,Z004XVAC,2026-08-20T00:00:00Z,admin,2026-08-20T00:00:00Z,admin
d5bbbe62-a651-4e31-877d-6888c331fa09,ac7019f8-0597-409d-ace5-921562bfdba9,Z0052TYP,2026-08-20T00:00:00Z,admin,2026-08-20T00:00:00Z,admin
e6da3e56-a599-45c8-9c06-c0cbc027099a,ac7019f8-0597-409d-ace5-921562bfdba9,Z002Z66N,2026-08-20T00:00:00Z,admin,2026-08-20T00:00:00Z,admin
ab95effe-a0d3-419f-bfe6-85bacdcc0e9a,ac7019f8-0597-409d-ace5-921562bfdba9,Z004YK1R,2026-08-20T00:00:00Z,admin,2026-08-20T00:00:00Z,admin
385433b4-66a7-4c83-b8c7-169c72b737e3,ac7019f8-0597-409d-ace5-921562bfdba9,Z004Z7ZE,2026-08-20T00:00:00Z,admin,2026-08-20T00:00:00Z,admin
0f6b8425-54b5-409b-acb1-618b8918838a,ac7019f8-0597-409d-ace5-921562bfdba9,Z0054KNE,2026-08-20T00:00:00Z,admin,2026-08-20T00:00:00Z,admin
fc1aec64-1059-4040-b3e8-0ed8d93b3fea,ac7019f8-0597-409d-ace5-921562bfdba9,Z0028XMJ,2026-08-20T00:00:00Z,admin,2026-08-20T00:00:00Z,admin
6430140f-2983-4b47-b806-8b46339fb854,ac7019f8-0597-409d-ace5-921562bfdba9,Z004FUJT,2026-08-20T00:00:00Z,admin,2026-08-20T00:00:00Z,admin
825658f8-f8fd-4111-a1e1-8c0b6fed7586,ac7019f8-0597-409d-ace5-921562bfdba9,Z001WYDU,2026-08-20T00:00:00Z,admin,2026-08-20T00:00:00Z,admin
0bdf5cc5-e2c3-47ed-9ca2-2999bb782d47,ac7019f8-0597-409d-ace5-921562bfdba9,Z0014WKT,2026-08-20T00:00:00Z,admin,2026-08-20T00:00:00Z,admin
94b6f0d6-13da-4d1e-aadb-fc37630f2991,ac7019f8-0597-409d-ace5-921562bfdba9,Z0039MYX,2026-08-20T00:00:00Z,admin,2026-08-20T00:00:00Z,admin
3326efdf-a4ed-4906-a6f5-b7ed63b62037,ac7019f8-0597-409d-ace5-921562bfdba9,Z0051EJU,2026-08-20T00:00:00Z,admin,2026-08-20T00:00:00Z,admin
9a562d54-1e9a-4f65-b362-ba454f387ba7,ac7019f8-0597-409d-ace5-921562bfdba9,Z003RN6R,2026-08-20T00:00:00Z,admin,2026-08-20T00:00:00Z,admin
7e0e82d2-d2b0-42ba-9691-a4d800346b1a,ac7019f8-0597-409d-ace5-921562bfdba9,Z0046D7W,2026-08-20T00:00:00Z,admin,2026-08-20T00:00:00Z,admin
7058c202-3356-4729-8f7d-aa66445ccbf6,ac7019f8-0597-409d-ace5-921562bfdba9,Z000268E,2026-08-20T00:00:00Z,admin,2026-08-20T00:00:00Z,admin
8c8b0057-03d7-4841-af12-e9da8fb5de9d,ac7019f8-0597-409d-ace5-921562bfdba9,Z002JB9N,2026-08-20T00:00:00Z,admin,2026-08-20T00:00:00Z,admin
511257d8-7be4-4f54-a2ac-301be14e82cb,ac7019f8-0597-409d-ace5-921562bfdba9,Z002ZJEH,2026-08-20T00:00:00Z,admin,2026-08-20T00:00:00Z,admin
5309b364-e31f-4588-b295-23a11d226958,ac7019f8-0597-409d-ace5-921562bfdba9,Z0033TXK,2026-08-20T00:00:00Z,admin,2026-08-20T00:00:00Z,admin
4900b6a2-14d1-472f-a7d4-cee9f22db323,ac7019f8-0597-409d-ace5-921562bfdba9,Z0037XDV,2026-08-20T00:00:00Z,admin,2026-08-20T00:00:00Z,admin
1dfccf40-cad3-46a3-98a1-ce908b024c50,ac7019f8-0597-409d-ace5-921562bfdba9,Z0030F0C,2026-08-20T00:00:00Z,admin,2026-08-20T00:00:00Z,admin
d8806494-f8b6-4c7f-8724-b6818f531923,ac7019f8-0597-409d-ace5-921562bfdba9,Z0049ETY,2026-08-20T00:00:00Z,admin,2026-08-20T00:00:00Z,admin
9d0a01f8-eff7-4057-8e19-4ac55011c2ca,ac7019f8-0597-409d-ace5-921562bfdba9,Z00531ED,2026-08-20T00:00:00Z,admin,2026-08-20T00:00:00Z,admin
5b3e4eec-06f4-42f0-b0c9-5340f7b97e6e,ac7019f8-0597-409d-ace5-921562bfdba9,Z00578UN,2026-08-20T00:00:00Z,admin,2026-08-20T00:00:00Z,admin
656ce5ea-85b4-4b48-9a26-a5767d83f3fb,ac7019f8-0597-409d-ace5-921562bfdba9,Z0022MPU,2026-08-20T00:00:00Z,admin,2026-08-20T00:00:00Z,admin
9ec77b19-ef78-4853-9730-e63a79ed60ff,ac7019f8-0597-409d-ace5-921562bfdba9,Z00360RB,2026-08-20T00:00:00Z,admin,2026-08-20T00:00:00Z,admin
7bb291c2-fd44-473a-91dd-1aee22207872,ac7019f8-0597-409d-ace5-921562bfdba9,Z00580YJ,2026-08-20T00:00:00Z,admin,2026-08-20T00:00:00Z,admin
f0b1cda1-deba-4d53-9a5e-4e3194ec62a9,ac7019f8-0597-409d-ace5-921562bfdba9,Z004XVAB,2026-08-20T00:00:00Z,admin,2026-08-20T00:00:00Z,admin
9fb78397-331f-44c1-a5b7-0b9846f3add9,ac7019f8-0597-409d-ace5-921562bfdba9,Z00503ZF,2026-08-20T00:00:00Z,admin,2026-08-20T00:00:00Z,admin
99abadfc-99da-4386-b69e-9cc7b12df576,ac7019f8-0597-409d-ace5-921562bfdba9,Z0053X3Z,2026-08-20T00:00:00Z,admin,2026-08-20T00:00:00Z,admin
7ab544f0-1fcb-451f-8049-b715b503af05,ac7019f8-0597-409d-ace5-921562bfdba9,Z004Z8HY,2026-08-20T00:00:00Z,admin,2026-08-20T00:00:00Z,admin
7241b8d8-d037-4c82-b11d-f4d3a0080548,ac7019f8-0597-409d-ace5-921562bfdba9,Z00366PH,2026-08-20T00:00:00Z,admin,2026-08-20T00:00:00Z,admin
912c2f57-cfe4-43bb-b67c-c65cd9260257,ac7019f8-0597-409d-ace5-921562bfdba9,Z002M9XR,2026-08-20T00:00:00Z,admin,2026-08-20T00:00:00Z,admin
eb637b35-5dd1-48b5-bd2e-de7536fe7d60,ac7019f8-0597-409d-ace5-921562bfdba9,Z0059DWT,2026-08-20T00:00:00Z,admin,2026-08-20T00:00:00Z,admin
d7c36f23-80cf-441c-b8c7-2060d54b4c0f,ac7019f8-0597-409d-ace5-921562bfdba9,Z005989N,2026-08-20T00:00:00Z,admin,2026-08-20T00:00:00Z,admin
06d55cf1-bb6e-436a-a654-75623894da7d,ac7019f8-0597-409d-ace5-921562bfdba9,Z0059DYC,2026-08-20T00:00:00Z,admin,2026-08-20T00:00:00Z,admin
052c8711-6c6e-4547-a276-2ab67c782e10,ac7019f8-0597-409d-ace5-921562bfdba9,Z0047WTV,2026-08-20T00:00:00Z,admin,2026-08-20T00:00:00Z,admin
29ffb90c-8d1a-4f60-96fa-5296bef55b2c,80b2b6c2-de7f-41ae-bb06-b65e71a94e73,Z004TAMU,2026-08-20T00:00:00Z,admin,2026-08-20T00:00:00Z,admin
8d5601a4-9c96-4c08-87c4-f68363a8e424,80b2b6c2-de7f-41ae-bb06-b65e71a94e73,Z00531DY,2026-08-20T00:00:00Z,admin,2026-08-20T00:00:00Z,admin
a703770f-2887-4a54-9a3b-0aab6ee4fa0f,80b2b6c2-de7f-41ae-bb06-b65e71a94e73,Z004XVAC,2026-08-20T00:00:00Z,admin,2026-08-20T00:00:00Z,admin
34da1d61-1cf0-47a7-a729-a0cc8ecd035a,80b2b6c2-de7f-41ae-bb06-b65e71a94e73,Z0052TYP,2026-08-20T00:00:00Z,admin,2026-08-20T00:00:00Z,admin
f0f80e2d-d7ad-4510-9364-c316b1b10961,80b2b6c2-de7f-41ae-bb06-b65e71a94e73,Z002Z66N,2026-08-20T00:00:00Z,admin,2026-08-20T00:00:00Z,admin
67d3ae09-5532-411f-adee-11d97f25b31d,80b2b6c2-de7f-41ae-bb06-b65e71a94e73,Z004YK1R,2026-08-20T00:00:00Z,admin,2026-08-20T00:00:00Z,admin
d2f4ec4d-8b36-4773-be38-f5dd8fa91a0b,80b2b6c2-de7f-41ae-bb06-b65e71a94e73,Z004Z7ZE,2026-08-20T00:00:00Z,admin,2026-08-20T00:00:00Z,admin
1dd701e4-9ef6-4460-add4-a3f022fe575a,80b2b6c2-de7f-41ae-bb06-b65e71a94e73,Z0054KNE,2026-08-20T00:00:00Z,admin,2026-08-20T00:00:00Z,admin
82247b32-69a6-4b88-9eb9-d389d848d782,80b2b6c2-de7f-41ae-bb06-b65e71a94e73,Z0028XMJ,2026-08-20T00:00:00Z,admin,2026-08-20T00:00:00Z,admin
ce2cc859-fac8-4ff2-b306-b33485841b55,80b2b6c2-de7f-41ae-bb06-b65e71a94e73,Z004FUJT,2026-08-20T00:00:00Z,admin,2026-08-20T00:00:00Z,admin
4bcae6fa-efa4-4a04-8b6b-a2db21530c02,80b2b6c2-de7f-41ae-bb06-b65e71a94e73,Z001WYDU,2026-08-20T00:00:00Z,admin,2026-08-20T00:00:00Z,admin
cb260a9d-0605-4add-bed4-229da23214cb,80b2b6c2-de7f-41ae-bb06-b65e71a94e73,Z0014WKT,2026-08-20T00:00:00Z,admin,2026-08-20T00:00:00Z,admin
260f592c-c42b-4a88-8b4b-e659d1b86935,80b2b6c2-de7f-41ae-bb06-b65e71a94e73,Z0039MYX,2026-08-20T00:00:00Z,admin,2026-08-20T00:00:00Z,admin
1e8d5f34-ab94-49ba-8e5e-0102b689bc62,80b2b6c2-de7f-41ae-bb06-b65e71a94e73,Z0051EJU,2026-08-20T00:00:00Z,admin,2026-08-20T00:00:00Z,admin
77989296-7a3d-4104-85f2-dd057e01c3ea,80b2b6c2-de7f-41ae-bb06-b65e71a94e73,Z003RN6R,2026-08-20T00:00:00Z,admin,2026-08-20T00:00:00Z,admin
8ba8fbda-25b9-46e9-81a2-37feb8cf7a8d,80b2b6c2-de7f-41ae-bb06-b65e71a94e73,Z0046D7W,2026-08-20T00:00:00Z,admin,2026-08-20T00:00:00Z,admin
5502dbf8-3750-411f-805f-96f34c75c988,80b2b6c2-de7f-41ae-bb06-b65e71a94e73,Z000268E,2026-08-20T00:00:00Z,admin,2026-08-20T00:00:00Z,admin
6c4166b9-bd88-4595-b778-3ffec98adf55,80b2b6c2-de7f-41ae-bb06-b65e71a94e73,Z002JB9N,2026-08-20T00:00:00Z,admin,2026-08-20T00:00:00Z,admin
2503f9cb-6e5b-4b27-8b71-9184e42df969,80b2b6c2-de7f-41ae-bb06-b65e71a94e73,Z002ZJEH,2026-08-20T00:00:00Z,admin,2026-08-20T00:00:00Z,admin
7901780e-e03b-4de5-abea-674125a46184,80b2b6c2-de7f-41ae-bb06-b65e71a94e73,Z0033TXK,2026-08-20T00:00:00Z,admin,2026-08-20T00:00:00Z,admin
de5298fb-59bc-4b0c-bf6e-4e8a195edc70,80b2b6c2-de7f-41ae-bb06-b65e71a94e73,Z0037XDV,2026-08-20T00:00:00Z,admin,2026-08-20T00:00:00Z,admin
6155f0d8-9ce6-466f-b3fd-d695bc6e8410,80b2b6c2-de7f-41ae-bb06-b65e71a94e73,Z0030F0C,2026-08-20T00:00:00Z,admin,2026-08-20T00:00:00Z,admin
ec4f77f6-bc27-4023-91f3-0d5446fbd41f,80b2b6c2-de7f-41ae-bb06-b65e71a94e73,Z0049ETY,2026-08-20T00:00:00Z,admin,2026-08-20T00:00:00Z,admin
0c5343da-5439-45e9-89f3-380a63712ff0,80b2b6c2-de7f-41ae-bb06-b65e71a94e73,Z00531ED,2026-08-20T00:00:00Z,admin,2026-08-20T00:00:00Z,admin
86446752-06e9-45ef-8303-2f0ba86bf6e6,80b2b6c2-de7f-41ae-bb06-b65e71a94e73,Z00578UN,2026-08-20T00:00:00Z,admin,2026-08-20T00:00:00Z,admin
89e396a3-8260-44a0-81eb-6ecbdf97f30f,80b2b6c2-de7f-41ae-bb06-b65e71a94e73,Z0022MPU,2026-08-20T00:00:00Z,admin,2026-08-20T00:00:00Z,admin
6ec5feaa-c989-4e60-a308-04001e74c80c,80b2b6c2-de7f-41ae-bb06-b65e71a94e73,Z00360RB,2026-08-20T00:00:00Z,admin,2026-08-20T00:00:00Z,admin
05e43eb7-607e-493a-9f3c-47b9b7e8e88a,80b2b6c2-de7f-41ae-bb06-b65e71a94e73,Z00580YJ,2026-08-20T00:00:00Z,admin,2026-08-20T00:00:00Z,admin
27806c01-831b-42fe-bf55-7416c81f0051,80b2b6c2-de7f-41ae-bb06-b65e71a94e73,Z004XVAB,2026-08-20T00:00:00Z,admin,2026-08-20T00:00:00Z,admin
c6a18f37-5a47-4e64-bdf7-7e49b9619132,80b2b6c2-de7f-41ae-bb06-b65e71a94e73,Z00503ZF,2026-08-20T00:00:00Z,admin,2026-08-20T00:00:00Z,admin
d01c8bd4-7cd0-4478-ae3d-6a6f1a959384,80b2b6c2-de7f-41ae-bb06-b65e71a94e73,Z0053X3Z,2026-08-20T00:00:00Z,admin,2026-08-20T00:00:00Z,admin
a327ff2f-75de-4cc1-8872-a41b6027f0fa,80b2b6c2-de7f-41ae-bb06-b65e71a94e73,Z004Z8HY,2026-08-20T00:00:00Z,admin,2026-08-20T00:00:00Z,admin
8e82bc55-0d85-48bd-a8bf-eb8f4dafeca2,80b2b6c2-de7f-41ae-bb06-b65e71a94e73,Z00366PH,2026-08-20T00:00:00Z,admin,2026-08-20T00:00:00Z,admin
f2cafddc-658a-4333-b592-b5160f146749,80b2b6c2-de7f-41ae-bb06-b65e71a94e73,Z002M9XR,2026-08-20T00:00:00Z,admin,2026-08-20T00:00:00Z,admin
e832ae19-2499-439b-ad39-305358bff894,80b2b6c2-de7f-41ae-bb06-b65e71a94e73,Z0059DWT,2026-08-20T00:00:00Z,admin,2026-08-20T00:00:00Z,admin
cefdd749-ba0b-40be-a758-7b1362bb14d6,80b2b6c2-de7f-41ae-bb06-b65e71a94e73,Z005989N,2026-08-20T00:00:00Z,admin,2026-08-20T00:00:00Z,admin
345378e1-7983-44c3-8d9c-5b70a2ead200,80b2b6c2-de7f-41ae-bb06-b65e71a94e73,Z0059DYC,2026-08-20T00:00:00Z,admin,2026-08-20T00:00:00Z,admin
221c8175-73c7-4f61-bd78-d1ba2998fa56,80b2b6c2-de7f-41ae-bb06-b65e71a94e73,Z0047WTV,2026-08-20T00:00:00Z,admin,2026-08-20T00:00:00Z,admin
72000f2a-3df1-484e-8ca2-7b51e7d02085,f18e65e6-8728-4e0f-9978-fcfcca13b186,Z004TAMU,2026-08-20T00:00:00Z,admin,2026-08-20T00:00:00Z,admin
4e3a7f5b-b335-436c-90e4-0230a01eaf27,f18e65e6-8728-4e0f-9978-fcfcca13b186,Z00531DY,2026-08-20T00:00:00Z,admin,2026-08-20T00:00:00Z,admin
3a10a989-cb99-4ef6-8797-95f8aa0a1648,f18e65e6-8728-4e0f-9978-fcfcca13b186,Z004XVAC,2026-08-20T00:00:00Z,admin,2026-08-20T00:00:00Z,admin
0e99e675-905f-4f63-bf2b-f68210589ea2,f18e65e6-8728-4e0f-9978-fcfcca13b186,Z0052TYP,2026-08-20T00:00:00Z,admin,2026-08-20T00:00:00Z,admin
b6534809-1860-4e58-9f30-ac23b485e432,f18e65e6-8728-4e0f-9978-fcfcca13b186,Z002Z66N,2026-08-20T00:00:00Z,admin,2026-08-20T00:00:00Z,admin
d65407c4-865a-47db-a2d2-9c1d5fd55035,f18e65e6-8728-4e0f-9978-fcfcca13b186,Z004YK1R,2026-08-20T00:00:00Z,admin,2026-08-20T00:00:00Z,admin
bb92e2cd-736f-450b-95a2-e67f43ddd7f3,f18e65e6-8728-4e0f-9978-fcfcca13b186,Z004Z7ZE,2026-08-20T00:00:00Z,admin,2026-08-20T00:00:00Z,admin
411a9da2-77e7-483c-bd11-ba7310237a41,f18e65e6-8728-4e0f-9978-fcfcca13b186,Z0054KNE,2026-08-20T00:00:00Z,admin,2026-08-20T00:00:00Z,admin
6857d8e9-ade3-442b-b953-fdeaa13ec1ed,f18e65e6-8728-4e0f-9978-fcfcca13b186,Z0028XMJ,2026-08-20T00:00:00Z,admin,2026-08-20T00:00:00Z,admin
2315199a-0ad4-401d-8926-84d051f5535c,f18e65e6-8728-4e0f-9978-fcfcca13b186,Z004FUJT,2026-08-20T00:00:00Z,admin,2026-08-20T00:00:00Z,admin
d3970f4f-b816-4817-b5c4-a47ab7f3c710,f18e65e6-8728-4e0f-9978-fcfcca13b186,Z001WYDU,2026-08-20T00:00:00Z,admin,2026-08-20T00:00:00Z,admin
49721d7b-6502-4c59-bb9a-170de0de6d7f,f18e65e6-8728-4e0f-9978-fcfcca13b186,Z0014WKT,2026-08-20T00:00:00Z,admin,2026-08-20T00:00:00Z,admin
03fa3b97-56cc-4dac-8e32-1711b658974d,f18e65e6-8728-4e0f-9978-fcfcca13b186,Z0039MYX,2026-08-20T00:00:00Z,admin,2026-08-20T00:00:00Z,admin
52be19f5-e1df-4716-947e-94d187c01cd2,f18e65e6-8728-4e0f-9978-fcfcca13b186,Z0051EJU,2026-08-20T00:00:00Z,admin,2026-08-20T00:00:00Z,admin
86a0b1a8-f960-41d7-acb5-e03b542572e8,f18e65e6-8728-4e0f-9978-fcfcca13b186,Z003RN6R,2026-08-20T00:00:00Z,admin,2026-08-20T00:00:00Z,admin
919fe905-5097-4cb4-848d-3ab0f824e64d,f18e65e6-8728-4e0f-9978-fcfcca13b186,Z0046D7W,2026-08-20T00:00:00Z,admin,2026-08-20T00:00:00Z,admin
e21e6077-41ea-43ea-972a-3cb933a349ac,f18e65e6-8728-4e0f-9978-fcfcca13b186,Z000268E,2026-08-20T00:00:00Z,admin,2026-08-20T00:00:00Z,admin
7184fa32-7a71-4724-916e-813e055e3c25,f18e65e6-8728-4e0f-9978-fcfcca13b186,Z002JB9N,2026-08-20T00:00:00Z,admin,2026-08-20T00:00:00Z,admin
fe976f17-33ae-4bd0-8781-955ccb2cc60a,f18e65e6-8728-4e0f-9978-fcfcca13b186,Z002ZJEH,2026-08-20T00:00:00Z,admin,2026-08-20T00:00:00Z,admin
953186f8-e3b1-4447-a6b3-5e9c29786c6d,f18e65e6-8728-4e0f-9978-fcfcca13b186,Z0033TXK,2026-08-20T00:00:00Z,admin,2026-08-20T00:00:00Z,admin
2f1972a0-c5a1-4ede-9dee-cacd3d26a284,f18e65e6-8728-4e0f-9978-fcfcca13b186,Z0037XDV,2026-08-20T00:00:00Z,admin,2026-08-20T00:00:00Z,admin
46a6bcc9-f455-4661-8ff4-78c33388f751,f18e65e6-8728-4e0f-9978-fcfcca13b186,Z0030F0C,2026-08-20T00:00:00Z,admin,2026-08-20T00:00:00Z,admin
18935013-0938-4b55-92f2-27f46867aad3,f18e65e6-8728-4e0f-9978-fcfcca13b186,Z0049ETY,2026-08-20T00:00:00Z,admin,2026-08-20T00:00:00Z,admin
b6111748-3204-4518-9bda-c9885e02699f,f18e65e6-8728-4e0f-9978-fcfcca13b186,Z00531ED,2026-08-20T00:00:00Z,admin,2026-08-20T00:00:00Z,admin
661551be-3623-4a67-9368-1144830dad45,f18e65e6-8728-4e0f-9978-fcfcca13b186,Z00578UN,2026-08-20T00:00:00Z,admin,2026-08-20T00:00:00Z,admin
1fbd1efd-2e00-45d0-8ce8-0b665242d778,f18e65e6-8728-4e0f-9978-fcfcca13b186,Z0022MPU,2026-08-20T00:00:00Z,admin,2026-08-20T00:00:00Z,admin
002113dc-874f-455f-918b-75a6ce38b6b4,f18e65e6-8728-4e0f-9978-fcfcca13b186,Z00360RB,2026-08-20T00:00:00Z,admin,2026-08-20T00:00:00Z,admin
c9fd6409-16b4-42a6-81dd-0b6d0df61a1f,f18e65e6-8728-4e0f-9978-fcfcca13b186,Z00580YJ,2026-08-20T00:00:00Z,admin,2026-08-20T00:00:00Z,admin
4bba6496-fe05-421c-a5a8-0c5260e9d85b,f18e65e6-8728-4e0f-9978-fcfcca13b186,Z004XVAB,2026-08-20T00:00:00Z,admin,2026-08-20T00:00:00Z,admin
44fb2da5-dd21-4ae8-a9c2-f7ea9ca16395,f18e65e6-8728-4e0f-9978-fcfcca13b186,Z00503ZF,2026-08-20T00:00:00Z,admin,2026-08-20T00:00:00Z,admin
4b1d546d-765c-40a5-bfc5-e3167c7ec571,f18e65e6-8728-4e0f-9978-fcfcca13b186,Z0053X3Z,2026-08-20T00:00:00Z,admin,2026-08-20T00:00:00Z,admin
6efb0979-d31c-456c-b186-7db1bcc0cb80,f18e65e6-8728-4e0f-9978-fcfcca13b186,Z004Z8HY,2026-08-20T00:00:00Z,admin,2026-08-20T00:00:00Z,admin
8cfc3103-eb2d-4d5f-b167-a15143be4f41,f18e65e6-8728-4e0f-9978-fcfcca13b186,Z00366PH,2026-08-20T00:00:00Z,admin,2026-08-20T00:00:00Z,admin
ff092468-e9a1-4562-8c84-82b13ef5e1ed,f18e65e6-8728-4e0f-9978-fcfcca13b186,Z002M9XR,2026-08-20T00:00:00Z,admin,2026-08-20T00:00:00Z,admin
18ff8731-f66b-4b35-9256-730a5e963d90,f18e65e6-8728-4e0f-9978-fcfcca13b186,Z0059DWT,2026-08-20T00:00:00Z,admin,2026-08-20T00:00:00Z,admin
b9768119-0c08-415f-8dd2-5a740ff81146,f18e65e6-8728-4e0f-9978-fcfcca13b186,Z005989N,2026-08-20T00:00:00Z,admin,2026-08-20T00:00:00Z,admin
698b86bf-0b2b-4b0d-bc1a-d9383a76ac83,f18e65e6-8728-4e0f-9978-fcfcca13b186,Z0059DYC,2026-08-20T00:00:00Z,admin,2026-08-20T00:00:00Z,admin
68ada3a0-c37f-414e-a32c-82bd916f3860,f18e65e6-8728-4e0f-9978-fcfcca13b186,Z0047WTV,2026-08-20T00:00:00Z,admin,2026-08-20T00:00:00Z,admin
f38ef044-ec35-45da-8176-a1ee169c5bea,b0eb9138-fb31-44fe-92d8-3f1a39afbdfa,Z004TAMU,2026-08-20T00:00:00Z,admin,2026-08-20T00:00:00Z,admin
29dab4ab-b123-4c23-acae-645ef7e44038,b0eb9138-fb31-44fe-92d8-3f1a39afbdfa,Z00531DY,2026-08-20T00:00:00Z,admin,2026-08-20T00:00:00Z,admin
bf38f634-1407-4463-a9fe-d279376c1559,b0eb9138-fb31-44fe-92d8-3f1a39afbdfa,Z004XVAC,2026-08-20T00:00:00Z,admin,2026-08-20T00:00:00Z,admin
02d1946b-b838-4614-a13c-8589c8cebca7,b0eb9138-fb31-44fe-92d8-3f1a39afbdfa,Z0052TYP,2026-08-20T00:00:00Z,admin,2026-08-20T00:00:00Z,admin
a4384bc4-fd20-4b06-a7e0-6713d57705ff,b0eb9138-fb31-44fe-92d8-3f1a39afbdfa,Z002Z66N,2026-08-20T00:00:00Z,admin,2026-08-20T00:00:00Z,admin
bc8f2f8e-165f-4d7a-98de-0a7ea05cdda2,b0eb9138-fb31-44fe-92d8-3f1a39afbdfa,Z004YK1R,2026-08-20T00:00:00Z,admin,2026-08-20T00:00:00Z,admin
857d3ab7-11e0-4caf-a84f-35e932efaf8b,b0eb9138-fb31-44fe-92d8-3f1a39afbdfa,Z004Z7ZE,2026-08-20T00:00:00Z,admin,2026-08-20T00:00:00Z,admin
25674256-c977-412a-8990-3a4f41e9d47f,b0eb9138-fb31-44fe-92d8-3f1a39afbdfa,Z0054KNE,2026-08-20T00:00:00Z,admin,2026-08-20T00:00:00Z,admin
c10a2f32-8b48-45e2-9602-89c406059834,b0eb9138-fb31-44fe-92d8-3f1a39afbdfa,Z0028XMJ,2026-08-20T00:00:00Z,admin,2026-08-20T00:00:00Z,admin
7b18a26d-137c-436b-be00-4d425e7b736b,b0eb9138-fb31-44fe-92d8-3f1a39afbdfa,Z004FUJT,2026-08-20T00:00:00Z,admin,2026-08-20T00:00:00Z,admin
0396771f-b700-4693-929e-3330276c6c75,b0eb9138-fb31-44fe-92d8-3f1a39afbdfa,Z001WYDU,2026-08-20T00:00:00Z,admin,2026-08-20T00:00:00Z,admin
389f3cc2-89d5-4cca-abc1-bed1fddc4f66,b0eb9138-fb31-44fe-92d8-3f1a39afbdfa,Z0014WKT,2026-08-20T00:00:00Z,admin,2026-08-20T00:00:00Z,admin
4619b681-5a58-42e0-b6e2-57eaeb96fa29,b0eb9138-fb31-44fe-92d8-3f1a39afbdfa,Z0039MYX,2026-08-20T00:00:00Z,admin,2026-08-20T00:00:00Z,admin
5aa2ced6-0ea7-421f-be60-84b682a90ab6,b0eb9138-fb31-44fe-92d8-3f1a39afbdfa,Z0051EJU,2026-08-20T00:00:00Z,admin,2026-08-20T00:00:00Z,admin
4621db93-e281-4cf2-88d6-5d2947d3c3c1,b0eb9138-fb31-44fe-92d8-3f1a39afbdfa,Z003RN6R,2026-08-20T00:00:00Z,admin,2026-08-20T00:00:00Z,admin
0e1a1e76-98ad-4838-8d52-5ef96a60dbd4,b0eb9138-fb31-44fe-92d8-3f1a39afbdfa,Z0046D7W,2026-08-20T00:00:00Z,admin,2026-08-20T00:00:00Z,admin
3ae670a5-6a64-4229-a175-144abf7b58fd,b0eb9138-fb31-44fe-92d8-3f1a39afbdfa,Z000268E,2026-08-20T00:00:00Z,admin,2026-08-20T00:00:00Z,admin
7b5be888-5c1b-4b80-b4d7-dba0a92c3191,b0eb9138-fb31-44fe-92d8-3f1a39afbdfa,Z002JB9N,2026-08-20T00:00:00Z,admin,2026-08-20T00:00:00Z,admin
4550dafa-7c27-4158-8215-35a78f033f3a,b0eb9138-fb31-44fe-92d8-3f1a39afbdfa,Z002ZJEH,2026-08-20T00:00:00Z,admin,2026-08-20T00:00:00Z,admin
b69070ce-d037-442a-a798-e406885e7ef3,b0eb9138-fb31-44fe-92d8-3f1a39afbdfa,Z0033TXK,2026-08-20T00:00:00Z,admin,2026-08-20T00:00:00Z,admin
77116fbb-d31d-4693-ad51-def21be4c863,b0eb9138-fb31-44fe-92d8-3f1a39afbdfa,Z0037XDV,2026-08-20T00:00:00Z,admin,2026-08-20T00:00:00Z,admin
94fbbaee-5f49-407a-af2b-e6ce104713d0,b0eb9138-fb31-44fe-92d8-3f1a39afbdfa,Z0030F0C,2026-08-20T00:00:00Z,admin,2026-08-20T00:00:00Z,admin
9360ea78-b388-4e4b-a366-563092fb16ea,b0eb9138-fb31-44fe-92d8-3f1a39afbdfa,Z0049ETY,2026-08-20T00:00:00Z,admin,2026-08-20T00:00:00Z,admin
03879fe4-076a-489d-b55f-04d3cfb81cdf,b0eb9138-fb31-44fe-92d8-3f1a39afbdfa,Z00531ED,2026-08-20T00:00:00Z,admin,2026-08-20T00:00:00Z,admin
a4b92b0c-2ae7-41ae-970f-d0e317f9002b,b0eb9138-fb31-44fe-92d8-3f1a39afbdfa,Z00578UN,2026-08-20T00:00:00Z,admin,2026-08-20T00:00:00Z,admin
0616631c-39d8-4656-bfed-3d8464db8226,b0eb9138-fb31-44fe-92d8-3f1a39afbdfa,Z0022MPU,2026-08-20T00:00:00Z,admin,2026-08-20T00:00:00Z,admin
d5dd97ee-516a-42d6-b771-24925d847229,b0eb9138-fb31-44fe-92d8-3f1a39afbdfa,Z00360RB,2026-08-20T00:00:00Z,admin,2026-08-20T00:00:00Z,admin
dd4f8e7b-d729-4db0-b2c4-5fad9202861b,b0eb9138-fb31-44fe-92d8-3f1a39afbdfa,Z00580YJ,2026-08-20T00:00:00Z,admin,2026-08-20T00:00:00Z,admin
a792b784-afc2-48e0-ba41-ee25c5a452e8,b0eb9138-fb31-44fe-92d8-3f1a39afbdfa,Z004XVAB,2026-08-20T00:00:00Z,admin,2026-08-20T00:00:00Z,admin
cf7328a7-6546-4bb5-8afd-0873dc84c911,b0eb9138-fb31-44fe-92d8-3f1a39afbdfa,Z00503ZF,2026-08-20T00:00:00Z,admin,2026-08-20T00:00:00Z,admin
56846200-8466-4047-ae6b-ceae9a617951,b0eb9138-fb31-44fe-92d8-3f1a39afbdfa,Z0053X3Z,2026-08-20T00:00:00Z,admin,2026-08-20T00:00:00Z,admin
68c9af66-1b01-4664-a427-325cd0686755,b0eb9138-fb31-44fe-92d8-3f1a39afbdfa,Z004Z8HY,2026-08-20T00:00:00Z,admin,2026-08-20T00:00:00Z,admin
67a50289-9ab2-4434-b701-2c9990523698,b0eb9138-fb31-44fe-92d8-3f1a39afbdfa,Z00366PH,2026-08-20T00:00:00Z,admin,2026-08-20T00:00:00Z,admin
2dafb007-9720-49e1-a02e-1c6e6518081b,b0eb9138-fb31-44fe-92d8-3f1a39afbdfa,Z002M9XR,2026-08-20T00:00:00Z,admin,2026-08-20T00:00:00Z,admin
4feba2e1-f0a7-4c9f-b3e2-ced396c2ee03,b0eb9138-fb31-44fe-92d8-3f1a39afbdfa,Z0059DWT,2026-08-20T00:00:00Z,admin,2026-08-20T00:00:00Z,admin
b99267e2-cfa3-41b8-8ea6-cff3fb2a13e4,b0eb9138-fb31-44fe-92d8-3f1a39afbdfa,Z005989N,2026-08-20T00:00:00Z,admin,2026-08-20T00:00:00Z,admin
98b7d928-cf1c-4ae9-a6a9-564c1cc197d9,b0eb9138-fb31-44fe-92d8-3f1a39afbdfa,Z0059DYC,2026-08-20T00:00:00Z,admin,2026-08-20T00:00:00Z,admin
cf5b5364-f8c7-4457-b956-e3a14819ca3d,b0eb9138-fb31-44fe-92d8-3f1a39afbdfa,Z0047WTV,2026-08-20T00:00:00Z,admin,2026-08-20T00:00:00Z,admin
ae5991c7-4e53-436c-8afd-b4b883bfb453,b0eb9138-fb31-44fe-92d8-3f1a39afbdfa,Z004MKNK,2026-08-20T00:00:00Z,admin,2026-08-20T00:00:00Z,admin
93d81bf5-d2db-4873-a59c-a5d809c8c92f,34c9f294-7fdd-4f88-b8e9-84cc27e3c854,Z004TAMU,2026-08-20T00:00:00Z,admin,2026-08-20T00:00:00Z,admin
56b9b11e-4b27-4c57-a782-585408a01d7f,34c9f294-7fdd-4f88-b8e9-84cc27e3c854,Z00531DY,2026-08-20T00:00:00Z,admin,2026-08-20T00:00:00Z,admin
e23cd29b-0b0b-488d-99a0-157199e47665,34c9f294-7fdd-4f88-b8e9-84cc27e3c854,Z004XVAC,2026-08-20T00:00:00Z,admin,2026-08-20T00:00:00Z,admin
3ae54e3d-dbb9-4659-a816-11edb61a9ac0,34c9f294-7fdd-4f88-b8e9-84cc27e3c854,Z0052TYP,2026-08-20T00:00:00Z,admin,2026-08-20T00:00:00Z,admin
679e9145-85d3-4a46-9d7f-e55783aa1c3f,34c9f294-7fdd-4f88-b8e9-84cc27e3c854,Z002Z66N,2026-08-20T00:00:00Z,admin,2026-08-20T00:00:00Z,admin
d7b97e0f-e959-46ad-887b-b1d98cb86622,34c9f294-7fdd-4f88-b8e9-84cc27e3c854,Z004YK1R,2026-08-20T00:00:00Z,admin,2026-08-20T00:00:00Z,admin
143f55e8-2e6f-467f-8927-080a3b79fffb,34c9f294-7fdd-4f88-b8e9-84cc27e3c854,Z004Z7ZE,2026-08-20T00:00:00Z,admin,2026-08-20T00:00:00Z,admin
ef3f14de-c0c8-416d-957f-73351c1a6973,34c9f294-7fdd-4f88-b8e9-84cc27e3c854,Z0054KNE,2026-08-20T00:00:00Z,admin,2026-08-20T00:00:00Z,admin
66516479-a393-48c2-b64c-bd4bff0e77de,34c9f294-7fdd-4f88-b8e9-84cc27e3c854,Z0028XMJ,2026-08-20T00:00:00Z,admin,2026-08-20T00:00:00Z,admin
f2c5a2e2-6d15-4efe-83d9-9058e00ea8ea,34c9f294-7fdd-4f88-b8e9-84cc27e3c854,Z004FUJT,2026-08-20T00:00:00Z,admin,2026-08-20T00:00:00Z,admin
87cd86ab-5f33-46a4-b1b4-718332b54d8a,34c9f294-7fdd-4f88-b8e9-84cc27e3c854,Z001WYDU,2026-08-20T00:00:00Z,admin,2026-08-20T00:00:00Z,admin
20fb5846-a33d-4dea-8a1b-8fa538a9a4bc,34c9f294-7fdd-4f88-b8e9-84cc27e3c854,Z0014WKT,2026-08-20T00:00:00Z,admin,2026-08-20T00:00:00Z,admin
faabe2d0-9365-4c8f-8135-47e7e07584ea,34c9f294-7fdd-4f88-b8e9-84cc27e3c854,Z0039MYX,2026-08-20T00:00:00Z,admin,2026-08-20T00:00:00Z,admin
3449d493-43f9-468b-b2f1-e02f6c1d8210,34c9f294-7fdd-4f88-b8e9-84cc27e3c854,Z0051EJU,2026-08-20T00:00:00Z,admin,2026-08-20T00:00:00Z,admin
e59e1ce0-64d3-449e-862e-6e65eb0e5ce8,34c9f294-7fdd-4f88-b8e9-84cc27e3c854,Z003RN6R,2026-08-20T00:00:00Z,admin,2026-08-20T00:00:00Z,admin
8db5c19d-887f-4b5d-aa84-cac27a18313e,34c9f294-7fdd-4f88-b8e9-84cc27e3c854,Z0046D7W,2026-08-20T00:00:00Z,admin,2026-08-20T00:00:00Z,admin
1a11f455-71c0-481c-a74b-f0616c9e3ef3,34c9f294-7fdd-4f88-b8e9-84cc27e3c854,Z000268E,2026-08-20T00:00:00Z,admin,2026-08-20T00:00:00Z,admin
fe80c698-7376-4ad0-ad1f-29e3ffff1345,34c9f294-7fdd-4f88-b8e9-84cc27e3c854,Z002JB9N,2026-08-20T00:00:00Z,admin,2026-08-20T00:00:00Z,admin
c5b19d29-a96f-4327-84cb-b76864cd76de,34c9f294-7fdd-4f88-b8e9-84cc27e3c854,Z002ZJEH,2026-08-20T00:00:00Z,admin,2026-08-20T00:00:00Z,admin
f294feab-e234-4bdb-9572-7b8491962dce,34c9f294-7fdd-4f88-b8e9-84cc27e3c854,Z0033TXK,2026-08-20T00:00:00Z,admin,2026-08-20T00:00:00Z,admin
fc1e19da-c066-4623-a2a5-441f06c67044,34c9f294-7fdd-4f88-b8e9-84cc27e3c854,Z0037XDV,2026-08-20T00:00:00Z,admin,2026-08-20T00:00:00Z,admin
0f5bb5dd-820b-4949-b0b8-6d3df3b18403,34c9f294-7fdd-4f88-b8e9-84cc27e3c854,Z0030F0C,2026-08-20T00:00:00Z,admin,2026-08-20T00:00:00Z,admin
205881fe-3655-4de6-992b-8302c19da35c,34c9f294-7fdd-4f88-b8e9-84cc27e3c854,Z0049ETY,2026-08-20T00:00:00Z,admin,2026-08-20T00:00:00Z,admin
3bb1a472-7095-451d-afa1-2b79b89fbc59,34c9f294-7fdd-4f88-b8e9-84cc27e3c854,Z00531ED,2026-08-20T00:00:00Z,admin,2026-08-20T00:00:00Z,admin
cc4d6e9b-4d56-40bc-8c2a-17e3e545f090,34c9f294-7fdd-4f88-b8e9-84cc27e3c854,Z00578UN,2026-08-20T00:00:00Z,admin,2026-08-20T00:00:00Z,admin
eca76035-9c85-4785-b641-6d1d71f7790f,34c9f294-7fdd-4f88-b8e9-84cc27e3c854,Z0022MPU,2026-08-20T00:00:00Z,admin,2026-08-20T00:00:00Z,admin
39d2fdc8-b6f1-47e1-9ac9-1a30bf013244,34c9f294-7fdd-4f88-b8e9-84cc27e3c854,Z00360RB,2026-08-20T00:00:00Z,admin,2026-08-20T00:00:00Z,admin
6ef4b548-1962-4da9-b03b-6a58bc258df2,34c9f294-7fdd-4f88-b8e9-84cc27e3c854,Z00580YJ,2026-08-20T00:00:00Z,admin,2026-08-20T00:00:00Z,admin
969714d4-b1c9-466d-a953-837b6263b849,34c9f294-7fdd-4f88-b8e9-84cc27e3c854,Z004XVAB,2026-08-20T00:00:00Z,admin,2026-08-20T00:00:00Z,admin
352ee01c-de7d-4e0c-8974-b1104d763aee,34c9f294-7fdd-4f88-b8e9-84cc27e3c854,Z00503ZF,2026-08-20T00:00:00Z,admin,2026-08-20T00:00:00Z,admin
11bd3360-8dd4-4c10-ae46-f2ed83c19ac3,34c9f294-7fdd-4f88-b8e9-84cc27e3c854,Z0053X3Z,2026-08-20T00:00:00Z,admin,2026-08-20T00:00:00Z,admin
fafe33e8-673b-462f-91dd-5be25d68c8ae,34c9f294-7fdd-4f88-b8e9-84cc27e3c854,Z004Z8HY,2026-08-20T00:00:00Z,admin,2026-08-20T00:00:00Z,admin
05351e9d-847d-4214-a1e8-e1c108e8b76d,34c9f294-7fdd-4f88-b8e9-84cc27e3c854,Z00366PH,2026-08-20T00:00:00Z,admin,2026-08-20T00:00:00Z,admin
3185a926-56d1-44fc-884c-39aab4f2d8fe,34c9f294-7fdd-4f88-b8e9-84cc27e3c854,Z002M9XR,2026-08-20T00:00:00Z,admin,2026-08-20T00:00:00Z,admin
d1b6de59-3c93-48e8-b1f4-ab6e4b592de8,34c9f294-7fdd-4f88-b8e9-84cc27e3c854,Z0059DWT,2026-08-20T00:00:00Z,admin,2026-08-20T00:00:00Z,admin
d210ba18-145e-4b59-890b-82595542c017,34c9f294-7fdd-4f88-b8e9-84cc27e3c854,Z005989N,2026-08-20T00:00:00Z,admin,2026-08-20T00:00:00Z,admin
ca73e9c1-30ac-4c85-a50e-992dab8fe9c1,34c9f294-7fdd-4f88-b8e9-84cc27e3c854,Z0059DYC,2026-08-20T00:00:00Z,admin,2026-08-20T00:00:00Z,admin
c4026d05-8619-47da-b0b4-cf7e5ee3e9e7,34c9f294-7fdd-4f88-b8e9-84cc27e3c854,Z0047WTV,2026-08-20T00:00:00Z,admin,2026-08-20T00:00:00Z,admin
f7bcd6f7-def2-4ee9-b599-5bfffa8b95a9,34c9f294-7fdd-4f88-b8e9-84cc27e3c854,Z004MKNK,2026-08-20T00:00:00Z,admin,2026-08-20T00:00:00Z,admin
4a625569-11a9-4cac-980f-0614ea9b38fa,d3af6e36-6b00-4fcd-82e3-4d3585c173a6,Z004TAMU,2026-08-20T00:00:00Z,admin,2026-08-20T00:00:00Z,admin
ed4f17d3-0af3-4628-b870-ef8cc9c6447e,d3af6e36-6b00-4fcd-82e3-4d3585c173a6,Z00531DY,2026-08-20T00:00:00Z,admin,2026-08-20T00:00:00Z,admin
5073f75f-036b-4ec3-99ec-18871537c7d3,d3af6e36-6b00-4fcd-82e3-4d3585c173a6,Z004XVAC,2026-08-20T00:00:00Z,admin,2026-08-20T00:00:00Z,admin
35009406-80f8-4cdd-ac0e-62796ad356af,d3af6e36-6b00-4fcd-82e3-4d3585c173a6,Z0052TYP,2026-08-20T00:00:00Z,admin,2026-08-20T00:00:00Z,admin
c524017e-266c-4859-9257-87bceb9348fa,d3af6e36-6b00-4fcd-82e3-4d3585c173a6,Z002Z66N,2026-08-20T00:00:00Z,admin,2026-08-20T00:00:00Z,admin
faa71871-2d6f-4808-906e-d814354af79d,d3af6e36-6b00-4fcd-82e3-4d3585c173a6,Z004YK1R,2026-08-20T00:00:00Z,admin,2026-08-20T00:00:00Z,admin
b4e6c7e7-2b5b-43dc-96cd-f827963bdc5f,d3af6e36-6b00-4fcd-82e3-4d3585c173a6,Z004Z7ZE,2026-08-20T00:00:00Z,admin,2026-08-20T00:00:00Z,admin
84c8f75e-67a0-4f7f-a7d8-f6dc495ff68e,d3af6e36-6b00-4fcd-82e3-4d3585c173a6,Z0054KNE,2026-08-20T00:00:00Z,admin,2026-08-20T00:00:00Z,admin
bc6bed59-1c14-44f4-9416-397421456185,d3af6e36-6b00-4fcd-82e3-4d3585c173a6,Z0028XMJ,2026-08-20T00:00:00Z,admin,2026-08-20T00:00:00Z,admin
a026ec82-0cb0-4b02-8f27-28ad70b5848c,d3af6e36-6b00-4fcd-82e3-4d3585c173a6,Z004FUJT,2026-08-20T00:00:00Z,admin,2026-08-20T00:00:00Z,admin
12d81a46-c897-4511-8da4-e02ecf8cda02,d3af6e36-6b00-4fcd-82e3-4d3585c173a6,Z001WYDU,2026-08-20T00:00:00Z,admin,2026-08-20T00:00:00Z,admin
8accac42-0908-4dfb-a938-dd66d84a318f,d3af6e36-6b00-4fcd-82e3-4d3585c173a6,Z0014WKT,2026-08-20T00:00:00Z,admin,2026-08-20T00:00:00Z,admin
c15db716-db94-4ecf-88d8-5dca2251a198,d3af6e36-6b00-4fcd-82e3-4d3585c173a6,Z0039MYX,2026-08-20T00:00:00Z,admin,2026-08-20T00:00:00Z,admin
49690c0e-f8d7-49b5-9851-87b03286f6ea,d3af6e36-6b00-4fcd-82e3-4d3585c173a6,Z0051EJU,2026-08-20T00:00:00Z,admin,2026-08-20T00:00:00Z,admin
e52b562c-b5ea-4faa-ba65-943ca058387e,d3af6e36-6b00-4fcd-82e3-4d3585c173a6,Z003RN6R,2026-08-20T00:00:00Z,admin,2026-08-20T00:00:00Z,admin
41c63f68-39d8-4e2a-a686-3e0d07da411a,d3af6e36-6b00-4fcd-82e3-4d3585c173a6,Z0046D7W,2026-08-20T00:00:00Z,admin,2026-08-20T00:00:00Z,admin
5a4d7ff8-20ce-46b9-8b2a-eae22c627e68,d3af6e36-6b00-4fcd-82e3-4d3585c173a6,Z000268E,2026-08-20T00:00:00Z,admin,2026-08-20T00:00:00Z,admin
ddbd8d11-16d2-43ff-90f5-06a868adf606,d3af6e36-6b00-4fcd-82e3-4d3585c173a6,Z002JB9N,2026-08-20T00:00:00Z,admin,2026-08-20T00:00:00Z,admin
aafed690-be7f-4090-a98e-cfefda604b77,d3af6e36-6b00-4fcd-82e3-4d3585c173a6,Z002ZJEH,2026-08-20T00:00:00Z,admin,2026-08-20T00:00:00Z,admin
0167a85d-1180-4691-8ad6-ff752eebbd43,d3af6e36-6b00-4fcd-82e3-4d3585c173a6,Z0033TXK,2026-08-20T00:00:00Z,admin,2026-08-20T00:00:00Z,admin
8983fe7e-c6e7-44d5-bf45-649f4a1ba833,d3af6e36-6b00-4fcd-82e3-4d3585c173a6,Z0037XDV,2026-08-20T00:00:00Z,admin,2026-08-20T00:00:00Z,admin
5617e9a3-7853-4aed-9ed6-13198c6db1eb,d3af6e36-6b00-4fcd-82e3-4d3585c173a6,Z0030F0C,2026-08-20T00:00:00Z,admin,2026-08-20T00:00:00Z,admin
433e0ba6-4068-4fe4-b5c3-8225b04d4615,d3af6e36-6b00-4fcd-82e3-4d3585c173a6,Z0049ETY,2026-08-20T00:00:00Z,admin,2026-08-20T00:00:00Z,admin
29536e9a-1237-42ad-a027-edb1b30e2d01,d3af6e36-6b00-4fcd-82e3-4d3585c173a6,Z00531ED,2026-08-20T00:00:00Z,admin,2026-08-20T00:00:00Z,admin
488494e8-c8e1-4d9d-8b5b-1d1052cbbc09,d3af6e36-6b00-4fcd-82e3-4d3585c173a6,Z00578UN,2026-08-20T00:00:00Z,admin,2026-08-20T00:00:00Z,admin
f293528d-5fba-464c-b5a3-dfc1cefab011,d3af6e36-6b00-4fcd-82e3-4d3585c173a6,Z0022MPU,2026-08-20T00:00:00Z,admin,2026-08-20T00:00:00Z,admin
93b74dba-7a9d-4163-98ff-da8f01734ac1,d3af6e36-6b00-4fcd-82e3-4d3585c173a6,Z00360RB,2026-08-20T00:00:00Z,admin,2026-08-20T00:00:00Z,admin
b41367e8-098e-4921-8e73-9cdd7456518a,d3af6e36-6b00-4fcd-82e3-4d3585c173a6,Z00580YJ,2026-08-20T00:00:00Z,admin,2026-08-20T00:00:00Z,admin
054c6720-0803-4423-a429-a198b35172ef,d3af6e36-6b00-4fcd-82e3-4d3585c173a6,Z004XVAB,2026-08-20T00:00:00Z,admin,2026-08-20T00:00:00Z,admin
93bbbe7b-392e-477d-88ef-c556361c01c0,d3af6e36-6b00-4fcd-82e3-4d3585c173a6,Z00503ZF,2026-08-20T00:00:00Z,admin,2026-08-20T00:00:00Z,admin
c60991d1-2d26-49bf-84b7-c00eeb04a8a1,d3af6e36-6b00-4fcd-82e3-4d3585c173a6,Z0053X3Z,2026-08-20T00:00:00Z,admin,2026-08-20T00:00:00Z,admin
dba107f7-481e-4ef3-97bc-3064dd2486fd,d3af6e36-6b00-4fcd-82e3-4d3585c173a6,Z004Z8HY,2026-08-20T00:00:00Z,admin,2026-08-20T00:00:00Z,admin
c6ca3248-424d-4b69-8cc3-3dd88aafd72a,d3af6e36-6b00-4fcd-82e3-4d3585c173a6,Z00366PH,2026-08-20T00:00:00Z,admin,2026-08-20T00:00:00Z,admin
0b0107fb-0cab-4439-89a0-ee0a5e00ee6e,d3af6e36-6b00-4fcd-82e3-4d3585c173a6,Z002M9XR,2026-08-20T00:00:00Z,admin,2026-08-20T00:00:00Z,admin
7cef3524-36a4-4c5b-8c57-1df350c6f36c,d3af6e36-6b00-4fcd-82e3-4d3585c173a6,Z0059DWT,2026-08-20T00:00:00Z,admin,2026-08-20T00:00:00Z,admin
f8928f6a-526d-4b11-86bf-8ff77e5cda9c,d3af6e36-6b00-4fcd-82e3-4d3585c173a6,Z005989N,2026-08-20T00:00:00Z,admin,2026-08-20T00:00:00Z,admin
9be4797c-434e-47fa-b448-b14e620bccbf,d3af6e36-6b00-4fcd-82e3-4d3585c173a6,Z0059DYC,2026-08-20T00:00:00Z,admin,2026-08-20T00:00:00Z,admin
3ae388b7-5517-41af-987c-a114909fbbeb,d3af6e36-6b00-4fcd-82e3-4d3585c173a6,Z0047WTV,2026-08-20T00:00:00Z,admin,2026-08-20T00:00:00Z,admin
31923e21-b28d-4982-b62e-e0ec2a49c33e,8053a396-04e9-4d1f-ae01-5673db4a5c83,Z004TAMU,2026-08-20T00:00:00Z,admin,2026-08-20T00:00:00Z,admin
f37a2dfe-0d81-4784-a69b-5633c4c2e943,8053a396-04e9-4d1f-ae01-5673db4a5c83,Z00531DY,2026-08-20T00:00:00Z,admin,2026-08-20T00:00:00Z,admin
d94ccdc4-a28b-4d5c-9cab-9a0e55960b8d,8053a396-04e9-4d1f-ae01-5673db4a5c83,Z004XVAC,2026-08-20T00:00:00Z,admin,2026-08-20T00:00:00Z,admin
beca8491-b268-4f91-b318-17fa3706b2bd,8053a396-04e9-4d1f-ae01-5673db4a5c83,Z0052TYP,2026-08-20T00:00:00Z,admin,2026-08-20T00:00:00Z,admin
9ec376b2-0ccb-4005-8149-7ded4e067f0e,8053a396-04e9-4d1f-ae01-5673db4a5c83,Z002Z66N,2026-08-20T00:00:00Z,admin,2026-08-20T00:00:00Z,admin
014ac824-458d-4598-9976-7c5d21dd8208,8053a396-04e9-4d1f-ae01-5673db4a5c83,Z004YK1R,2026-08-20T00:00:00Z,admin,2026-08-20T00:00:00Z,admin
4894699b-9cc2-45c2-863d-c6af41709408,8053a396-04e9-4d1f-ae01-5673db4a5c83,Z004Z7ZE,2026-08-20T00:00:00Z,admin,2026-08-20T00:00:00Z,admin
d08b96a1-8773-4e2d-94b3-48568228d478,8053a396-04e9-4d1f-ae01-5673db4a5c83,Z0054KNE,2026-08-20T00:00:00Z,admin,2026-08-20T00:00:00Z,admin
c2e8bf3a-ae38-4cf2-b0d7-3db28e6060fb,8053a396-04e9-4d1f-ae01-5673db4a5c83,Z0028XMJ,2026-08-20T00:00:00Z,admin,2026-08-20T00:00:00Z,admin
790f8be1-cf19-428e-9541-b01692741285,8053a396-04e9-4d1f-ae01-5673db4a5c83,Z004FUJT,2026-08-20T00:00:00Z,admin,2026-08-20T00:00:00Z,admin
0a31f7f0-7d64-4dcc-8c79-348ed3c28b22,8053a396-04e9-4d1f-ae01-5673db4a5c83,Z001WYDU,2026-08-20T00:00:00Z,admin,2026-08-20T00:00:00Z,admin
82bcd5d8-32b2-4cb6-a333-448351a5146b,8053a396-04e9-4d1f-ae01-5673db4a5c83,Z0014WKT,2026-08-20T00:00:00Z,admin,2026-08-20T00:00:00Z,admin
1f1d4896-51c9-4429-a2b8-464b6fd3ba91,8053a396-04e9-4d1f-ae01-5673db4a5c83,Z0039MYX,2026-08-20T00:00:00Z,admin,2026-08-20T00:00:00Z,admin
cfdb9c50-d07c-4b52-afed-becec2a51727,8053a396-04e9-4d1f-ae01-5673db4a5c83,Z0051EJU,2026-08-20T00:00:00Z,admin,2026-08-20T00:00:00Z,admin
37c656b3-13cb-4d89-a38f-9b252f711eeb,8053a396-04e9-4d1f-ae01-5673db4a5c83,Z003RN6R,2026-08-20T00:00:00Z,admin,2026-08-20T00:00:00Z,admin
2014a36a-3f76-4ece-9869-fcb9e9a1bb38,8053a396-04e9-4d1f-ae01-5673db4a5c83,Z0046D7W,2026-08-20T00:00:00Z,admin,2026-08-20T00:00:00Z,admin
6a2f4685-e0c7-4081-8187-2baebcb7092c,8053a396-04e9-4d1f-ae01-5673db4a5c83,Z000268E,2026-08-20T00:00:00Z,admin,2026-08-20T00:00:00Z,admin
9dccfa51-92d5-415d-82a2-5e9bee7b9793,8053a396-04e9-4d1f-ae01-5673db4a5c83,Z002JB9N,2026-08-20T00:00:00Z,admin,2026-08-20T00:00:00Z,admin
921c7e13-4c4a-4bce-8b40-8cdc0a2aca8d,8053a396-04e9-4d1f-ae01-5673db4a5c83,Z002ZJEH,2026-08-20T00:00:00Z,admin,2026-08-20T00:00:00Z,admin
daaf820b-0288-4323-b952-bb7a688e47e6,8053a396-04e9-4d1f-ae01-5673db4a5c83,Z0033TXK,2026-08-20T00:00:00Z,admin,2026-08-20T00:00:00Z,admin
fe9ed54c-8919-4fd5-a4a8-ab0933a3f850,8053a396-04e9-4d1f-ae01-5673db4a5c83,Z0037XDV,2026-08-20T00:00:00Z,admin,2026-08-20T00:00:00Z,admin
e907a5bc-ee1f-4347-ac02-37c72c38472e,8053a396-04e9-4d1f-ae01-5673db4a5c83,Z0030F0C,2026-08-20T00:00:00Z,admin,2026-08-20T00:00:00Z,admin
cdff8f47-03b1-42ae-92dd-6d05c976a62c,8053a396-04e9-4d1f-ae01-5673db4a5c83,Z0049ETY,2026-08-20T00:00:00Z,admin,2026-08-20T00:00:00Z,admin
c97d0afa-1dda-40d2-a2c6-8a308549354a,8053a396-04e9-4d1f-ae01-5673db4a5c83,Z00531ED,2026-08-20T00:00:00Z,admin,2026-08-20T00:00:00Z,admin
6c5cce02-b1c9-4a50-83c3-c0894525c9ff,8053a396-04e9-4d1f-ae01-5673db4a5c83,Z00578UN,2026-08-20T00:00:00Z,admin,2026-08-20T00:00:00Z,admin
269e3e20-4fe2-4d93-acb1-31f13509606a,8053a396-04e9-4d1f-ae01-5673db4a5c83,Z0022MPU,2026-08-20T00:00:00Z,admin,2026-08-20T00:00:00Z,admin
9f31f13d-63a8-42e0-99c7-ddd50ed8fe66,8053a396-04e9-4d1f-ae01-5673db4a5c83,Z00360RB,2026-08-20T00:00:00Z,admin,2026-08-20T00:00:00Z,admin
1af8df6e-7d08-48f3-9928-16ce93d10b3d,8053a396-04e9-4d1f-ae01-5673db4a5c83,Z00580YJ,2026-08-20T00:00:00Z,admin,2026-08-20T00:00:00Z,admin
29c32e60-e1a9-41cc-92cf-1f165fa6d228,8053a396-04e9-4d1f-ae01-5673db4a5c83,Z004XVAB,2026-08-20T00:00:00Z,admin,2026-08-20T00:00:00Z,admin
aa5ec5c7-c330-4e95-8bac-25e4195207ab,8053a396-04e9-4d1f-ae01-5673db4a5c83,Z00503ZF,2026-08-20T00:00:00Z,admin,2026-08-20T00:00:00Z,admin
fa8b8661-cd94-438c-b301-c8e1f84602bf,8053a396-04e9-4d1f-ae01-5673db4a5c83,Z0053X3Z,2026-08-20T00:00:00Z,admin,2026-08-20T00:00:00Z,admin
05d916d1-a234-415b-820e-725c99ea2e46,8053a396-04e9-4d1f-ae01-5673db4a5c83,Z004Z8HY,2026-08-20T00:00:00Z,admin,2026-08-20T00:00:00Z,admin
534e5d89-70de-4928-bc94-8f371572921d,8053a396-04e9-4d1f-ae01-5673db4a5c83,Z00366PH,2026-08-20T00:00:00Z,admin,2026-08-20T00:00:00Z,admin
f15e03bf-c209-43e3-86ea-6fea11437e56,8053a396-04e9-4d1f-ae01-5673db4a5c83,Z002M9XR,2026-08-20T00:00:00Z,admin,2026-08-20T00:00:00Z,admin
3d843870-de9b-4ec7-aaea-ad4f85f65d78,8053a396-04e9-4d1f-ae01-5673db4a5c83,Z0059DWT,2026-08-20T00:00:00Z,admin,2026-08-20T00:00:00Z,admin
21272bb8-768e-4620-839d-2bd95617f4b6,8053a396-04e9-4d1f-ae01-5673db4a5c83,Z005989N,2026-08-20T00:00:00Z,admin,2026-08-20T00:00:00Z,admin
9f3e3ce2-7f20-45b0-b038-67cbb8616ce3,8053a396-04e9-4d1f-ae01-5673db4a5c83,Z0059DYC,2026-08-20T00:00:00Z,admin,2026-08-20T00:00:00Z,admin
f50a7d17-20d6-485b-bced-8370bfa25b13,8053a396-04e9-4d1f-ae01-5673db4a5c83,Z0047WTV,2026-08-20T00:00:00Z,admin,2026-08-20T00:00:00Z,admin
b1e41469-f3d7-4e76-91a7-efac9adc5ca3,d00ee401-ccee-4127-9ae3-d1e342d59694,Z004TAMU,2026-08-20T00:00:00Z,admin,2026-08-20T00:00:00Z,admin
6df1ceb6-5e06-432e-80fe-7c994205db1c,d00ee401-ccee-4127-9ae3-d1e342d59694,Z00531DY,2026-08-20T00:00:00Z,admin,2026-08-20T00:00:00Z,admin
807ef4ed-1601-40d4-954c-79b33270af90,d00ee401-ccee-4127-9ae3-d1e342d59694,Z004XVAC,2026-08-20T00:00:00Z,admin,2026-08-20T00:00:00Z,admin
df5c19e1-367d-4b97-95bf-4488b3fdde95,d00ee401-ccee-4127-9ae3-d1e342d59694,Z0052TYP,2026-08-20T00:00:00Z,admin,2026-08-20T00:00:00Z,admin
92fc4710-a089-458a-bfab-461d5d50954d,d00ee401-ccee-4127-9ae3-d1e342d59694,Z002Z66N,2026-08-20T00:00:00Z,admin,2026-08-20T00:00:00Z,admin
94745b65-f921-4003-9296-0cf15ea19416,d00ee401-ccee-4127-9ae3-d1e342d59694,Z004YK1R,2026-08-20T00:00:00Z,admin,2026-08-20T00:00:00Z,admin
c57b480f-c7cf-4ca7-9628-491c725222a8,d00ee401-ccee-4127-9ae3-d1e342d59694,Z004Z7ZE,2026-08-20T00:00:00Z,admin,2026-08-20T00:00:00Z,admin
19fa1c09-f114-44da-a274-df73d00b4264,d00ee401-ccee-4127-9ae3-d1e342d59694,Z0054KNE,2026-08-20T00:00:00Z,admin,2026-08-20T00:00:00Z,admin
329fb520-1128-48eb-9c5f-c642d4a9bfaa,d00ee401-ccee-4127-9ae3-d1e342d59694,Z0028XMJ,2026-08-20T00:00:00Z,admin,2026-08-20T00:00:00Z,admin
5c5044cb-ba96-4988-9d6d-e86f44a1fc12,d00ee401-ccee-4127-9ae3-d1e342d59694,Z004FUJT,2026-08-20T00:00:00Z,admin,2026-08-20T00:00:00Z,admin
e0a125cb-32a7-41c1-a90f-f3f46776d57f,d00ee401-ccee-4127-9ae3-d1e342d59694,Z001WYDU,2026-08-20T00:00:00Z,admin,2026-08-20T00:00:00Z,admin
5be367cf-2c1a-4b8b-9fae-504503814396,d00ee401-ccee-4127-9ae3-d1e342d59694,Z0014WKT,2026-08-20T00:00:00Z,admin,2026-08-20T00:00:00Z,admin
097bc5e1-cafc-4da3-8063-379c3179353d,d00ee401-ccee-4127-9ae3-d1e342d59694,Z0039MYX,2026-08-20T00:00:00Z,admin,2026-08-20T00:00:00Z,admin
405c7d96-7e1a-4456-a7b9-00b33eb379d5,d00ee401-ccee-4127-9ae3-d1e342d59694,Z0051EJU,2026-08-20T00:00:00Z,admin,2026-08-20T00:00:00Z,admin
869cdf0f-a872-4484-8253-704f2dd1e16f,d00ee401-ccee-4127-9ae3-d1e342d59694,Z003RN6R,2026-08-20T00:00:00Z,admin,2026-08-20T00:00:00Z,admin
eba2a247-3c3d-4b9a-bf6c-42838700ef07,d00ee401-ccee-4127-9ae3-d1e342d59694,Z0046D7W,2026-08-20T00:00:00Z,admin,2026-08-20T00:00:00Z,admin
4abb40e5-da14-4a4b-be54-f9ceb241f804,d00ee401-ccee-4127-9ae3-d1e342d59694,Z000268E,2026-08-20T00:00:00Z,admin,2026-08-20T00:00:00Z,admin
7ab8b799-8ffe-4c05-b6a0-a9a8436f539d,d00ee401-ccee-4127-9ae3-d1e342d59694,Z002JB9N,2026-08-20T00:00:00Z,admin,2026-08-20T00:00:00Z,admin
bdf772c3-ede8-42fa-9b31-502f1a2bad96,d00ee401-ccee-4127-9ae3-d1e342d59694,Z002ZJEH,2026-08-20T00:00:00Z,admin,2026-08-20T00:00:00Z,admin
26e6ad93-45c5-44e0-807c-914988edffd8,d00ee401-ccee-4127-9ae3-d1e342d59694,Z0033TXK,2026-08-20T00:00:00Z,admin,2026-08-20T00:00:00Z,admin
67a469d1-989c-4461-a592-07719b6890b0,d00ee401-ccee-4127-9ae3-d1e342d59694,Z0037XDV,2026-08-20T00:00:00Z,admin,2026-08-20T00:00:00Z,admin
769ce709-da5e-41e9-85d9-81ac3cabb48d,d00ee401-ccee-4127-9ae3-d1e342d59694,Z0030F0C,2026-08-20T00:00:00Z,admin,2026-08-20T00:00:00Z,admin
2f9cecb7-f691-4aa9-b27e-4839cf4d2cbd,d00ee401-ccee-4127-9ae3-d1e342d59694,Z0049ETY,2026-08-20T00:00:00Z,admin,2026-08-20T00:00:00Z,admin
ef32ffec-8f40-40af-b9a1-4edecad26923,d00ee401-ccee-4127-9ae3-d1e342d59694,Z00531ED,2026-08-20T00:00:00Z,admin,2026-08-20T00:00:00Z,admin
e33bea8f-f2e1-481f-ba18-866b6488dad8,d00ee401-ccee-4127-9ae3-d1e342d59694,Z00578UN,2026-08-20T00:00:00Z,admin,2026-08-20T00:00:00Z,admin
60f04aeb-6025-4756-94fe-06926f2bb15f,d00ee401-ccee-4127-9ae3-d1e342d59694,Z0022MPU,2026-08-20T00:00:00Z,admin,2026-08-20T00:00:00Z,admin
19f30df4-dc00-42e8-b711-db0e26863d6d,d00ee401-ccee-4127-9ae3-d1e342d59694,Z00360RB,2026-08-20T00:00:00Z,admin,2026-08-20T00:00:00Z,admin
b4d34280-54f6-445a-8db0-5158111635e2,d00ee401-ccee-4127-9ae3-d1e342d59694,Z00580YJ,2026-08-20T00:00:00Z,admin,2026-08-20T00:00:00Z,admin
9ccdcd9a-c0b5-4236-9beb-c5c605b20c86,d00ee401-ccee-4127-9ae3-d1e342d59694,Z004XVAB,2026-08-20T00:00:00Z,admin,2026-08-20T00:00:00Z,admin
1e917405-b71c-44ac-a042-66d865e5762f,d00ee401-ccee-4127-9ae3-d1e342d59694,Z00503ZF,2026-08-20T00:00:00Z,admin,2026-08-20T00:00:00Z,admin
3938354c-cb69-4256-928f-0d3d666e0199,d00ee401-ccee-4127-9ae3-d1e342d59694,Z0053X3Z,2026-08-20T00:00:00Z,admin,2026-08-20T00:00:00Z,admin
aa8a02d5-c719-422a-96f3-cc5d5478c663,d00ee401-ccee-4127-9ae3-d1e342d59694,Z004Z8HY,2026-08-20T00:00:00Z,admin,2026-08-20T00:00:00Z,admin
7f3edb5c-1cd8-407d-83dc-5356553a3797,d00ee401-ccee-4127-9ae3-d1e342d59694,Z00366PH,2026-08-20T00:00:00Z,admin,2026-08-20T00:00:00Z,admin
409cd1ff-5892-48d0-a049-cbf7461ac093,d00ee401-ccee-4127-9ae3-d1e342d59694,Z002M9XR,2026-08-20T00:00:00Z,admin,2026-08-20T00:00:00Z,admin
b2b3c30f-27e4-4c04-9f54-cd0489da1b61,d00ee401-ccee-4127-9ae3-d1e342d59694,Z0059DWT,2026-08-20T00:00:00Z,admin,2026-08-20T00:00:00Z,admin
0e32f275-eda8-4e3d-871d-d23a09d579aa,d00ee401-ccee-4127-9ae3-d1e342d59694,Z005989N,2026-08-20T00:00:00Z,admin,2026-08-20T00:00:00Z,admin
d694ec94-49cf-4209-b3da-e736296dafe2,d00ee401-ccee-4127-9ae3-d1e342d59694,Z0059DYC,2026-08-20T00:00:00Z,admin,2026-08-20T00:00:00Z,admin
d947d899-bc0c-487e-a97e-34bfc231fd02,d00ee401-ccee-4127-9ae3-d1e342d59694,Z0047WTV,2026-08-20T00:00:00Z,admin,2026-08-20T00:00:00Z,admin
012f5879-6efb-4b6b-9c8c-df0a2290db88,a5179d97-20ab-406b-be06-51406d55292e,Z004TAMU,2026-08-20T00:00:00Z,admin,2026-08-20T00:00:00Z,admin
1e32fa26-1bff-455b-bb96-4df079fe7851,a5179d97-20ab-406b-be06-51406d55292e,Z00531DY,2026-08-20T00:00:00Z,admin,2026-08-20T00:00:00Z,admin
b04569c5-efe5-4de8-a66a-21e2c5998248,a5179d97-20ab-406b-be06-51406d55292e,Z004XVAC,2026-08-20T00:00:00Z,admin,2026-08-20T00:00:00Z,admin
6312df6a-c588-41a2-9f6e-f2e8f67a7ee7,a5179d97-20ab-406b-be06-51406d55292e,Z0052TYP,2026-08-20T00:00:00Z,admin,2026-08-20T00:00:00Z,admin
6e866b3d-78fc-4db8-ba4b-72b464a0afde,a5179d97-20ab-406b-be06-51406d55292e,Z002Z66N,2026-08-20T00:00:00Z,admin,2026-08-20T00:00:00Z,admin
77884d7a-a51f-4898-85bb-b65fc9861a63,a5179d97-20ab-406b-be06-51406d55292e,Z004YK1R,2026-08-20T00:00:00Z,admin,2026-08-20T00:00:00Z,admin
92dfd4fd-d158-451e-aa6d-cdff8371a892,a5179d97-20ab-406b-be06-51406d55292e,Z004Z7ZE,2026-08-20T00:00:00Z,admin,2026-08-20T00:00:00Z,admin
f95b9b88-b6f8-4210-a92f-6eb2b48aebd5,a5179d97-20ab-406b-be06-51406d55292e,Z0054KNE,2026-08-20T00:00:00Z,admin,2026-08-20T00:00:00Z,admin
83b57323-2e49-40f4-b804-bc452107f773,a5179d97-20ab-406b-be06-51406d55292e,Z0028XMJ,2026-08-20T00:00:00Z,admin,2026-08-20T00:00:00Z,admin
91364a58-d0ad-4b82-8200-07b31d6a3b79,a5179d97-20ab-406b-be06-51406d55292e,Z004FUJT,2026-08-20T00:00:00Z,admin,2026-08-20T00:00:00Z,admin
ad9ded36-fc7b-4cfb-8845-88b21993bd0c,a5179d97-20ab-406b-be06-51406d55292e,Z001WYDU,2026-08-20T00:00:00Z,admin,2026-08-20T00:00:00Z,admin
103241c6-b363-4cd6-95ca-cbb8a5ae6ddf,a5179d97-20ab-406b-be06-51406d55292e,Z0014WKT,2026-08-20T00:00:00Z,admin,2026-08-20T00:00:00Z,admin
c2d4bfd7-e13c-45c3-b7a2-686b43945aa4,a5179d97-20ab-406b-be06-51406d55292e,Z0039MYX,2026-08-20T00:00:00Z,admin,2026-08-20T00:00:00Z,admin
7101c9e5-7e2e-4f04-bac6-8b20eb801021,a5179d97-20ab-406b-be06-51406d55292e,Z0051EJU,2026-08-20T00:00:00Z,admin,2026-08-20T00:00:00Z,admin
4cbdfbb7-1d0a-4d57-a556-ce401453caaf,a5179d97-20ab-406b-be06-51406d55292e,Z003RN6R,2026-08-20T00:00:00Z,admin,2026-08-20T00:00:00Z,admin
4bbc8246-da59-416d-b807-04137a10ace4,a5179d97-20ab-406b-be06-51406d55292e,Z0046D7W,2026-08-20T00:00:00Z,admin,2026-08-20T00:00:00Z,admin
734dba3f-9c19-4491-8ef9-bf9bc09bc7c1,a5179d97-20ab-406b-be06-51406d55292e,Z000268E,2026-08-20T00:00:00Z,admin,2026-08-20T00:00:00Z,admin
462c15b2-7866-4348-b378-627f885ca091,a5179d97-20ab-406b-be06-51406d55292e,Z002JB9N,2026-08-20T00:00:00Z,admin,2026-08-20T00:00:00Z,admin
a265c6cf-a9cd-40ed-9ac3-d1434a1b7c4c,a5179d97-20ab-406b-be06-51406d55292e,Z002ZJEH,2026-08-20T00:00:00Z,admin,2026-08-20T00:00:00Z,admin
8fcd8ac2-f04b-46f7-8f19-0e943291ddae,a5179d97-20ab-406b-be06-51406d55292e,Z0033TXK,2026-08-20T00:00:00Z,admin,2026-08-20T00:00:00Z,admin
6623f47f-d6ff-48c6-b452-c08b81a20cf9,a5179d97-20ab-406b-be06-51406d55292e,Z0037XDV,2026-08-20T00:00:00Z,admin,2026-08-20T00:00:00Z,admin
d9f37045-bab3-4027-9bda-372f3713bd82,a5179d97-20ab-406b-be06-51406d55292e,Z0030F0C,2026-08-20T00:00:00Z,admin,2026-08-20T00:00:00Z,admin
9c628c4a-aee3-4f1b-9b07-3c2679bcfba1,a5179d97-20ab-406b-be06-51406d55292e,Z0049ETY,2026-08-20T00:00:00Z,admin,2026-08-20T00:00:00Z,admin
64961a8d-e584-40dd-a628-16ddbb7d99fa,a5179d97-20ab-406b-be06-51406d55292e,Z00531ED,2026-08-20T00:00:00Z,admin,2026-08-20T00:00:00Z,admin
fdfc36bb-8a36-4421-ba54-7465009907b1,a5179d97-20ab-406b-be06-51406d55292e,Z00578UN,2026-08-20T00:00:00Z,admin,2026-08-20T00:00:00Z,admin
f2bdefee-7ddb-40ee-86ad-ef781ec098e9,a5179d97-20ab-406b-be06-51406d55292e,Z0022MPU,2026-08-20T00:00:00Z,admin,2026-08-20T00:00:00Z,admin
6d2d5c3f-6d32-4719-bfba-d44f1af3413a,a5179d97-20ab-406b-be06-51406d55292e,Z00360RB,2026-08-20T00:00:00Z,admin,2026-08-20T00:00:00Z,admin
54c8d7ae-4e2f-4bbd-8ecf-c7b355e871c5,a5179d97-20ab-406b-be06-51406d55292e,Z00580YJ,2026-08-20T00:00:00Z,admin,2026-08-20T00:00:00Z,admin
a11aa4fc-6d41-475e-8fb1-7a2adb262d86,a5179d97-20ab-406b-be06-51406d55292e,Z004XVAB,2026-08-20T00:00:00Z,admin,2026-08-20T00:00:00Z,admin
abf3513b-7367-4f3e-b5a9-a7d13886d4ee,a5179d97-20ab-406b-be06-51406d55292e,Z00503ZF,2026-08-20T00:00:00Z,admin,2026-08-20T00:00:00Z,admin
0d1bfca2-36dd-49ef-8bdd-10bbf0f13d52,a5179d97-20ab-406b-be06-51406d55292e,Z0053X3Z,2026-08-20T00:00:00Z,admin,2026-08-20T00:00:00Z,admin
90c09045-cd15-45fc-9849-e59b4d6e0d64,a5179d97-20ab-406b-be06-51406d55292e,Z004Z8HY,2026-08-20T00:00:00Z,admin,2026-08-20T00:00:00Z,admin
4351c84d-e5f7-4d95-b59c-5a36c9e3989b,a5179d97-20ab-406b-be06-51406d55292e,Z00366PH,2026-08-20T00:00:00Z,admin,2026-08-20T00:00:00Z,admin
743199d9-3000-496e-9949-342412789d7e,a5179d97-20ab-406b-be06-51406d55292e,Z002M9XR,2026-08-20T00:00:00Z,admin,2026-08-20T00:00:00Z,admin
b1cf384f-1083-4262-a7b1-3d46de89f8b9,a5179d97-20ab-406b-be06-51406d55292e,Z0059DWT,2026-08-20T00:00:00Z,admin,2026-08-20T00:00:00Z,admin
53c5b975-1697-4203-9474-ef29a9f82d03,a5179d97-20ab-406b-be06-51406d55292e,Z005989N,2026-08-20T00:00:00Z,admin,2026-08-20T00:00:00Z,admin
2b1a2973-1b94-467f-aead-39d9b59ba389,a5179d97-20ab-406b-be06-51406d55292e,Z0059DYC,2026-08-20T00:00:00Z,admin,2026-08-20T00:00:00Z,admin
cdc28f6f-04b2-4c6d-b85b-718b0289ab69,a5179d97-20ab-406b-be06-51406d55292e,Z0047WTV,2026-08-20T00:00:00Z,admin,2026-08-20T00:00:00Z,admin
13e235c2-82cb-4bd1-9841-68ee9542b8b4,e6d87e05-403b-4119-8f43-10d577ae8efd,Z004TAMU,2026-08-20T00:00:00Z,admin,2026-08-20T00:00:00Z,admin
ef928a1f-d334-42a3-bc32-0ad583cc2cb1,e6d87e05-403b-4119-8f43-10d577ae8efd,Z00531DY,2026-08-20T00:00:00Z,admin,2026-08-20T00:00:00Z,admin
9904fd9b-9af9-4fbf-a538-5ecee4a22b24,e6d87e05-403b-4119-8f43-10d577ae8efd,Z004XVAC,2026-08-20T00:00:00Z,admin,2026-08-20T00:00:00Z,admin
830fbd87-3b33-4323-815c-6bd2dcbed8e2,e6d87e05-403b-4119-8f43-10d577ae8efd,Z0052TYP,2026-08-20T00:00:00Z,admin,2026-08-20T00:00:00Z,admin
267c12e7-ec14-42da-bb7a-a0c488d23bc0,e6d87e05-403b-4119-8f43-10d577ae8efd,Z002Z66N,2026-08-20T00:00:00Z,admin,2026-08-20T00:00:00Z,admin
dea666aa-f435-4176-aa89-744313feefad,e6d87e05-403b-4119-8f43-10d577ae8efd,Z004YK1R,2026-08-20T00:00:00Z,admin,2026-08-20T00:00:00Z,admin
bc9ecce5-b865-48ef-881c-a336dd12fe1b,e6d87e05-403b-4119-8f43-10d577ae8efd,Z004Z7ZE,2026-08-20T00:00:00Z,admin,2026-08-20T00:00:00Z,admin
0cb13376-7253-4b8f-8685-70a91824a873,e6d87e05-403b-4119-8f43-10d577ae8efd,Z0054KNE,2026-08-20T00:00:00Z,admin,2026-08-20T00:00:00Z,admin
52f56d96-1eaf-4ebd-b68e-9b16886ea96d,e6d87e05-403b-4119-8f43-10d577ae8efd,Z0028XMJ,2026-08-20T00:00:00Z,admin,2026-08-20T00:00:00Z,admin
8de387e0-acb0-4449-a500-0c9d966e817f,e6d87e05-403b-4119-8f43-10d577ae8efd,Z004FUJT,2026-08-20T00:00:00Z,admin,2026-08-20T00:00:00Z,admin
7a5c6f18-106b-42fc-8e0c-5aa44dbc81d6,e6d87e05-403b-4119-8f43-10d577ae8efd,Z001WYDU,2026-08-20T00:00:00Z,admin,2026-08-20T00:00:00Z,admin
539566ce-d22d-4dcd-a14d-4f98a46081b1,e6d87e05-403b-4119-8f43-10d577ae8efd,Z0014WKT,2026-08-20T00:00:00Z,admin,2026-08-20T00:00:00Z,admin
a480723b-bba7-4639-8046-8b1e0f7af170,e6d87e05-403b-4119-8f43-10d577ae8efd,Z0039MYX,2026-08-20T00:00:00Z,admin,2026-08-20T00:00:00Z,admin
05461d53-aa22-431c-93a1-79e60b79798f,e6d87e05-403b-4119-8f43-10d577ae8efd,Z0051EJU,2026-08-20T00:00:00Z,admin,2026-08-20T00:00:00Z,admin
489e325e-4b90-4646-8c2b-3c4a8fd3fd60,e6d87e05-403b-4119-8f43-10d577ae8efd,Z003RN6R,2026-08-20T00:00:00Z,admin,2026-08-20T00:00:00Z,admin
adfc1813-1f82-4b7c-8c2d-f189adddb594,e6d87e05-403b-4119-8f43-10d577ae8efd,Z0046D7W,2026-08-20T00:00:00Z,admin,2026-08-20T00:00:00Z,admin
81da5795-8560-4c37-9c32-10bedc8f717e,e6d87e05-403b-4119-8f43-10d577ae8efd,Z000268E,2026-08-20T00:00:00Z,admin,2026-08-20T00:00:00Z,admin
896a740e-b734-4b6a-9b34-27bcbf653c2d,e6d87e05-403b-4119-8f43-10d577ae8efd,Z002JB9N,2026-08-20T00:00:00Z,admin,2026-08-20T00:00:00Z,admin
88cc6980-0779-41db-b1dc-18e3847d11de,e6d87e05-403b-4119-8f43-10d577ae8efd,Z002ZJEH,2026-08-20T00:00:00Z,admin,2026-08-20T00:00:00Z,admin
fa6deeda-1a24-4d5e-b367-01234da2dda4,e6d87e05-403b-4119-8f43-10d577ae8efd,Z0033TXK,2026-08-20T00:00:00Z,admin,2026-08-20T00:00:00Z,admin
d8a58f26-8f30-4751-8a78-fa67f269afbf,e6d87e05-403b-4119-8f43-10d577ae8efd,Z0037XDV,2026-08-20T00:00:00Z,admin,2026-08-20T00:00:00Z,admin
383b320a-aed3-49d2-9531-d128c5956831,e6d87e05-403b-4119-8f43-10d577ae8efd,Z0030F0C,2026-08-20T00:00:00Z,admin,2026-08-20T00:00:00Z,admin
e8fd3bb4-1379-418c-aede-44039cdcd81d,e6d87e05-403b-4119-8f43-10d577ae8efd,Z0049ETY,2026-08-20T00:00:00Z,admin,2026-08-20T00:00:00Z,admin
6995c6e0-9867-4835-87e1-cf1d6a96558d,e6d87e05-403b-4119-8f43-10d577ae8efd,Z00531ED,2026-08-20T00:00:00Z,admin,2026-08-20T00:00:00Z,admin
f883bd04-b38f-4354-804e-6347e75d531d,e6d87e05-403b-4119-8f43-10d577ae8efd,Z00578UN,2026-08-20T00:00:00Z,admin,2026-08-20T00:00:00Z,admin
43e09e94-6822-4266-9a4e-c494bab088fe,e6d87e05-403b-4119-8f43-10d577ae8efd,Z0022MPU,2026-08-20T00:00:00Z,admin,2026-08-20T00:00:00Z,admin
b50733f8-1697-4c47-9582-ff86562c9605,e6d87e05-403b-4119-8f43-10d577ae8efd,Z00360RB,2026-08-20T00:00:00Z,admin,2026-08-20T00:00:00Z,admin
df653914-dec2-4d7b-ab50-32046693a091,e6d87e05-403b-4119-8f43-10d577ae8efd,Z00580YJ,2026-08-20T00:00:00Z,admin,2026-08-20T00:00:00Z,admin
f9c56c3f-83b8-41f4-afac-7e563e78904d,e6d87e05-403b-4119-8f43-10d577ae8efd,Z004XVAB,2026-08-20T00:00:00Z,admin,2026-08-20T00:00:00Z,admin
f5317c78-f987-4e4e-b257-80986ed327e8,e6d87e05-403b-4119-8f43-10d577ae8efd,Z00503ZF,2026-08-20T00:00:00Z,admin,2026-08-20T00:00:00Z,admin
304ed3bc-1eec-4c67-8f87-7850d60c7477,e6d87e05-403b-4119-8f43-10d577ae8efd,Z0053X3Z,2026-08-20T00:00:00Z,admin,2026-08-20T00:00:00Z,admin
9577d4b4-3282-4dec-bdc3-62f24e038779,e6d87e05-403b-4119-8f43-10d577ae8efd,Z004Z8HY,2026-08-20T00:00:00Z,admin,2026-08-20T00:00:00Z,admin
cdfc6cbd-f9e1-43f6-944c-8fa10efcb4a4,e6d87e05-403b-4119-8f43-10d577ae8efd,Z00366PH,2026-08-20T00:00:00Z,admin,2026-08-20T00:00:00Z,admin
569d525d-35fa-4361-bb79-17d5f8d745c6,e6d87e05-403b-4119-8f43-10d577ae8efd,Z002M9XR,2026-08-20T00:00:00Z,admin,2026-08-20T00:00:00Z,admin
d7f8bd4a-84cc-44e2-99d8-67287bbb153f,e6d87e05-403b-4119-8f43-10d577ae8efd,Z0059DWT,2026-08-20T00:00:00Z,admin,2026-08-20T00:00:00Z,admin
c8f8b073-b258-447b-890d-b74a9e2ab0fb,e6d87e05-403b-4119-8f43-10d577ae8efd,Z005989N,2026-08-20T00:00:00Z,admin,2026-08-20T00:00:00Z,admin
c367f31f-c4d5-46eb-b8ba-4dafb9d04298,e6d87e05-403b-4119-8f43-10d577ae8efd,Z0059DYC,2026-08-20T00:00:00Z,admin,2026-08-20T00:00:00Z,admin
8126460e-3cc2-4031-bb18-176d25a5ec5b,e6d87e05-403b-4119-8f43-10d577ae8efd,Z0047WTV,2026-08-20T00:00:00Z,admin,2026-08-20T00:00:00Z,admin
f209e00e-e6bb-4806-bf90-c84c4ba41654,af900bff-d4bb-41a6-af75-d3a556cbf6ad,Z004TAMU,2026-08-20T00:00:00Z,admin,2026-08-20T00:00:00Z,admin
70acfa30-c80c-405b-bbef-2473f7a15dee,af900bff-d4bb-41a6-af75-d3a556cbf6ad,Z00531DY,2026-08-20T00:00:00Z,admin,2026-08-20T00:00:00Z,admin
bb13e368-c10f-4d3e-8635-8a5c2b089f2b,af900bff-d4bb-41a6-af75-d3a556cbf6ad,Z004XVAC,2026-08-20T00:00:00Z,admin,2026-08-20T00:00:00Z,admin
08e92334-fd64-4901-85c6-142398a60537,af900bff-d4bb-41a6-af75-d3a556cbf6ad,Z0052TYP,2026-08-20T00:00:00Z,admin,2026-08-20T00:00:00Z,admin
0a110bf1-b1fa-4fa5-8b62-29aec6f94ac7,af900bff-d4bb-41a6-af75-d3a556cbf6ad,Z002Z66N,2026-08-20T00:00:00Z,admin,2026-08-20T00:00:00Z,admin
e2804b9f-c6e6-4cd1-94a9-700ddd9abd4f,af900bff-d4bb-41a6-af75-d3a556cbf6ad,Z004YK1R,2026-08-20T00:00:00Z,admin,2026-08-20T00:00:00Z,admin
70f919b7-1bac-4a85-8fe3-470fbc1c1267,af900bff-d4bb-41a6-af75-d3a556cbf6ad,Z004Z7ZE,2026-08-20T00:00:00Z,admin,2026-08-20T00:00:00Z,admin
7455bf33-1187-475d-8929-f07343f9f19a,af900bff-d4bb-41a6-af75-d3a556cbf6ad,Z0054KNE,2026-08-20T00:00:00Z,admin,2026-08-20T00:00:00Z,admin
94d9a744-f961-4676-a251-f0d6dbfc0f42,af900bff-d4bb-41a6-af75-d3a556cbf6ad,Z0028XMJ,2026-08-20T00:00:00Z,admin,2026-08-20T00:00:00Z,admin
5ef6479b-4c77-4b08-92fa-0efd10ccdc32,af900bff-d4bb-41a6-af75-d3a556cbf6ad,Z004FUJT,2026-08-20T00:00:00Z,admin,2026-08-20T00:00:00Z,admin
2359f94f-067b-4f5e-8016-6266e4e88bdb,af900bff-d4bb-41a6-af75-d3a556cbf6ad,Z001WYDU,2026-08-20T00:00:00Z,admin,2026-08-20T00:00:00Z,admin
9eae2ef3-0379-486b-b02a-ab133e9fe0e0,af900bff-d4bb-41a6-af75-d3a556cbf6ad,Z0014WKT,2026-08-20T00:00:00Z,admin,2026-08-20T00:00:00Z,admin
4f4038a9-87b9-43e2-9723-3ec4ccac68bb,af900bff-d4bb-41a6-af75-d3a556cbf6ad,Z0039MYX,2026-08-20T00:00:00Z,admin,2026-08-20T00:00:00Z,admin
9640197a-98e0-4774-91c3-c53a8c20a5bc,af900bff-d4bb-41a6-af75-d3a556cbf6ad,Z0051EJU,2026-08-20T00:00:00Z,admin,2026-08-20T00:00:00Z,admin
c8da6958-2824-498c-bfff-51a02f1d8fb4,af900bff-d4bb-41a6-af75-d3a556cbf6ad,Z003RN6R,2026-08-20T00:00:00Z,admin,2026-08-20T00:00:00Z,admin
952ec4a4-d72b-4969-b904-24a17b3eb5e5,af900bff-d4bb-41a6-af75-d3a556cbf6ad,Z0046D7W,2026-08-20T00:00:00Z,admin,2026-08-20T00:00:00Z,admin
8a02ec67-b59c-4563-8393-b26a26c53226,af900bff-d4bb-41a6-af75-d3a556cbf6ad,Z000268E,2026-08-20T00:00:00Z,admin,2026-08-20T00:00:00Z,admin
57681c6a-0cfe-4837-a07f-dc853601a7c4,af900bff-d4bb-41a6-af75-d3a556cbf6ad,Z002JB9N,2026-08-20T00:00:00Z,admin,2026-08-20T00:00:00Z,admin
cc7da92a-ba6c-43c7-b57b-2a4d02abb065,af900bff-d4bb-41a6-af75-d3a556cbf6ad,Z002ZJEH,2026-08-20T00:00:00Z,admin,2026-08-20T00:00:00Z,admin
2a967214-4aae-4c74-9711-704976080909,af900bff-d4bb-41a6-af75-d3a556cbf6ad,Z0033TXK,2026-08-20T00:00:00Z,admin,2026-08-20T00:00:00Z,admin
374be98a-4c8b-4d76-842e-d05f27cc9ae4,af900bff-d4bb-41a6-af75-d3a556cbf6ad,Z0037XDV,2026-08-20T00:00:00Z,admin,2026-08-20T00:00:00Z,admin
e13ec041-2d7b-4192-b236-5bd44384dea5,af900bff-d4bb-41a6-af75-d3a556cbf6ad,Z0030F0C,2026-08-20T00:00:00Z,admin,2026-08-20T00:00:00Z,admin
7797e05f-62d5-4a62-9899-dfc812c47dc0,af900bff-d4bb-41a6-af75-d3a556cbf6ad,Z0049ETY,2026-08-20T00:00:00Z,admin,2026-08-20T00:00:00Z,admin
5ae18aee-efe4-47f0-ae30-d3dfee6e6a6c,af900bff-d4bb-41a6-af75-d3a556cbf6ad,Z00531ED,2026-08-20T00:00:00Z,admin,2026-08-20T00:00:00Z,admin
87bd7bf8-12ff-460e-a3aa-6064da0bdcb3,af900bff-d4bb-41a6-af75-d3a556cbf6ad,Z00578UN,2026-08-20T00:00:00Z,admin,2026-08-20T00:00:00Z,admin
3d9d6e6c-48b3-4efa-bb93-5d19772e92f7,af900bff-d4bb-41a6-af75-d3a556cbf6ad,Z0022MPU,2026-08-20T00:00:00Z,admin,2026-08-20T00:00:00Z,admin
b26a85a3-dcb0-457c-8517-a9e953e1e840,af900bff-d4bb-41a6-af75-d3a556cbf6ad,Z00360RB,2026-08-20T00:00:00Z,admin,2026-08-20T00:00:00Z,admin
241c67ec-c8e4-4231-a7f2-d50368a25bf6,af900bff-d4bb-41a6-af75-d3a556cbf6ad,Z00580YJ,2026-08-20T00:00:00Z,admin,2026-08-20T00:00:00Z,admin
e7dfbbf6-688b-4c07-9c22-2bea0d685f88,af900bff-d4bb-41a6-af75-d3a556cbf6ad,Z004XVAB,2026-08-20T00:00:00Z,admin,2026-08-20T00:00:00Z,admin
7d43b725-a741-4326-a7a4-215adb2d8f09,af900bff-d4bb-41a6-af75-d3a556cbf6ad,Z00503ZF,2026-08-20T00:00:00Z,admin,2026-08-20T00:00:00Z,admin
038a05eb-d5f4-4f61-97f5-f8f195f5fd4d,af900bff-d4bb-41a6-af75-d3a556cbf6ad,Z0053X3Z,2026-08-20T00:00:00Z,admin,2026-08-20T00:00:00Z,admin
9650a042-d6d0-4424-9cab-af4ae97c069c,af900bff-d4bb-41a6-af75-d3a556cbf6ad,Z004Z8HY,2026-08-20T00:00:00Z,admin,2026-08-20T00:00:00Z,admin
ae625948-ff6b-4f68-94f8-3f100de52928,af900bff-d4bb-41a6-af75-d3a556cbf6ad,Z00366PH,2026-08-20T00:00:00Z,admin,2026-08-20T00:00:00Z,admin
51de6668-2f63-4c69-a2e8-fd0d611c34cf,af900bff-d4bb-41a6-af75-d3a556cbf6ad,Z002M9XR,2026-08-20T00:00:00Z,admin,2026-08-20T00:00:00Z,admin
d0d65a43-9f0f-4962-99e4-de6f264b3df7,af900bff-d4bb-41a6-af75-d3a556cbf6ad,Z0059DWT,2026-08-20T00:00:00Z,admin,2026-08-20T00:00:00Z,admin
29cc471d-a71c-40e1-8e65-00d84ee63324,af900bff-d4bb-41a6-af75-d3a556cbf6ad,Z005989N,2026-08-20T00:00:00Z,admin,2026-08-20T00:00:00Z,admin
25c088c6-5699-4480-8604-809cefdf8fef,af900bff-d4bb-41a6-af75-d3a556cbf6ad,Z0059DYC,2026-08-20T00:00:00Z,admin,2026-08-20T00:00:00Z,admin
6abd343e-9fe2-40d6-8e0e-36833ca30ef0,af900bff-d4bb-41a6-af75-d3a556cbf6ad,Z0047WTV,2026-08-20T00:00:00Z,admin,2026-08-20T00:00:00Z,admin
69b1bccc-da50-46a4-8a97-736f453a2015,e40d5b70-037b-4786-8337-874b4c02182f,Z004TAMU,2026-08-20T00:00:00Z,admin,2026-08-20T00:00:00Z,admin
ec4347f8-ad9e-4351-bdde-29d4b3c795b1,e40d5b70-037b-4786-8337-874b4c02182f,Z00531DY,2026-08-20T00:00:00Z,admin,2026-08-20T00:00:00Z,admin
5f0983de-108a-4e27-8c2a-10107655897f,e40d5b70-037b-4786-8337-874b4c02182f,Z004XVAC,2026-08-20T00:00:00Z,admin,2026-08-20T00:00:00Z,admin
762cddfa-40f9-46a2-93e5-905ebc4b0edb,e40d5b70-037b-4786-8337-874b4c02182f,Z0052TYP,2026-08-20T00:00:00Z,admin,2026-08-20T00:00:00Z,admin
44fdbbc3-2bb1-4d9a-a433-da3a564660fc,e40d5b70-037b-4786-8337-874b4c02182f,Z002Z66N,2026-08-20T00:00:00Z,admin,2026-08-20T00:00:00Z,admin
88bc7e0d-9a5d-443d-86db-14984bdb1470,e40d5b70-037b-4786-8337-874b4c02182f,Z004YK1R,2026-08-20T00:00:00Z,admin,2026-08-20T00:00:00Z,admin
5a620ba8-00c0-4462-9e40-576260e9d8e4,e40d5b70-037b-4786-8337-874b4c02182f,Z004Z7ZE,2026-08-20T00:00:00Z,admin,2026-08-20T00:00:00Z,admin
5ae4bb54-7776-4279-843b-34aa57873851,e40d5b70-037b-4786-8337-874b4c02182f,Z0054KNE,2026-08-20T00:00:00Z,admin,2026-08-20T00:00:00Z,admin
4b3108f4-f308-4ad9-a177-9784990657fb,e40d5b70-037b-4786-8337-874b4c02182f,Z0028XMJ,2026-08-20T00:00:00Z,admin,2026-08-20T00:00:00Z,admin
5b49139e-6ce8-402c-a96e-89fae2de822e,e40d5b70-037b-4786-8337-874b4c02182f,Z004FUJT,2026-08-20T00:00:00Z,admin,2026-08-20T00:00:00Z,admin
df966746-ab29-4eaa-88f2-acb2e1ee561c,e40d5b70-037b-4786-8337-874b4c02182f,Z001WYDU,2026-08-20T00:00:00Z,admin,2026-08-20T00:00:00Z,admin
0eb8cdec-5985-489c-88c3-0fd0c4e8015e,e40d5b70-037b-4786-8337-874b4c02182f,Z0014WKT,2026-08-20T00:00:00Z,admin,2026-08-20T00:00:00Z,admin
49796ef3-0708-41f1-a621-25687ed0a6c2,e40d5b70-037b-4786-8337-874b4c02182f,Z0039MYX,2026-08-20T00:00:00Z,admin,2026-08-20T00:00:00Z,admin
0d1d2296-e7a2-4997-82a2-662d5f0ec702,e40d5b70-037b-4786-8337-874b4c02182f,Z0051EJU,2026-08-20T00:00:00Z,admin,2026-08-20T00:00:00Z,admin
9a520447-e204-4245-ae89-92c6505fa0b4,e40d5b70-037b-4786-8337-874b4c02182f,Z003RN6R,2026-08-20T00:00:00Z,admin,2026-08-20T00:00:00Z,admin
3b870334-0f26-4011-b47d-318711af0b2c,e40d5b70-037b-4786-8337-874b4c02182f,Z0046D7W,2026-08-20T00:00:00Z,admin,2026-08-20T00:00:00Z,admin
dfd10870-f88d-478b-81ad-9623c59e9a70,e40d5b70-037b-4786-8337-874b4c02182f,Z000268E,2026-08-20T00:00:00Z,admin,2026-08-20T00:00:00Z,admin
fecda45e-794e-4fcd-ace7-45ba88d5a89a,e40d5b70-037b-4786-8337-874b4c02182f,Z002JB9N,2026-08-20T00:00:00Z,admin,2026-08-20T00:00:00Z,admin
432f0b6a-ea47-4852-b8f4-c0f3c5f07b93,e40d5b70-037b-4786-8337-874b4c02182f,Z002ZJEH,2026-08-20T00:00:00Z,admin,2026-08-20T00:00:00Z,admin
0337c824-11c9-4945-abbd-42e91a84c68a,e40d5b70-037b-4786-8337-874b4c02182f,Z0033TXK,2026-08-20T00:00:00Z,admin,2026-08-20T00:00:00Z,admin
5aca40d6-07f5-45f8-a812-5d470c03e9b6,e40d5b70-037b-4786-8337-874b4c02182f,Z0037XDV,2026-08-20T00:00:00Z,admin,2026-08-20T00:00:00Z,admin
ef968fe5-8922-4b07-bd18-6c6a90190fc6,e40d5b70-037b-4786-8337-874b4c02182f,Z0030F0C,2026-08-20T00:00:00Z,admin,2026-08-20T00:00:00Z,admin
c9b3774c-0656-4699-a498-06bd139a76b4,e40d5b70-037b-4786-8337-874b4c02182f,Z0049ETY,2026-08-20T00:00:00Z,admin,2026-08-20T00:00:00Z,admin
79de7c39-7eaf-44a9-999d-356be780e391,e40d5b70-037b-4786-8337-874b4c02182f,Z00531ED,2026-08-20T00:00:00Z,admin,2026-08-20T00:00:00Z,admin
4bda6363-735d-4286-a42c-23f289c4d115,e40d5b70-037b-4786-8337-874b4c02182f,Z00578UN,2026-08-20T00:00:00Z,admin,2026-08-20T00:00:00Z,admin
f516166c-338a-45d5-95da-a709882de878,e40d5b70-037b-4786-8337-874b4c02182f,Z0022MPU,2026-08-20T00:00:00Z,admin,2026-08-20T00:00:00Z,admin
4b5bc8c4-5297-4a88-8da5-a8d48406181b,e40d5b70-037b-4786-8337-874b4c02182f,Z00360RB,2026-08-20T00:00:00Z,admin,2026-08-20T00:00:00Z,admin
60e3bd6e-d171-424c-803d-b1ebd65c612e,e40d5b70-037b-4786-8337-874b4c02182f,Z00580YJ,2026-08-20T00:00:00Z,admin,2026-08-20T00:00:00Z,admin
58e2b9a4-6b44-4539-9676-5ab755a90d32,e40d5b70-037b-4786-8337-874b4c02182f,Z004XVAB,2026-08-20T00:00:00Z,admin,2026-08-20T00:00:00Z,admin
13e74836-597f-4ac6-bb3a-d9edfc499928,e40d5b70-037b-4786-8337-874b4c02182f,Z00503ZF,2026-08-20T00:00:00Z,admin,2026-08-20T00:00:00Z,admin
31005c61-e87c-4a56-9ea5-c77bf36fb3a4,e40d5b70-037b-4786-8337-874b4c02182f,Z0053X3Z,2026-08-20T00:00:00Z,admin,2026-08-20T00:00:00Z,admin
3eb5bf73-0f4a-4881-b622-4ef605b5a6b1,e40d5b70-037b-4786-8337-874b4c02182f,Z004Z8HY,2026-08-20T00:00:00Z,admin,2026-08-20T00:00:00Z,admin
b01b0af8-b1ea-4ee4-bb24-64c3bd36dfd2,e40d5b70-037b-4786-8337-874b4c02182f,Z00366PH,2026-08-20T00:00:00Z,admin,2026-08-20T00:00:00Z,admin
b2d461f4-5038-4546-898c-066527651da7,e40d5b70-037b-4786-8337-874b4c02182f,Z002M9XR,2026-08-20T00:00:00Z,admin,2026-08-20T00:00:00Z,admin
8100e211-bd2d-48a0-8376-9c948105f2c0,e40d5b70-037b-4786-8337-874b4c02182f,Z0059DWT,2026-08-20T00:00:00Z,admin,2026-08-20T00:00:00Z,admin
a0236357-191c-4c6d-8aa2-ac5a71b0c213,e40d5b70-037b-4786-8337-874b4c02182f,Z005989N,2026-08-20T00:00:00Z,admin,2026-08-20T00:00:00Z,admin
876e4d48-8f29-4003-81c6-79dd26b598d1,e40d5b70-037b-4786-8337-874b4c02182f,Z0059DYC,2026-08-20T00:00:00Z,admin,2026-08-20T00:00:00Z,admin
c056da4d-f4ee-4133-bf2c-72ebbd702a1c,e40d5b70-037b-4786-8337-874b4c02182f,Z0047WTV,2026-08-20T00:00:00Z,admin,2026-08-20T00:00:00Z,admin
9dd6701e-5a29-4314-8853-d06a4b610b8a,dccd580e-b992-456c-8247-53814b63f20d,Z004TAMU,2026-08-20T00:00:00Z,admin,2026-08-20T00:00:00Z,admin
c2ded0e1-466d-4849-a60f-91830f50f28e,dccd580e-b992-456c-8247-53814b63f20d,Z00531DY,2026-08-20T00:00:00Z,admin,2026-08-20T00:00:00Z,admin
dbb43c1d-c414-47ed-80b3-8ae068d2bc9f,dccd580e-b992-456c-8247-53814b63f20d,Z004XVAC,2026-08-20T00:00:00Z,admin,2026-08-20T00:00:00Z,admin
49405ca4-cb41-485d-9642-7caba2dfd7be,dccd580e-b992-456c-8247-53814b63f20d,Z0052TYP,2026-08-20T00:00:00Z,admin,2026-08-20T00:00:00Z,admin
537e5349-ddb4-42ff-a3b2-8f39b487f894,dccd580e-b992-456c-8247-53814b63f20d,Z002Z66N,2026-08-20T00:00:00Z,admin,2026-08-20T00:00:00Z,admin
c664fb01-6e7c-472b-9257-52051f0fca33,dccd580e-b992-456c-8247-53814b63f20d,Z004YK1R,2026-08-20T00:00:00Z,admin,2026-08-20T00:00:00Z,admin
a0e76102-47a9-43e8-8b70-1688443c9de1,dccd580e-b992-456c-8247-53814b63f20d,Z004Z7ZE,2026-08-20T00:00:00Z,admin,2026-08-20T00:00:00Z,admin
faa4a74e-83cb-4bcc-9a7e-3c134b91a122,dccd580e-b992-456c-8247-53814b63f20d,Z0054KNE,2026-08-20T00:00:00Z,admin,2026-08-20T00:00:00Z,admin
64d760aa-46d6-4542-9986-83211b971291,dccd580e-b992-456c-8247-53814b63f20d,Z0028XMJ,2026-08-20T00:00:00Z,admin,2026-08-20T00:00:00Z,admin
2da99527-0df0-4f89-ab81-9ed971b7a5c6,dccd580e-b992-456c-8247-53814b63f20d,Z004FUJT,2026-08-20T00:00:00Z,admin,2026-08-20T00:00:00Z,admin
55c036d8-b786-473c-85ff-7f6d67a19b4d,dccd580e-b992-456c-8247-53814b63f20d,Z001WYDU,2026-08-20T00:00:00Z,admin,2026-08-20T00:00:00Z,admin
82cddde8-d44b-4bc1-8e78-398a931cb5f8,dccd580e-b992-456c-8247-53814b63f20d,Z0014WKT,2026-08-20T00:00:00Z,admin,2026-08-20T00:00:00Z,admin
2eaf350d-96f0-4419-a336-c8fe208ef726,dccd580e-b992-456c-8247-53814b63f20d,Z0039MYX,2026-08-20T00:00:00Z,admin,2026-08-20T00:00:00Z,admin
ecebc790-3e54-4b83-a654-6475dc229fd8,dccd580e-b992-456c-8247-53814b63f20d,Z0051EJU,2026-08-20T00:00:00Z,admin,2026-08-20T00:00:00Z,admin
d0e9e4fb-07e9-4590-97d9-79cafac332ae,dccd580e-b992-456c-8247-53814b63f20d,Z003RN6R,2026-08-20T00:00:00Z,admin,2026-08-20T00:00:00Z,admin
6d76b349-215a-451b-96ab-f04ba33446b4,dccd580e-b992-456c-8247-53814b63f20d,Z0046D7W,2026-08-20T00:00:00Z,admin,2026-08-20T00:00:00Z,admin
6d135d81-c5e8-40b0-bab8-47455f94e8f0,dccd580e-b992-456c-8247-53814b63f20d,Z000268E,2026-08-20T00:00:00Z,admin,2026-08-20T00:00:00Z,admin
a6a36d8e-433b-421d-892d-37defaa0d216,dccd580e-b992-456c-8247-53814b63f20d,Z002JB9N,2026-08-20T00:00:00Z,admin,2026-08-20T00:00:00Z,admin
713f61eb-495d-4a5c-8f9a-8150b94a79e2,dccd580e-b992-456c-8247-53814b63f20d,Z002ZJEH,2026-08-20T00:00:00Z,admin,2026-08-20T00:00:00Z,admin
20682691-f4e5-4d75-b255-a40492c3bb61,dccd580e-b992-456c-8247-53814b63f20d,Z0033TXK,2026-08-20T00:00:00Z,admin,2026-08-20T00:00:00Z,admin
f6f50fb3-db1c-470a-b0db-331f4072a278,dccd580e-b992-456c-8247-53814b63f20d,Z0037XDV,2026-08-20T00:00:00Z,admin,2026-08-20T00:00:00Z,admin
bf26e88d-1143-4b5e-846a-c26ba011d47b,dccd580e-b992-456c-8247-53814b63f20d,Z0030F0C,2026-08-20T00:00:00Z,admin,2026-08-20T00:00:00Z,admin
4b6cb147-364b-4594-8b5a-e5aff1282d93,dccd580e-b992-456c-8247-53814b63f20d,Z0049ETY,2026-08-20T00:00:00Z,admin,2026-08-20T00:00:00Z,admin
37867638-e508-4cd1-92be-1d0eeae9310f,dccd580e-b992-456c-8247-53814b63f20d,Z00531ED,2026-08-20T00:00:00Z,admin,2026-08-20T00:00:00Z,admin
8535c6a5-db19-47c5-af46-9e7a44283f88,dccd580e-b992-456c-8247-53814b63f20d,Z00578UN,2026-08-20T00:00:00Z,admin,2026-08-20T00:00:00Z,admin
1b3d6782-65f4-43ca-9f1c-eba16d7098ca,dccd580e-b992-456c-8247-53814b63f20d,Z0022MPU,2026-08-20T00:00:00Z,admin,2026-08-20T00:00:00Z,admin
6849edfe-f380-4951-b124-2b18a18c936e,dccd580e-b992-456c-8247-53814b63f20d,Z00360RB,2026-08-20T00:00:00Z,admin,2026-08-20T00:00:00Z,admin
c298afbb-5be1-4d9e-a8a4-9ac20861653f,dccd580e-b992-456c-8247-53814b63f20d,Z00580YJ,2026-08-20T00:00:00Z,admin,2026-08-20T00:00:00Z,admin
32cc36b8-5a15-4c96-8096-6791cc345893,dccd580e-b992-456c-8247-53814b63f20d,Z004XVAB,2026-08-20T00:00:00Z,admin,2026-08-20T00:00:00Z,admin
c64ed3ef-34eb-4b42-a1bc-3fd6cb674169,dccd580e-b992-456c-8247-53814b63f20d,Z00503ZF,2026-08-20T00:00:00Z,admin,2026-08-20T00:00:00Z,admin
7d524de2-a28e-4c96-90f0-e28946ea36d5,dccd580e-b992-456c-8247-53814b63f20d,Z0053X3Z,2026-08-20T00:00:00Z,admin,2026-08-20T00:00:00Z,admin
acce020f-a00e-47d7-9a93-419a9de67b7f,dccd580e-b992-456c-8247-53814b63f20d,Z004Z8HY,2026-08-20T00:00:00Z,admin,2026-08-20T00:00:00Z,admin
8083088f-7364-4355-9d8f-0250add44fca,dccd580e-b992-456c-8247-53814b63f20d,Z00366PH,2026-08-20T00:00:00Z,admin,2026-08-20T00:00:00Z,admin
df42c9c6-8586-41cb-a6b6-af36dd259b42,dccd580e-b992-456c-8247-53814b63f20d,Z002M9XR,2026-08-20T00:00:00Z,admin,2026-08-20T00:00:00Z,admin
8f4e258d-cd02-44f9-8f4d-b52f86dc9d50,dccd580e-b992-456c-8247-53814b63f20d,Z0059DWT,2026-08-20T00:00:00Z,admin,2026-08-20T00:00:00Z,admin
82d93f2d-13f2-4c86-93b5-3a43f6fcc889,dccd580e-b992-456c-8247-53814b63f20d,Z005989N,2026-08-20T00:00:00Z,admin,2026-08-20T00:00:00Z,admin
525df65c-a1e3-47cf-a7a5-8973210563c9,dccd580e-b992-456c-8247-53814b63f20d,Z0059DYC,2026-08-20T00:00:00Z,admin,2026-08-20T00:00:00Z,admin
e663adc1-4235-4bf1-824e-1d54d552215b,dccd580e-b992-456c-8247-53814b63f20d,Z0047WTV,2026-08-20T00:00:00Z,admin,2026-08-20T00:00:00Z,admin
a7f52a23-b109-4c88-91ab-bc1073d0e803,f583a561-0ea0-4cdd-9a0c-18e857e4c66c,Z004TAMU,2026-08-20T00:00:00Z,admin,2026-08-20T00:00:00Z,admin
5bde3733-8613-4c7e-a322-0ddeb042d74f,f583a561-0ea0-4cdd-9a0c-18e857e4c66c,Z00531DY,2026-08-20T00:00:00Z,admin,2026-08-20T00:00:00Z,admin
47353a00-cdcc-4a09-94f1-e3d39e9f48e0,f583a561-0ea0-4cdd-9a0c-18e857e4c66c,Z004XVAC,2026-08-20T00:00:00Z,admin,2026-08-20T00:00:00Z,admin
2028a9f2-21c1-49a2-a620-6074e15dfc8c,f583a561-0ea0-4cdd-9a0c-18e857e4c66c,Z0052TYP,2026-08-20T00:00:00Z,admin,2026-08-20T00:00:00Z,admin
bac78a9d-066a-4d41-b2a7-35eacbe0f23c,f583a561-0ea0-4cdd-9a0c-18e857e4c66c,Z002Z66N,2026-08-20T00:00:00Z,admin,2026-08-20T00:00:00Z,admin
77c61adf-b8f1-4375-987b-c0c50008a3b5,f583a561-0ea0-4cdd-9a0c-18e857e4c66c,Z004YK1R,2026-08-20T00:00:00Z,admin,2026-08-20T00:00:00Z,admin
4b5416f7-28b4-41c0-853a-1fe58077435c,f583a561-0ea0-4cdd-9a0c-18e857e4c66c,Z004Z7ZE,2026-08-20T00:00:00Z,admin,2026-08-20T00:00:00Z,admin
5513c6bd-d984-49c5-a171-a6e24e6352b0,f583a561-0ea0-4cdd-9a0c-18e857e4c66c,Z0054KNE,2026-08-20T00:00:00Z,admin,2026-08-20T00:00:00Z,admin
919f1066-0e9f-414d-b6fc-2354f977771c,f583a561-0ea0-4cdd-9a0c-18e857e4c66c,Z0028XMJ,2026-08-20T00:00:00Z,admin,2026-08-20T00:00:00Z,admin
5cd0729f-7f7b-429c-819a-276e742c2034,f583a561-0ea0-4cdd-9a0c-18e857e4c66c,Z004FUJT,2026-08-20T00:00:00Z,admin,2026-08-20T00:00:00Z,admin
d40068f0-1eef-4e39-92ef-cabe836dc473,f583a561-0ea0-4cdd-9a0c-18e857e4c66c,Z001WYDU,2026-08-20T00:00:00Z,admin,2026-08-20T00:00:00Z,admin
06d6b236-95af-472f-8443-96b986257e50,f583a561-0ea0-4cdd-9a0c-18e857e4c66c,Z0014WKT,2026-08-20T00:00:00Z,admin,2026-08-20T00:00:00Z,admin
4f6d3fff-5ca9-4bb4-bbe7-b9fddfd7bd34,f583a561-0ea0-4cdd-9a0c-18e857e4c66c,Z0039MYX,2026-08-20T00:00:00Z,admin,2026-08-20T00:00:00Z,admin
5e6ebe94-4706-4030-a026-a5147879bf10,f583a561-0ea0-4cdd-9a0c-18e857e4c66c,Z0051EJU,2026-08-20T00:00:00Z,admin,2026-08-20T00:00:00Z,admin
19f0d25e-b63d-4ffe-8b8d-079f9f61177b,f583a561-0ea0-4cdd-9a0c-18e857e4c66c,Z003RN6R,2026-08-20T00:00:00Z,admin,2026-08-20T00:00:00Z,admin
ef6cf322-f6e6-451e-bbac-6502348c70bd,f583a561-0ea0-4cdd-9a0c-18e857e4c66c,Z0046D7W,2026-08-20T00:00:00Z,admin,2026-08-20T00:00:00Z,admin
584d411c-b35c-4043-a9d1-a80134e6a696,f583a561-0ea0-4cdd-9a0c-18e857e4c66c,Z000268E,2026-08-20T00:00:00Z,admin,2026-08-20T00:00:00Z,admin
9d44658d-3123-44f9-97f9-45f5e1636e7c,f583a561-0ea0-4cdd-9a0c-18e857e4c66c,Z002JB9N,2026-08-20T00:00:00Z,admin,2026-08-20T00:00:00Z,admin
26a4cc6c-1b0e-4144-bb09-6823be8ec763,f583a561-0ea0-4cdd-9a0c-18e857e4c66c,Z002ZJEH,2026-08-20T00:00:00Z,admin,2026-08-20T00:00:00Z,admin
febd06cf-0d60-487d-b69c-e581db15a3a7,f583a561-0ea0-4cdd-9a0c-18e857e4c66c,Z0033TXK,2026-08-20T00:00:00Z,admin,2026-08-20T00:00:00Z,admin
fd273d43-e313-40df-aa22-9244df0ae2d4,f583a561-0ea0-4cdd-9a0c-18e857e4c66c,Z0037XDV,2026-08-20T00:00:00Z,admin,2026-08-20T00:00:00Z,admin
4c5c3a17-abbd-4a3a-8674-d67d1f6e1a87,f583a561-0ea0-4cdd-9a0c-18e857e4c66c,Z0030F0C,2026-08-20T00:00:00Z,admin,2026-08-20T00:00:00Z,admin
0215a0a1-30a0-41b9-b185-408b7aec8a2f,f583a561-0ea0-4cdd-9a0c-18e857e4c66c,Z0049ETY,2026-08-20T00:00:00Z,admin,2026-08-20T00:00:00Z,admin
b754bbcd-e406-41f7-9ce4-391dae2cc8ca,f583a561-0ea0-4cdd-9a0c-18e857e4c66c,Z00531ED,2026-08-20T00:00:00Z,admin,2026-08-20T00:00:00Z,admin
318347bc-4d06-4867-a4c5-b8d372e2d72d,f583a561-0ea0-4cdd-9a0c-18e857e4c66c,Z00578UN,2026-08-20T00:00:00Z,admin,2026-08-20T00:00:00Z,admin
2a595d2c-3b6a-49f3-887f-3a4d1173d772,f583a561-0ea0-4cdd-9a0c-18e857e4c66c,Z0022MPU,2026-08-20T00:00:00Z,admin,2026-08-20T00:00:00Z,admin
d903e764-0005-40a7-99f7-575de9b76ebf,f583a561-0ea0-4cdd-9a0c-18e857e4c66c,Z00360RB,2026-08-20T00:00:00Z,admin,2026-08-20T00:00:00Z,admin
0a6c7580-da64-4bfc-913e-ceb626f4e926,f583a561-0ea0-4cdd-9a0c-18e857e4c66c,Z00580YJ,2026-08-20T00:00:00Z,admin,2026-08-20T00:00:00Z,admin
ce2a605c-2f1f-43e0-ad44-aae4b5eebbde,f583a561-0ea0-4cdd-9a0c-18e857e4c66c,Z004XVAB,2026-08-20T00:00:00Z,admin,2026-08-20T00:00:00Z,admin
118f0eae-91bf-4d8d-8b4f-152d5790b59d,f583a561-0ea0-4cdd-9a0c-18e857e4c66c,Z00503ZF,2026-08-20T00:00:00Z,admin,2026-08-20T00:00:00Z,admin
3cbd48f6-a050-4d97-bf8a-afee8820ed25,f583a561-0ea0-4cdd-9a0c-18e857e4c66c,Z0053X3Z,2026-08-20T00:00:00Z,admin,2026-08-20T00:00:00Z,admin
2a1e72be-d464-49c3-90f7-13a90d25ab9a,f583a561-0ea0-4cdd-9a0c-18e857e4c66c,Z004Z8HY,2026-08-20T00:00:00Z,admin,2026-08-20T00:00:00Z,admin
e9d6d81c-93f7-4492-8c4f-ffb8b09efe12,f583a561-0ea0-4cdd-9a0c-18e857e4c66c,Z00366PH,2026-08-20T00:00:00Z,admin,2026-08-20T00:00:00Z,admin
a0187289-f924-4008-948c-d03ebb402357,f583a561-0ea0-4cdd-9a0c-18e857e4c66c,Z002M9XR,2026-08-20T00:00:00Z,admin,2026-08-20T00:00:00Z,admin
da8c19a8-4b41-4ce3-b6b7-6084a86afc80,f583a561-0ea0-4cdd-9a0c-18e857e4c66c,Z0059DWT,2026-08-20T00:00:00Z,admin,2026-08-20T00:00:00Z,admin
79a845d2-21c7-49fc-a612-d7f26fa6c3e2,f583a561-0ea0-4cdd-9a0c-18e857e4c66c,Z005989N,2026-08-20T00:00:00Z,admin,2026-08-20T00:00:00Z,admin
ddfba773-ad40-41d4-895b-5900bad794c6,f583a561-0ea0-4cdd-9a0c-18e857e4c66c,Z0059DYC,2026-08-20T00:00:00Z,admin,2026-08-20T00:00:00Z,admin
c05b7257-1460-420a-8089-ccda3b9b41c0,f583a561-0ea0-4cdd-9a0c-18e857e4c66c,Z0047WTV,2026-08-20T00:00:00Z,admin,2026-08-20T00:00:00Z,admin
60568015-d9e7-4b7a-9a0a-c0ab629ccd3d,b9d19bf2-d00a-4257-94cd-7fbe41224a70,Z004TAMU,2026-08-20T00:00:00Z,admin,2026-08-20T00:00:00Z,admin
1228041c-ba69-40a2-8c01-e4c884b705a2,b9d19bf2-d00a-4257-94cd-7fbe41224a70,Z00531DY,2026-08-20T00:00:00Z,admin,2026-08-20T00:00:00Z,admin
c841b6a5-476d-4bb8-8fa8-bf2e26bf92ac,b9d19bf2-d00a-4257-94cd-7fbe41224a70,Z004XVAC,2026-08-20T00:00:00Z,admin,2026-08-20T00:00:00Z,admin
33586bad-40db-46f6-bd3d-76d511c411a7,b9d19bf2-d00a-4257-94cd-7fbe41224a70,Z0052TYP,2026-08-20T00:00:00Z,admin,2026-08-20T00:00:00Z,admin
e2031a40-a5cc-4fa2-b7d0-9a9b6d8724f1,b9d19bf2-d00a-4257-94cd-7fbe41224a70,Z002Z66N,2026-08-20T00:00:00Z,admin,2026-08-20T00:00:00Z,admin
0b92ac20-86a8-4e35-92db-af277bca24d7,b9d19bf2-d00a-4257-94cd-7fbe41224a70,Z004YK1R,2026-08-20T00:00:00Z,admin,2026-08-20T00:00:00Z,admin
a5a3d59a-993d-4acc-8809-d90a3053dd84,b9d19bf2-d00a-4257-94cd-7fbe41224a70,Z004Z7ZE,2026-08-20T00:00:00Z,admin,2026-08-20T00:00:00Z,admin
47190b5f-9908-4a12-a0d3-472430fd3994,b9d19bf2-d00a-4257-94cd-7fbe41224a70,Z0054KNE,2026-08-20T00:00:00Z,admin,2026-08-20T00:00:00Z,admin
c72b3099-af70-496a-aed9-d90c18fc0c51,b9d19bf2-d00a-4257-94cd-7fbe41224a70,Z0028XMJ,2026-08-20T00:00:00Z,admin,2026-08-20T00:00:00Z,admin
1f793772-639e-48f8-92a4-e62dc46b137a,b9d19bf2-d00a-4257-94cd-7fbe41224a70,Z004FUJT,2026-08-20T00:00:00Z,admin,2026-08-20T00:00:00Z,admin
077d58e6-d374-4aee-b0d0-6fdd79b7f812,b9d19bf2-d00a-4257-94cd-7fbe41224a70,Z001WYDU,2026-08-20T00:00:00Z,admin,2026-08-20T00:00:00Z,admin
9262bda1-6a4d-43a1-87cc-0f25c9bfd889,b9d19bf2-d00a-4257-94cd-7fbe41224a70,Z0014WKT,2026-08-20T00:00:00Z,admin,2026-08-20T00:00:00Z,admin
9f12e84c-430a-4db9-9147-458e20bc9c96,b9d19bf2-d00a-4257-94cd-7fbe41224a70,Z0039MYX,2026-08-20T00:00:00Z,admin,2026-08-20T00:00:00Z,admin
a1e6300b-8f9f-4b72-bf4f-a558ca830dfa,b9d19bf2-d00a-4257-94cd-7fbe41224a70,Z0051EJU,2026-08-20T00:00:00Z,admin,2026-08-20T00:00:00Z,admin
6b8d49f5-6fd5-4f5c-8fe6-3b173879fb83,b9d19bf2-d00a-4257-94cd-7fbe41224a70,Z003RN6R,2026-08-20T00:00:00Z,admin,2026-08-20T00:00:00Z,admin
efb43e21-75a6-4414-92a9-b274437918e1,b9d19bf2-d00a-4257-94cd-7fbe41224a70,Z0046D7W,2026-08-20T00:00:00Z,admin,2026-08-20T00:00:00Z,admin
b17336d1-8074-4a22-abda-0b7df57291ea,b9d19bf2-d00a-4257-94cd-7fbe41224a70,Z000268E,2026-08-20T00:00:00Z,admin,2026-08-20T00:00:00Z,admin
c50ad4d0-9809-4ef1-96cc-7bbf6ff0c2a4,b9d19bf2-d00a-4257-94cd-7fbe41224a70,Z002JB9N,2026-08-20T00:00:00Z,admin,2026-08-20T00:00:00Z,admin
2bb74011-c001-4b90-951f-fdb5ddc10b4c,b9d19bf2-d00a-4257-94cd-7fbe41224a70,Z002ZJEH,2026-08-20T00:00:00Z,admin,2026-08-20T00:00:00Z,admin
6bb73a32-becf-4f6a-8deb-f1d294cc6e60,b9d19bf2-d00a-4257-94cd-7fbe41224a70,Z0033TXK,2026-08-20T00:00:00Z,admin,2026-08-20T00:00:00Z,admin
7c980224-2c4f-434a-acfa-e1ee677408d9,b9d19bf2-d00a-4257-94cd-7fbe41224a70,Z0037XDV,2026-08-20T00:00:00Z,admin,2026-08-20T00:00:00Z,admin
ed0b8b6d-61da-4a35-a275-a42110276192,b9d19bf2-d00a-4257-94cd-7fbe41224a70,Z0030F0C,2026-08-20T00:00:00Z,admin,2026-08-20T00:00:00Z,admin
7b638332-2d22-4337-8312-029786717184,b9d19bf2-d00a-4257-94cd-7fbe41224a70,Z0049ETY,2026-08-20T00:00:00Z,admin,2026-08-20T00:00:00Z,admin
142285ec-5ee5-4add-a7fb-6df8b3874dff,b9d19bf2-d00a-4257-94cd-7fbe41224a70,Z00531ED,2026-08-20T00:00:00Z,admin,2026-08-20T00:00:00Z,admin
9574e9b3-296c-469c-95f4-5c40ff7d5ad4,b9d19bf2-d00a-4257-94cd-7fbe41224a70,Z00578UN,2026-08-20T00:00:00Z,admin,2026-08-20T00:00:00Z,admin
ffc182e5-3129-454b-96f5-7cfe464672c3,b9d19bf2-d00a-4257-94cd-7fbe41224a70,Z0022MPU,2026-08-20T00:00:00Z,admin,2026-08-20T00:00:00Z,admin
26d237f7-a20c-4a54-9fd2-bd399043d4a4,b9d19bf2-d00a-4257-94cd-7fbe41224a70,Z00360RB,2026-08-20T00:00:00Z,admin,2026-08-20T00:00:00Z,admin
58b07dbd-1e48-4c67-b89a-18a683b5169a,b9d19bf2-d00a-4257-94cd-7fbe41224a70,Z00580YJ,2026-08-20T00:00:00Z,admin,2026-08-20T00:00:00Z,admin
f806c9e8-3f39-4662-9baf-75fdd7c2433f,b9d19bf2-d00a-4257-94cd-7fbe41224a70,Z004XVAB,2026-08-20T00:00:00Z,admin,2026-08-20T00:00:00Z,admin
5a92a0cb-337e-49b1-9151-81cffd7a448e,b9d19bf2-d00a-4257-94cd-7fbe41224a70,Z00503ZF,2026-08-20T00:00:00Z,admin,2026-08-20T00:00:00Z,admin
a51fba73-e455-42d6-9d5d-727e78ab11a7,b9d19bf2-d00a-4257-94cd-7fbe41224a70,Z0053X3Z,2026-08-20T00:00:00Z,admin,2026-08-20T00:00:00Z,admin
cbf4fb8f-f8d7-495a-9513-da04dddf6b44,b9d19bf2-d00a-4257-94cd-7fbe41224a70,Z004Z8HY,2026-08-20T00:00:00Z,admin,2026-08-20T00:00:00Z,admin
75c4da0d-f965-4e19-af5f-f4f1149dc200,b9d19bf2-d00a-4257-94cd-7fbe41224a70,Z00366PH,2026-08-20T00:00:00Z,admin,2026-08-20T00:00:00Z,admin
9eb62884-1bdd-45e9-b1af-915225375d58,b9d19bf2-d00a-4257-94cd-7fbe41224a70,Z002M9XR,2026-08-20T00:00:00Z,admin,2026-08-20T00:00:00Z,admin
3a0bf903-2b1d-4a5c-8d44-72d93a01b18b,b9d19bf2-d00a-4257-94cd-7fbe41224a70,Z0059DWT,2026-08-20T00:00:00Z,admin,2026-08-20T00:00:00Z,admin
69a65afd-1a24-4025-89ee-4ec1c25cc8ec,b9d19bf2-d00a-4257-94cd-7fbe41224a70,Z005989N,2026-08-20T00:00:00Z,admin,2026-08-20T00:00:00Z,admin
c115f55c-7936-46c2-b83a-26cd74718538,b9d19bf2-d00a-4257-94cd-7fbe41224a70,Z0059DYC,2026-08-20T00:00:00Z,admin,2026-08-20T00:00:00Z,admin
de52cd34-369d-43c0-b941-1c75e3b04ff8,b9d19bf2-d00a-4257-94cd-7fbe41224a70,Z0047WTV,2026-08-20T00:00:00Z,admin,2026-08-20T00:00:00Z,admin
2de7ab7a-0678-40c7-9667-f64e114f418a,a5da8d30-baf3-4c17-82ae-e5bd0f185499,Z004TAMU,2026-08-20T00:00:00Z,admin,2026-08-20T00:00:00Z,admin
c82970fa-1c48-4278-99b5-9c7395158997,a5da8d30-baf3-4c17-82ae-e5bd0f185499,Z00531DY,2026-08-20T00:00:00Z,admin,2026-08-20T00:00:00Z,admin
38ab2643-7305-4f71-a72b-6fd88475b61a,a5da8d30-baf3-4c17-82ae-e5bd0f185499,Z004XVAC,2026-08-20T00:00:00Z,admin,2026-08-20T00:00:00Z,admin
f76f1431-27e1-4141-8346-cd5d05368a2d,a5da8d30-baf3-4c17-82ae-e5bd0f185499,Z0052TYP,2026-08-20T00:00:00Z,admin,2026-08-20T00:00:00Z,admin
09bb1a45-0eb2-4ef4-a994-5456a03869e5,a5da8d30-baf3-4c17-82ae-e5bd0f185499,Z002Z66N,2026-08-20T00:00:00Z,admin,2026-08-20T00:00:00Z,admin
e51ba418-683c-477b-91ca-23f9ec4e8522,a5da8d30-baf3-4c17-82ae-e5bd0f185499,Z004YK1R,2026-08-20T00:00:00Z,admin,2026-08-20T00:00:00Z,admin
c2edf059-6adc-4306-b676-75f0acd3345d,a5da8d30-baf3-4c17-82ae-e5bd0f185499,Z004Z7ZE,2026-08-20T00:00:00Z,admin,2026-08-20T00:00:00Z,admin
5a393bca-ded1-4124-a5eb-635f589feb2a,a5da8d30-baf3-4c17-82ae-e5bd0f185499,Z0054KNE,2026-08-20T00:00:00Z,admin,2026-08-20T00:00:00Z,admin
54043181-2dce-429b-98c5-6705db4b10a2,a5da8d30-baf3-4c17-82ae-e5bd0f185499,Z0028XMJ,2026-08-20T00:00:00Z,admin,2026-08-20T00:00:00Z,admin
5e11fae5-8c7f-457e-86be-c60c2367776e,a5da8d30-baf3-4c17-82ae-e5bd0f185499,Z004FUJT,2026-08-20T00:00:00Z,admin,2026-08-20T00:00:00Z,admin
60496dc4-5df9-407a-81ff-97dee70b1ca7,a5da8d30-baf3-4c17-82ae-e5bd0f185499,Z001WYDU,2026-08-20T00:00:00Z,admin,2026-08-20T00:00:00Z,admin
b7116a85-40a1-40cb-984d-93d8cb380a3f,a5da8d30-baf3-4c17-82ae-e5bd0f185499,Z0014WKT,2026-08-20T00:00:00Z,admin,2026-08-20T00:00:00Z,admin
dc319e10-fe24-463a-8d10-373b0b74e7dd,a5da8d30-baf3-4c17-82ae-e5bd0f185499,Z0039MYX,2026-08-20T00:00:00Z,admin,2026-08-20T00:00:00Z,admin
018b4e6d-ac3a-4c8f-bc02-686b6a6c0790,a5da8d30-baf3-4c17-82ae-e5bd0f185499,Z0051EJU,2026-08-20T00:00:00Z,admin,2026-08-20T00:00:00Z,admin
fac096b2-1b7b-4286-90ec-8373538a7f7d,a5da8d30-baf3-4c17-82ae-e5bd0f185499,Z003RN6R,2026-08-20T00:00:00Z,admin,2026-08-20T00:00:00Z,admin
4d726d55-52e5-4a61-8a30-aca8ba4d1bd8,a5da8d30-baf3-4c17-82ae-e5bd0f185499,Z0046D7W,2026-08-20T00:00:00Z,admin,2026-08-20T00:00:00Z,admin
cdcabbe4-2f18-49d2-aaf3-dd2e16137ce2,a5da8d30-baf3-4c17-82ae-e5bd0f185499,Z000268E,2026-08-20T00:00:00Z,admin,2026-08-20T00:00:00Z,admin
4123b0c3-680c-4591-ad76-f632f05925e2,a5da8d30-baf3-4c17-82ae-e5bd0f185499,Z002JB9N,2026-08-20T00:00:00Z,admin,2026-08-20T00:00:00Z,admin
5091e859-4ac0-4445-8d57-e3957044c19f,a5da8d30-baf3-4c17-82ae-e5bd0f185499,Z002ZJEH,2026-08-20T00:00:00Z,admin,2026-08-20T00:00:00Z,admin
5c41f52b-afee-45d1-9f64-333e44b5a023,a5da8d30-baf3-4c17-82ae-e5bd0f185499,Z0033TXK,2026-08-20T00:00:00Z,admin,2026-08-20T00:00:00Z,admin
2fb389af-9899-4f17-a563-169c3a47526c,a5da8d30-baf3-4c17-82ae-e5bd0f185499,Z0037XDV,2026-08-20T00:00:00Z,admin,2026-08-20T00:00:00Z,admin
51182e84-cf0c-453e-bc11-adb4c4420a1c,a5da8d30-baf3-4c17-82ae-e5bd0f185499,Z0030F0C,2026-08-20T00:00:00Z,admin,2026-08-20T00:00:00Z,admin
2fa684ce-b298-431f-a5f6-93fd03446906,a5da8d30-baf3-4c17-82ae-e5bd0f185499,Z0049ETY,2026-08-20T00:00:00Z,admin,2026-08-20T00:00:00Z,admin
2508062e-113d-426e-9ebf-230b9c9aaa08,a5da8d30-baf3-4c17-82ae-e5bd0f185499,Z00531ED,2026-08-20T00:00:00Z,admin,2026-08-20T00:00:00Z,admin
de0ccb60-21a5-4faa-84b5-c17d70611649,a5da8d30-baf3-4c17-82ae-e5bd0f185499,Z00578UN,2026-08-20T00:00:00Z,admin,2026-08-20T00:00:00Z,admin
53ff9ace-9376-40f0-bd5d-2e5b6f55706d,a5da8d30-baf3-4c17-82ae-e5bd0f185499,Z0022MPU,2026-08-20T00:00:00Z,admin,2026-08-20T00:00:00Z,admin
f8da15e3-a6bb-4ecb-a1bf-3d73f4ff954a,a5da8d30-baf3-4c17-82ae-e5bd0f185499,Z00360RB,2026-08-20T00:00:00Z,admin,2026-08-20T00:00:00Z,admin
56a62512-d383-4256-ad9b-21f42c50d432,a5da8d30-baf3-4c17-82ae-e5bd0f185499,Z00580YJ,2026-08-20T00:00:00Z,admin,2026-08-20T00:00:00Z,admin
44768b09-ff67-4592-9e0d-6a8f0b45687d,a5da8d30-baf3-4c17-82ae-e5bd0f185499,Z004XVAB,2026-08-20T00:00:00Z,admin,2026-08-20T00:00:00Z,admin
67ebb310-7703-4f92-8701-76905807e2f6,a5da8d30-baf3-4c17-82ae-e5bd0f185499,Z00503ZF,2026-08-20T00:00:00Z,admin,2026-08-20T00:00:00Z,admin
e250bdaa-84f8-43c3-9491-dcacc4c4f877,a5da8d30-baf3-4c17-82ae-e5bd0f185499,Z0053X3Z,2026-08-20T00:00:00Z,admin,2026-08-20T00:00:00Z,admin
66d75704-1b3b-4ed2-befa-b87f8b29d24f,a5da8d30-baf3-4c17-82ae-e5bd0f185499,Z004Z8HY,2026-08-20T00:00:00Z,admin,2026-08-20T00:00:00Z,admin
213e7916-4813-4999-875d-f78757104b36,a5da8d30-baf3-4c17-82ae-e5bd0f185499,Z00366PH,2026-08-20T00:00:00Z,admin,2026-08-20T00:00:00Z,admin
bb7f2497-0e59-470a-bd43-a345ecb6c50e,a5da8d30-baf3-4c17-82ae-e5bd0f185499,Z002M9XR,2026-08-20T00:00:00Z,admin,2026-08-20T00:00:00Z,admin
443954dd-1563-4664-a4f7-b9535d7f8a00,a5da8d30-baf3-4c17-82ae-e5bd0f185499,Z0059DWT,2026-08-20T00:00:00Z,admin,2026-08-20T00:00:00Z,admin
633312d8-f597-4e19-be84-42d362934832,a5da8d30-baf3-4c17-82ae-e5bd0f185499,Z005989N,2026-08-20T00:00:00Z,admin,2026-08-20T00:00:00Z,admin
16d5a204-1e17-49b7-b61f-0fb04accbc73,a5da8d30-baf3-4c17-82ae-e5bd0f185499,Z0059DYC,2026-08-20T00:00:00Z,admin,2026-08-20T00:00:00Z,admin
39bb38f6-b2c2-4729-9f56-86ec2614718b,a5da8d30-baf3-4c17-82ae-e5bd0f185499,Z0047WTV,2026-08-20T00:00:00Z,admin,2026-08-20T00:00:00Z,admin
4b377a52-306f-47bf-9869-ab156e9dc611,6bdedf71-67b2-46a7-9e0d-050bdcfba42f,Z004TAMU,2026-08-20T00:00:00Z,admin,2026-08-20T00:00:00Z,admin
c4744dd9-0b83-4ad8-a877-166a077d3e6c,6bdedf71-67b2-46a7-9e0d-050bdcfba42f,Z00531DY,2026-08-20T00:00:00Z,admin,2026-08-20T00:00:00Z,admin
10a0b310-8461-4744-81a3-e9d0ade0d9cb,6bdedf71-67b2-46a7-9e0d-050bdcfba42f,Z004XVAC,2026-08-20T00:00:00Z,admin,2026-08-20T00:00:00Z,admin
82002b22-8975-497f-b716-a9b9a1f00c72,6bdedf71-67b2-46a7-9e0d-050bdcfba42f,Z0052TYP,2026-08-20T00:00:00Z,admin,2026-08-20T00:00:00Z,admin
576134db-e578-477f-ad1f-870629d6caef,6bdedf71-67b2-46a7-9e0d-050bdcfba42f,Z002Z66N,2026-08-20T00:00:00Z,admin,2026-08-20T00:00:00Z,admin
03e856b8-afe7-4fe3-a8fd-582249d043cc,6bdedf71-67b2-46a7-9e0d-050bdcfba42f,Z004YK1R,2026-08-20T00:00:00Z,admin,2026-08-20T00:00:00Z,admin
bf060dff-f613-499b-835f-1103b31fc471,6bdedf71-67b2-46a7-9e0d-050bdcfba42f,Z004Z7ZE,2026-08-20T00:00:00Z,admin,2026-08-20T00:00:00Z,admin
b77919d8-1569-4371-a018-5eba6054e516,6bdedf71-67b2-46a7-9e0d-050bdcfba42f,Z0054KNE,2026-08-20T00:00:00Z,admin,2026-08-20T00:00:00Z,admin
1ebc0d3e-a96c-4bce-9065-b14084b4ac8f,6bdedf71-67b2-46a7-9e0d-050bdcfba42f,Z0028XMJ,2026-08-20T00:00:00Z,admin,2026-08-20T00:00:00Z,admin
b4932441-1db9-44da-a4ba-1e06db5379ce,6bdedf71-67b2-46a7-9e0d-050bdcfba42f,Z004FUJT,2026-08-20T00:00:00Z,admin,2026-08-20T00:00:00Z,admin
978059a7-959e-4af6-ab02-1a0148c7cb0c,6bdedf71-67b2-46a7-9e0d-050bdcfba42f,Z001WYDU,2026-08-20T00:00:00Z,admin,2026-08-20T00:00:00Z,admin
bfc20f49-e5a8-4284-9244-1c069d6a7d01,6bdedf71-67b2-46a7-9e0d-050bdcfba42f,Z0014WKT,2026-08-20T00:00:00Z,admin,2026-08-20T00:00:00Z,admin
ea7b49c2-1555-4d01-95b9-3ad0bc1ffa78,6bdedf71-67b2-46a7-9e0d-050bdcfba42f,Z0039MYX,2026-08-20T00:00:00Z,admin,2026-08-20T00:00:00Z,admin
5cb8a60c-7533-457a-8c9f-33ef04d71ed8,6bdedf71-67b2-46a7-9e0d-050bdcfba42f,Z0051EJU,2026-08-20T00:00:00Z,admin,2026-08-20T00:00:00Z,admin
3cdb1bb0-ddcf-4745-9e80-714673963837,6bdedf71-67b2-46a7-9e0d-050bdcfba42f,Z003RN6R,2026-08-20T00:00:00Z,admin,2026-08-20T00:00:00Z,admin
7b0b1e9d-95df-44f4-bbac-91a5bb3a650e,6bdedf71-67b2-46a7-9e0d-050bdcfba42f,Z0046D7W,2026-08-20T00:00:00Z,admin,2026-08-20T00:00:00Z,admin
b2a111e8-f1fa-49ab-b2de-8d88dd256f54,6bdedf71-67b2-46a7-9e0d-050bdcfba42f,Z000268E,2026-08-20T00:00:00Z,admin,2026-08-20T00:00:00Z,admin
abfcd142-b2a7-47fc-b5d3-6c23bc552813,6bdedf71-67b2-46a7-9e0d-050bdcfba42f,Z002JB9N,2026-08-20T00:00:00Z,admin,2026-08-20T00:00:00Z,admin
8250be03-9d4c-4380-aa89-b6ce2c8f304c,6bdedf71-67b2-46a7-9e0d-050bdcfba42f,Z002ZJEH,2026-08-20T00:00:00Z,admin,2026-08-20T00:00:00Z,admin
f2939154-65ba-47b6-9906-c6b78009cc35,6bdedf71-67b2-46a7-9e0d-050bdcfba42f,Z0033TXK,2026-08-20T00:00:00Z,admin,2026-08-20T00:00:00Z,admin
db63f74f-c9fb-43a3-a873-8a534a2800e4,6bdedf71-67b2-46a7-9e0d-050bdcfba42f,Z0037XDV,2026-08-20T00:00:00Z,admin,2026-08-20T00:00:00Z,admin
53611e60-204d-423e-a307-77329300dbc8,6bdedf71-67b2-46a7-9e0d-050bdcfba42f,Z0030F0C,2026-08-20T00:00:00Z,admin,2026-08-20T00:00:00Z,admin
4dcf93b2-d3ac-40b5-8a48-0b2166b53e9c,6bdedf71-67b2-46a7-9e0d-050bdcfba42f,Z0049ETY,2026-08-20T00:00:00Z,admin,2026-08-20T00:00:00Z,admin
f94bc7d3-d760-4896-9df5-61ff897b0da5,6bdedf71-67b2-46a7-9e0d-050bdcfba42f,Z00531ED,2026-08-20T00:00:00Z,admin,2026-08-20T00:00:00Z,admin
507542b1-8d18-4de7-b73d-fab32e4738f7,6bdedf71-67b2-46a7-9e0d-050bdcfba42f,Z00578UN,2026-08-20T00:00:00Z,admin,2026-08-20T00:00:00Z,admin
675f2363-442e-4a1a-8c80-ce91fcdcbdec,6bdedf71-67b2-46a7-9e0d-050bdcfba42f,Z0022MPU,2026-08-20T00:00:00Z,admin,2026-08-20T00:00:00Z,admin
0d9a5b8f-c53a-424f-923b-159c937b0ce9,6bdedf71-67b2-46a7-9e0d-050bdcfba42f,Z00360RB,2026-08-20T00:00:00Z,admin,2026-08-20T00:00:00Z,admin
8cc783ce-729d-4592-8cf9-ea5d192dbb7a,6bdedf71-67b2-46a7-9e0d-050bdcfba42f,Z00580YJ,2026-08-20T00:00:00Z,admin,2026-08-20T00:00:00Z,admin
e6e454e5-4dd7-4fef-aa30-0520cf05b94e,6bdedf71-67b2-46a7-9e0d-050bdcfba42f,Z004XVAB,2026-08-20T00:00:00Z,admin,2026-08-20T00:00:00Z,admin
6d6e3bb4-8a3b-4687-8e77-70744834d81a,6bdedf71-67b2-46a7-9e0d-050bdcfba42f,Z00503ZF,2026-08-20T00:00:00Z,admin,2026-08-20T00:00:00Z,admin
142c889b-8410-4bf7-ae7f-b4a1c8141b7a,6bdedf71-67b2-46a7-9e0d-050bdcfba42f,Z0053X3Z,2026-08-20T00:00:00Z,admin,2026-08-20T00:00:00Z,admin
ca0dbdc7-88e8-42ce-8072-642a23fc77de,6bdedf71-67b2-46a7-9e0d-050bdcfba42f,Z004Z8HY,2026-08-20T00:00:00Z,admin,2026-08-20T00:00:00Z,admin
2af86b6c-996e-45f6-aabe-7d8ac70f33e9,6bdedf71-67b2-46a7-9e0d-050bdcfba42f,Z00366PH,2026-08-20T00:00:00Z,admin,2026-08-20T00:00:00Z,admin
0bbe4d02-af84-4bca-ba1b-e54ffcbac768,6bdedf71-67b2-46a7-9e0d-050bdcfba42f,Z002M9XR,2026-08-20T00:00:00Z,admin,2026-08-20T00:00:00Z,admin
b8d39753-086e-4a20-989b-849e6e870df9,6bdedf71-67b2-46a7-9e0d-050bdcfba42f,Z0059DWT,2026-08-20T00:00:00Z,admin,2026-08-20T00:00:00Z,admin
7fa0b7df-59be-404b-81ec-740229df0fc1,6bdedf71-67b2-46a7-9e0d-050bdcfba42f,Z005989N,2026-08-20T00:00:00Z,admin,2026-08-20T00:00:00Z,admin
28dda1a3-6550-4923-87ef-205908c24131,6bdedf71-67b2-46a7-9e0d-050bdcfba42f,Z0059DYC,2026-08-20T00:00:00Z,admin,2026-08-20T00:00:00Z,admin
270037eb-6acf-4770-a311-3ede57ace95f,6bdedf71-67b2-46a7-9e0d-050bdcfba42f,Z0047WTV,2026-08-20T00:00:00Z,admin,2026-08-20T00:00:00Z,admin
0421715d-bfc5-4d5e-86d2-f8b284d34040,bf3e9e5e-4c85-4ff2-8603-d2139cb66d09,Z004TAMU,2026-08-20T00:00:00Z,admin,2026-08-20T00:00:00Z,admin
0a51ee4c-0b08-4e8d-a7ef-7c95ba6a856a,bf3e9e5e-4c85-4ff2-8603-d2139cb66d09,Z00531DY,2026-08-20T00:00:00Z,admin,2026-08-20T00:00:00Z,admin
7a9fb8eb-c410-4423-b683-802008cd224c,bf3e9e5e-4c85-4ff2-8603-d2139cb66d09,Z004XVAC,2026-08-20T00:00:00Z,admin,2026-08-20T00:00:00Z,admin
52e73608-cecb-49cb-9338-fec17ca5c0b8,bf3e9e5e-4c85-4ff2-8603-d2139cb66d09,Z0052TYP,2026-08-20T00:00:00Z,admin,2026-08-20T00:00:00Z,admin
005a3500-f5be-43ca-8079-0a9fbfeec15c,bf3e9e5e-4c85-4ff2-8603-d2139cb66d09,Z002Z66N,2026-08-20T00:00:00Z,admin,2026-08-20T00:00:00Z,admin
85e1eb18-b6a7-482c-af44-72aad866f649,bf3e9e5e-4c85-4ff2-8603-d2139cb66d09,Z004YK1R,2026-08-20T00:00:00Z,admin,2026-08-20T00:00:00Z,admin
9a7fd664-fc92-4955-be25-0fdd64ca5496,bf3e9e5e-4c85-4ff2-8603-d2139cb66d09,Z004Z7ZE,2026-08-20T00:00:00Z,admin,2026-08-20T00:00:00Z,admin
dc401e94-a123-47ab-992c-cc3bca83353f,bf3e9e5e-4c85-4ff2-8603-d2139cb66d09,Z0054KNE,2026-08-20T00:00:00Z,admin,2026-08-20T00:00:00Z,admin
e927b574-3b34-4755-b159-078133cf9f36,bf3e9e5e-4c85-4ff2-8603-d2139cb66d09,Z0028XMJ,2026-08-20T00:00:00Z,admin,2026-08-20T00:00:00Z,admin
2617ea96-fe59-4b80-88b8-fe48e1c8c269,bf3e9e5e-4c85-4ff2-8603-d2139cb66d09,Z004FUJT,2026-08-20T00:00:00Z,admin,2026-08-20T00:00:00Z,admin
2e352b65-8aa4-4012-a294-bc306d5fb405,bf3e9e5e-4c85-4ff2-8603-d2139cb66d09,Z001WYDU,2026-08-20T00:00:00Z,admin,2026-08-20T00:00:00Z,admin
39d56f53-8290-43ce-b36e-8634ea133aa8,bf3e9e5e-4c85-4ff2-8603-d2139cb66d09,Z0014WKT,2026-08-20T00:00:00Z,admin,2026-08-20T00:00:00Z,admin
00e45908-20a8-4e08-9d22-1bea4cffce4f,bf3e9e5e-4c85-4ff2-8603-d2139cb66d09,Z0039MYX,2026-08-20T00:00:00Z,admin,2026-08-20T00:00:00Z,admin
87ade9c1-d8cd-4d86-906c-c7e2e6e10679,bf3e9e5e-4c85-4ff2-8603-d2139cb66d09,Z0051EJU,2026-08-20T00:00:00Z,admin,2026-08-20T00:00:00Z,admin
1ec07f40-1b42-42dd-973f-ff92e1e3417f,bf3e9e5e-4c85-4ff2-8603-d2139cb66d09,Z003RN6R,2026-08-20T00:00:00Z,admin,2026-08-20T00:00:00Z,admin
c23762a8-dd0d-4ce0-8e3b-b4ac8cf8a32c,bf3e9e5e-4c85-4ff2-8603-d2139cb66d09,Z0046D7W,2026-08-20T00:00:00Z,admin,2026-08-20T00:00:00Z,admin
8832bc8b-5a9c-46fd-8f9b-29ed88c331ae,bf3e9e5e-4c85-4ff2-8603-d2139cb66d09,Z000268E,2026-08-20T00:00:00Z,admin,2026-08-20T00:00:00Z,admin
cf4774bd-0e5b-40d2-b8d9-3b36a1b25642,bf3e9e5e-4c85-4ff2-8603-d2139cb66d09,Z002JB9N,2026-08-20T00:00:00Z,admin,2026-08-20T00:00:00Z,admin
7b6db96d-6334-43d3-87ae-3109e6bd6691,bf3e9e5e-4c85-4ff2-8603-d2139cb66d09,Z002ZJEH,2026-08-20T00:00:00Z,admin,2026-08-20T00:00:00Z,admin
65d01219-825d-4629-9a6e-4fdd0dcd2cd9,bf3e9e5e-4c85-4ff2-8603-d2139cb66d09,Z0033TXK,2026-08-20T00:00:00Z,admin,2026-08-20T00:00:00Z,admin
52ae277c-e34e-490d-b1ae-e2c2fb01ee32,bf3e9e5e-4c85-4ff2-8603-d2139cb66d09,Z0037XDV,2026-08-20T00:00:00Z,admin,2026-08-20T00:00:00Z,admin
585d0f87-063a-4cbd-ad2c-70670b9f3266,bf3e9e5e-4c85-4ff2-8603-d2139cb66d09,Z0030F0C,2026-08-20T00:00:00Z,admin,2026-08-20T00:00:00Z,admin
0a2015b6-fef2-43e9-a8ba-f1411aec8dbb,bf3e9e5e-4c85-4ff2-8603-d2139cb66d09,Z0049ETY,2026-08-20T00:00:00Z,admin,2026-08-20T00:00:00Z,admin
744ac798-6b8e-4a8f-b712-491929cd2102,bf3e9e5e-4c85-4ff2-8603-d2139cb66d09,Z00531ED,2026-08-20T00:00:00Z,admin,2026-08-20T00:00:00Z,admin
67387f2b-d62d-4a2d-baee-ecf02e51560d,bf3e9e5e-4c85-4ff2-8603-d2139cb66d09,Z00578UN,2026-08-20T00:00:00Z,admin,2026-08-20T00:00:00Z,admin
c8c1655e-da99-4dd1-ab26-8ef6d1bd1f66,bf3e9e5e-4c85-4ff2-8603-d2139cb66d09,Z0022MPU,2026-08-20T00:00:00Z,admin,2026-08-20T00:00:00Z,admin
2133b651-e926-4468-9544-f3f89df3796c,bf3e9e5e-4c85-4ff2-8603-d2139cb66d09,Z00360RB,2026-08-20T00:00:00Z,admin,2026-08-20T00:00:00Z,admin
b05ad3aa-b42f-4059-b409-69ac92c927b7,bf3e9e5e-4c85-4ff2-8603-d2139cb66d09,Z00580YJ,2026-08-20T00:00:00Z,admin,2026-08-20T00:00:00Z,admin
202799cc-edc4-46ef-91c4-bfff3faa0959,bf3e9e5e-4c85-4ff2-8603-d2139cb66d09,Z004XVAB,2026-08-20T00:00:00Z,admin,2026-08-20T00:00:00Z,admin
fb36410b-0c25-4bdc-9489-9a4b8ca47c6d,bf3e9e5e-4c85-4ff2-8603-d2139cb66d09,Z00503ZF,2026-08-20T00:00:00Z,admin,2026-08-20T00:00:00Z,admin
6ff71d93-12be-4614-af0c-bfcefee01653,bf3e9e5e-4c85-4ff2-8603-d2139cb66d09,Z0053X3Z,2026-08-20T00:00:00Z,admin,2026-08-20T00:00:00Z,admin
cf6fd873-ef3e-419d-8d42-6ce5e74a16c4,bf3e9e5e-4c85-4ff2-8603-d2139cb66d09,Z004Z8HY,2026-08-20T00:00:00Z,admin,2026-08-20T00:00:00Z,admin
5232dc0f-6dcb-4577-9ead-0c0953e626da,bf3e9e5e-4c85-4ff2-8603-d2139cb66d09,Z00366PH,2026-08-20T00:00:00Z,admin,2026-08-20T00:00:00Z,admin
d39d003c-2ed1-484a-a022-c61a1fc13649,bf3e9e5e-4c85-4ff2-8603-d2139cb66d09,Z002M9XR,2026-08-20T00:00:00Z,admin,2026-08-20T00:00:00Z,admin
c9ed8351-dfaa-417c-9785-46a7b602d8d0,bf3e9e5e-4c85-4ff2-8603-d2139cb66d09,Z0059DWT,2026-08-20T00:00:00Z,admin,2026-08-20T00:00:00Z,admin
537a6c06-e83f-43c9-ac49-2228367056b3,bf3e9e5e-4c85-4ff2-8603-d2139cb66d09,Z005989N,2026-08-20T00:00:00Z,admin,2026-08-20T00:00:00Z,admin
53fd0144-5352-4ee2-b3c3-eda99ddbb54b,bf3e9e5e-4c85-4ff2-8603-d2139cb66d09,Z0059DYC,2026-08-20T00:00:00Z,admin,2026-08-20T00:00:00Z,admin
4e72233b-371d-408f-a3f4-02fd1733d0b8,bf3e9e5e-4c85-4ff2-8603-d2139cb66d09,Z0047WTV,2026-08-20T00:00:00Z,admin,2026-08-20T00:00:00Z,admin
cc3394d0-f097-4c34-960a-0f79d3629e5c,b79cf163-63ae-4b5a-8a39-6bca5a11f811,Z004TAMU,2026-08-20T00:00:00Z,admin,2026-08-20T00:00:00Z,admin
c9322601-b7b6-4dac-a2e4-4e66a4ea5e41,b79cf163-63ae-4b5a-8a39-6bca5a11f811,Z00531DY,2026-08-20T00:00:00Z,admin,2026-08-20T00:00:00Z,admin
dec262b7-9be7-4745-8ae6-61639b9a0f0a,b79cf163-63ae-4b5a-8a39-6bca5a11f811,Z004XVAC,2026-08-20T00:00:00Z,admin,2026-08-20T00:00:00Z,admin
0ad80a2b-8827-4369-ae97-9695600e5a52,b79cf163-63ae-4b5a-8a39-6bca5a11f811,Z0052TYP,2026-08-20T00:00:00Z,admin,2026-08-20T00:00:00Z,admin
9467e78b-20ba-4e08-a11c-c9fbeeb7b70b,b79cf163-63ae-4b5a-8a39-6bca5a11f811,Z002Z66N,2026-08-20T00:00:00Z,admin,2026-08-20T00:00:00Z,admin
cc2329bc-f64e-40f8-9db3-81d04daf87f4,b79cf163-63ae-4b5a-8a39-6bca5a11f811,Z004YK1R,2026-08-20T00:00:00Z,admin,2026-08-20T00:00:00Z,admin
d4b12060-6cce-42d3-92a2-0b790a913f39,b79cf163-63ae-4b5a-8a39-6bca5a11f811,Z004Z7ZE,2026-08-20T00:00:00Z,admin,2026-08-20T00:00:00Z,admin
1559fd12-c0b2-4e64-ba71-bb3f73ffb54b,b79cf163-63ae-4b5a-8a39-6bca5a11f811,Z0054KNE,2026-08-20T00:00:00Z,admin,2026-08-20T00:00:00Z,admin
8ed6c19d-82b0-4007-9864-b9c4972cc644,b79cf163-63ae-4b5a-8a39-6bca5a11f811,Z0028XMJ,2026-08-20T00:00:00Z,admin,2026-08-20T00:00:00Z,admin
6116902c-0527-4b5e-a89f-eba9118e96e7,b79cf163-63ae-4b5a-8a39-6bca5a11f811,Z004FUJT,2026-08-20T00:00:00Z,admin,2026-08-20T00:00:00Z,admin
54a79d4e-def6-498a-b23a-8c513065828e,b79cf163-63ae-4b5a-8a39-6bca5a11f811,Z001WYDU,2026-08-20T00:00:00Z,admin,2026-08-20T00:00:00Z,admin
bf8eded9-3dd1-4a9c-96ba-6da542c8f2a3,b79cf163-63ae-4b5a-8a39-6bca5a11f811,Z0014WKT,2026-08-20T00:00:00Z,admin,2026-08-20T00:00:00Z,admin
c789fdb8-15b7-4408-941d-417e4807dca7,b79cf163-63ae-4b5a-8a39-6bca5a11f811,Z0039MYX,2026-08-20T00:00:00Z,admin,2026-08-20T00:00:00Z,admin
eb2981cb-2adf-40f6-86ad-1155616a866b,b79cf163-63ae-4b5a-8a39-6bca5a11f811,Z0051EJU,2026-08-20T00:00:00Z,admin,2026-08-20T00:00:00Z,admin
6e3827e4-e8c6-46a8-b6d1-e6d51c1497f9,b79cf163-63ae-4b5a-8a39-6bca5a11f811,Z003RN6R,2026-08-20T00:00:00Z,admin,2026-08-20T00:00:00Z,admin
f71ab529-4ca2-43f3-b92d-90db4cf3554c,b79cf163-63ae-4b5a-8a39-6bca5a11f811,Z0046D7W,2026-08-20T00:00:00Z,admin,2026-08-20T00:00:00Z,admin
cd2fb481-d847-439a-998a-95a7bbfb1ede,b79cf163-63ae-4b5a-8a39-6bca5a11f811,Z000268E,2026-08-20T00:00:00Z,admin,2026-08-20T00:00:00Z,admin
f3b8b6c6-3437-4909-a5d9-d55d975ae67b,b79cf163-63ae-4b5a-8a39-6bca5a11f811,Z002JB9N,2026-08-20T00:00:00Z,admin,2026-08-20T00:00:00Z,admin
9ce31261-9b42-4359-9a4b-68027a2e174c,b79cf163-63ae-4b5a-8a39-6bca5a11f811,Z002ZJEH,2026-08-20T00:00:00Z,admin,2026-08-20T00:00:00Z,admin
27d30a20-76ea-4ef6-9dee-2bd14a26e178,b79cf163-63ae-4b5a-8a39-6bca5a11f811,Z0033TXK,2026-08-20T00:00:00Z,admin,2026-08-20T00:00:00Z,admin
57bececb-c1d4-4d51-a9bf-c2dc7c916535,b79cf163-63ae-4b5a-8a39-6bca5a11f811,Z0037XDV,2026-08-20T00:00:00Z,admin,2026-08-20T00:00:00Z,admin
11905a9e-5f0a-421f-839c-b142b9e657bd,b79cf163-63ae-4b5a-8a39-6bca5a11f811,Z0030F0C,2026-08-20T00:00:00Z,admin,2026-08-20T00:00:00Z,admin
41aff501-caf6-4469-b58d-eefd6398f799,b79cf163-63ae-4b5a-8a39-6bca5a11f811,Z0049ETY,2026-08-20T00:00:00Z,admin,2026-08-20T00:00:00Z,admin
48b25967-14b0-4009-8530-96f5c4d77068,b79cf163-63ae-4b5a-8a39-6bca5a11f811,Z00531ED,2026-08-20T00:00:00Z,admin,2026-08-20T00:00:00Z,admin
7479705c-bf3f-4a74-82a9-5ab25a995e85,b79cf163-63ae-4b5a-8a39-6bca5a11f811,Z00578UN,2026-08-20T00:00:00Z,admin,2026-08-20T00:00:00Z,admin
e7c047e3-ce5e-4abd-91e8-70ca5d6a367a,b79cf163-63ae-4b5a-8a39-6bca5a11f811,Z0022MPU,2026-08-20T00:00:00Z,admin,2026-08-20T00:00:00Z,admin
caca9f02-9f62-4248-8cb3-71a00686975b,b79cf163-63ae-4b5a-8a39-6bca5a11f811,Z00360RB,2026-08-20T00:00:00Z,admin,2026-08-20T00:00:00Z,admin
f6061e30-0079-48a0-bd87-f10f550543c5,b79cf163-63ae-4b5a-8a39-6bca5a11f811,Z00580YJ,2026-08-20T00:00:00Z,admin,2026-08-20T00:00:00Z,admin
c92d5a62-4d58-43ec-8960-7f1b99aa8068,b79cf163-63ae-4b5a-8a39-6bca5a11f811,Z004XVAB,2026-08-20T00:00:00Z,admin,2026-08-20T00:00:00Z,admin
87a62744-7eb5-4109-ad2f-7307c4eb3c74,b79cf163-63ae-4b5a-8a39-6bca5a11f811,Z00503ZF,2026-08-20T00:00:00Z,admin,2026-08-20T00:00:00Z,admin
d5cab1b6-9aca-478b-b09d-aa57bb5aea77,b79cf163-63ae-4b5a-8a39-6bca5a11f811,Z0053X3Z,2026-08-20T00:00:00Z,admin,2026-08-20T00:00:00Z,admin
3cf81155-347f-47e2-9d28-9217a9bd02ab,b79cf163-63ae-4b5a-8a39-6bca5a11f811,Z004Z8HY,2026-08-20T00:00:00Z,admin,2026-08-20T00:00:00Z,admin
8aa17a45-bcfa-4e5f-afc7-dfaa223a76a6,b79cf163-63ae-4b5a-8a39-6bca5a11f811,Z00366PH,2026-08-20T00:00:00Z,admin,2026-08-20T00:00:00Z,admin
da543f6b-ff26-4387-9487-40f68cafa109,b79cf163-63ae-4b5a-8a39-6bca5a11f811,Z002M9XR,2026-08-20T00:00:00Z,admin,2026-08-20T00:00:00Z,admin
41c7cea8-c232-438b-ae54-7dc189e03b2f,b79cf163-63ae-4b5a-8a39-6bca5a11f811,Z0059DWT,2026-08-20T00:00:00Z,admin,2026-08-20T00:00:00Z,admin
7a9f3f49-e07b-4f96-8c64-9e9f20c67f22,b79cf163-63ae-4b5a-8a39-6bca5a11f811,Z005989N,2026-08-20T00:00:00Z,admin,2026-08-20T00:00:00Z,admin
96789f5e-bbf9-4cfb-adeb-d97879f36d4b,b79cf163-63ae-4b5a-8a39-6bca5a11f811,Z0059DYC,2026-08-20T00:00:00Z,admin,2026-08-20T00:00:00Z,admin
ab477ed3-91c2-46b7-a638-6e627191e8ae,b79cf163-63ae-4b5a-8a39-6bca5a11f811,Z0047WTV,2026-08-20T00:00:00Z,admin,2026-08-20T00:00:00Z,admin
9ce6cea2-eb7d-4162-9f35-35ab7ea312ea,9fb84cf4-62cc-44be-bd07-4bf7e5a29271,Z004TAMU,2026-08-20T00:00:00Z,admin,2026-08-20T00:00:00Z,admin
3df085b0-3428-49e1-8437-70dc460f50be,9fb84cf4-62cc-44be-bd07-4bf7e5a29271,Z00531DY,2026-08-20T00:00:00Z,admin,2026-08-20T00:00:00Z,admin
f5d90d64-692e-4e24-ac7d-57873ed69b7b,9fb84cf4-62cc-44be-bd07-4bf7e5a29271,Z004XVAC,2026-08-20T00:00:00Z,admin,2026-08-20T00:00:00Z,admin
81dd68e9-19b1-4593-9788-742bb3d1e0c9,9fb84cf4-62cc-44be-bd07-4bf7e5a29271,Z0052TYP,2026-08-20T00:00:00Z,admin,2026-08-20T00:00:00Z,admin
3e1b41f4-3ac0-4586-97b2-6a4e0f762745,9fb84cf4-62cc-44be-bd07-4bf7e5a29271,Z002Z66N,2026-08-20T00:00:00Z,admin,2026-08-20T00:00:00Z,admin
17b7e79c-4e5d-46a0-acbd-fad34f450cb4,9fb84cf4-62cc-44be-bd07-4bf7e5a29271,Z004YK1R,2026-08-20T00:00:00Z,admin,2026-08-20T00:00:00Z,admin
14ab2072-deed-491f-8684-3f512ea53202,9fb84cf4-62cc-44be-bd07-4bf7e5a29271,Z004Z7ZE,2026-08-20T00:00:00Z,admin,2026-08-20T00:00:00Z,admin
5c060200-9477-436e-8b33-385f15e81bec,9fb84cf4-62cc-44be-bd07-4bf7e5a29271,Z0054KNE,2026-08-20T00:00:00Z,admin,2026-08-20T00:00:00Z,admin
78e74b8e-5072-4e89-bcce-41c6861ae7a2,9fb84cf4-62cc-44be-bd07-4bf7e5a29271,Z0028XMJ,2026-08-20T00:00:00Z,admin,2026-08-20T00:00:00Z,admin
90d5c56f-ed0f-4e1f-aaf4-12f1d35ea784,9fb84cf4-62cc-44be-bd07-4bf7e5a29271,Z004FUJT,2026-08-20T00:00:00Z,admin,2026-08-20T00:00:00Z,admin
8e4cfc88-59e6-4d93-93de-6a326fe1ba5e,9fb84cf4-62cc-44be-bd07-4bf7e5a29271,Z001WYDU,2026-08-20T00:00:00Z,admin,2026-08-20T00:00:00Z,admin
ff8e9ec7-6044-4b8a-982e-e2c90915ba8c,9fb84cf4-62cc-44be-bd07-4bf7e5a29271,Z0014WKT,2026-08-20T00:00:00Z,admin,2026-08-20T00:00:00Z,admin
00b8ab34-fb3c-4cb4-b994-895e975a36b4,9fb84cf4-62cc-44be-bd07-4bf7e5a29271,Z0039MYX,2026-08-20T00:00:00Z,admin,2026-08-20T00:00:00Z,admin
7683c8c7-8a12-4a6c-96b6-172840ba7bcd,9fb84cf4-62cc-44be-bd07-4bf7e5a29271,Z0051EJU,2026-08-20T00:00:00Z,admin,2026-08-20T00:00:00Z,admin
96798893-b180-486e-83fc-f89397a7a58c,9fb84cf4-62cc-44be-bd07-4bf7e5a29271,Z003RN6R,2026-08-20T00:00:00Z,admin,2026-08-20T00:00:00Z,admin
2259b71d-cd0d-4f41-9912-fc334ca8991e,9fb84cf4-62cc-44be-bd07-4bf7e5a29271,Z0046D7W,2026-08-20T00:00:00Z,admin,2026-08-20T00:00:00Z,admin
ec66ee17-2ba0-46d5-b954-c0cf528ee1d0,9fb84cf4-62cc-44be-bd07-4bf7e5a29271,Z000268E,2026-08-20T00:00:00Z,admin,2026-08-20T00:00:00Z,admin
65d6d659-c642-4b2c-8abf-b9be98063b32,9fb84cf4-62cc-44be-bd07-4bf7e5a29271,Z002JB9N,2026-08-20T00:00:00Z,admin,2026-08-20T00:00:00Z,admin
42e6b90a-2501-45d0-bbfd-38c25a87cfd1,9fb84cf4-62cc-44be-bd07-4bf7e5a29271,Z002ZJEH,2026-08-20T00:00:00Z,admin,2026-08-20T00:00:00Z,admin
7d72e723-4b71-4cf5-ada4-19eeb837cde7,9fb84cf4-62cc-44be-bd07-4bf7e5a29271,Z0033TXK,2026-08-20T00:00:00Z,admin,2026-08-20T00:00:00Z,admin
dc8b4082-7e86-459d-80a7-8ceb7173f5a9,9fb84cf4-62cc-44be-bd07-4bf7e5a29271,Z0037XDV,2026-08-20T00:00:00Z,admin,2026-08-20T00:00:00Z,admin
0797cd45-27a3-4b17-87d8-a97b2fd2f979,9fb84cf4-62cc-44be-bd07-4bf7e5a29271,Z0030F0C,2026-08-20T00:00:00Z,admin,2026-08-20T00:00:00Z,admin
bfdedaa3-a5d5-4b46-8e93-1412b88cc59f,9fb84cf4-62cc-44be-bd07-4bf7e5a29271,Z0049ETY,2026-08-20T00:00:00Z,admin,2026-08-20T00:00:00Z,admin
da12d11d-a9be-4146-854a-e0e3030a82ac,9fb84cf4-62cc-44be-bd07-4bf7e5a29271,Z00531ED,2026-08-20T00:00:00Z,admin,2026-08-20T00:00:00Z,admin
e777aa4d-0c65-477d-9d1e-43d6dc491716,9fb84cf4-62cc-44be-bd07-4bf7e5a29271,Z00578UN,2026-08-20T00:00:00Z,admin,2026-08-20T00:00:00Z,admin
a35dfa9b-5ebf-458e-a280-47806d49fbae,9fb84cf4-62cc-44be-bd07-4bf7e5a29271,Z0022MPU,2026-08-20T00:00:00Z,admin,2026-08-20T00:00:00Z,admin
15605657-b22d-4f8b-9438-3db33ec3e397,9fb84cf4-62cc-44be-bd07-4bf7e5a29271,Z00360RB,2026-08-20T00:00:00Z,admin,2026-08-20T00:00:00Z,admin
aafbbea6-7e33-4b1f-8367-c8ea8db5c83e,9fb84cf4-62cc-44be-bd07-4bf7e5a29271,Z00580YJ,2026-08-20T00:00:00Z,admin,2026-08-20T00:00:00Z,admin
2e2a3c25-3cd6-4af7-a402-8f719d9fb7c5,9fb84cf4-62cc-44be-bd07-4bf7e5a29271,Z004XVAB,2026-08-20T00:00:00Z,admin,2026-08-20T00:00:00Z,admin
9e6569d8-7275-4ffa-b797-3c4865ba43d2,9fb84cf4-62cc-44be-bd07-4bf7e5a29271,Z00503ZF,2026-08-20T00:00:00Z,admin,2026-08-20T00:00:00Z,admin
9ef2a081-167e-4ea0-90b1-611c1bb22635,9fb84cf4-62cc-44be-bd07-4bf7e5a29271,Z0053X3Z,2026-08-20T00:00:00Z,admin,2026-08-20T00:00:00Z,admin
dec5848c-3423-4757-a209-996f0ef856c7,9fb84cf4-62cc-44be-bd07-4bf7e5a29271,Z004Z8HY,2026-08-20T00:00:00Z,admin,2026-08-20T00:00:00Z,admin
f90d510a-fb39-4573-8900-3b72b5ff0737,9fb84cf4-62cc-44be-bd07-4bf7e5a29271,Z00366PH,2026-08-20T00:00:00Z,admin,2026-08-20T00:00:00Z,admin
cd013f6f-5ecf-4e74-9272-26d3f0daf727,9fb84cf4-62cc-44be-bd07-4bf7e5a29271,Z002M9XR,2026-08-20T00:00:00Z,admin,2026-08-20T00:00:00Z,admin
a1193fb5-9fc0-44d9-b57b-0921658164c2,9fb84cf4-62cc-44be-bd07-4bf7e5a29271,Z0059DWT,2026-08-20T00:00:00Z,admin,2026-08-20T00:00:00Z,admin
3cc7be94-e66f-40e9-b315-6af812b6f961,9fb84cf4-62cc-44be-bd07-4bf7e5a29271,Z005989N,2026-08-20T00:00:00Z,admin,2026-08-20T00:00:00Z,admin
0330d2da-7a58-4258-8cb3-655ac4379ac6,9fb84cf4-62cc-44be-bd07-4bf7e5a29271,Z0059DYC,2026-08-20T00:00:00Z,admin,2026-08-20T00:00:00Z,admin
491e6ba9-2144-4ed7-bc0e-88a684a3ccc9,9fb84cf4-62cc-44be-bd07-4bf7e5a29271,Z0047WTV,2026-08-20T00:00:00Z,admin,2026-08-20T00:00:00Z,admin
41497d85-2539-4029-8eda-a01a2db51f04,c1d12617-bccb-45f3-950f-0a66582bd6ee,Z004TAMU,2026-08-20T00:00:00Z,admin,2026-08-20T00:00:00Z,admin
41754dd9-cfa9-49c7-921c-736bcf50aa8d,c1d12617-bccb-45f3-950f-0a66582bd6ee,Z00531DY,2026-08-20T00:00:00Z,admin,2026-08-20T00:00:00Z,admin
d8a83b59-8d88-4209-abdf-4820216e9855,c1d12617-bccb-45f3-950f-0a66582bd6ee,Z004XVAC,2026-08-20T00:00:00Z,admin,2026-08-20T00:00:00Z,admin
2d846089-1198-43fc-9dae-d790408e571a,c1d12617-bccb-45f3-950f-0a66582bd6ee,Z0052TYP,2026-08-20T00:00:00Z,admin,2026-08-20T00:00:00Z,admin
68d28b1e-506a-44e7-8199-3528e7d12a0c,c1d12617-bccb-45f3-950f-0a66582bd6ee,Z002Z66N,2026-08-20T00:00:00Z,admin,2026-08-20T00:00:00Z,admin
b585f9c1-ee93-4b23-be44-3ff52f5b5626,c1d12617-bccb-45f3-950f-0a66582bd6ee,Z004YK1R,2026-08-20T00:00:00Z,admin,2026-08-20T00:00:00Z,admin
b52adf67-1efb-4b83-a324-dfd6b6780763,c1d12617-bccb-45f3-950f-0a66582bd6ee,Z004Z7ZE,2026-08-20T00:00:00Z,admin,2026-08-20T00:00:00Z,admin
7af735f1-b695-442b-b6f3-af8b4ed853b5,c1d12617-bccb-45f3-950f-0a66582bd6ee,Z0054KNE,2026-08-20T00:00:00Z,admin,2026-08-20T00:00:00Z,admin
1dc701ed-cfc0-4125-ad5e-c9ec1339a6af,c1d12617-bccb-45f3-950f-0a66582bd6ee,Z0028XMJ,2026-08-20T00:00:00Z,admin,2026-08-20T00:00:00Z,admin
7615ec0f-932a-45c0-84e1-5d6aa19ea38b,c1d12617-bccb-45f3-950f-0a66582bd6ee,Z004FUJT,2026-08-20T00:00:00Z,admin,2026-08-20T00:00:00Z,admin
4469add4-637f-4580-92e6-dd3553705a9c,c1d12617-bccb-45f3-950f-0a66582bd6ee,Z001WYDU,2026-08-20T00:00:00Z,admin,2026-08-20T00:00:00Z,admin
b48033b0-3de2-4fea-bf13-04538a9c44e0,c1d12617-bccb-45f3-950f-0a66582bd6ee,Z0014WKT,2026-08-20T00:00:00Z,admin,2026-08-20T00:00:00Z,admin
0d01800b-8f2e-4367-b0f3-9226be96a417,c1d12617-bccb-45f3-950f-0a66582bd6ee,Z0039MYX,2026-08-20T00:00:00Z,admin,2026-08-20T00:00:00Z,admin
a9f676dd-7486-4e0c-ac7f-9a49f6acc1c3,c1d12617-bccb-45f3-950f-0a66582bd6ee,Z0051EJU,2026-08-20T00:00:00Z,admin,2026-08-20T00:00:00Z,admin
c1994452-5cff-4da1-a6f7-77c63695c1a3,c1d12617-bccb-45f3-950f-0a66582bd6ee,Z003RN6R,2026-08-20T00:00:00Z,admin,2026-08-20T00:00:00Z,admin
adcfc7a1-de3d-4dfc-925c-97ea0b1217eb,c1d12617-bccb-45f3-950f-0a66582bd6ee,Z0046D7W,2026-08-20T00:00:00Z,admin,2026-08-20T00:00:00Z,admin
de845235-c2f7-40fb-93be-aa88f3099792,c1d12617-bccb-45f3-950f-0a66582bd6ee,Z000268E,2026-08-20T00:00:00Z,admin,2026-08-20T00:00:00Z,admin
48d8aca2-5b2b-4859-bbff-4f7777fea904,c1d12617-bccb-45f3-950f-0a66582bd6ee,Z002JB9N,2026-08-20T00:00:00Z,admin,2026-08-20T00:00:00Z,admin
3e27e470-efb8-444b-ad9e-f7b0bd2e4833,c1d12617-bccb-45f3-950f-0a66582bd6ee,Z002ZJEH,2026-08-20T00:00:00Z,admin,2026-08-20T00:00:00Z,admin
aa769ab9-cf48-427c-80ff-731abe71c088,c1d12617-bccb-45f3-950f-0a66582bd6ee,Z0033TXK,2026-08-20T00:00:00Z,admin,2026-08-20T00:00:00Z,admin
0ff971b3-09a2-4c31-8323-3f883934ff8c,c1d12617-bccb-45f3-950f-0a66582bd6ee,Z0037XDV,2026-08-20T00:00:00Z,admin,2026-08-20T00:00:00Z,admin
d81ebb25-af74-48a1-b4a8-fa1304843682,c1d12617-bccb-45f3-950f-0a66582bd6ee,Z0030F0C,2026-08-20T00:00:00Z,admin,2026-08-20T00:00:00Z,admin
963f701e-1ade-41b0-ad5f-4cfea1b0d7c9,c1d12617-bccb-45f3-950f-0a66582bd6ee,Z0049ETY,2026-08-20T00:00:00Z,admin,2026-08-20T00:00:00Z,admin
6acfcf40-4dc4-419d-b186-2cffd5adc154,c1d12617-bccb-45f3-950f-0a66582bd6ee,Z00531ED,2026-08-20T00:00:00Z,admin,2026-08-20T00:00:00Z,admin
9464721c-012a-454d-8273-dade2d596c2f,c1d12617-bccb-45f3-950f-0a66582bd6ee,Z00578UN,2026-08-20T00:00:00Z,admin,2026-08-20T00:00:00Z,admin
54356025-104c-4ab5-bfe3-fb12612d8200,c1d12617-bccb-45f3-950f-0a66582bd6ee,Z0022MPU,2026-08-20T00:00:00Z,admin,2026-08-20T00:00:00Z,admin
49caf32d-af8c-400a-80d1-0bbab8dc1996,c1d12617-bccb-45f3-950f-0a66582bd6ee,Z00360RB,2026-08-20T00:00:00Z,admin,2026-08-20T00:00:00Z,admin
ede91e74-cbb7-4849-9411-205465342bda,c1d12617-bccb-45f3-950f-0a66582bd6ee,Z00580YJ,2026-08-20T00:00:00Z,admin,2026-08-20T00:00:00Z,admin
18a3530a-c9f6-44d3-ba99-ae744df54869,c1d12617-bccb-45f3-950f-0a66582bd6ee,Z004XVAB,2026-08-20T00:00:00Z,admin,2026-08-20T00:00:00Z,admin
8aa237ee-d5b0-4819-9883-84d2708b29aa,c1d12617-bccb-45f3-950f-0a66582bd6ee,Z00503ZF,2026-08-20T00:00:00Z,admin,2026-08-20T00:00:00Z,admin
efd09e1b-cb9f-4a8e-b628-63587c36f614,c1d12617-bccb-45f3-950f-0a66582bd6ee,Z0053X3Z,2026-08-20T00:00:00Z,admin,2026-08-20T00:00:00Z,admin
6434fcec-e02e-4f9d-b2c4-c03d94a9b070,c1d12617-bccb-45f3-950f-0a66582bd6ee,Z004Z8HY,2026-08-20T00:00:00Z,admin,2026-08-20T00:00:00Z,admin
4d796405-14d1-4c8f-b36e-37b54b453dc0,c1d12617-bccb-45f3-950f-0a66582bd6ee,Z00366PH,2026-08-20T00:00:00Z,admin,2026-08-20T00:00:00Z,admin
26fe8ba4-08d7-403f-9222-f8588db7a161,c1d12617-bccb-45f3-950f-0a66582bd6ee,Z002M9XR,2026-08-20T00:00:00Z,admin,2026-08-20T00:00:00Z,admin
7b7dd38d-662e-4a54-bde9-08723a78fb2e,c1d12617-bccb-45f3-950f-0a66582bd6ee,Z0059DWT,2026-08-20T00:00:00Z,admin,2026-08-20T00:00:00Z,admin
2e7a4838-cd00-4bc0-a49f-f2195e8a35ea,c1d12617-bccb-45f3-950f-0a66582bd6ee,Z005989N,2026-08-20T00:00:00Z,admin,2026-08-20T00:00:00Z,admin
a99b0f36-3bd8-4092-b2cd-c6072e5f06de,c1d12617-bccb-45f3-950f-0a66582bd6ee,Z0059DYC,2026-08-20T00:00:00Z,admin,2026-08-20T00:00:00Z,admin
3d2d9072-60fd-44e7-b110-c0edb812172f,c1d12617-bccb-45f3-950f-0a66582bd6ee,Z0047WTV,2026-08-20T00:00:00Z,admin,2026-08-20T00:00:00Z,admin
8691be91-7a2c-46a4-83fb-2962a3ecfe44,9edd1079-ce49-4752-8f51-de5e7b57ed20,Z004TAMU,2026-08-20T00:00:00Z,admin,2026-08-20T00:00:00Z,admin
a9627f96-f87c-4c1f-8011-7435f9235573,9edd1079-ce49-4752-8f51-de5e7b57ed20,Z00531DY,2026-08-20T00:00:00Z,admin,2026-08-20T00:00:00Z,admin
f167d3e5-02d4-4931-8ae3-87d5577e61e2,9edd1079-ce49-4752-8f51-de5e7b57ed20,Z004XVAC,2026-08-20T00:00:00Z,admin,2026-08-20T00:00:00Z,admin
3c521282-bb3d-4e77-abdd-44e0e5f80a46,9edd1079-ce49-4752-8f51-de5e7b57ed20,Z0052TYP,2026-08-20T00:00:00Z,admin,2026-08-20T00:00:00Z,admin
293bd48b-ab08-4105-9402-98ff2ef5052f,9edd1079-ce49-4752-8f51-de5e7b57ed20,Z002Z66N,2026-08-20T00:00:00Z,admin,2026-08-20T00:00:00Z,admin
07c925fd-1342-43a8-9f29-dae6d95109a1,9edd1079-ce49-4752-8f51-de5e7b57ed20,Z004YK1R,2026-08-20T00:00:00Z,admin,2026-08-20T00:00:00Z,admin
1fd5c257-26a5-4507-b28c-ffd5fe2a5c92,9edd1079-ce49-4752-8f51-de5e7b57ed20,Z004Z7ZE,2026-08-20T00:00:00Z,admin,2026-08-20T00:00:00Z,admin
9d9ed53a-dd54-4a23-af47-93526e7cf00e,9edd1079-ce49-4752-8f51-de5e7b57ed20,Z0054KNE,2026-08-20T00:00:00Z,admin,2026-08-20T00:00:00Z,admin
7810b99d-9e08-4549-a728-2dc603623d54,9edd1079-ce49-4752-8f51-de5e7b57ed20,Z0028XMJ,2026-08-20T00:00:00Z,admin,2026-08-20T00:00:00Z,admin
81933bd0-e918-4a93-ada4-f105a630d5a0,9edd1079-ce49-4752-8f51-de5e7b57ed20,Z004FUJT,2026-08-20T00:00:00Z,admin,2026-08-20T00:00:00Z,admin
56d3f059-e1e9-4c97-9bd4-262ceea14532,9edd1079-ce49-4752-8f51-de5e7b57ed20,Z001WYDU,2026-08-20T00:00:00Z,admin,2026-08-20T00:00:00Z,admin
d797751d-568e-4954-bf06-738ba9c60682,9edd1079-ce49-4752-8f51-de5e7b57ed20,Z0014WKT,2026-08-20T00:00:00Z,admin,2026-08-20T00:00:00Z,admin
b577f58e-7692-49c6-a91a-70fcdf299621,9edd1079-ce49-4752-8f51-de5e7b57ed20,Z0039MYX,2026-08-20T00:00:00Z,admin,2026-08-20T00:00:00Z,admin
4ab9e773-764d-43c5-8c3d-896a2f869c82,9edd1079-ce49-4752-8f51-de5e7b57ed20,Z0051EJU,2026-08-20T00:00:00Z,admin,2026-08-20T00:00:00Z,admin
994995bc-2197-40e2-a774-bd689f8fb338,9edd1079-ce49-4752-8f51-de5e7b57ed20,Z003RN6R,2026-08-20T00:00:00Z,admin,2026-08-20T00:00:00Z,admin
f01e5182-a2d6-450a-9c0c-641654dd1dbe,9edd1079-ce49-4752-8f51-de5e7b57ed20,Z0046D7W,2026-08-20T00:00:00Z,admin,2026-08-20T00:00:00Z,admin
412973fc-8498-4b49-b61a-854e5b4b3b29,9edd1079-ce49-4752-8f51-de5e7b57ed20,Z000268E,2026-08-20T00:00:00Z,admin,2026-08-20T00:00:00Z,admin
dd1023e9-8c6a-4f19-a7a8-3d70642396c2,9edd1079-ce49-4752-8f51-de5e7b57ed20,Z002JB9N,2026-08-20T00:00:00Z,admin,2026-08-20T00:00:00Z,admin
99150ede-254a-4156-a4b3-1e6841b7cc9f,9edd1079-ce49-4752-8f51-de5e7b57ed20,Z002ZJEH,2026-08-20T00:00:00Z,admin,2026-08-20T00:00:00Z,admin
49b067fd-e49b-44cf-8553-15df228450cb,9edd1079-ce49-4752-8f51-de5e7b57ed20,Z0033TXK,2026-08-20T00:00:00Z,admin,2026-08-20T00:00:00Z,admin
5b0506fe-968b-448d-9b46-01878b03d240,9edd1079-ce49-4752-8f51-de5e7b57ed20,Z0037XDV,2026-08-20T00:00:00Z,admin,2026-08-20T00:00:00Z,admin
56aa9bc2-8a85-4459-83d2-de14f256b2e7,9edd1079-ce49-4752-8f51-de5e7b57ed20,Z0030F0C,2026-08-20T00:00:00Z,admin,2026-08-20T00:00:00Z,admin
d5c4c1ef-bdf5-439e-bdb3-0b753f5426a9,9edd1079-ce49-4752-8f51-de5e7b57ed20,Z0049ETY,2026-08-20T00:00:00Z,admin,2026-08-20T00:00:00Z,admin
abe34d93-ed96-409f-ab20-106962e8c60f,9edd1079-ce49-4752-8f51-de5e7b57ed20,Z00531ED,2026-08-20T00:00:00Z,admin,2026-08-20T00:00:00Z,admin
ccb1d9c8-23b7-49d9-8180-a8a39f3b7207,9edd1079-ce49-4752-8f51-de5e7b57ed20,Z00578UN,2026-08-20T00:00:00Z,admin,2026-08-20T00:00:00Z,admin
5dfa91a9-009f-4fed-9e41-f12206e76ab5,9edd1079-ce49-4752-8f51-de5e7b57ed20,Z0022MPU,2026-08-20T00:00:00Z,admin,2026-08-20T00:00:00Z,admin
f6af56ee-e416-477e-b560-4c384f342a1f,9edd1079-ce49-4752-8f51-de5e7b57ed20,Z00360RB,2026-08-20T00:00:00Z,admin,2026-08-20T00:00:00Z,admin
d18f2e24-022f-440a-a99a-fb3e85bae617,9edd1079-ce49-4752-8f51-de5e7b57ed20,Z00580YJ,2026-08-20T00:00:00Z,admin,2026-08-20T00:00:00Z,admin
ea7362e3-2ceb-4b84-97b9-c5adbb7d67b4,9edd1079-ce49-4752-8f51-de5e7b57ed20,Z004XVAB,2026-08-20T00:00:00Z,admin,2026-08-20T00:00:00Z,admin
9f50a0c4-eaf7-4223-9dfc-99719bf870db,9edd1079-ce49-4752-8f51-de5e7b57ed20,Z00503ZF,2026-08-20T00:00:00Z,admin,2026-08-20T00:00:00Z,admin
f532098e-fe30-4f0b-87e9-29de1c688d1a,9edd1079-ce49-4752-8f51-de5e7b57ed20,Z0053X3Z,2026-08-20T00:00:00Z,admin,2026-08-20T00:00:00Z,admin
17bd9c3d-fb34-4da0-92e0-22e95fcd910f,9edd1079-ce49-4752-8f51-de5e7b57ed20,Z004Z8HY,2026-08-20T00:00:00Z,admin,2026-08-20T00:00:00Z,admin
bc3589c4-b6cd-43f9-b6d9-0fb4943026c6,9edd1079-ce49-4752-8f51-de5e7b57ed20,Z00366PH,2026-08-20T00:00:00Z,admin,2026-08-20T00:00:00Z,admin
60cbdb1c-c46f-466d-8599-5bd032a2e714,9edd1079-ce49-4752-8f51-de5e7b57ed20,Z002M9XR,2026-08-20T00:00:00Z,admin,2026-08-20T00:00:00Z,admin
c45bd7d7-4ecd-4912-95ac-76f7d746b324,9edd1079-ce49-4752-8f51-de5e7b57ed20,Z0059DWT,2026-08-20T00:00:00Z,admin,2026-08-20T00:00:00Z,admin
6f342548-6655-46d1-9d16-26e55d54969b,9edd1079-ce49-4752-8f51-de5e7b57ed20,Z005989N,2026-08-20T00:00:00Z,admin,2026-08-20T00:00:00Z,admin
8965ad92-a31d-4916-97e0-449c4f802af8,9edd1079-ce49-4752-8f51-de5e7b57ed20,Z0059DYC,2026-08-20T00:00:00Z,admin,2026-08-20T00:00:00Z,admin
043e3a48-8daa-4168-9b2d-d92e129f165e,9edd1079-ce49-4752-8f51-de5e7b57ed20,Z0047WTV,2026-08-20T00:00:00Z,admin,2026-08-20T00:00:00Z,admin
b587ba36-85cf-4185-acfa-f29d2d22387b,1d53d487-e255-40cd-b7a9-aa121d787e09,Z004TAMU,2026-08-20T00:00:00Z,admin,2026-08-20T00:00:00Z,admin
0f6aefcc-d933-49fe-832d-2ae7a56020a2,1d53d487-e255-40cd-b7a9-aa121d787e09,Z00531DY,2026-08-20T00:00:00Z,admin,2026-08-20T00:00:00Z,admin
ff44e9af-8dd4-4b79-9df0-37a855974fca,1d53d487-e255-40cd-b7a9-aa121d787e09,Z004XVAC,2026-08-20T00:00:00Z,admin,2026-08-20T00:00:00Z,admin
fec93bb9-f3ab-4357-988c-60f342fb30f0,1d53d487-e255-40cd-b7a9-aa121d787e09,Z0052TYP,2026-08-20T00:00:00Z,admin,2026-08-20T00:00:00Z,admin
2acc3d58-4cb4-40c4-b4db-7b010409424f,1d53d487-e255-40cd-b7a9-aa121d787e09,Z002Z66N,2026-08-20T00:00:00Z,admin,2026-08-20T00:00:00Z,admin
a5579968-47b5-41b2-9ce4-acf2198af0dd,1d53d487-e255-40cd-b7a9-aa121d787e09,Z004YK1R,2026-08-20T00:00:00Z,admin,2026-08-20T00:00:00Z,admin
e8955909-e71e-4917-a705-365d2f98e3bf,1d53d487-e255-40cd-b7a9-aa121d787e09,Z004Z7ZE,2026-08-20T00:00:00Z,admin,2026-08-20T00:00:00Z,admin
a0f3ddec-11ce-4876-bcfc-1935a8c68aea,1d53d487-e255-40cd-b7a9-aa121d787e09,Z0054KNE,2026-08-20T00:00:00Z,admin,2026-08-20T00:00:00Z,admin
a380c230-346b-4d58-8294-df672f0deeeb,1d53d487-e255-40cd-b7a9-aa121d787e09,Z0028XMJ,2026-08-20T00:00:00Z,admin,2026-08-20T00:00:00Z,admin
3e6a1e98-71ae-4917-bf8c-4ce163cae873,1d53d487-e255-40cd-b7a9-aa121d787e09,Z004FUJT,2026-08-20T00:00:00Z,admin,2026-08-20T00:00:00Z,admin
4204bb1d-60ca-4078-9cbf-e67404d61756,1d53d487-e255-40cd-b7a9-aa121d787e09,Z001WYDU,2026-08-20T00:00:00Z,admin,2026-08-20T00:00:00Z,admin
7f3fd572-9cae-479c-ab73-45f61aa6839b,1d53d487-e255-40cd-b7a9-aa121d787e09,Z0014WKT,2026-08-20T00:00:00Z,admin,2026-08-20T00:00:00Z,admin
adb59085-5b1d-4465-97bd-b46914c29428,1d53d487-e255-40cd-b7a9-aa121d787e09,Z0039MYX,2026-08-20T00:00:00Z,admin,2026-08-20T00:00:00Z,admin
3c042dca-5862-41ba-a74d-1b8a738e45da,1d53d487-e255-40cd-b7a9-aa121d787e09,Z0051EJU,2026-08-20T00:00:00Z,admin,2026-08-20T00:00:00Z,admin
a54cf935-de0b-4125-9910-865b1ffbc8a2,1d53d487-e255-40cd-b7a9-aa121d787e09,Z003RN6R,2026-08-20T00:00:00Z,admin,2026-08-20T00:00:00Z,admin
799ca1ca-3e7e-4073-8cd0-13932de2ccb3,1d53d487-e255-40cd-b7a9-aa121d787e09,Z0046D7W,2026-08-20T00:00:00Z,admin,2026-08-20T00:00:00Z,admin
63ba9bd0-3149-4974-9df3-9c4a7034b26f,1d53d487-e255-40cd-b7a9-aa121d787e09,Z000268E,2026-08-20T00:00:00Z,admin,2026-08-20T00:00:00Z,admin
0ddd9108-dba2-4ba5-b077-2cb500323fcd,1d53d487-e255-40cd-b7a9-aa121d787e09,Z002JB9N,2026-08-20T00:00:00Z,admin,2026-08-20T00:00:00Z,admin
1f02997f-a712-4859-a7ca-bcc254a358bb,1d53d487-e255-40cd-b7a9-aa121d787e09,Z002ZJEH,2026-08-20T00:00:00Z,admin,2026-08-20T00:00:00Z,admin
cb6caf5d-c7e5-4608-bdb3-3a831d56a277,1d53d487-e255-40cd-b7a9-aa121d787e09,Z0033TXK,2026-08-20T00:00:00Z,admin,2026-08-20T00:00:00Z,admin
3f8cb946-104e-4334-bcb9-63e94ceecc68,1d53d487-e255-40cd-b7a9-aa121d787e09,Z0037XDV,2026-08-20T00:00:00Z,admin,2026-08-20T00:00:00Z,admin
09279232-8c7c-42a5-84ff-cc4389576ba4,1d53d487-e255-40cd-b7a9-aa121d787e09,Z0030F0C,2026-08-20T00:00:00Z,admin,2026-08-20T00:00:00Z,admin
1f291028-03ec-490c-8aaf-c5cd1b4ad83d,1d53d487-e255-40cd-b7a9-aa121d787e09,Z0049ETY,2026-08-20T00:00:00Z,admin,2026-08-20T00:00:00Z,admin
cd5d1e59-c332-4b39-88db-11b143eb78ac,1d53d487-e255-40cd-b7a9-aa121d787e09,Z00531ED,2026-08-20T00:00:00Z,admin,2026-08-20T00:00:00Z,admin
0f541e4b-308c-4c29-b264-afe8663d349e,1d53d487-e255-40cd-b7a9-aa121d787e09,Z00578UN,2026-08-20T00:00:00Z,admin,2026-08-20T00:00:00Z,admin
db6ad725-69dd-45d1-8763-516b4ffd8f50,1d53d487-e255-40cd-b7a9-aa121d787e09,Z0022MPU,2026-08-20T00:00:00Z,admin,2026-08-20T00:00:00Z,admin
cc666b86-6941-4bdc-bd09-e9c728c8c368,1d53d487-e255-40cd-b7a9-aa121d787e09,Z00360RB,2026-08-20T00:00:00Z,admin,2026-08-20T00:00:00Z,admin
1d7f825e-97c8-494a-a780-e1b76652f325,1d53d487-e255-40cd-b7a9-aa121d787e09,Z00580YJ,2026-08-20T00:00:00Z,admin,2026-08-20T00:00:00Z,admin
c103cf35-0a4f-491a-9451-7860f685d9f1,1d53d487-e255-40cd-b7a9-aa121d787e09,Z004XVAB,2026-08-20T00:00:00Z,admin,2026-08-20T00:00:00Z,admin
497612ad-1aee-4c10-926d-ead13b52bc71,1d53d487-e255-40cd-b7a9-aa121d787e09,Z00503ZF,2026-08-20T00:00:00Z,admin,2026-08-20T00:00:00Z,admin
d4e00d07-0529-45a5-b526-8f2c95133b6b,1d53d487-e255-40cd-b7a9-aa121d787e09,Z0053X3Z,2026-08-20T00:00:00Z,admin,2026-08-20T00:00:00Z,admin
a2d22f1f-3cc9-4b47-b7cb-d59f27621fd1,1d53d487-e255-40cd-b7a9-aa121d787e09,Z004Z8HY,2026-08-20T00:00:00Z,admin,2026-08-20T00:00:00Z,admin
c075e0b7-2503-48cc-9611-30fa77b38f30,1d53d487-e255-40cd-b7a9-aa121d787e09,Z00366PH,2026-08-20T00:00:00Z,admin,2026-08-20T00:00:00Z,admin
9f072b6c-f09d-45f8-8442-5225f732fc9d,1d53d487-e255-40cd-b7a9-aa121d787e09,Z002M9XR,2026-08-20T00:00:00Z,admin,2026-08-20T00:00:00Z,admin
957635dd-1aeb-4501-93b3-aabfacd7513d,1d53d487-e255-40cd-b7a9-aa121d787e09,Z0059DWT,2026-08-20T00:00:00Z,admin,2026-08-20T00:00:00Z,admin
ead1d4a5-99c2-410a-a754-03a8feaefb57,1d53d487-e255-40cd-b7a9-aa121d787e09,Z005989N,2026-08-20T00:00:00Z,admin,2026-08-20T00:00:00Z,admin
cd856c8b-bc23-4bc4-a614-64bca1c3e69e,1d53d487-e255-40cd-b7a9-aa121d787e09,Z0059DYC,2026-08-20T00:00:00Z,admin,2026-08-20T00:00:00Z,admin
4c16de6d-86c7-49dd-b41a-03c92b2665a4,1d53d487-e255-40cd-b7a9-aa121d787e09,Z0047WTV,2026-08-20T00:00:00Z,admin,2026-08-20T00:00:00Z,admin
4f738c69-9ec1-4eb4-b2ba-8a397b6d4da0,a98eda35-d9b4-4ee2-890e-b0d1ce5d3143,Z004TAMU,2026-08-20T00:00:00Z,admin,2026-08-20T00:00:00Z,admin
ffb5a7a2-d231-4ddb-914d-c5221112da39,a98eda35-d9b4-4ee2-890e-b0d1ce5d3143,Z00531DY,2026-08-20T00:00:00Z,admin,2026-08-20T00:00:00Z,admin
05cc96f5-4d7b-42cd-8c4e-7dbff892d68e,a98eda35-d9b4-4ee2-890e-b0d1ce5d3143,Z004XVAC,2026-08-20T00:00:00Z,admin,2026-08-20T00:00:00Z,admin
92b750ba-7dbe-4eed-a77f-362db0918cf0,a98eda35-d9b4-4ee2-890e-b0d1ce5d3143,Z0052TYP,2026-08-20T00:00:00Z,admin,2026-08-20T00:00:00Z,admin
42d8143d-be11-4ef0-9196-20c108888f90,a98eda35-d9b4-4ee2-890e-b0d1ce5d3143,Z002Z66N,2026-08-20T00:00:00Z,admin,2026-08-20T00:00:00Z,admin
9e9a4d5a-0159-4404-9423-303d37da7a27,a98eda35-d9b4-4ee2-890e-b0d1ce5d3143,Z004YK1R,2026-08-20T00:00:00Z,admin,2026-08-20T00:00:00Z,admin
db67b1c3-0706-4bf4-9517-5c6318af8abc,a98eda35-d9b4-4ee2-890e-b0d1ce5d3143,Z004Z7ZE,2026-08-20T00:00:00Z,admin,2026-08-20T00:00:00Z,admin
8e01e43d-117e-4749-baa6-3f4d3a1a4e3d,a98eda35-d9b4-4ee2-890e-b0d1ce5d3143,Z0054KNE,2026-08-20T00:00:00Z,admin,2026-08-20T00:00:00Z,admin
faaa9437-3b47-4260-8063-2e9c57bf4b19,a98eda35-d9b4-4ee2-890e-b0d1ce5d3143,Z0028XMJ,2026-08-20T00:00:00Z,admin,2026-08-20T00:00:00Z,admin
a0206c51-1e0b-4b7c-8c6f-71b4190fdd6c,a98eda35-d9b4-4ee2-890e-b0d1ce5d3143,Z004FUJT,2026-08-20T00:00:00Z,admin,2026-08-20T00:00:00Z,admin
409ee72a-c6c2-49f6-8384-ccc67889a6a3,a98eda35-d9b4-4ee2-890e-b0d1ce5d3143,Z001WYDU,2026-08-20T00:00:00Z,admin,2026-08-20T00:00:00Z,admin
2be213c4-f0a7-4b93-be9d-00c723b87821,a98eda35-d9b4-4ee2-890e-b0d1ce5d3143,Z0014WKT,2026-08-20T00:00:00Z,admin,2026-08-20T00:00:00Z,admin
82955a84-1df1-43d9-9a01-16c293490c3f,a98eda35-d9b4-4ee2-890e-b0d1ce5d3143,Z0039MYX,2026-08-20T00:00:00Z,admin,2026-08-20T00:00:00Z,admin
e99e54b6-5a99-4391-8a01-e9c798d8790e,a98eda35-d9b4-4ee2-890e-b0d1ce5d3143,Z0051EJU,2026-08-20T00:00:00Z,admin,2026-08-20T00:00:00Z,admin
bb825370-dd3a-46fb-b7b8-bdd7b0b59c6e,a98eda35-d9b4-4ee2-890e-b0d1ce5d3143,Z003RN6R,2026-08-20T00:00:00Z,admin,2026-08-20T00:00:00Z,admin
9bcfa03b-004c-4f83-b16e-ad7be281a4a6,a98eda35-d9b4-4ee2-890e-b0d1ce5d3143,Z0046D7W,2026-08-20T00:00:00Z,admin,2026-08-20T00:00:00Z,admin
3d362e79-e983-4791-a8b7-22910b46fbd3,a98eda35-d9b4-4ee2-890e-b0d1ce5d3143,Z000268E,2026-08-20T00:00:00Z,admin,2026-08-20T00:00:00Z,admin
bfeb3852-1516-4ab1-a24a-fa1257d5b927,a98eda35-d9b4-4ee2-890e-b0d1ce5d3143,Z002JB9N,2026-08-20T00:00:00Z,admin,2026-08-20T00:00:00Z,admin
908f3cb7-85b0-44ee-8c81-62eb424778d8,a98eda35-d9b4-4ee2-890e-b0d1ce5d3143,Z002ZJEH,2026-08-20T00:00:00Z,admin,2026-08-20T00:00:00Z,admin
32370766-b373-4235-bbd9-0a0498bb6e5c,a98eda35-d9b4-4ee2-890e-b0d1ce5d3143,Z0033TXK,2026-08-20T00:00:00Z,admin,2026-08-20T00:00:00Z,admin
9e8c7090-9020-4a58-82ce-d42c6875504a,a98eda35-d9b4-4ee2-890e-b0d1ce5d3143,Z0037XDV,2026-08-20T00:00:00Z,admin,2026-08-20T00:00:00Z,admin
510d8324-edfc-435f-86af-6ef6826a1306,a98eda35-d9b4-4ee2-890e-b0d1ce5d3143,Z0030F0C,2026-08-20T00:00:00Z,admin,2026-08-20T00:00:00Z,admin
e3935ebc-6a53-4edf-890c-f1697942744e,a98eda35-d9b4-4ee2-890e-b0d1ce5d3143,Z0049ETY,2026-08-20T00:00:00Z,admin,2026-08-20T00:00:00Z,admin
44746c0f-febc-4d2b-9e10-d49699458d8d,a98eda35-d9b4-4ee2-890e-b0d1ce5d3143,Z00531ED,2026-08-20T00:00:00Z,admin,2026-08-20T00:00:00Z,admin
3ff0f214-4e4f-4307-a1ce-36ab63a4c419,a98eda35-d9b4-4ee2-890e-b0d1ce5d3143,Z00578UN,2026-08-20T00:00:00Z,admin,2026-08-20T00:00:00Z,admin
55dec7db-86f5-4218-a49f-9d87f3a34d8a,a98eda35-d9b4-4ee2-890e-b0d1ce5d3143,Z0022MPU,2026-08-20T00:00:00Z,admin,2026-08-20T00:00:00Z,admin
755decdb-e7f8-4830-a8b4-bbdb59ea0e2b,a98eda35-d9b4-4ee2-890e-b0d1ce5d3143,Z00360RB,2026-08-20T00:00:00Z,admin,2026-08-20T00:00:00Z,admin
fbb8010c-a8ab-48ba-ac92-9db34b23a9fd,a98eda35-d9b4-4ee2-890e-b0d1ce5d3143,Z00580YJ,2026-08-20T00:00:00Z,admin,2026-08-20T00:00:00Z,admin
5d901e52-ad26-4b91-9ba4-7ef576440511,a98eda35-d9b4-4ee2-890e-b0d1ce5d3143,Z004XVAB,2026-08-20T00:00:00Z,admin,2026-08-20T00:00:00Z,admin
5182cde9-614f-4227-8197-c278821d1d3f,a98eda35-d9b4-4ee2-890e-b0d1ce5d3143,Z00503ZF,2026-08-20T00:00:00Z,admin,2026-08-20T00:00:00Z,admin
0a026acb-532a-4f51-906c-8bb5bb89141b,a98eda35-d9b4-4ee2-890e-b0d1ce5d3143,Z0053X3Z,2026-08-20T00:00:00Z,admin,2026-08-20T00:00:00Z,admin
09837511-2108-4fff-8f43-962f86b38a32,a98eda35-d9b4-4ee2-890e-b0d1ce5d3143,Z004Z8HY,2026-08-20T00:00:00Z,admin,2026-08-20T00:00:00Z,admin
db342b6a-7cbe-4813-8241-6f227c747219,a98eda35-d9b4-4ee2-890e-b0d1ce5d3143,Z00366PH,2026-08-20T00:00:00Z,admin,2026-08-20T00:00:00Z,admin
af26a947-bb4d-43e9-8fde-c084ee421c09,a98eda35-d9b4-4ee2-890e-b0d1ce5d3143,Z002M9XR,2026-08-20T00:00:00Z,admin,2026-08-20T00:00:00Z,admin
31d7aacb-eb56-4022-b9da-56f0a307e257,a98eda35-d9b4-4ee2-890e-b0d1ce5d3143,Z0059DWT,2026-08-20T00:00:00Z,admin,2026-08-20T00:00:00Z,admin
044d3d53-4559-43e4-a504-a50515200a18,a98eda35-d9b4-4ee2-890e-b0d1ce5d3143,Z005989N,2026-08-20T00:00:00Z,admin,2026-08-20T00:00:00Z,admin
495808f7-cd41-446b-bd23-f7a79b1f70ea,a98eda35-d9b4-4ee2-890e-b0d1ce5d3143,Z0059DYC,2026-08-20T00:00:00Z,admin,2026-08-20T00:00:00Z,admin
095b6b5d-9bed-4297-9101-ad035d5c785f,a98eda35-d9b4-4ee2-890e-b0d1ce5d3143,Z0047WTV,2026-08-20T00:00:00Z,admin,2026-08-20T00:00:00Z,admin
4b6fb381-baf7-4724-a6ae-8236049847d1,76464ff7-8014-42b1-9444-e439ce86c8b3,Z004TAMU,2026-08-20T00:00:00Z,admin,2026-08-20T00:00:00Z,admin
9c056b6c-d1cc-48d5-981c-9a6bf6fb78e5,76464ff7-8014-42b1-9444-e439ce86c8b3,Z00531DY,2026-08-20T00:00:00Z,admin,2026-08-20T00:00:00Z,admin
e26ef83b-79e9-45a5-bfa0-e83968d39435,76464ff7-8014-42b1-9444-e439ce86c8b3,Z004XVAC,2026-08-20T00:00:00Z,admin,2026-08-20T00:00:00Z,admin
3a528357-165a-457d-b8c6-c72f0ae32f7f,76464ff7-8014-42b1-9444-e439ce86c8b3,Z0052TYP,2026-08-20T00:00:00Z,admin,2026-08-20T00:00:00Z,admin
aad0594c-982f-4585-9e7c-3858a827f955,76464ff7-8014-42b1-9444-e439ce86c8b3,Z002Z66N,2026-08-20T00:00:00Z,admin,2026-08-20T00:00:00Z,admin
1e6184fd-d4e3-4e16-abe2-e8139ccb9478,76464ff7-8014-42b1-9444-e439ce86c8b3,Z004YK1R,2026-08-20T00:00:00Z,admin,2026-08-20T00:00:00Z,admin
12d184d6-7c6d-4d8b-a899-0fcb54b7d367,76464ff7-8014-42b1-9444-e439ce86c8b3,Z004Z7ZE,2026-08-20T00:00:00Z,admin,2026-08-20T00:00:00Z,admin
44ca55e5-21c2-4d01-bc3c-f208d2d1eb6d,76464ff7-8014-42b1-9444-e439ce86c8b3,Z0054KNE,2026-08-20T00:00:00Z,admin,2026-08-20T00:00:00Z,admin
e655d6bc-21af-4d28-8b12-8f756df7f662,76464ff7-8014-42b1-9444-e439ce86c8b3,Z0028XMJ,2026-08-20T00:00:00Z,admin,2026-08-20T00:00:00Z,admin
bf596917-51e1-4175-8c75-82b1441b93fb,76464ff7-8014-42b1-9444-e439ce86c8b3,Z004FUJT,2026-08-20T00:00:00Z,admin,2026-08-20T00:00:00Z,admin
af137b1b-4a3a-4478-91e6-4d7694c72b90,76464ff7-8014-42b1-9444-e439ce86c8b3,Z001WYDU,2026-08-20T00:00:00Z,admin,2026-08-20T00:00:00Z,admin
46cefb3b-4abf-4747-ac2c-36a83e5f4cec,76464ff7-8014-42b1-9444-e439ce86c8b3,Z0014WKT,2026-08-20T00:00:00Z,admin,2026-08-20T00:00:00Z,admin
fc61353f-f668-4b8f-9766-a7669b5f3828,76464ff7-8014-42b1-9444-e439ce86c8b3,Z0039MYX,2026-08-20T00:00:00Z,admin,2026-08-20T00:00:00Z,admin
7250b83b-7ac1-46e6-8990-a7f183338fba,76464ff7-8014-42b1-9444-e439ce86c8b3,Z0051EJU,2026-08-20T00:00:00Z,admin,2026-08-20T00:00:00Z,admin
9b7d83be-e3fc-4b6e-97bd-7ba80d0ae76f,76464ff7-8014-42b1-9444-e439ce86c8b3,Z003RN6R,2026-08-20T00:00:00Z,admin,2026-08-20T00:00:00Z,admin
8c998354-e17e-4d3f-be1c-6a1c888cc86d,76464ff7-8014-42b1-9444-e439ce86c8b3,Z0046D7W,2026-08-20T00:00:00Z,admin,2026-08-20T00:00:00Z,admin
51b47a5b-d6cb-44a3-ae6f-0ffdd06ae751,76464ff7-8014-42b1-9444-e439ce86c8b3,Z000268E,2026-08-20T00:00:00Z,admin,2026-08-20T00:00:00Z,admin
9e85442e-3230-4bb2-8e27-c459068a5953,76464ff7-8014-42b1-9444-e439ce86c8b3,Z002JB9N,2026-08-20T00:00:00Z,admin,2026-08-20T00:00:00Z,admin
1a037bab-7895-477f-b529-000b5d0117b3,76464ff7-8014-42b1-9444-e439ce86c8b3,Z002ZJEH,2026-08-20T00:00:00Z,admin,2026-08-20T00:00:00Z,admin
09952387-59c3-4830-b299-3c9fc73a4a9b,76464ff7-8014-42b1-9444-e439ce86c8b3,Z0033TXK,2026-08-20T00:00:00Z,admin,2026-08-20T00:00:00Z,admin
6ece4a23-68a2-4ee3-8f1f-b7e43f24201a,76464ff7-8014-42b1-9444-e439ce86c8b3,Z0037XDV,2026-08-20T00:00:00Z,admin,2026-08-20T00:00:00Z,admin
216bbfd8-5f2b-4276-87ab-bf9abf523737,76464ff7-8014-42b1-9444-e439ce86c8b3,Z0030F0C,2026-08-20T00:00:00Z,admin,2026-08-20T00:00:00Z,admin
f70eee7f-fd1a-46ee-96db-b6ce55c79eb0,76464ff7-8014-42b1-9444-e439ce86c8b3,Z0049ETY,2026-08-20T00:00:00Z,admin,2026-08-20T00:00:00Z,admin
630ad7fe-1e8f-4fe5-98c6-564343a5de84,76464ff7-8014-42b1-9444-e439ce86c8b3,Z00531ED,2026-08-20T00:00:00Z,admin,2026-08-20T00:00:00Z,admin
eef43996-8443-4e90-8cb8-72daa4a3e124,76464ff7-8014-42b1-9444-e439ce86c8b3,Z00578UN,2026-08-20T00:00:00Z,admin,2026-08-20T00:00:00Z,admin
942d56dc-c79b-422a-8d29-04a50bb07def,76464ff7-8014-42b1-9444-e439ce86c8b3,Z0022MPU,2026-08-20T00:00:00Z,admin,2026-08-20T00:00:00Z,admin
18c32e74-8e4f-45c1-a076-2159ff853cf0,76464ff7-8014-42b1-9444-e439ce86c8b3,Z00360RB,2026-08-20T00:00:00Z,admin,2026-08-20T00:00:00Z,admin
042d1486-2777-4a01-8671-f5a79297720c,76464ff7-8014-42b1-9444-e439ce86c8b3,Z00580YJ,2026-08-20T00:00:00Z,admin,2026-08-20T00:00:00Z,admin
83b76158-c4b8-4d81-803c-a94d2e33a56e,76464ff7-8014-42b1-9444-e439ce86c8b3,Z004XVAB,2026-08-20T00:00:00Z,admin,2026-08-20T00:00:00Z,admin
27fe220d-645d-4ee3-987e-52d15ffca32c,76464ff7-8014-42b1-9444-e439ce86c8b3,Z00503ZF,2026-08-20T00:00:00Z,admin,2026-08-20T00:00:00Z,admin
e8ab2a7f-d04b-46a5-aac7-0b9be9fab82d,76464ff7-8014-42b1-9444-e439ce86c8b3,Z0053X3Z,2026-08-20T00:00:00Z,admin,2026-08-20T00:00:00Z,admin
e87aea48-391c-440d-bccf-70e854706399,76464ff7-8014-42b1-9444-e439ce86c8b3,Z004Z8HY,2026-08-20T00:00:00Z,admin,2026-08-20T00:00:00Z,admin
74d74a01-0953-4c13-9db2-c76984523071,76464ff7-8014-42b1-9444-e439ce86c8b3,Z00366PH,2026-08-20T00:00:00Z,admin,2026-08-20T00:00:00Z,admin
2707b891-df10-42f3-9d79-fa0988df92c7,76464ff7-8014-42b1-9444-e439ce86c8b3,Z002M9XR,2026-08-20T00:00:00Z,admin,2026-08-20T00:00:00Z,admin
293ef5f4-55cb-43a3-a926-93483cf215c1,76464ff7-8014-42b1-9444-e439ce86c8b3,Z0059DWT,2026-08-20T00:00:00Z,admin,2026-08-20T00:00:00Z,admin
14a7f008-9bcf-4594-bbf4-f7237611c9c1,76464ff7-8014-42b1-9444-e439ce86c8b3,Z005989N,2026-08-20T00:00:00Z,admin,2026-08-20T00:00:00Z,admin
c4a1a463-3ae8-4cff-8357-cda8925bbb03,76464ff7-8014-42b1-9444-e439ce86c8b3,Z0059DYC,2026-08-20T00:00:00Z,admin,2026-08-20T00:00:00Z,admin
5bc70445-fd63-498d-9eb3-124501633f09,76464ff7-8014-42b1-9444-e439ce86c8b3,Z0047WTV,2026-08-20T00:00:00Z,admin,2026-08-20T00:00:00Z,admin
0348f792-f882-4e2a-b0b3-fb0e0bc78b17,356bde78-5b4a-435c-ad35-8802768168b2,Z004TAMU,2026-08-20T00:00:00Z,admin,2026-08-20T00:00:00Z,admin
a6d75a6a-ecec-4932-968e-a0faf9b4247d,356bde78-5b4a-435c-ad35-8802768168b2,Z00531DY,2026-08-20T00:00:00Z,admin,2026-08-20T00:00:00Z,admin
f20ce5d8-70c1-4e95-b74e-c4b482093aef,356bde78-5b4a-435c-ad35-8802768168b2,Z004XVAC,2026-08-20T00:00:00Z,admin,2026-08-20T00:00:00Z,admin
7232ef42-98d1-46aa-9a96-5fe2c9cd3bb5,356bde78-5b4a-435c-ad35-8802768168b2,Z0052TYP,2026-08-20T00:00:00Z,admin,2026-08-20T00:00:00Z,admin
e3625801-1ac2-4eaf-afca-1ae6e4b14fb1,356bde78-5b4a-435c-ad35-8802768168b2,Z002Z66N,2026-08-20T00:00:00Z,admin,2026-08-20T00:00:00Z,admin
fd1a1786-b827-4527-90bf-2905329a389e,356bde78-5b4a-435c-ad35-8802768168b2,Z004YK1R,2026-08-20T00:00:00Z,admin,2026-08-20T00:00:00Z,admin
99ad715e-e1f9-410c-82e3-42122d5f668c,356bde78-5b4a-435c-ad35-8802768168b2,Z004Z7ZE,2026-08-20T00:00:00Z,admin,2026-08-20T00:00:00Z,admin
7bb45472-616d-448e-b255-ab4ec4e788f8,356bde78-5b4a-435c-ad35-8802768168b2,Z0054KNE,2026-08-20T00:00:00Z,admin,2026-08-20T00:00:00Z,admin
c6434639-8b01-4a5a-9e59-7c1e79be33ab,356bde78-5b4a-435c-ad35-8802768168b2,Z0028XMJ,2026-08-20T00:00:00Z,admin,2026-08-20T00:00:00Z,admin
7a07834b-89f9-4981-be6f-61f80fb3e269,356bde78-5b4a-435c-ad35-8802768168b2,Z004FUJT,2026-08-20T00:00:00Z,admin,2026-08-20T00:00:00Z,admin
43ff18ac-55af-4ca9-91e4-3f888b671d8b,356bde78-5b4a-435c-ad35-8802768168b2,Z001WYDU,2026-08-20T00:00:00Z,admin,2026-08-20T00:00:00Z,admin
e3b3bd7d-e5af-41d0-85fb-48c842f26bd7,356bde78-5b4a-435c-ad35-8802768168b2,Z0014WKT,2026-08-20T00:00:00Z,admin,2026-08-20T00:00:00Z,admin
8b710b20-8169-4332-b6c5-ced7f769f7dd,356bde78-5b4a-435c-ad35-8802768168b2,Z0039MYX,2026-08-20T00:00:00Z,admin,2026-08-20T00:00:00Z,admin
f2937078-3dfe-4a55-9b6d-38cd500583a9,356bde78-5b4a-435c-ad35-8802768168b2,Z0051EJU,2026-08-20T00:00:00Z,admin,2026-08-20T00:00:00Z,admin
c6be88eb-3cd6-4fa4-b5f8-41ad7eb75a50,356bde78-5b4a-435c-ad35-8802768168b2,Z003RN6R,2026-08-20T00:00:00Z,admin,2026-08-20T00:00:00Z,admin
ec0eeeaa-f3c2-41ed-be0b-b30cd7330827,356bde78-5b4a-435c-ad35-8802768168b2,Z0046D7W,2026-08-20T00:00:00Z,admin,2026-08-20T00:00:00Z,admin
f8379ca3-8ff1-45d3-970a-42d4300625b1,356bde78-5b4a-435c-ad35-8802768168b2,Z000268E,2026-08-20T00:00:00Z,admin,2026-08-20T00:00:00Z,admin
dea69b4b-ded2-44ac-8f17-255dcaa276af,356bde78-5b4a-435c-ad35-8802768168b2,Z002JB9N,2026-08-20T00:00:00Z,admin,2026-08-20T00:00:00Z,admin
9b159e92-6565-4289-8e47-4b11b5b89e5e,356bde78-5b4a-435c-ad35-8802768168b2,Z002ZJEH,2026-08-20T00:00:00Z,admin,2026-08-20T00:00:00Z,admin
3d28d4a6-ec5f-4722-a1a2-0adce7ef4098,356bde78-5b4a-435c-ad35-8802768168b2,Z0033TXK,2026-08-20T00:00:00Z,admin,2026-08-20T00:00:00Z,admin
80ec5208-bced-4522-a4ce-96a6e7442bc6,356bde78-5b4a-435c-ad35-8802768168b2,Z0037XDV,2026-08-20T00:00:00Z,admin,2026-08-20T00:00:00Z,admin
140669b9-b0e7-414e-b655-39412d5cdbad,356bde78-5b4a-435c-ad35-8802768168b2,Z0030F0C,2026-08-20T00:00:00Z,admin,2026-08-20T00:00:00Z,admin
fc2b3c67-d368-4fc8-b488-a7abd99d30d8,356bde78-5b4a-435c-ad35-8802768168b2,Z0049ETY,2026-08-20T00:00:00Z,admin,2026-08-20T00:00:00Z,admin
0e3ac167-d76b-4819-ac0b-59d4f3fe42e4,356bde78-5b4a-435c-ad35-8802768168b2,Z00531ED,2026-08-20T00:00:00Z,admin,2026-08-20T00:00:00Z,admin
95a70f40-dbdb-4c1c-9ba5-f78a13f58d09,356bde78-5b4a-435c-ad35-8802768168b2,Z00578UN,2026-08-20T00:00:00Z,admin,2026-08-20T00:00:00Z,admin
80624d49-e41a-40ab-8106-3a05c5846b29,356bde78-5b4a-435c-ad35-8802768168b2,Z0022MPU,2026-08-20T00:00:00Z,admin,2026-08-20T00:00:00Z,admin
0a4c1ab2-4a6b-4b14-a5b7-efa38388511e,356bde78-5b4a-435c-ad35-8802768168b2,Z00360RB,2026-08-20T00:00:00Z,admin,2026-08-20T00:00:00Z,admin
b55aca9f-3c2a-4e1c-888d-c6c7d91122c8,356bde78-5b4a-435c-ad35-8802768168b2,Z00580YJ,2026-08-20T00:00:00Z,admin,2026-08-20T00:00:00Z,admin
8eea6453-0a89-4f56-bc0f-4b86a2959180,356bde78-5b4a-435c-ad35-8802768168b2,Z004XVAB,2026-08-20T00:00:00Z,admin,2026-08-20T00:00:00Z,admin
fb9569e0-cf2f-435f-b2d2-974934c0e92a,356bde78-5b4a-435c-ad35-8802768168b2,Z00503ZF,2026-08-20T00:00:00Z,admin,2026-08-20T00:00:00Z,admin
c8780c90-6dce-4e04-a88b-f497ad341c6f,356bde78-5b4a-435c-ad35-8802768168b2,Z0053X3Z,2026-08-20T00:00:00Z,admin,2026-08-20T00:00:00Z,admin
bbef8ce5-9c70-4e1b-abc7-73b4fb95bcf4,356bde78-5b4a-435c-ad35-8802768168b2,Z004Z8HY,2026-08-20T00:00:00Z,admin,2026-08-20T00:00:00Z,admin
66496e51-29ef-44a6-8346-9486fee606a1,356bde78-5b4a-435c-ad35-8802768168b2,Z00366PH,2026-08-20T00:00:00Z,admin,2026-08-20T00:00:00Z,admin
6eb8a8d9-265b-4744-bed2-18f1887b138a,356bde78-5b4a-435c-ad35-8802768168b2,Z002M9XR,2026-08-20T00:00:00Z,admin,2026-08-20T00:00:00Z,admin
6d3dc7a9-6bcc-4ae1-8c93-84c1e6567a2a,356bde78-5b4a-435c-ad35-8802768168b2,Z0059DWT,2026-08-20T00:00:00Z,admin,2026-08-20T00:00:00Z,admin
716b8828-0b26-43b2-a1b7-dbed3dc0fbe8,356bde78-5b4a-435c-ad35-8802768168b2,Z005989N,2026-08-20T00:00:00Z,admin,2026-08-20T00:00:00Z,admin
ef83c417-6c51-4d42-b9be-c986bf1246f5,356bde78-5b4a-435c-ad35-8802768168b2,Z0059DYC,2026-08-20T00:00:00Z,admin,2026-08-20T00:00:00Z,admin
8e57b905-9a5e-47e4-bede-ce536cc9c8e4,356bde78-5b4a-435c-ad35-8802768168b2,Z0047WTV,2026-08-20T00:00:00Z,admin,2026-08-20T00:00:00Z,admin
42b127bd-65f4-4bc4-b782-b9be3cf93f11,690fb15d-6322-4879-9ab4-0fa24bd8958e,Z004TAMU,2026-08-20T00:00:00Z,admin,2026-08-20T00:00:00Z,admin
8c1c3a48-ea8e-47ce-8b08-91cf7e3a9733,690fb15d-6322-4879-9ab4-0fa24bd8958e,Z00531DY,2026-08-20T00:00:00Z,admin,2026-08-20T00:00:00Z,admin
23358823-1be4-4241-b34f-735c2141b954,690fb15d-6322-4879-9ab4-0fa24bd8958e,Z004XVAC,2026-08-20T00:00:00Z,admin,2026-08-20T00:00:00Z,admin
f8473042-1eae-4f73-a4c9-b44e3650d53a,690fb15d-6322-4879-9ab4-0fa24bd8958e,Z0052TYP,2026-08-20T00:00:00Z,admin,2026-08-20T00:00:00Z,admin
1dbe82e0-746a-4b80-a767-d1d65a557005,690fb15d-6322-4879-9ab4-0fa24bd8958e,Z002Z66N,2026-08-20T00:00:00Z,admin,2026-08-20T00:00:00Z,admin
b9d08c4e-7205-434f-b525-753d23587957,690fb15d-6322-4879-9ab4-0fa24bd8958e,Z004YK1R,2026-08-20T00:00:00Z,admin,2026-08-20T00:00:00Z,admin
ab1703ae-2c61-413a-b8c0-43418a2f363a,690fb15d-6322-4879-9ab4-0fa24bd8958e,Z004Z7ZE,2026-08-20T00:00:00Z,admin,2026-08-20T00:00:00Z,admin
543b7e4b-3e89-4685-bb78-b5c7920ac5bd,690fb15d-6322-4879-9ab4-0fa24bd8958e,Z0054KNE,2026-08-20T00:00:00Z,admin,2026-08-20T00:00:00Z,admin
8ae4cc12-1caf-46c5-a0a3-bb5ec6a878cb,690fb15d-6322-4879-9ab4-0fa24bd8958e,Z0028XMJ,2026-08-20T00:00:00Z,admin,2026-08-20T00:00:00Z,admin
72f33116-745b-4875-b05f-d47624edf6b8,690fb15d-6322-4879-9ab4-0fa24bd8958e,Z004FUJT,2026-08-20T00:00:00Z,admin,2026-08-20T00:00:00Z,admin
d98d0c56-5aae-4225-be2c-7d6f9ff97673,690fb15d-6322-4879-9ab4-0fa24bd8958e,Z001WYDU,2026-08-20T00:00:00Z,admin,2026-08-20T00:00:00Z,admin
e385cc84-23e3-40d0-a6ad-5182fa028c30,690fb15d-6322-4879-9ab4-0fa24bd8958e,Z0014WKT,2026-08-20T00:00:00Z,admin,2026-08-20T00:00:00Z,admin
1d85f8e5-a225-4c19-8e39-fef3f2d3e995,690fb15d-6322-4879-9ab4-0fa24bd8958e,Z0039MYX,2026-08-20T00:00:00Z,admin,2026-08-20T00:00:00Z,admin
3b87893a-b27a-492c-8a17-e78a8e6965e6,690fb15d-6322-4879-9ab4-0fa24bd8958e,Z0051EJU,2026-08-20T00:00:00Z,admin,2026-08-20T00:00:00Z,admin
64a96fd2-510d-42b2-8f53-ee70b016f6be,690fb15d-6322-4879-9ab4-0fa24bd8958e,Z003RN6R,2026-08-20T00:00:00Z,admin,2026-08-20T00:00:00Z,admin
b7ae16cb-d979-4c07-a0a3-17b80928f81a,690fb15d-6322-4879-9ab4-0fa24bd8958e,Z0046D7W,2026-08-20T00:00:00Z,admin,2026-08-20T00:00:00Z,admin
c2c53bb7-6ada-4e6c-9e28-43e72897d35b,690fb15d-6322-4879-9ab4-0fa24bd8958e,Z000268E,2026-08-20T00:00:00Z,admin,2026-08-20T00:00:00Z,admin
7edb590a-f347-4974-8e55-412376d7a85d,690fb15d-6322-4879-9ab4-0fa24bd8958e,Z002JB9N,2026-08-20T00:00:00Z,admin,2026-08-20T00:00:00Z,admin
9f0dd84a-861d-4813-9736-cb57ddbb2685,690fb15d-6322-4879-9ab4-0fa24bd8958e,Z002ZJEH,2026-08-20T00:00:00Z,admin,2026-08-20T00:00:00Z,admin
25b4f679-ab7a-460c-adcf-f2f70549f7b2,690fb15d-6322-4879-9ab4-0fa24bd8958e,Z0033TXK,2026-08-20T00:00:00Z,admin,2026-08-20T00:00:00Z,admin
dae226e8-ea94-46aa-b8e0-63d413df64fb,690fb15d-6322-4879-9ab4-0fa24bd8958e,Z0037XDV,2026-08-20T00:00:00Z,admin,2026-08-20T00:00:00Z,admin
892de75e-255c-487b-8004-6360611da17a,690fb15d-6322-4879-9ab4-0fa24bd8958e,Z0030F0C,2026-08-20T00:00:00Z,admin,2026-08-20T00:00:00Z,admin
b7f04d44-a5bb-4937-bb05-d68f13cc3abb,690fb15d-6322-4879-9ab4-0fa24bd8958e,Z0049ETY,2026-08-20T00:00:00Z,admin,2026-08-20T00:00:00Z,admin
70329853-41e7-423b-aa3b-126749eb84df,690fb15d-6322-4879-9ab4-0fa24bd8958e,Z00531ED,2026-08-20T00:00:00Z,admin,2026-08-20T00:00:00Z,admin
fedc3940-6088-4b4c-b0f9-2b57a5a23c54,690fb15d-6322-4879-9ab4-0fa24bd8958e,Z00578UN,2026-08-20T00:00:00Z,admin,2026-08-20T00:00:00Z,admin
79071e00-1203-467d-b362-632608af3823,690fb15d-6322-4879-9ab4-0fa24bd8958e,Z0022MPU,2026-08-20T00:00:00Z,admin,2026-08-20T00:00:00Z,admin
43b5a86c-25ca-41fe-9716-aaa9b886c622,690fb15d-6322-4879-9ab4-0fa24bd8958e,Z00360RB,2026-08-20T00:00:00Z,admin,2026-08-20T00:00:00Z,admin
5d2a7b0f-d220-4bea-bb3e-4452e5d74795,690fb15d-6322-4879-9ab4-0fa24bd8958e,Z00580YJ,2026-08-20T00:00:00Z,admin,2026-08-20T00:00:00Z,admin
f43cd261-5e50-41e1-8250-3fb756a6d618,690fb15d-6322-4879-9ab4-0fa24bd8958e,Z004XVAB,2026-08-20T00:00:00Z,admin,2026-08-20T00:00:00Z,admin
adb19bed-1f17-4de5-90e1-e579b8978c8a,690fb15d-6322-4879-9ab4-0fa24bd8958e,Z00503ZF,2026-08-20T00:00:00Z,admin,2026-08-20T00:00:00Z,admin
96c7bfd2-b58b-49bb-bd32-7da35c5f0a13,690fb15d-6322-4879-9ab4-0fa24bd8958e,Z0053X3Z,2026-08-20T00:00:00Z,admin,2026-08-20T00:00:00Z,admin
7a6e71ea-7be8-4c5f-9295-53a907994010,690fb15d-6322-4879-9ab4-0fa24bd8958e,Z004Z8HY,2026-08-20T00:00:00Z,admin,2026-08-20T00:00:00Z,admin
7b48591e-235d-4535-af92-70dc55330fff,690fb15d-6322-4879-9ab4-0fa24bd8958e,Z00366PH,2026-08-20T00:00:00Z,admin,2026-08-20T00:00:00Z,admin
af8b4d66-2c9a-457b-beed-a577c14a1284,690fb15d-6322-4879-9ab4-0fa24bd8958e,Z002M9XR,2026-08-20T00:00:00Z,admin,2026-08-20T00:00:00Z,admin
2e39c008-fb9c-4b97-957a-ea03571b835a,690fb15d-6322-4879-9ab4-0fa24bd8958e,Z0059DWT,2026-08-20T00:00:00Z,admin,2026-08-20T00:00:00Z,admin
8baaad7f-3b8d-4cd2-b8d2-5f4bd3f88503,690fb15d-6322-4879-9ab4-0fa24bd8958e,Z005989N,2026-08-20T00:00:00Z,admin,2026-08-20T00:00:00Z,admin
c2704361-21bb-4047-8f9b-59ee73066cae,690fb15d-6322-4879-9ab4-0fa24bd8958e,Z0059DYC,2026-08-20T00:00:00Z,admin,2026-08-20T00:00:00Z,admin
bdac8c0f-d558-42b8-b71f-4c2eeff5984f,690fb15d-6322-4879-9ab4-0fa24bd8958e,Z0047WTV,2026-08-20T00:00:00Z,admin,2026-08-20T00:00:00Z,admin
8a023ee5-bcc3-44ae-b094-f042d63136ac,c9a7df84-2a9e-43fe-b8e0-8784212d9b59,Z004TAMU,2026-08-20T00:00:00Z,admin,2026-08-20T00:00:00Z,admin
d98ec57a-d01c-4aa8-8d4e-828187a7ad83,c9a7df84-2a9e-43fe-b8e0-8784212d9b59,Z00531DY,2026-08-20T00:00:00Z,admin,2026-08-20T00:00:00Z,admin
91dfc404-aef9-47db-99e9-df27e995f927,c9a7df84-2a9e-43fe-b8e0-8784212d9b59,Z004XVAC,2026-08-20T00:00:00Z,admin,2026-08-20T00:00:00Z,admin
5006cded-2ef4-4d69-bd46-2e15a36fabd4,c9a7df84-2a9e-43fe-b8e0-8784212d9b59,Z0052TYP,2026-08-20T00:00:00Z,admin,2026-08-20T00:00:00Z,admin
aa6432f2-736f-4efb-be84-842ac1c47217,c9a7df84-2a9e-43fe-b8e0-8784212d9b59,Z002Z66N,2026-08-20T00:00:00Z,admin,2026-08-20T00:00:00Z,admin
01cf6168-a283-471a-bba1-e0b2dd7a9aae,c9a7df84-2a9e-43fe-b8e0-8784212d9b59,Z004YK1R,2026-08-20T00:00:00Z,admin,2026-08-20T00:00:00Z,admin
1b90cf13-2672-44eb-9908-aeecdcb3bf52,c9a7df84-2a9e-43fe-b8e0-8784212d9b59,Z004Z7ZE,2026-08-20T00:00:00Z,admin,2026-08-20T00:00:00Z,admin
5f474b03-f9b5-4cbd-9168-76ce9acfc8e6,c9a7df84-2a9e-43fe-b8e0-8784212d9b59,Z0054KNE,2026-08-20T00:00:00Z,admin,2026-08-20T00:00:00Z,admin
b6a8fa8e-c456-4083-8fdd-72b37244b68a,c9a7df84-2a9e-43fe-b8e0-8784212d9b59,Z0028XMJ,2026-08-20T00:00:00Z,admin,2026-08-20T00:00:00Z,admin
1e031ec3-e135-46da-9017-85c779699010,c9a7df84-2a9e-43fe-b8e0-8784212d9b59,Z004FUJT,2026-08-20T00:00:00Z,admin,2026-08-20T00:00:00Z,admin
60d9ee7e-4ad9-4a63-a3d1-4907f01082b4,c9a7df84-2a9e-43fe-b8e0-8784212d9b59,Z001WYDU,2026-08-20T00:00:00Z,admin,2026-08-20T00:00:00Z,admin
5279b6c9-0dca-4f73-ab2e-a47da29ef5a5,c9a7df84-2a9e-43fe-b8e0-8784212d9b59,Z0014WKT,2026-08-20T00:00:00Z,admin,2026-08-20T00:00:00Z,admin
451a67cb-f694-4185-ae99-1f29ac36a7b9,c9a7df84-2a9e-43fe-b8e0-8784212d9b59,Z0039MYX,2026-08-20T00:00:00Z,admin,2026-08-20T00:00:00Z,admin
83e7a285-e37b-487a-9deb-5caa6e84c020,c9a7df84-2a9e-43fe-b8e0-8784212d9b59,Z0051EJU,2026-08-20T00:00:00Z,admin,2026-08-20T00:00:00Z,admin
aaeb5205-d71a-4cec-86cc-8bedb7b2def0,c9a7df84-2a9e-43fe-b8e0-8784212d9b59,Z003RN6R,2026-08-20T00:00:00Z,admin,2026-08-20T00:00:00Z,admin
77030e39-7502-4461-923a-86040b86dc92,c9a7df84-2a9e-43fe-b8e0-8784212d9b59,Z0046D7W,2026-08-20T00:00:00Z,admin,2026-08-20T00:00:00Z,admin
371e0de2-9c61-499d-b675-ec7793642b63,c9a7df84-2a9e-43fe-b8e0-8784212d9b59,Z000268E,2026-08-20T00:00:00Z,admin,2026-08-20T00:00:00Z,admin
41495ae4-6069-499b-bad2-b6a12aa53566,c9a7df84-2a9e-43fe-b8e0-8784212d9b59,Z002JB9N,2026-08-20T00:00:00Z,admin,2026-08-20T00:00:00Z,admin
d7fb31e8-0af4-4014-bafb-c54966f47f85,c9a7df84-2a9e-43fe-b8e0-8784212d9b59,Z002ZJEH,2026-08-20T00:00:00Z,admin,2026-08-20T00:00:00Z,admin
1813c065-b199-4a4d-b038-941f1820cc6b,c9a7df84-2a9e-43fe-b8e0-8784212d9b59,Z0033TXK,2026-08-20T00:00:00Z,admin,2026-08-20T00:00:00Z,admin
221055ce-029a-4b78-8f76-16be398ade2e,c9a7df84-2a9e-43fe-b8e0-8784212d9b59,Z0037XDV,2026-08-20T00:00:00Z,admin,2026-08-20T00:00:00Z,admin
ccc8a72b-f7d8-41f1-a4c4-3d6aca7f198c,c9a7df84-2a9e-43fe-b8e0-8784212d9b59,Z0030F0C,2026-08-20T00:00:00Z,admin,2026-08-20T00:00:00Z,admin
bf303a91-f395-4628-af96-be953c747512,c9a7df84-2a9e-43fe-b8e0-8784212d9b59,Z0049ETY,2026-08-20T00:00:00Z,admin,2026-08-20T00:00:00Z,admin
a35039cf-d286-441c-a005-d9a2fd5d78b8,c9a7df84-2a9e-43fe-b8e0-8784212d9b59,Z00531ED,2026-08-20T00:00:00Z,admin,2026-08-20T00:00:00Z,admin
2a9519e9-2a62-4fe2-981b-48072e6862c7,c9a7df84-2a9e-43fe-b8e0-8784212d9b59,Z00578UN,2026-08-20T00:00:00Z,admin,2026-08-20T00:00:00Z,admin
8099af86-c0d8-49c4-8000-dc39bb319742,c9a7df84-2a9e-43fe-b8e0-8784212d9b59,Z0022MPU,2026-08-20T00:00:00Z,admin,2026-08-20T00:00:00Z,admin
e208ba84-3190-4b99-9c83-76969d69a144,c9a7df84-2a9e-43fe-b8e0-8784212d9b59,Z00360RB,2026-08-20T00:00:00Z,admin,2026-08-20T00:00:00Z,admin
9ac2b95d-fb54-44df-b3d3-98f8f16d9415,c9a7df84-2a9e-43fe-b8e0-8784212d9b59,Z00580YJ,2026-08-20T00:00:00Z,admin,2026-08-20T00:00:00Z,admin
799542b0-3ff8-4dfe-9808-9d4ddd671f51,c9a7df84-2a9e-43fe-b8e0-8784212d9b59,Z004XVAB,2026-08-20T00:00:00Z,admin,2026-08-20T00:00:00Z,admin
cb4f6e6f-ef9a-4e29-b386-1a52ceb437ab,c9a7df84-2a9e-43fe-b8e0-8784212d9b59,Z00503ZF,2026-08-20T00:00:00Z,admin,2026-08-20T00:00:00Z,admin
e9e4c1b4-90bd-4f45-bf06-ef3cb5f285f7,c9a7df84-2a9e-43fe-b8e0-8784212d9b59,Z0053X3Z,2026-08-20T00:00:00Z,admin,2026-08-20T00:00:00Z,admin
340c0881-2989-4983-9b94-17d25957b127,c9a7df84-2a9e-43fe-b8e0-8784212d9b59,Z004Z8HY,2026-08-20T00:00:00Z,admin,2026-08-20T00:00:00Z,admin
4f53fbb7-2fba-4bc3-9ffa-639a75179a57,c9a7df84-2a9e-43fe-b8e0-8784212d9b59,Z00366PH,2026-08-20T00:00:00Z,admin,2026-08-20T00:00:00Z,admin
6a52a33f-a05d-4b0f-817d-5d4e3155f5e6,c9a7df84-2a9e-43fe-b8e0-8784212d9b59,Z002M9XR,2026-08-20T00:00:00Z,admin,2026-08-20T00:00:00Z,admin
ee4b0735-80c1-42b0-853b-a5007065de8e,c9a7df84-2a9e-43fe-b8e0-8784212d9b59,Z0059DWT,2026-08-20T00:00:00Z,admin,2026-08-20T00:00:00Z,admin
3f971aa5-2b6f-47eb-aa2c-71bb4249d355,c9a7df84-2a9e-43fe-b8e0-8784212d9b59,Z005989N,2026-08-20T00:00:00Z,admin,2026-08-20T00:00:00Z,admin
8d273002-bda1-44ee-938e-8648c75decf0,c9a7df84-2a9e-43fe-b8e0-8784212d9b59,Z0059DYC,2026-08-20T00:00:00Z,admin,2026-08-20T00:00:00Z,admin
8c2641a5-cb60-4f12-974a-b2df50563899,c9a7df84-2a9e-43fe-b8e0-8784212d9b59,Z0047WTV,2026-08-20T00:00:00Z,admin,2026-08-20T00:00:00Z,admin
911b0e39-24c0-4f2a-814a-1c8d3aff69f3,c9a7df84-2a9e-43fe-b8e0-8784212d9b59,Z0041UVN,2026-08-20T00:00:00Z,admin,2026-08-20T00:00:00Z,admin
8510af80-9508-4628-9710-ecdb18f78bae,c9a7df84-2a9e-43fe-b8e0-8784212d9b59,Z004E9UK,2026-08-20T00:00:00Z,admin,2026-08-20T00:00:00Z,admin
646495d1-dd3d-4212-9319-a5a1f919a8d9,c9a7df84-2a9e-43fe-b8e0-8784212d9b59,Z004NM6Y,2026-08-20T00:00:00Z,admin,2026-08-20T00:00:00Z,admin
d736d0d7-b211-45cc-b091-ae6d728d1e3c,ef217e64-98c6-47a2-983d-e477b94406c8,Z004TAMU,2026-08-20T00:00:00Z,admin,2026-08-20T00:00:00Z,admin
48f69553-f9f4-41e9-9265-17b319a723ad,ef217e64-98c6-47a2-983d-e477b94406c8,Z00531DY,2026-08-20T00:00:00Z,admin,2026-08-20T00:00:00Z,admin
cb44ddd9-1e9c-4302-9ff4-8658bfb7f46d,ef217e64-98c6-47a2-983d-e477b94406c8,Z004XVAC,2026-08-20T00:00:00Z,admin,2026-08-20T00:00:00Z,admin
74705048-6a9d-4c1e-a53b-ec72468ff321,ef217e64-98c6-47a2-983d-e477b94406c8,Z0052TYP,2026-08-20T00:00:00Z,admin,2026-08-20T00:00:00Z,admin
4b13d593-1253-4034-a076-9c755ee276be,ef217e64-98c6-47a2-983d-e477b94406c8,Z002Z66N,2026-08-20T00:00:00Z,admin,2026-08-20T00:00:00Z,admin
8e0c33bf-20d5-491d-a365-aca149961a92,ef217e64-98c6-47a2-983d-e477b94406c8,Z004YK1R,2026-08-20T00:00:00Z,admin,2026-08-20T00:00:00Z,admin
7db67966-7924-45e2-b22e-a6cfb085adfb,ef217e64-98c6-47a2-983d-e477b94406c8,Z004Z7ZE,2026-08-20T00:00:00Z,admin,2026-08-20T00:00:00Z,admin
b0bf6ebd-8328-40bb-b3f6-2c71e21d10ea,ef217e64-98c6-47a2-983d-e477b94406c8,Z0054KNE,2026-08-20T00:00:00Z,admin,2026-08-20T00:00:00Z,admin
cdaaadb6-e525-490c-a784-2023102cb417,ef217e64-98c6-47a2-983d-e477b94406c8,Z0028XMJ,2026-08-20T00:00:00Z,admin,2026-08-20T00:00:00Z,admin
90487963-7add-49e6-a7db-de22455ca26b,ef217e64-98c6-47a2-983d-e477b94406c8,Z004FUJT,2026-08-20T00:00:00Z,admin,2026-08-20T00:00:00Z,admin
9790a355-c81e-4763-8c35-790451e710da,ef217e64-98c6-47a2-983d-e477b94406c8,Z001WYDU,2026-08-20T00:00:00Z,admin,2026-08-20T00:00:00Z,admin
9b1b353f-2260-43cf-8ab4-8c6bcea9125b,ef217e64-98c6-47a2-983d-e477b94406c8,Z0014WKT,2026-08-20T00:00:00Z,admin,2026-08-20T00:00:00Z,admin
970e0875-1f87-4d8f-8db2-b2c4481be617,ef217e64-98c6-47a2-983d-e477b94406c8,Z0039MYX,2026-08-20T00:00:00Z,admin,2026-08-20T00:00:00Z,admin
6c93c8ff-08c1-42e9-bb4e-6d4d667e9b3a,ef217e64-98c6-47a2-983d-e477b94406c8,Z0051EJU,2026-08-20T00:00:00Z,admin,2026-08-20T00:00:00Z,admin
fdbb8f4c-5f35-4e32-9a2f-53d1f290e631,ef217e64-98c6-47a2-983d-e477b94406c8,Z003RN6R,2026-08-20T00:00:00Z,admin,2026-08-20T00:00:00Z,admin
3349acc0-d1cf-4778-8f64-7bda3542809b,ef217e64-98c6-47a2-983d-e477b94406c8,Z0046D7W,2026-08-20T00:00:00Z,admin,2026-08-20T00:00:00Z,admin
212b1f04-800c-436e-948f-f88b57cff2f3,ef217e64-98c6-47a2-983d-e477b94406c8,Z000268E,2026-08-20T00:00:00Z,admin,2026-08-20T00:00:00Z,admin
97f70747-a7c0-4f00-936a-5748e6b057bf,ef217e64-98c6-47a2-983d-e477b94406c8,Z002JB9N,2026-08-20T00:00:00Z,admin,2026-08-20T00:00:00Z,admin
5f421646-e25b-4dec-8fed-e772916db05f,ef217e64-98c6-47a2-983d-e477b94406c8,Z002ZJEH,2026-08-20T00:00:00Z,admin,2026-08-20T00:00:00Z,admin
a31d64be-ee4d-4a86-8479-9115a0593dd7,ef217e64-98c6-47a2-983d-e477b94406c8,Z0033TXK,2026-08-20T00:00:00Z,admin,2026-08-20T00:00:00Z,admin
6f0c11a7-07d2-452d-a76c-11f1f509c832,ef217e64-98c6-47a2-983d-e477b94406c8,Z0037XDV,2026-08-20T00:00:00Z,admin,2026-08-20T00:00:00Z,admin
6c5b10b9-83a7-4f96-a73b-b6429cd4196c,ef217e64-98c6-47a2-983d-e477b94406c8,Z0030F0C,2026-08-20T00:00:00Z,admin,2026-08-20T00:00:00Z,admin
a47c3cc4-848d-45c9-ba98-4d036eced6c6,ef217e64-98c6-47a2-983d-e477b94406c8,Z0049ETY,2026-08-20T00:00:00Z,admin,2026-08-20T00:00:00Z,admin
780fdf3f-2351-486f-9525-c4fb15a8909e,ef217e64-98c6-47a2-983d-e477b94406c8,Z00531ED,2026-08-20T00:00:00Z,admin,2026-08-20T00:00:00Z,admin
a9aa2672-a800-44f0-847c-dd74b46caa4a,ef217e64-98c6-47a2-983d-e477b94406c8,Z00578UN,2026-08-20T00:00:00Z,admin,2026-08-20T00:00:00Z,admin
a609a4e2-5e50-4774-a54c-31f0979d2afe,ef217e64-98c6-47a2-983d-e477b94406c8,Z0022MPU,2026-08-20T00:00:00Z,admin,2026-08-20T00:00:00Z,admin
e08d4847-071d-4182-8ad2-8b7d6080e8ac,ef217e64-98c6-47a2-983d-e477b94406c8,Z00360RB,2026-08-20T00:00:00Z,admin,2026-08-20T00:00:00Z,admin
b9588272-f985-4e6f-a76c-f88d305ad9be,ef217e64-98c6-47a2-983d-e477b94406c8,Z00580YJ,2026-08-20T00:00:00Z,admin,2026-08-20T00:00:00Z,admin
48c5a4ff-24b7-44a9-9337-f1d20d832c54,ef217e64-98c6-47a2-983d-e477b94406c8,Z004XVAB,2026-08-20T00:00:00Z,admin,2026-08-20T00:00:00Z,admin
234ef890-cb29-46bf-b61a-ee5bf716d8e9,ef217e64-98c6-47a2-983d-e477b94406c8,Z00503ZF,2026-08-20T00:00:00Z,admin,2026-08-20T00:00:00Z,admin
8aba057b-2562-40ec-b6db-166f77f1b16a,ef217e64-98c6-47a2-983d-e477b94406c8,Z0053X3Z,2026-08-20T00:00:00Z,admin,2026-08-20T00:00:00Z,admin
9fed83b8-4363-472a-b708-e94196711bee,ef217e64-98c6-47a2-983d-e477b94406c8,Z004Z8HY,2026-08-20T00:00:00Z,admin,2026-08-20T00:00:00Z,admin
2fa6d4d2-17e1-4e57-ba96-d189e3200cec,ef217e64-98c6-47a2-983d-e477b94406c8,Z00366PH,2026-08-20T00:00:00Z,admin,2026-08-20T00:00:00Z,admin
7cc7fcf2-463b-48ae-bc2e-641c384c7a70,ef217e64-98c6-47a2-983d-e477b94406c8,Z002M9XR,2026-08-20T00:00:00Z,admin,2026-08-20T00:00:00Z,admin
a5835d85-45b0-4b92-9526-0f952fc4e2a5,ef217e64-98c6-47a2-983d-e477b94406c8,Z0059DWT,2026-08-20T00:00:00Z,admin,2026-08-20T00:00:00Z,admin
98780502-ca19-4932-9396-217e117df2b4,ef217e64-98c6-47a2-983d-e477b94406c8,Z005989N,2026-08-20T00:00:00Z,admin,2026-08-20T00:00:00Z,admin
f6925c15-e39e-4a43-ba86-6db35a2493b5,ef217e64-98c6-47a2-983d-e477b94406c8,Z0059DYC,2026-08-20T00:00:00Z,admin,2026-08-20T00:00:00Z,admin
66b5811d-1d96-4af7-8f1c-f264c30b482b,ef217e64-98c6-47a2-983d-e477b94406c8,Z0047WTV,2026-08-20T00:00:00Z,admin,2026-08-20T00:00:00Z,admin
ab80aead-b0d0-472a-9ee4-3e80f8bd20b3,ef217e64-98c6-47a2-983d-e477b94406c8,Z0041UVN,2026-08-20T00:00:00Z,admin,2026-08-20T00:00:00Z,admin
2ad6199a-94d4-421b-9860-b1af39106eea,ef217e64-98c6-47a2-983d-e477b94406c8,Z004E9UK,2026-08-20T00:00:00Z,admin,2026-08-20T00:00:00Z,admin
958b7744-bb6f-41b6-b40c-1b56edc3220a,ef217e64-98c6-47a2-983d-e477b94406c8,Z004NM6Y,2026-08-20T00:00:00Z,admin,2026-08-20T00:00:00Z,admin
9d60ca1e-05ce-47a7-a2ea-4fbd55bd3aff,c1403128-0c45-4926-83f6-f320145a70b4,Z004TAMU,2026-08-20T00:00:00Z,admin,2026-08-20T00:00:00Z,admin
03de1aa5-0f32-4d74-bba7-3fde06c185ef,c1403128-0c45-4926-83f6-f320145a70b4,Z00531DY,2026-08-20T00:00:00Z,admin,2026-08-20T00:00:00Z,admin
99cb26a8-a099-4c02-8191-ecef1543368e,c1403128-0c45-4926-83f6-f320145a70b4,Z004XVAC,2026-08-20T00:00:00Z,admin,2026-08-20T00:00:00Z,admin
429f4752-f259-415a-86b0-e890d6adead5,c1403128-0c45-4926-83f6-f320145a70b4,Z0052TYP,2026-08-20T00:00:00Z,admin,2026-08-20T00:00:00Z,admin
9c6f9fad-5c7c-466f-a5ad-62fe1659d902,c1403128-0c45-4926-83f6-f320145a70b4,Z002Z66N,2026-08-20T00:00:00Z,admin,2026-08-20T00:00:00Z,admin
019b9307-78f7-4a8e-966d-51a2a8a4d5e5,c1403128-0c45-4926-83f6-f320145a70b4,Z004YK1R,2026-08-20T00:00:00Z,admin,2026-08-20T00:00:00Z,admin
a57ac3d6-72c7-4829-9b7c-a21b9cb28462,c1403128-0c45-4926-83f6-f320145a70b4,Z004Z7ZE,2026-08-20T00:00:00Z,admin,2026-08-20T00:00:00Z,admin
11a63f98-504a-4363-a490-5c1189dde0f8,c1403128-0c45-4926-83f6-f320145a70b4,Z0054KNE,2026-08-20T00:00:00Z,admin,2026-08-20T00:00:00Z,admin
59b42142-b520-454b-b744-3d5369767971,c1403128-0c45-4926-83f6-f320145a70b4,Z0028XMJ,2026-08-20T00:00:00Z,admin,2026-08-20T00:00:00Z,admin
39d596cc-86aa-4877-b960-b4d502e3b0c2,c1403128-0c45-4926-83f6-f320145a70b4,Z004FUJT,2026-08-20T00:00:00Z,admin,2026-08-20T00:00:00Z,admin
72d2502e-a2d3-4336-8c48-7121d56005a2,c1403128-0c45-4926-83f6-f320145a70b4,Z001WYDU,2026-08-20T00:00:00Z,admin,2026-08-20T00:00:00Z,admin
17db3f0f-169c-4b8b-8404-0792ac42ea1e,c1403128-0c45-4926-83f6-f320145a70b4,Z0014WKT,2026-08-20T00:00:00Z,admin,2026-08-20T00:00:00Z,admin
169c533f-a205-4378-b72a-ab7bfeb9bce8,c1403128-0c45-4926-83f6-f320145a70b4,Z0039MYX,2026-08-20T00:00:00Z,admin,2026-08-20T00:00:00Z,admin
d64283e1-3e17-4269-9bf8-9c7f34827b0a,c1403128-0c45-4926-83f6-f320145a70b4,Z0051EJU,2026-08-20T00:00:00Z,admin,2026-08-20T00:00:00Z,admin
ce237f28-9976-4ed1-bcd1-24683224edf7,c1403128-0c45-4926-83f6-f320145a70b4,Z003RN6R,2026-08-20T00:00:00Z,admin,2026-08-20T00:00:00Z,admin
d0c1b6e2-15ca-4b54-9293-5c89e33cfbed,c1403128-0c45-4926-83f6-f320145a70b4,Z0046D7W,2026-08-20T00:00:00Z,admin,2026-08-20T00:00:00Z,admin
9c543495-4e26-4845-961c-0a3a0d923d47,c1403128-0c45-4926-83f6-f320145a70b4,Z000268E,2026-08-20T00:00:00Z,admin,2026-08-20T00:00:00Z,admin
5dd91c12-c388-4764-9650-b345a07f9c65,c1403128-0c45-4926-83f6-f320145a70b4,Z002JB9N,2026-08-20T00:00:00Z,admin,2026-08-20T00:00:00Z,admin
ceda5895-e279-4d00-b33a-f9f5dee3a1e5,c1403128-0c45-4926-83f6-f320145a70b4,Z002ZJEH,2026-08-20T00:00:00Z,admin,2026-08-20T00:00:00Z,admin
4d77c22a-9c74-41c3-8e50-0a0c593cc8a2,c1403128-0c45-4926-83f6-f320145a70b4,Z0033TXK,2026-08-20T00:00:00Z,admin,2026-08-20T00:00:00Z,admin
3a7ef326-98f9-40d0-88d1-27c599088726,c1403128-0c45-4926-83f6-f320145a70b4,Z0037XDV,2026-08-20T00:00:00Z,admin,2026-08-20T00:00:00Z,admin
91261d1c-ad4b-468b-a29f-52869c32f28d,c1403128-0c45-4926-83f6-f320145a70b4,Z0030F0C,2026-08-20T00:00:00Z,admin,2026-08-20T00:00:00Z,admin
193e83c8-2379-4540-9275-3a33aa9b0ab3,c1403128-0c45-4926-83f6-f320145a70b4,Z0049ETY,2026-08-20T00:00:00Z,admin,2026-08-20T00:00:00Z,admin
8558a845-fbdf-4966-b388-6cc045c545cb,c1403128-0c45-4926-83f6-f320145a70b4,Z00531ED,2026-08-20T00:00:00Z,admin,2026-08-20T00:00:00Z,admin
3134b4fb-3f18-4309-af57-02d7ece561f3,c1403128-0c45-4926-83f6-f320145a70b4,Z00578UN,2026-08-20T00:00:00Z,admin,2026-08-20T00:00:00Z,admin
41e01046-9b2d-4319-aa9d-295e91c824a4,c1403128-0c45-4926-83f6-f320145a70b4,Z0022MPU,2026-08-20T00:00:00Z,admin,2026-08-20T00:00:00Z,admin
cef6583f-e7dd-4db6-8bdb-508e2ca8753e,c1403128-0c45-4926-83f6-f320145a70b4,Z00360RB,2026-08-20T00:00:00Z,admin,2026-08-20T00:00:00Z,admin
97668bfb-fa8a-44cd-b853-0f7b6020f437,c1403128-0c45-4926-83f6-f320145a70b4,Z00580YJ,2026-08-20T00:00:00Z,admin,2026-08-20T00:00:00Z,admin
ad9b4c75-5ae8-4af0-bf7b-0f360364e3d6,c1403128-0c45-4926-83f6-f320145a70b4,Z004XVAB,2026-08-20T00:00:00Z,admin,2026-08-20T00:00:00Z,admin
6cd149c4-6198-4ea1-9717-468e9aadd41a,c1403128-0c45-4926-83f6-f320145a70b4,Z00503ZF,2026-08-20T00:00:00Z,admin,2026-08-20T00:00:00Z,admin
05a0e9f5-483f-4c52-9a7d-5473eae905b5,c1403128-0c45-4926-83f6-f320145a70b4,Z0053X3Z,2026-08-20T00:00:00Z,admin,2026-08-20T00:00:00Z,admin
fe7b4965-5d39-4968-8e6f-07f23b668e13,c1403128-0c45-4926-83f6-f320145a70b4,Z004Z8HY,2026-08-20T00:00:00Z,admin,2026-08-20T00:00:00Z,admin
384f2ba2-69f3-4b4e-9a13-f2522e18ef18,c1403128-0c45-4926-83f6-f320145a70b4,Z00366PH,2026-08-20T00:00:00Z,admin,2026-08-20T00:00:00Z,admin
143a8ecc-2580-4be5-889a-4c6deda64d4e,c1403128-0c45-4926-83f6-f320145a70b4,Z002M9XR,2026-08-20T00:00:00Z,admin,2026-08-20T00:00:00Z,admin
70577be3-9056-44fe-a823-d0a08c7c7739,c1403128-0c45-4926-83f6-f320145a70b4,Z0059DWT,2026-08-20T00:00:00Z,admin,2026-08-20T00:00:00Z,admin
d694b398-7183-4df6-995f-b5d347daeae6,c1403128-0c45-4926-83f6-f320145a70b4,Z005989N,2026-08-20T00:00:00Z,admin,2026-08-20T00:00:00Z,admin
c5802085-2465-444e-a1bf-91af5d3cbd1e,c1403128-0c45-4926-83f6-f320145a70b4,Z0059DYC,2026-08-20T00:00:00Z,admin,2026-08-20T00:00:00Z,admin
ee59bc41-0069-4178-bdc9-187bdabe5738,c1403128-0c45-4926-83f6-f320145a70b4,Z0047WTV,2026-08-20T00:00:00Z,admin,2026-08-20T00:00:00Z,admin
1bb72e14-8dab-4188-9d60-c8ab6bc525a4,bcb3f70f-7767-4c8b-a748-a2b15c7e0cc9,Z004TAMU,2026-08-20T00:00:00Z,admin,2026-08-20T00:00:00Z,admin
06d0bac1-c1c3-4633-86b1-eda1699dee98,bcb3f70f-7767-4c8b-a748-a2b15c7e0cc9,Z00531DY,2026-08-20T00:00:00Z,admin,2026-08-20T00:00:00Z,admin
0c320a58-2fff-4fd5-8469-1d202551d4e3,bcb3f70f-7767-4c8b-a748-a2b15c7e0cc9,Z004XVAC,2026-08-20T00:00:00Z,admin,2026-08-20T00:00:00Z,admin
74e4a1bc-d1d7-414b-ae89-41cf337d8e0a,bcb3f70f-7767-4c8b-a748-a2b15c7e0cc9,Z0052TYP,2026-08-20T00:00:00Z,admin,2026-08-20T00:00:00Z,admin
f91bf5c4-6ef7-44d0-ad6f-e4b7fb0d6457,bcb3f70f-7767-4c8b-a748-a2b15c7e0cc9,Z002Z66N,2026-08-20T00:00:00Z,admin,2026-08-20T00:00:00Z,admin
14204145-c98d-43ff-adcf-3bbcff3abc78,bcb3f70f-7767-4c8b-a748-a2b15c7e0cc9,Z004YK1R,2026-08-20T00:00:00Z,admin,2026-08-20T00:00:00Z,admin
7c0580b2-ce2f-47ad-95ff-c6de8c4f0f3e,bcb3f70f-7767-4c8b-a748-a2b15c7e0cc9,Z004Z7ZE,2026-08-20T00:00:00Z,admin,2026-08-20T00:00:00Z,admin
d202aa0e-4c87-4eba-82cb-9fec18b0e2d3,bcb3f70f-7767-4c8b-a748-a2b15c7e0cc9,Z0054KNE,2026-08-20T00:00:00Z,admin,2026-08-20T00:00:00Z,admin
d1d55ff4-542a-4152-b1d9-979d60774faa,bcb3f70f-7767-4c8b-a748-a2b15c7e0cc9,Z0028XMJ,2026-08-20T00:00:00Z,admin,2026-08-20T00:00:00Z,admin
e41e4956-68fa-40be-a9a6-4e5f9d37d573,bcb3f70f-7767-4c8b-a748-a2b15c7e0cc9,Z004FUJT,2026-08-20T00:00:00Z,admin,2026-08-20T00:00:00Z,admin
567fd86b-20cd-4d55-86a0-cb11fc340403,bcb3f70f-7767-4c8b-a748-a2b15c7e0cc9,Z001WYDU,2026-08-20T00:00:00Z,admin,2026-08-20T00:00:00Z,admin
8ed6afea-96f3-4bca-aed0-343a7652b3ec,bcb3f70f-7767-4c8b-a748-a2b15c7e0cc9,Z0014WKT,2026-08-20T00:00:00Z,admin,2026-08-20T00:00:00Z,admin
e712430f-0d54-49fd-8444-48e99c4ee7c7,bcb3f70f-7767-4c8b-a748-a2b15c7e0cc9,Z0039MYX,2026-08-20T00:00:00Z,admin,2026-08-20T00:00:00Z,admin
09964016-f7c8-4154-965c-46e8ad209dd0,bcb3f70f-7767-4c8b-a748-a2b15c7e0cc9,Z0051EJU,2026-08-20T00:00:00Z,admin,2026-08-20T00:00:00Z,admin
6a5bf178-450b-4fc7-99de-6dbcb4d1a428,bcb3f70f-7767-4c8b-a748-a2b15c7e0cc9,Z003RN6R,2026-08-20T00:00:00Z,admin,2026-08-20T00:00:00Z,admin
decd9139-cc3a-4ba5-9e1b-983751c87eb0,bcb3f70f-7767-4c8b-a748-a2b15c7e0cc9,Z0046D7W,2026-08-20T00:00:00Z,admin,2026-08-20T00:00:00Z,admin
c32653f0-16fa-4047-b484-a547accf2783,bcb3f70f-7767-4c8b-a748-a2b15c7e0cc9,Z000268E,2026-08-20T00:00:00Z,admin,2026-08-20T00:00:00Z,admin
ec42185c-7877-4f3f-a7f6-0443df8dfdef,bcb3f70f-7767-4c8b-a748-a2b15c7e0cc9,Z002JB9N,2026-08-20T00:00:00Z,admin,2026-08-20T00:00:00Z,admin
1f76d35d-741b-48fb-a2dc-2339ecaeb478,bcb3f70f-7767-4c8b-a748-a2b15c7e0cc9,Z002ZJEH,2026-08-20T00:00:00Z,admin,2026-08-20T00:00:00Z,admin
d52338d8-f7ac-4660-91ec-0b8496d377a5,bcb3f70f-7767-4c8b-a748-a2b15c7e0cc9,Z0033TXK,2026-08-20T00:00:00Z,admin,2026-08-20T00:00:00Z,admin
ad2a9ac0-0e36-4dfd-a388-2017d1249c2c,bcb3f70f-7767-4c8b-a748-a2b15c7e0cc9,Z0037XDV,2026-08-20T00:00:00Z,admin,2026-08-20T00:00:00Z,admin
6f1bdb28-a810-41c7-973f-2aab67b060fd,bcb3f70f-7767-4c8b-a748-a2b15c7e0cc9,Z0030F0C,2026-08-20T00:00:00Z,admin,2026-08-20T00:00:00Z,admin
2ebfe3eb-9af2-4129-8096-2c3cef264c57,bcb3f70f-7767-4c8b-a748-a2b15c7e0cc9,Z0049ETY,2026-08-20T00:00:00Z,admin,2026-08-20T00:00:00Z,admin
7e7903e2-3c04-44a6-91dd-b5eb1757dc8e,bcb3f70f-7767-4c8b-a748-a2b15c7e0cc9,Z00531ED,2026-08-20T00:00:00Z,admin,2026-08-20T00:00:00Z,admin
7142f467-2e9b-4206-a527-07d1b6aebf1b,bcb3f70f-7767-4c8b-a748-a2b15c7e0cc9,Z00578UN,2026-08-20T00:00:00Z,admin,2026-08-20T00:00:00Z,admin
863a2512-c320-4bd4-9d53-6dc2d06ad19e,bcb3f70f-7767-4c8b-a748-a2b15c7e0cc9,Z0022MPU,2026-08-20T00:00:00Z,admin,2026-08-20T00:00:00Z,admin
8b2aca4e-fbe6-4326-8cf0-0a78d7a68397,bcb3f70f-7767-4c8b-a748-a2b15c7e0cc9,Z00360RB,2026-08-20T00:00:00Z,admin,2026-08-20T00:00:00Z,admin
674cb10e-eccd-4b87-bd31-a7aa8767a19b,bcb3f70f-7767-4c8b-a748-a2b15c7e0cc9,Z00580YJ,2026-08-20T00:00:00Z,admin,2026-08-20T00:00:00Z,admin
29b9aaa9-bd6d-45e1-aabb-0a246755c021,bcb3f70f-7767-4c8b-a748-a2b15c7e0cc9,Z004XVAB,2026-08-20T00:00:00Z,admin,2026-08-20T00:00:00Z,admin
ea061f2e-6d6f-42ef-b3c3-9fdb8d38e9e9,bcb3f70f-7767-4c8b-a748-a2b15c7e0cc9,Z00503ZF,2026-08-20T00:00:00Z,admin,2026-08-20T00:00:00Z,admin
8841480d-bd22-49f6-95e5-758248805167,bcb3f70f-7767-4c8b-a748-a2b15c7e0cc9,Z0053X3Z,2026-08-20T00:00:00Z,admin,2026-08-20T00:00:00Z,admin
7ba10790-3984-4d2a-85b9-3476db40b674,bcb3f70f-7767-4c8b-a748-a2b15c7e0cc9,Z004Z8HY,2026-08-20T00:00:00Z,admin,2026-08-20T00:00:00Z,admin
d2a3b5aa-d301-489a-9dd6-c0b1b31a30c9,bcb3f70f-7767-4c8b-a748-a2b15c7e0cc9,Z00366PH,2026-08-20T00:00:00Z,admin,2026-08-20T00:00:00Z,admin
1bdfb4c3-00b5-4612-a08f-34e6471199d5,bcb3f70f-7767-4c8b-a748-a2b15c7e0cc9,Z002M9XR,2026-08-20T00:00:00Z,admin,2026-08-20T00:00:00Z,admin
ad818774-ed27-4a48-a820-030f3bc406dc,bcb3f70f-7767-4c8b-a748-a2b15c7e0cc9,Z0059DWT,2026-08-20T00:00:00Z,admin,2026-08-20T00:00:00Z,admin
ba7ea268-a60b-4ffe-8953-050b4b4140ff,bcb3f70f-7767-4c8b-a748-a2b15c7e0cc9,Z005989N,2026-08-20T00:00:00Z,admin,2026-08-20T00:00:00Z,admin
94027eee-8a06-427f-93b1-b6212a8265f5,bcb3f70f-7767-4c8b-a748-a2b15c7e0cc9,Z0059DYC,2026-08-20T00:00:00Z,admin,2026-08-20T00:00:00Z,admin
6bf02a6d-e711-4266-b32f-41d96ec8f9d9,bcb3f70f-7767-4c8b-a748-a2b15c7e0cc9,Z0047WTV,2026-08-20T00:00:00Z,admin,2026-08-20T00:00:00Z,admin
8f86d714-22e2-4e57-af0a-8f474f641f6d,bcb3f70f-7767-4c8b-a748-a2b15c7e0cc9,Z0037DAN,2026-08-20T00:00:00Z,admin,2026-08-20T00:00:00Z,admin
181fb795-2efd-4de3-a84b-0015372a1fdf,bcb3f70f-7767-4c8b-a748-a2b15c7e0cc9,Z003RZ6P,2026-08-20T00:00:00Z,admin,2026-08-20T00:00:00Z,admin
537edf15-2fce-483e-bd61-fa4d093a3035,a3508506-2866-4c17-be54-7a8161be29a2,Z004TAMU,2026-08-20T00:00:00Z,admin,2026-08-20T00:00:00Z,admin
8fad7ee8-7054-4f9d-bc89-5df3102ec4bf,a3508506-2866-4c17-be54-7a8161be29a2,Z00531DY,2026-08-20T00:00:00Z,admin,2026-08-20T00:00:00Z,admin
a611ec6d-400e-49b0-9bf2-fc0b9ace9cd3,a3508506-2866-4c17-be54-7a8161be29a2,Z004XVAC,2026-08-20T00:00:00Z,admin,2026-08-20T00:00:00Z,admin
fe670a52-003c-4402-b978-de892177b08e,a3508506-2866-4c17-be54-7a8161be29a2,Z0052TYP,2026-08-20T00:00:00Z,admin,2026-08-20T00:00:00Z,admin
20c3f02c-cc9a-4703-9daa-5b4a081f5673,a3508506-2866-4c17-be54-7a8161be29a2,Z002Z66N,2026-08-20T00:00:00Z,admin,2026-08-20T00:00:00Z,admin
4d325d8f-df5c-4e02-bdc7-817d94eb636b,a3508506-2866-4c17-be54-7a8161be29a2,Z004YK1R,2026-08-20T00:00:00Z,admin,2026-08-20T00:00:00Z,admin
99bbe64d-4a84-402d-9721-e18c6098e521,a3508506-2866-4c17-be54-7a8161be29a2,Z004Z7ZE,2026-08-20T00:00:00Z,admin,2026-08-20T00:00:00Z,admin
d25125ad-210b-4d41-8425-50c87a81a435,a3508506-2866-4c17-be54-7a8161be29a2,Z0054KNE,2026-08-20T00:00:00Z,admin,2026-08-20T00:00:00Z,admin
f0192086-8680-495c-86fe-236d321ba67a,a3508506-2866-4c17-be54-7a8161be29a2,Z0028XMJ,2026-08-20T00:00:00Z,admin,2026-08-20T00:00:00Z,admin
0515e5ea-0339-454b-a4d7-0e7c44e6c804,a3508506-2866-4c17-be54-7a8161be29a2,Z004FUJT,2026-08-20T00:00:00Z,admin,2026-08-20T00:00:00Z,admin
97ea6a54-ab7b-4d2b-b9a7-e94e126a2b06,a3508506-2866-4c17-be54-7a8161be29a2,Z001WYDU,2026-08-20T00:00:00Z,admin,2026-08-20T00:00:00Z,admin
a8e917c3-9d64-485a-9733-fa10510e2e3f,a3508506-2866-4c17-be54-7a8161be29a2,Z0014WKT,2026-08-20T00:00:00Z,admin,2026-08-20T00:00:00Z,admin
591bd0df-c52d-4248-a414-7a4c2553c4bf,a3508506-2866-4c17-be54-7a8161be29a2,Z0039MYX,2026-08-20T00:00:00Z,admin,2026-08-20T00:00:00Z,admin
b593a051-a26a-4be0-834e-4c97f0232625,a3508506-2866-4c17-be54-7a8161be29a2,Z0051EJU,2026-08-20T00:00:00Z,admin,2026-08-20T00:00:00Z,admin
9fc0533f-e8b3-4425-b058-fd2b2ffdeeb2,a3508506-2866-4c17-be54-7a8161be29a2,Z003RN6R,2026-08-20T00:00:00Z,admin,2026-08-20T00:00:00Z,admin
33b8501c-94cf-4f5d-9ef4-d6dd8b8f6c97,a3508506-2866-4c17-be54-7a8161be29a2,Z0046D7W,2026-08-20T00:00:00Z,admin,2026-08-20T00:00:00Z,admin
3172caa0-ec50-4277-be9f-3caa63a50c4e,a3508506-2866-4c17-be54-7a8161be29a2,Z000268E,2026-08-20T00:00:00Z,admin,2026-08-20T00:00:00Z,admin
e257665a-5597-4669-b114-f5ac025a2861,a3508506-2866-4c17-be54-7a8161be29a2,Z002JB9N,2026-08-20T00:00:00Z,admin,2026-08-20T00:00:00Z,admin
f77c800b-5577-40ab-a984-47801f0f72a0,a3508506-2866-4c17-be54-7a8161be29a2,Z002ZJEH,2026-08-20T00:00:00Z,admin,2026-08-20T00:00:00Z,admin
84847b9e-2de4-4fa2-8843-e3faa48273c2,a3508506-2866-4c17-be54-7a8161be29a2,Z0033TXK,2026-08-20T00:00:00Z,admin,2026-08-20T00:00:00Z,admin
d2e1d135-4992-4839-9c34-4dae1d8bbce1,a3508506-2866-4c17-be54-7a8161be29a2,Z0037XDV,2026-08-20T00:00:00Z,admin,2026-08-20T00:00:00Z,admin
fa70dd72-84e9-4ff0-890b-9c19ce281210,a3508506-2866-4c17-be54-7a8161be29a2,Z0030F0C,2026-08-20T00:00:00Z,admin,2026-08-20T00:00:00Z,admin
c3f866bb-80c5-4d92-b8b7-a0899315a41d,a3508506-2866-4c17-be54-7a8161be29a2,Z0049ETY,2026-08-20T00:00:00Z,admin,2026-08-20T00:00:00Z,admin
cf4c6137-4f65-417d-b5e2-3e8857202572,a3508506-2866-4c17-be54-7a8161be29a2,Z00531ED,2026-08-20T00:00:00Z,admin,2026-08-20T00:00:00Z,admin
2fc5ec23-5327-4ea4-964b-47b07fe20816,a3508506-2866-4c17-be54-7a8161be29a2,Z00578UN,2026-08-20T00:00:00Z,admin,2026-08-20T00:00:00Z,admin
7e6daa52-56b2-4046-8197-cef75dff8078,a3508506-2866-4c17-be54-7a8161be29a2,Z0022MPU,2026-08-20T00:00:00Z,admin,2026-08-20T00:00:00Z,admin
fe1208e8-3b34-47ca-ae02-d1a2907a69a4,a3508506-2866-4c17-be54-7a8161be29a2,Z00360RB,2026-08-20T00:00:00Z,admin,2026-08-20T00:00:00Z,admin
b0f381e2-0da5-4cbd-832a-9cc8001c80e8,a3508506-2866-4c17-be54-7a8161be29a2,Z00580YJ,2026-08-20T00:00:00Z,admin,2026-08-20T00:00:00Z,admin
673ccef5-76c9-4b0c-8448-12dd6d3f3a00,a3508506-2866-4c17-be54-7a8161be29a2,Z004XVAB,2026-08-20T00:00:00Z,admin,2026-08-20T00:00:00Z,admin
e1f24c93-f9e0-4477-b116-0c0432bc15d4,a3508506-2866-4c17-be54-7a8161be29a2,Z00503ZF,2026-08-20T00:00:00Z,admin,2026-08-20T00:00:00Z,admin
e4ebacbf-8c43-4272-a5b0-4209c8f8715a,a3508506-2866-4c17-be54-7a8161be29a2,Z0053X3Z,2026-08-20T00:00:00Z,admin,2026-08-20T00:00:00Z,admin
947b3c9e-88f1-4cce-92c4-0eecad06c6de,a3508506-2866-4c17-be54-7a8161be29a2,Z004Z8HY,2026-08-20T00:00:00Z,admin,2026-08-20T00:00:00Z,admin
0266f5c8-6c68-42a0-8a6d-2e766951a0d9,a3508506-2866-4c17-be54-7a8161be29a2,Z00366PH,2026-08-20T00:00:00Z,admin,2026-08-20T00:00:00Z,admin
492740e0-b914-4c0f-aba7-edcec154c0ac,a3508506-2866-4c17-be54-7a8161be29a2,Z002M9XR,2026-08-20T00:00:00Z,admin,2026-08-20T00:00:00Z,admin
2583a86d-477b-4c5c-99b5-c3b0b2bcb38b,a3508506-2866-4c17-be54-7a8161be29a2,Z0059DWT,2026-08-20T00:00:00Z,admin,2026-08-20T00:00:00Z,admin
d7097063-3141-440f-a156-1451569ff1f5,a3508506-2866-4c17-be54-7a8161be29a2,Z005989N,2026-08-20T00:00:00Z,admin,2026-08-20T00:00:00Z,admin
696d6034-4e83-4e62-8f19-1b3a4c83748c,a3508506-2866-4c17-be54-7a8161be29a2,Z0059DYC,2026-08-20T00:00:00Z,admin,2026-08-20T00:00:00Z,admin
41569968-54d6-4250-bf9c-821a82ed3d6e,a3508506-2866-4c17-be54-7a8161be29a2,Z0047WTV,2026-08-20T00:00:00Z,admin,2026-08-20T00:00:00Z,admin
f8dba992-14a2-4ba8-9d96-896f5864345e,a3508506-2866-4c17-be54-7a8161be29a2,Z0037DAN,2026-08-20T00:00:00Z,admin,2026-08-20T00:00:00Z,admin
7e223c89-8513-4f2f-b96c-46d2ac5d68a6,a3508506-2866-4c17-be54-7a8161be29a2,Z003RZ6P,2026-08-20T00:00:00Z,admin,2026-08-20T00:00:00Z,admin
bc70381d-03e3-4191-92bd-edf152f857b4,8170f9ca-9798-4a59-8b53-9dfb379eacde,Z004TAMU,2026-08-20T00:00:00Z,admin,2026-08-20T00:00:00Z,admin
9d0583ab-b756-436b-87c8-943bc3cbcf08,8170f9ca-9798-4a59-8b53-9dfb379eacde,Z00531DY,2026-08-20T00:00:00Z,admin,2026-08-20T00:00:00Z,admin
032fe2ba-63d1-42dc-966a-2afb2534d25f,8170f9ca-9798-4a59-8b53-9dfb379eacde,Z004XVAC,2026-08-20T00:00:00Z,admin,2026-08-20T00:00:00Z,admin
2341712d-e7bd-48e9-ab18-aa6470e0a3c8,8170f9ca-9798-4a59-8b53-9dfb379eacde,Z0052TYP,2026-08-20T00:00:00Z,admin,2026-08-20T00:00:00Z,admin
cb3be510-dc22-487a-b10e-17b0dc6a71a6,8170f9ca-9798-4a59-8b53-9dfb379eacde,Z002Z66N,2026-08-20T00:00:00Z,admin,2026-08-20T00:00:00Z,admin
2fd77e14-a600-4259-97d5-1f0e692a3743,8170f9ca-9798-4a59-8b53-9dfb379eacde,Z004YK1R,2026-08-20T00:00:00Z,admin,2026-08-20T00:00:00Z,admin
ffd83422-47c1-40ba-a9d0-7d9f28446ca2,8170f9ca-9798-4a59-8b53-9dfb379eacde,Z004Z7ZE,2026-08-20T00:00:00Z,admin,2026-08-20T00:00:00Z,admin
1992d66b-9f6d-40f7-9c40-7f010814a309,8170f9ca-9798-4a59-8b53-9dfb379eacde,Z0054KNE,2026-08-20T00:00:00Z,admin,2026-08-20T00:00:00Z,admin
f8dc52fd-f203-46f5-90cc-756b5ed981e0,8170f9ca-9798-4a59-8b53-9dfb379eacde,Z0028XMJ,2026-08-20T00:00:00Z,admin,2026-08-20T00:00:00Z,admin
a9491868-647e-483d-96a2-93476abc3497,8170f9ca-9798-4a59-8b53-9dfb379eacde,Z004FUJT,2026-08-20T00:00:00Z,admin,2026-08-20T00:00:00Z,admin
449b5d65-b006-4d93-979c-0ea9ff642b87,8170f9ca-9798-4a59-8b53-9dfb379eacde,Z001WYDU,2026-08-20T00:00:00Z,admin,2026-08-20T00:00:00Z,admin
a7d7713b-bbd5-46a1-8e4a-2d93edab50fc,8170f9ca-9798-4a59-8b53-9dfb379eacde,Z0014WKT,2026-08-20T00:00:00Z,admin,2026-08-20T00:00:00Z,admin
3b2b3526-1a2e-4582-9b45-eb83e25ebeeb,8170f9ca-9798-4a59-8b53-9dfb379eacde,Z0039MYX,2026-08-20T00:00:00Z,admin,2026-08-20T00:00:00Z,admin
3e98195f-836a-46cc-bc39-a9317b9a7d9c,8170f9ca-9798-4a59-8b53-9dfb379eacde,Z0051EJU,2026-08-20T00:00:00Z,admin,2026-08-20T00:00:00Z,admin
67a6c81f-5def-4dad-aeb1-f6f4840a7df0,8170f9ca-9798-4a59-8b53-9dfb379eacde,Z003RN6R,2026-08-20T00:00:00Z,admin,2026-08-20T00:00:00Z,admin
ab03f461-447c-422a-b9bc-73efbcd1b896,8170f9ca-9798-4a59-8b53-9dfb379eacde,Z0046D7W,2026-08-20T00:00:00Z,admin,2026-08-20T00:00:00Z,admin
96ae82a6-ba0a-4185-a615-238c6f670cd1,8170f9ca-9798-4a59-8b53-9dfb379eacde,Z000268E,2026-08-20T00:00:00Z,admin,2026-08-20T00:00:00Z,admin
328cf611-8c98-448b-a1d1-4eaa8b63a0c3,8170f9ca-9798-4a59-8b53-9dfb379eacde,Z002JB9N,2026-08-20T00:00:00Z,admin,2026-08-20T00:00:00Z,admin
848960f7-bd3c-4ae9-b754-43714cc7974d,8170f9ca-9798-4a59-8b53-9dfb379eacde,Z002ZJEH,2026-08-20T00:00:00Z,admin,2026-08-20T00:00:00Z,admin
b058aff9-716e-4003-a4f9-540f9f47cb9f,8170f9ca-9798-4a59-8b53-9dfb379eacde,Z0033TXK,2026-08-20T00:00:00Z,admin,2026-08-20T00:00:00Z,admin
94dd49f3-af98-4a98-b7f5-ff4e1184eacf,8170f9ca-9798-4a59-8b53-9dfb379eacde,Z0037XDV,2026-08-20T00:00:00Z,admin,2026-08-20T00:00:00Z,admin
c3ab50a9-84a1-40bb-94a6-d4a1dc930b1d,8170f9ca-9798-4a59-8b53-9dfb379eacde,Z0030F0C,2026-08-20T00:00:00Z,admin,2026-08-20T00:00:00Z,admin
c24253db-4095-473a-8cf9-af899db7b73d,8170f9ca-9798-4a59-8b53-9dfb379eacde,Z0049ETY,2026-08-20T00:00:00Z,admin,2026-08-20T00:00:00Z,admin
b581de9f-2dcb-4419-8897-5313d98b786c,8170f9ca-9798-4a59-8b53-9dfb379eacde,Z00531ED,2026-08-20T00:00:00Z,admin,2026-08-20T00:00:00Z,admin
d87cf3ac-28db-4620-9ce9-553c8818a96a,8170f9ca-9798-4a59-8b53-9dfb379eacde,Z00578UN,2026-08-20T00:00:00Z,admin,2026-08-20T00:00:00Z,admin
ece55f8f-ece3-42d3-aef8-5c807ffa64a1,8170f9ca-9798-4a59-8b53-9dfb379eacde,Z0022MPU,2026-08-20T00:00:00Z,admin,2026-08-20T00:00:00Z,admin
2e557284-8ae6-4785-b0d2-5277c3f1696d,8170f9ca-9798-4a59-8b53-9dfb379eacde,Z00360RB,2026-08-20T00:00:00Z,admin,2026-08-20T00:00:00Z,admin
bd1ffc06-5f5b-49b6-afb7-7e5b8e21b142,8170f9ca-9798-4a59-8b53-9dfb379eacde,Z00580YJ,2026-08-20T00:00:00Z,admin,2026-08-20T00:00:00Z,admin
745a08bc-2327-496c-9afe-13a345ee4510,8170f9ca-9798-4a59-8b53-9dfb379eacde,Z004XVAB,2026-08-20T00:00:00Z,admin,2026-08-20T00:00:00Z,admin
515d55b8-9ba8-4854-80e3-24f2ab8e246e,8170f9ca-9798-4a59-8b53-9dfb379eacde,Z00503ZF,2026-08-20T00:00:00Z,admin,2026-08-20T00:00:00Z,admin
04cd0427-5372-4818-873c-de3ea2c0c715,8170f9ca-9798-4a59-8b53-9dfb379eacde,Z0053X3Z,2026-08-20T00:00:00Z,admin,2026-08-20T00:00:00Z,admin
bdbff436-d9c4-4542-a014-12b3c5a17378,8170f9ca-9798-4a59-8b53-9dfb379eacde,Z004Z8HY,2026-08-20T00:00:00Z,admin,2026-08-20T00:00:00Z,admin
53717073-008a-4cd2-9315-71bf82b848e5,8170f9ca-9798-4a59-8b53-9dfb379eacde,Z00366PH,2026-08-20T00:00:00Z,admin,2026-08-20T00:00:00Z,admin
a0b92cd0-e827-4b9a-87de-5405ccbde735,8170f9ca-9798-4a59-8b53-9dfb379eacde,Z002M9XR,2026-08-20T00:00:00Z,admin,2026-08-20T00:00:00Z,admin
42355243-a7c5-47f0-ae98-7f840b94fdac,8170f9ca-9798-4a59-8b53-9dfb379eacde,Z0059DWT,2026-08-20T00:00:00Z,admin,2026-08-20T00:00:00Z,admin
2ed6a3be-8def-466d-a03a-2871b93fb48c,8170f9ca-9798-4a59-8b53-9dfb379eacde,Z005989N,2026-08-20T00:00:00Z,admin,2026-08-20T00:00:00Z,admin
aa2f019a-23de-4417-8aec-e9a7327c0e7c,8170f9ca-9798-4a59-8b53-9dfb379eacde,Z0059DYC,2026-08-20T00:00:00Z,admin,2026-08-20T00:00:00Z,admin
a5cc0001-3e7b-4bf6-a8fa-7c2a9eb0d3fa,8170f9ca-9798-4a59-8b53-9dfb379eacde,Z0047WTV,2026-08-20T00:00:00Z,admin,2026-08-20T00:00:00Z,admin
35dd95e7-80a8-4cbe-90d2-a73413573b3f,bba0d74f-0e3d-45e2-abd4-f227793efa06,Z004TAMU,2026-08-20T00:00:00Z,admin,2026-08-20T00:00:00Z,admin
38abaae9-9ca6-4766-b24d-25db66926347,bba0d74f-0e3d-45e2-abd4-f227793efa06,Z00531DY,2026-08-20T00:00:00Z,admin,2026-08-20T00:00:00Z,admin
01f5aec5-6974-4c7c-8075-e8d622d94406,bba0d74f-0e3d-45e2-abd4-f227793efa06,Z004XVAC,2026-08-20T00:00:00Z,admin,2026-08-20T00:00:00Z,admin
4ef1f4e0-3d10-4028-8b2b-1971938f0cdc,bba0d74f-0e3d-45e2-abd4-f227793efa06,Z0052TYP,2026-08-20T00:00:00Z,admin,2026-08-20T00:00:00Z,admin
2cf5787d-833d-434c-b086-42bc9aeece15,bba0d74f-0e3d-45e2-abd4-f227793efa06,Z002Z66N,2026-08-20T00:00:00Z,admin,2026-08-20T00:00:00Z,admin
2e8f8bed-dcb6-481b-a7ad-8a2a8de74a54,bba0d74f-0e3d-45e2-abd4-f227793efa06,Z004YK1R,2026-08-20T00:00:00Z,admin,2026-08-20T00:00:00Z,admin
4a3a88e5-73c0-4f51-bee1-aeba10c204d0,bba0d74f-0e3d-45e2-abd4-f227793efa06,Z004Z7ZE,2026-08-20T00:00:00Z,admin,2026-08-20T00:00:00Z,admin
9b33cc06-b059-4f51-be61-135bc5ada6d2,bba0d74f-0e3d-45e2-abd4-f227793efa06,Z0054KNE,2026-08-20T00:00:00Z,admin,2026-08-20T00:00:00Z,admin
9df835f6-a154-4056-a0f2-390d095de759,bba0d74f-0e3d-45e2-abd4-f227793efa06,Z0028XMJ,2026-08-20T00:00:00Z,admin,2026-08-20T00:00:00Z,admin
7c134ff7-46c3-423e-b190-6ee6c1edec52,bba0d74f-0e3d-45e2-abd4-f227793efa06,Z004FUJT,2026-08-20T00:00:00Z,admin,2026-08-20T00:00:00Z,admin
eb265089-6670-4abc-8a05-c86ca925654f,bba0d74f-0e3d-45e2-abd4-f227793efa06,Z001WYDU,2026-08-20T00:00:00Z,admin,2026-08-20T00:00:00Z,admin
8acad318-5067-4aed-92d2-eb1ad921659c,bba0d74f-0e3d-45e2-abd4-f227793efa06,Z0014WKT,2026-08-20T00:00:00Z,admin,2026-08-20T00:00:00Z,admin
eb47ea9e-c817-47c6-9eda-99fd0e386186,bba0d74f-0e3d-45e2-abd4-f227793efa06,Z0039MYX,2026-08-20T00:00:00Z,admin,2026-08-20T00:00:00Z,admin
0021982e-741d-4c54-a2a5-d925d0f4e2f2,bba0d74f-0e3d-45e2-abd4-f227793efa06,Z0051EJU,2026-08-20T00:00:00Z,admin,2026-08-20T00:00:00Z,admin
474a3b5a-3ba2-433c-ac81-2a0bcb16fe63,bba0d74f-0e3d-45e2-abd4-f227793efa06,Z003RN6R,2026-08-20T00:00:00Z,admin,2026-08-20T00:00:00Z,admin
d0d76086-94b1-443e-969d-fbed32dcdd73,bba0d74f-0e3d-45e2-abd4-f227793efa06,Z0046D7W,2026-08-20T00:00:00Z,admin,2026-08-20T00:00:00Z,admin
bde59c65-0477-4342-8e84-c78d7d1609a1,bba0d74f-0e3d-45e2-abd4-f227793efa06,Z000268E,2026-08-20T00:00:00Z,admin,2026-08-20T00:00:00Z,admin
78742660-3c19-486c-bc10-6fe2430b88ed,bba0d74f-0e3d-45e2-abd4-f227793efa06,Z002JB9N,2026-08-20T00:00:00Z,admin,2026-08-20T00:00:00Z,admin
a0ef85a1-1a3e-4f08-8b8a-4cec5bd31aad,bba0d74f-0e3d-45e2-abd4-f227793efa06,Z002ZJEH,2026-08-20T00:00:00Z,admin,2026-08-20T00:00:00Z,admin
374a8476-71e0-435e-9cc4-fc1a8731908f,bba0d74f-0e3d-45e2-abd4-f227793efa06,Z0033TXK,2026-08-20T00:00:00Z,admin,2026-08-20T00:00:00Z,admin
277e67a1-4eed-48ce-930c-351429d7c3a3,bba0d74f-0e3d-45e2-abd4-f227793efa06,Z0037XDV,2026-08-20T00:00:00Z,admin,2026-08-20T00:00:00Z,admin
57b516ed-8af2-4c8d-8854-76f61cbad21d,bba0d74f-0e3d-45e2-abd4-f227793efa06,Z0030F0C,2026-08-20T00:00:00Z,admin,2026-08-20T00:00:00Z,admin
c2b6621a-1ea8-4773-9a06-624fd95903bd,bba0d74f-0e3d-45e2-abd4-f227793efa06,Z0049ETY,2026-08-20T00:00:00Z,admin,2026-08-20T00:00:00Z,admin
35be19bc-aae5-4f6c-b55f-1b576b2dbbc3,bba0d74f-0e3d-45e2-abd4-f227793efa06,Z00531ED,2026-08-20T00:00:00Z,admin,2026-08-20T00:00:00Z,admin
88261fc3-bcaa-4446-a791-2c5ba04271be,bba0d74f-0e3d-45e2-abd4-f227793efa06,Z00578UN,2026-08-20T00:00:00Z,admin,2026-08-20T00:00:00Z,admin
399bba70-8141-4f6e-972d-cee27824be7d,bba0d74f-0e3d-45e2-abd4-f227793efa06,Z0022MPU,2026-08-20T00:00:00Z,admin,2026-08-20T00:00:00Z,admin
0d60bc92-c559-47ee-b17a-daadcf9c6745,bba0d74f-0e3d-45e2-abd4-f227793efa06,Z00360RB,2026-08-20T00:00:00Z,admin,2026-08-20T00:00:00Z,admin
5d43a6bc-ac6a-4628-b2f4-2cc50554afc6,bba0d74f-0e3d-45e2-abd4-f227793efa06,Z00580YJ,2026-08-20T00:00:00Z,admin,2026-08-20T00:00:00Z,admin
33f13c9b-3069-4fea-846f-bbd9e856dca4,bba0d74f-0e3d-45e2-abd4-f227793efa06,Z004XVAB,2026-08-20T00:00:00Z,admin,2026-08-20T00:00:00Z,admin
01b39654-6903-49bf-9c84-e78101074fc8,bba0d74f-0e3d-45e2-abd4-f227793efa06,Z00503ZF,2026-08-20T00:00:00Z,admin,2026-08-20T00:00:00Z,admin
7e6447e3-3347-47ff-90d8-9390e0860b3d,bba0d74f-0e3d-45e2-abd4-f227793efa06,Z0053X3Z,2026-08-20T00:00:00Z,admin,2026-08-20T00:00:00Z,admin
54784d09-f6b9-429d-adf0-c84abb728471,bba0d74f-0e3d-45e2-abd4-f227793efa06,Z004Z8HY,2026-08-20T00:00:00Z,admin,2026-08-20T00:00:00Z,admin
e288365f-103f-467b-b4e7-a12cda4ea54c,bba0d74f-0e3d-45e2-abd4-f227793efa06,Z00366PH,2026-08-20T00:00:00Z,admin,2026-08-20T00:00:00Z,admin
7d2eb128-08cb-49b9-9f9b-7e19c76f021a,bba0d74f-0e3d-45e2-abd4-f227793efa06,Z002M9XR,2026-08-20T00:00:00Z,admin,2026-08-20T00:00:00Z,admin
43c5dee4-5974-4f63-9a61-27c91414f6aa,bba0d74f-0e3d-45e2-abd4-f227793efa06,Z0059DWT,2026-08-20T00:00:00Z,admin,2026-08-20T00:00:00Z,admin
3d1eb539-a5ed-4252-867e-6a8de04d3664,bba0d74f-0e3d-45e2-abd4-f227793efa06,Z005989N,2026-08-20T00:00:00Z,admin,2026-08-20T00:00:00Z,admin
aac1cb66-32f8-4bda-856f-b7e23d1a500a,bba0d74f-0e3d-45e2-abd4-f227793efa06,Z0059DYC,2026-08-20T00:00:00Z,admin,2026-08-20T00:00:00Z,admin
4c59ab31-a9bb-4648-87fb-b9ffd601cb91,bba0d74f-0e3d-45e2-abd4-f227793efa06,Z0047WTV,2026-08-20T00:00:00Z,admin,2026-08-20T00:00:00Z,admin
845c415f-cbaf-4c0a-8a65-e0968277f12f,bba0d74f-0e3d-45e2-abd4-f227793efa06,Z0041UVN,2026-08-20T00:00:00Z,admin,2026-08-20T00:00:00Z,admin
f2bac770-b8a0-4b40-8fa6-ea8f3b2d37cc,bba0d74f-0e3d-45e2-abd4-f227793efa06,Z004E9UK,2026-08-20T00:00:00Z,admin,2026-08-20T00:00:00Z,admin
a441c0b2-0d32-496e-b52d-89b2c8bbae31,bba0d74f-0e3d-45e2-abd4-f227793efa06,Z004NM6Y,2026-08-20T00:00:00Z,admin,2026-08-20T00:00:00Z,admin
0fce81f7-2b96-40bc-aec4-8b05fc0358e0,8f6d7eb0-727a-45e2-b02c-0b8d1617d792,Z004TAMU,2026-08-20T00:00:00Z,admin,2026-08-20T00:00:00Z,admin
0de340f3-dc68-4333-922b-4799594b37e3,8f6d7eb0-727a-45e2-b02c-0b8d1617d792,Z00531DY,2026-08-20T00:00:00Z,admin,2026-08-20T00:00:00Z,admin
000dc482-82e3-4a87-a4a6-c7bf6162575f,8f6d7eb0-727a-45e2-b02c-0b8d1617d792,Z004XVAC,2026-08-20T00:00:00Z,admin,2026-08-20T00:00:00Z,admin
c9121893-0676-47df-81a9-b36bd633ee6c,8f6d7eb0-727a-45e2-b02c-0b8d1617d792,Z0052TYP,2026-08-20T00:00:00Z,admin,2026-08-20T00:00:00Z,admin
c2060d78-9b13-4f12-be35-aac630c75bd3,8f6d7eb0-727a-45e2-b02c-0b8d1617d792,Z002Z66N,2026-08-20T00:00:00Z,admin,2026-08-20T00:00:00Z,admin
c5da4e70-bcb5-453a-8a42-32102a96e2f1,8f6d7eb0-727a-45e2-b02c-0b8d1617d792,Z004YK1R,2026-08-20T00:00:00Z,admin,2026-08-20T00:00:00Z,admin
a073bbba-b7fe-4aeb-ab1e-d3fe97a1f2f9,8f6d7eb0-727a-45e2-b02c-0b8d1617d792,Z004Z7ZE,2026-08-20T00:00:00Z,admin,2026-08-20T00:00:00Z,admin
d5b32d35-345d-4c4d-90db-56aca3b2a81b,8f6d7eb0-727a-45e2-b02c-0b8d1617d792,Z0054KNE,2026-08-20T00:00:00Z,admin,2026-08-20T00:00:00Z,admin
1336b7b3-3e46-4443-8f75-fdeed761f5ea,8f6d7eb0-727a-45e2-b02c-0b8d1617d792,Z0028XMJ,2026-08-20T00:00:00Z,admin,2026-08-20T00:00:00Z,admin
a10a586a-05cd-42c5-bc4c-0aba9b7d630b,8f6d7eb0-727a-45e2-b02c-0b8d1617d792,Z004FUJT,2026-08-20T00:00:00Z,admin,2026-08-20T00:00:00Z,admin
4932c06f-1ae0-4310-aa1d-e0160879ada0,8f6d7eb0-727a-45e2-b02c-0b8d1617d792,Z001WYDU,2026-08-20T00:00:00Z,admin,2026-08-20T00:00:00Z,admin
99730732-4fb3-4562-af9f-a85a73178fda,8f6d7eb0-727a-45e2-b02c-0b8d1617d792,Z0014WKT,2026-08-20T00:00:00Z,admin,2026-08-20T00:00:00Z,admin
c3558f9d-fdd4-4c66-bc4a-da2f79f6abc2,8f6d7eb0-727a-45e2-b02c-0b8d1617d792,Z0039MYX,2026-08-20T00:00:00Z,admin,2026-08-20T00:00:00Z,admin
0a17dbe4-41cf-490c-a8ef-99fef8d1131d,8f6d7eb0-727a-45e2-b02c-0b8d1617d792,Z0051EJU,2026-08-20T00:00:00Z,admin,2026-08-20T00:00:00Z,admin
3b78eb3c-bc89-48ea-a730-d90607581096,8f6d7eb0-727a-45e2-b02c-0b8d1617d792,Z003RN6R,2026-08-20T00:00:00Z,admin,2026-08-20T00:00:00Z,admin
8315b6b7-006e-4a7c-91bd-6a482e2fcee1,8f6d7eb0-727a-45e2-b02c-0b8d1617d792,Z0046D7W,2026-08-20T00:00:00Z,admin,2026-08-20T00:00:00Z,admin
52f648be-7dfb-470e-be58-da85b9e53f62,8f6d7eb0-727a-45e2-b02c-0b8d1617d792,Z000268E,2026-08-20T00:00:00Z,admin,2026-08-20T00:00:00Z,admin
b7140ba7-184f-4db4-ba10-150d39ae1a46,8f6d7eb0-727a-45e2-b02c-0b8d1617d792,Z002JB9N,2026-08-20T00:00:00Z,admin,2026-08-20T00:00:00Z,admin
3898e339-ed84-46e5-b3d1-2a6a9fb491e8,8f6d7eb0-727a-45e2-b02c-0b8d1617d792,Z002ZJEH,2026-08-20T00:00:00Z,admin,2026-08-20T00:00:00Z,admin
c68c7529-e04e-4494-ae13-66fd998f1163,8f6d7eb0-727a-45e2-b02c-0b8d1617d792,Z0033TXK,2026-08-20T00:00:00Z,admin,2026-08-20T00:00:00Z,admin
1ed54ccc-cc09-4b00-ad26-0bf345946aea,8f6d7eb0-727a-45e2-b02c-0b8d1617d792,Z0037XDV,2026-08-20T00:00:00Z,admin,2026-08-20T00:00:00Z,admin
f94f5c73-ce17-4fd3-b7ad-3bca8dbd7e09,8f6d7eb0-727a-45e2-b02c-0b8d1617d792,Z0030F0C,2026-08-20T00:00:00Z,admin,2026-08-20T00:00:00Z,admin
4e0cfafe-6721-42be-a836-1ec11e94894c,8f6d7eb0-727a-45e2-b02c-0b8d1617d792,Z0049ETY,2026-08-20T00:00:00Z,admin,2026-08-20T00:00:00Z,admin
4d1cb9f9-fae6-40be-8b63-2ccf5fae1e22,8f6d7eb0-727a-45e2-b02c-0b8d1617d792,Z00531ED,2026-08-20T00:00:00Z,admin,2026-08-20T00:00:00Z,admin
b7892587-12a1-45dd-a951-3820378cf321,8f6d7eb0-727a-45e2-b02c-0b8d1617d792,Z00578UN,2026-08-20T00:00:00Z,admin,2026-08-20T00:00:00Z,admin
636a5ea6-ca2d-4eb1-b37d-c062dda32d51,8f6d7eb0-727a-45e2-b02c-0b8d1617d792,Z0022MPU,2026-08-20T00:00:00Z,admin,2026-08-20T00:00:00Z,admin
8efb7cb9-5399-4a81-a9bf-07cfbd808d5a,8f6d7eb0-727a-45e2-b02c-0b8d1617d792,Z00360RB,2026-08-20T00:00:00Z,admin,2026-08-20T00:00:00Z,admin
c8ef44b5-c8b3-46f8-add8-0327456d5ddd,8f6d7eb0-727a-45e2-b02c-0b8d1617d792,Z00580YJ,2026-08-20T00:00:00Z,admin,2026-08-20T00:00:00Z,admin
7aad3156-d5a7-44ff-b0a8-717e598b612a,8f6d7eb0-727a-45e2-b02c-0b8d1617d792,Z004XVAB,2026-08-20T00:00:00Z,admin,2026-08-20T00:00:00Z,admin
78d996b8-ff86-4dec-ad55-457c801faf40,8f6d7eb0-727a-45e2-b02c-0b8d1617d792,Z00503ZF,2026-08-20T00:00:00Z,admin,2026-08-20T00:00:00Z,admin
c42d9793-cd01-44a5-8ddd-6c851c5990e3,8f6d7eb0-727a-45e2-b02c-0b8d1617d792,Z0053X3Z,2026-08-20T00:00:00Z,admin,2026-08-20T00:00:00Z,admin
90358c87-7a8d-4eee-a760-25d4cd1300b0,8f6d7eb0-727a-45e2-b02c-0b8d1617d792,Z004Z8HY,2026-08-20T00:00:00Z,admin,2026-08-20T00:00:00Z,admin
253faaf6-6b75-4b2f-9a3b-97f1860874a5,8f6d7eb0-727a-45e2-b02c-0b8d1617d792,Z00366PH,2026-08-20T00:00:00Z,admin,2026-08-20T00:00:00Z,admin
aeb9ef80-2c49-4d90-a439-9da602ea6f8f,8f6d7eb0-727a-45e2-b02c-0b8d1617d792,Z002M9XR,2026-08-20T00:00:00Z,admin,2026-08-20T00:00:00Z,admin
5408fcd7-6a73-4745-b023-cbc2ec89d4a9,8f6d7eb0-727a-45e2-b02c-0b8d1617d792,Z0059DWT,2026-08-20T00:00:00Z,admin,2026-08-20T00:00:00Z,admin
9ade86d5-b27f-4891-95d4-45c69741683b,8f6d7eb0-727a-45e2-b02c-0b8d1617d792,Z005989N,2026-08-20T00:00:00Z,admin,2026-08-20T00:00:00Z,admin
6911affa-4e5c-465b-8460-64640a5d565f,8f6d7eb0-727a-45e2-b02c-0b8d1617d792,Z0059DYC,2026-08-20T00:00:00Z,admin,2026-08-20T00:00:00Z,admin
12a415ca-1ed8-46ac-9ae6-06d35b97a67c,8f6d7eb0-727a-45e2-b02c-0b8d1617d792,Z0047WTV,2026-08-20T00:00:00Z,admin,2026-08-20T00:00:00Z,admin
409ba584-036f-4f1a-aaaa-463a66961442,8f6d7eb0-727a-45e2-b02c-0b8d1617d792,Z0041UVN,2026-08-20T00:00:00Z,admin,2026-08-20T00:00:00Z,admin
40ea21f9-c24d-4110-83c6-76655eeeb67b,8f6d7eb0-727a-45e2-b02c-0b8d1617d792,Z004E9UK,2026-08-20T00:00:00Z,admin,2026-08-20T00:00:00Z,admin
79482242-85b8-4e28-a986-3324f851468b,8f6d7eb0-727a-45e2-b02c-0b8d1617d792,Z004NM6Y,2026-08-20T00:00:00Z,admin,2026-08-20T00:00:00Z,admin
3ea88cb1-bc3d-4818-81d0-a852ad020e3f,0616467f-319e-4857-b3de-169f81a5ac32,Z004TAMU,2026-08-20T00:00:00Z,admin,2026-08-20T00:00:00Z,admin
40bfcbfc-43f1-473b-87fa-87a3a169ee6f,0616467f-319e-4857-b3de-169f81a5ac32,Z00531DY,2026-08-20T00:00:00Z,admin,2026-08-20T00:00:00Z,admin
e936ee51-b542-47d5-aac7-7b92cf706521,0616467f-319e-4857-b3de-169f81a5ac32,Z004XVAC,2026-08-20T00:00:00Z,admin,2026-08-20T00:00:00Z,admin
e37e943d-4a99-4940-a534-a12ebaa5add5,0616467f-319e-4857-b3de-169f81a5ac32,Z0052TYP,2026-08-20T00:00:00Z,admin,2026-08-20T00:00:00Z,admin
28ffd773-17b5-433d-9207-33adf7114ef5,0616467f-319e-4857-b3de-169f81a5ac32,Z002Z66N,2026-08-20T00:00:00Z,admin,2026-08-20T00:00:00Z,admin
b6ae6ebd-1947-4c81-bdb8-1fe1f0edee91,0616467f-319e-4857-b3de-169f81a5ac32,Z004YK1R,2026-08-20T00:00:00Z,admin,2026-08-20T00:00:00Z,admin
bdf0b764-47fa-4811-83c1-4388b09217f1,0616467f-319e-4857-b3de-169f81a5ac32,Z004Z7ZE,2026-08-20T00:00:00Z,admin,2026-08-20T00:00:00Z,admin
78bb9051-67ff-4cd9-9ad9-25351412d9fc,0616467f-319e-4857-b3de-169f81a5ac32,Z0054KNE,2026-08-20T00:00:00Z,admin,2026-08-20T00:00:00Z,admin
fbfd2907-1e5d-48ee-bddb-23fb2f2774b2,0616467f-319e-4857-b3de-169f81a5ac32,Z0028XMJ,2026-08-20T00:00:00Z,admin,2026-08-20T00:00:00Z,admin
da6f5a18-c10c-4743-a494-d0f45d131024,0616467f-319e-4857-b3de-169f81a5ac32,Z004FUJT,2026-08-20T00:00:00Z,admin,2026-08-20T00:00:00Z,admin
2fc2c6c4-aecb-43ee-8810-58a880d5f0e2,0616467f-319e-4857-b3de-169f81a5ac32,Z001WYDU,2026-08-20T00:00:00Z,admin,2026-08-20T00:00:00Z,admin
0cba8ddb-46c2-4123-9cad-cda5dd564070,0616467f-319e-4857-b3de-169f81a5ac32,Z0014WKT,2026-08-20T00:00:00Z,admin,2026-08-20T00:00:00Z,admin
6cf427b1-e9c5-4e0d-a8f6-2f001e0fee8a,0616467f-319e-4857-b3de-169f81a5ac32,Z0039MYX,2026-08-20T00:00:00Z,admin,2026-08-20T00:00:00Z,admin
71a2bc59-3fa2-4320-ab41-4b579ea91ffd,0616467f-319e-4857-b3de-169f81a5ac32,Z0051EJU,2026-08-20T00:00:00Z,admin,2026-08-20T00:00:00Z,admin
8ee7a7aa-a53f-4826-baef-c1d4b7f36aa7,0616467f-319e-4857-b3de-169f81a5ac32,Z003RN6R,2026-08-20T00:00:00Z,admin,2026-08-20T00:00:00Z,admin
a10e3ff4-72ff-41d7-9611-f8308927ae37,0616467f-319e-4857-b3de-169f81a5ac32,Z0046D7W,2026-08-20T00:00:00Z,admin,2026-08-20T00:00:00Z,admin
d5b6b1aa-ec71-4bfd-893b-2fd48673451c,0616467f-319e-4857-b3de-169f81a5ac32,Z000268E,2026-08-20T00:00:00Z,admin,2026-08-20T00:00:00Z,admin
b0ee9196-9b55-4bca-9f37-d4bcafa40558,0616467f-319e-4857-b3de-169f81a5ac32,Z002JB9N,2026-08-20T00:00:00Z,admin,2026-08-20T00:00:00Z,admin
c35158f5-c21c-413e-bc3b-1ae3ae00f9d5,0616467f-319e-4857-b3de-169f81a5ac32,Z002ZJEH,2026-08-20T00:00:00Z,admin,2026-08-20T00:00:00Z,admin
f2104999-7b0b-4f82-b600-a7da0e05b970,0616467f-319e-4857-b3de-169f81a5ac32,Z0033TXK,2026-08-20T00:00:00Z,admin,2026-08-20T00:00:00Z,admin
450f950e-a765-4eec-9fe0-5ba731aa816c,0616467f-319e-4857-b3de-169f81a5ac32,Z0037XDV,2026-08-20T00:00:00Z,admin,2026-08-20T00:00:00Z,admin
63127573-d1d5-4f63-8c35-ea287b824771,0616467f-319e-4857-b3de-169f81a5ac32,Z0030F0C,2026-08-20T00:00:00Z,admin,2026-08-20T00:00:00Z,admin
35faad70-9e54-4570-9eb4-bb825937958a,0616467f-319e-4857-b3de-169f81a5ac32,Z0049ETY,2026-08-20T00:00:00Z,admin,2026-08-20T00:00:00Z,admin
6954acf6-2e22-4759-b885-0d9b538e474d,0616467f-319e-4857-b3de-169f81a5ac32,Z00531ED,2026-08-20T00:00:00Z,admin,2026-08-20T00:00:00Z,admin
5d4902e4-daf0-4665-a0e9-48587eaeb8fb,0616467f-319e-4857-b3de-169f81a5ac32,Z00578UN,2026-08-20T00:00:00Z,admin,2026-08-20T00:00:00Z,admin
538c08a3-37f0-4599-870f-e4bc08a38d6c,0616467f-319e-4857-b3de-169f81a5ac32,Z0022MPU,2026-08-20T00:00:00Z,admin,2026-08-20T00:00:00Z,admin
dc64c81e-ed63-4347-b7d4-a2570d753ed3,0616467f-319e-4857-b3de-169f81a5ac32,Z00360RB,2026-08-20T00:00:00Z,admin,2026-08-20T00:00:00Z,admin
72afd65d-d08b-46a9-bea9-5509b41a45e2,0616467f-319e-4857-b3de-169f81a5ac32,Z00580YJ,2026-08-20T00:00:00Z,admin,2026-08-20T00:00:00Z,admin
8aef167c-8901-4850-8a85-24ecede3b6af,0616467f-319e-4857-b3de-169f81a5ac32,Z004XVAB,2026-08-20T00:00:00Z,admin,2026-08-20T00:00:00Z,admin
b1278220-792d-4763-828c-ea28f8a4623b,0616467f-319e-4857-b3de-169f81a5ac32,Z00503ZF,2026-08-20T00:00:00Z,admin,2026-08-20T00:00:00Z,admin
52bf74ff-a17e-49fc-980f-c479c44a0947,0616467f-319e-4857-b3de-169f81a5ac32,Z0053X3Z,2026-08-20T00:00:00Z,admin,2026-08-20T00:00:00Z,admin
9a1a76a7-e6a7-4f8c-a9a6-17203e343ff3,0616467f-319e-4857-b3de-169f81a5ac32,Z004Z8HY,2026-08-20T00:00:00Z,admin,2026-08-20T00:00:00Z,admin
f4eb1d3e-673d-4a89-bd62-bcb125cf328f,0616467f-319e-4857-b3de-169f81a5ac32,Z00366PH,2026-08-20T00:00:00Z,admin,2026-08-20T00:00:00Z,admin
3cf02497-d776-4d25-97c1-f7b8ca59bb55,0616467f-319e-4857-b3de-169f81a5ac32,Z002M9XR,2026-08-20T00:00:00Z,admin,2026-08-20T00:00:00Z,admin
041fffd7-2d42-4321-b658-fb304249e83b,0616467f-319e-4857-b3de-169f81a5ac32,Z0059DWT,2026-08-20T00:00:00Z,admin,2026-08-20T00:00:00Z,admin
51ef5234-02d6-4f77-b587-8a1944180d49,0616467f-319e-4857-b3de-169f81a5ac32,Z005989N,2026-08-20T00:00:00Z,admin,2026-08-20T00:00:00Z,admin
5cdfd31f-443a-4e45-8184-54efe3b15eb2,0616467f-319e-4857-b3de-169f81a5ac32,Z0059DYC,2026-08-20T00:00:00Z,admin,2026-08-20T00:00:00Z,admin
5844bbf8-02bf-44d9-a58e-5cc15aaf87d5,0616467f-319e-4857-b3de-169f81a5ac32,Z0047WTV,2026-08-20T00:00:00Z,admin,2026-08-20T00:00:00Z,admin
029c5f5e-2c82-447b-afc2-a57ced501ad8,7c2eac42-b314-42a7-b190-4810f86dc58a,Z004TAMU,2026-08-20T00:00:00Z,admin,2026-08-20T00:00:00Z,admin
3e097fa5-0261-40ee-a940-49649563926e,7c2eac42-b314-42a7-b190-4810f86dc58a,Z00531DY,2026-08-20T00:00:00Z,admin,2026-08-20T00:00:00Z,admin
6e912f06-bb1f-4e12-a435-cb6263c53161,7c2eac42-b314-42a7-b190-4810f86dc58a,Z004XVAC,2026-08-20T00:00:00Z,admin,2026-08-20T00:00:00Z,admin
797d090e-be02-4908-bd7f-e698d2e13ef9,7c2eac42-b314-42a7-b190-4810f86dc58a,Z0052TYP,2026-08-20T00:00:00Z,admin,2026-08-20T00:00:00Z,admin
df3e2194-01bc-4fd1-8f13-9f94e7ac6cfc,7c2eac42-b314-42a7-b190-4810f86dc58a,Z002Z66N,2026-08-20T00:00:00Z,admin,2026-08-20T00:00:00Z,admin
01d4dc9e-c389-4864-aca4-a85d66e8d472,7c2eac42-b314-42a7-b190-4810f86dc58a,Z004YK1R,2026-08-20T00:00:00Z,admin,2026-08-20T00:00:00Z,admin
a5040de5-6369-48be-9830-fc43601a7775,7c2eac42-b314-42a7-b190-4810f86dc58a,Z004Z7ZE,2026-08-20T00:00:00Z,admin,2026-08-20T00:00:00Z,admin
cc047693-8fb3-4097-974a-f71c8e993f2e,7c2eac42-b314-42a7-b190-4810f86dc58a,Z0054KNE,2026-08-20T00:00:00Z,admin,2026-08-20T00:00:00Z,admin
4fad1229-4107-4771-bda1-7bb89e8a30d6,7c2eac42-b314-42a7-b190-4810f86dc58a,Z0028XMJ,2026-08-20T00:00:00Z,admin,2026-08-20T00:00:00Z,admin
87b82626-4834-4250-822f-2c712dace48f,7c2eac42-b314-42a7-b190-4810f86dc58a,Z004FUJT,2026-08-20T00:00:00Z,admin,2026-08-20T00:00:00Z,admin
e5625bb4-d41e-4133-8f0f-cf5d26684472,7c2eac42-b314-42a7-b190-4810f86dc58a,Z001WYDU,2026-08-20T00:00:00Z,admin,2026-08-20T00:00:00Z,admin
f85f801c-daa5-43e3-91d9-0b49cbbe977c,7c2eac42-b314-42a7-b190-4810f86dc58a,Z0014WKT,2026-08-20T00:00:00Z,admin,2026-08-20T00:00:00Z,admin
4631a638-3c5e-4d89-9545-3aafeef93e7f,7c2eac42-b314-42a7-b190-4810f86dc58a,Z0039MYX,2026-08-20T00:00:00Z,admin,2026-08-20T00:00:00Z,admin
61e99747-643a-4001-9fc8-7bd4f5da3921,7c2eac42-b314-42a7-b190-4810f86dc58a,Z0051EJU,2026-08-20T00:00:00Z,admin,2026-08-20T00:00:00Z,admin
e9b78c59-0811-474b-a3bc-44ad6518fd46,7c2eac42-b314-42a7-b190-4810f86dc58a,Z003RN6R,2026-08-20T00:00:00Z,admin,2026-08-20T00:00:00Z,admin
67c88a44-89ca-4553-8d84-23b92376daa7,7c2eac42-b314-42a7-b190-4810f86dc58a,Z0046D7W,2026-08-20T00:00:00Z,admin,2026-08-20T00:00:00Z,admin
5c05056c-f485-417e-9789-b04c595f9f8c,7c2eac42-b314-42a7-b190-4810f86dc58a,Z000268E,2026-08-20T00:00:00Z,admin,2026-08-20T00:00:00Z,admin
c094d5ec-e238-4017-a633-dcd9fdfafb84,7c2eac42-b314-42a7-b190-4810f86dc58a,Z002JB9N,2026-08-20T00:00:00Z,admin,2026-08-20T00:00:00Z,admin
f710eae3-4425-448f-8161-1fa14325f2fe,7c2eac42-b314-42a7-b190-4810f86dc58a,Z002ZJEH,2026-08-20T00:00:00Z,admin,2026-08-20T00:00:00Z,admin
4a73e928-af60-4c6a-aa90-f890f03105fd,7c2eac42-b314-42a7-b190-4810f86dc58a,Z0033TXK,2026-08-20T00:00:00Z,admin,2026-08-20T00:00:00Z,admin
58ee4d4b-d3ff-4a6b-aa07-71b1c3698f7a,7c2eac42-b314-42a7-b190-4810f86dc58a,Z0037XDV,2026-08-20T00:00:00Z,admin,2026-08-20T00:00:00Z,admin
fa64a8f7-5fca-4627-b6bc-650c285621c2,7c2eac42-b314-42a7-b190-4810f86dc58a,Z0030F0C,2026-08-20T00:00:00Z,admin,2026-08-20T00:00:00Z,admin
970fab95-f0f7-44a7-8310-f8fd58a5b3ad,7c2eac42-b314-42a7-b190-4810f86dc58a,Z0049ETY,2026-08-20T00:00:00Z,admin,2026-08-20T00:00:00Z,admin
c7e31ece-120a-45cd-a135-63e2b37d45d2,7c2eac42-b314-42a7-b190-4810f86dc58a,Z00531ED,2026-08-20T00:00:00Z,admin,2026-08-20T00:00:00Z,admin
cf148866-7eb5-44b6-8e09-5bfa6fa8d814,7c2eac42-b314-42a7-b190-4810f86dc58a,Z00578UN,2026-08-20T00:00:00Z,admin,2026-08-20T00:00:00Z,admin
f754ab4f-151a-44ef-a0a9-c2e182aad955,7c2eac42-b314-42a7-b190-4810f86dc58a,Z0022MPU,2026-08-20T00:00:00Z,admin,2026-08-20T00:00:00Z,admin
7c5d04f7-10d2-4c61-80d1-628cdae40f05,7c2eac42-b314-42a7-b190-4810f86dc58a,Z00360RB,2026-08-20T00:00:00Z,admin,2026-08-20T00:00:00Z,admin
edd1ca37-f450-4919-9e91-938a1c37bd05,7c2eac42-b314-42a7-b190-4810f86dc58a,Z00580YJ,2026-08-20T00:00:00Z,admin,2026-08-20T00:00:00Z,admin
8c7dd7b5-976e-4a66-9962-fe0834982219,7c2eac42-b314-42a7-b190-4810f86dc58a,Z004XVAB,2026-08-20T00:00:00Z,admin,2026-08-20T00:00:00Z,admin
bf2f4394-eef6-4160-b433-2df6d7d9f6da,7c2eac42-b314-42a7-b190-4810f86dc58a,Z00503ZF,2026-08-20T00:00:00Z,admin,2026-08-20T00:00:00Z,admin
b392d4c6-030d-408b-a519-06250a25a3bb,7c2eac42-b314-42a7-b190-4810f86dc58a,Z0053X3Z,2026-08-20T00:00:00Z,admin,2026-08-20T00:00:00Z,admin
f382d688-b603-4815-bd13-b433ec77b91d,7c2eac42-b314-42a7-b190-4810f86dc58a,Z004Z8HY,2026-08-20T00:00:00Z,admin,2026-08-20T00:00:00Z,admin
acd72299-270c-410b-bd53-6c14d21739cf,7c2eac42-b314-42a7-b190-4810f86dc58a,Z00366PH,2026-08-20T00:00:00Z,admin,2026-08-20T00:00:00Z,admin
abf76579-0037-408b-971f-d5ee35dec0c9,7c2eac42-b314-42a7-b190-4810f86dc58a,Z002M9XR,2026-08-20T00:00:00Z,admin,2026-08-20T00:00:00Z,admin
32ed0e4b-2060-4931-9dc4-d569d1d6adee,7c2eac42-b314-42a7-b190-4810f86dc58a,Z0059DWT,2026-08-20T00:00:00Z,admin,2026-08-20T00:00:00Z,admin
2c2aa94f-26bd-4af7-a67d-494ed6df9aaf,7c2eac42-b314-42a7-b190-4810f86dc58a,Z005989N,2026-08-20T00:00:00Z,admin,2026-08-20T00:00:00Z,admin
d393b4ac-79b1-4a35-ba4c-da24124df15d,7c2eac42-b314-42a7-b190-4810f86dc58a,Z0059DYC,2026-08-20T00:00:00Z,admin,2026-08-20T00:00:00Z,admin
19d6f5f6-ed25-405d-8221-04c0455c488a,7c2eac42-b314-42a7-b190-4810f86dc58a,Z0047WTV,2026-08-20T00:00:00Z,admin,2026-08-20T00:00:00Z,admin
1f227999-01a5-41f2-9f41-a60b146bd81a,7c2eac42-b314-42a7-b190-4810f86dc58a,Z0041UVN,2026-08-20T00:00:00Z,admin,2026-08-20T00:00:00Z,admin
6bc82906-6d7b-4dfb-9ec9-e70b2ad22973,7c2eac42-b314-42a7-b190-4810f86dc58a,Z004E9UK,2026-08-20T00:00:00Z,admin,2026-08-20T00:00:00Z,admin
8a736087-4fe3-4f05-bc89-025684b23299,7c2eac42-b314-42a7-b190-4810f86dc58a,Z004NM6Y,2026-08-20T00:00:00Z,admin,2026-08-20T00:00:00Z,admin
cf077bca-1a5e-41f5-9de3-2bc503816131,f09e70bb-8a6c-4715-bb5e-b13c125d95f4,Z004TAMU,2026-08-20T00:00:00Z,admin,2026-08-20T00:00:00Z,admin
8036e8be-71f7-4a94-8b88-944beeb1395c,f09e70bb-8a6c-4715-bb5e-b13c125d95f4,Z00531DY,2026-08-20T00:00:00Z,admin,2026-08-20T00:00:00Z,admin
7559a5e1-dcc9-4278-9b02-e22e7a11c685,f09e70bb-8a6c-4715-bb5e-b13c125d95f4,Z004XVAC,2026-08-20T00:00:00Z,admin,2026-08-20T00:00:00Z,admin
fc384b19-d0ee-4736-a781-d8ec8c57135c,f09e70bb-8a6c-4715-bb5e-b13c125d95f4,Z0052TYP,2026-08-20T00:00:00Z,admin,2026-08-20T00:00:00Z,admin
95c9db7c-7a37-4e4d-b1b7-132c2aa01828,f09e70bb-8a6c-4715-bb5e-b13c125d95f4,Z002Z66N,2026-08-20T00:00:00Z,admin,2026-08-20T00:00:00Z,admin
72440cf9-bc46-47ac-b24c-a5a08cc14802,f09e70bb-8a6c-4715-bb5e-b13c125d95f4,Z004YK1R,2026-08-20T00:00:00Z,admin,2026-08-20T00:00:00Z,admin
18815b2a-b2b1-47d4-b69d-b7aec90236b9,f09e70bb-8a6c-4715-bb5e-b13c125d95f4,Z004Z7ZE,2026-08-20T00:00:00Z,admin,2026-08-20T00:00:00Z,admin
169561a9-f361-4392-b4e3-910ff5e9c728,f09e70bb-8a6c-4715-bb5e-b13c125d95f4,Z0054KNE,2026-08-20T00:00:00Z,admin,2026-08-20T00:00:00Z,admin
0e60d237-54dc-4235-a00d-81414d3209c6,f09e70bb-8a6c-4715-bb5e-b13c125d95f4,Z0028XMJ,2026-08-20T00:00:00Z,admin,2026-08-20T00:00:00Z,admin
33a98dbf-3482-4afd-a602-a3399ef56d43,f09e70bb-8a6c-4715-bb5e-b13c125d95f4,Z004FUJT,2026-08-20T00:00:00Z,admin,2026-08-20T00:00:00Z,admin
1bc55aa4-0e6f-47b1-96c0-51d5db412f65,f09e70bb-8a6c-4715-bb5e-b13c125d95f4,Z001WYDU,2026-08-20T00:00:00Z,admin,2026-08-20T00:00:00Z,admin
811e957b-5375-4a0b-944b-f349047b1069,f09e70bb-8a6c-4715-bb5e-b13c125d95f4,Z0014WKT,2026-08-20T00:00:00Z,admin,2026-08-20T00:00:00Z,admin
5f5f3dce-e94e-4ddb-9399-7e1ac9dbdcd1,f09e70bb-8a6c-4715-bb5e-b13c125d95f4,Z0039MYX,2026-08-20T00:00:00Z,admin,2026-08-20T00:00:00Z,admin
90493994-b655-41db-832b-307a727e970f,f09e70bb-8a6c-4715-bb5e-b13c125d95f4,Z0051EJU,2026-08-20T00:00:00Z,admin,2026-08-20T00:00:00Z,admin
b1ba537a-3964-479f-9d78-65bfc656d732,f09e70bb-8a6c-4715-bb5e-b13c125d95f4,Z003RN6R,2026-08-20T00:00:00Z,admin,2026-08-20T00:00:00Z,admin
6585297f-7b8d-495c-889e-f7facb6ff4a0,f09e70bb-8a6c-4715-bb5e-b13c125d95f4,Z0046D7W,2026-08-20T00:00:00Z,admin,2026-08-20T00:00:00Z,admin
77e0daa6-82f5-426b-ab40-ab03cc51decd,f09e70bb-8a6c-4715-bb5e-b13c125d95f4,Z000268E,2026-08-20T00:00:00Z,admin,2026-08-20T00:00:00Z,admin
59eeef5e-10a2-4160-910f-ab3f61215ed6,f09e70bb-8a6c-4715-bb5e-b13c125d95f4,Z002JB9N,2026-08-20T00:00:00Z,admin,2026-08-20T00:00:00Z,admin
ea50ec53-4b36-4a19-a73e-13584747fbe2,f09e70bb-8a6c-4715-bb5e-b13c125d95f4,Z002ZJEH,2026-08-20T00:00:00Z,admin,2026-08-20T00:00:00Z,admin
cbf850a0-734f-4f2a-8bba-8b930216207c,f09e70bb-8a6c-4715-bb5e-b13c125d95f4,Z0033TXK,2026-08-20T00:00:00Z,admin,2026-08-20T00:00:00Z,admin
6a42f8b4-8dff-4935-a406-b5a877a1d8e2,f09e70bb-8a6c-4715-bb5e-b13c125d95f4,Z0037XDV,2026-08-20T00:00:00Z,admin,2026-08-20T00:00:00Z,admin
386397fb-9f89-475d-85c3-e862dea54450,f09e70bb-8a6c-4715-bb5e-b13c125d95f4,Z0030F0C,2026-08-20T00:00:00Z,admin,2026-08-20T00:00:00Z,admin
d7dad9c3-5818-431c-acf9-68333af67224,f09e70bb-8a6c-4715-bb5e-b13c125d95f4,Z0049ETY,2026-08-20T00:00:00Z,admin,2026-08-20T00:00:00Z,admin
af2c4e4d-c8a3-4593-8971-39842cd6c2f2,f09e70bb-8a6c-4715-bb5e-b13c125d95f4,Z00531ED,2026-08-20T00:00:00Z,admin,2026-08-20T00:00:00Z,admin
f0d26287-0b6b-40c4-a415-990531e46002,f09e70bb-8a6c-4715-bb5e-b13c125d95f4,Z00578UN,2026-08-20T00:00:00Z,admin,2026-08-20T00:00:00Z,admin
1256b85e-27fb-4230-b9f8-2de3bf69aa50,f09e70bb-8a6c-4715-bb5e-b13c125d95f4,Z0022MPU,2026-08-20T00:00:00Z,admin,2026-08-20T00:00:00Z,admin
5bc7b0c2-a1cd-47dd-8050-bca4d7ee982c,f09e70bb-8a6c-4715-bb5e-b13c125d95f4,Z00360RB,2026-08-20T00:00:00Z,admin,2026-08-20T00:00:00Z,admin
94f61661-52cf-4e23-abe2-372190d22ea5,f09e70bb-8a6c-4715-bb5e-b13c125d95f4,Z00580YJ,2026-08-20T00:00:00Z,admin,2026-08-20T00:00:00Z,admin
efdff955-0e9c-49b1-8886-7b55d6ce7e0c,f09e70bb-8a6c-4715-bb5e-b13c125d95f4,Z004XVAB,2026-08-20T00:00:00Z,admin,2026-08-20T00:00:00Z,admin
7f552bc0-0459-44d3-bca5-484d959c1690,f09e70bb-8a6c-4715-bb5e-b13c125d95f4,Z00503ZF,2026-08-20T00:00:00Z,admin,2026-08-20T00:00:00Z,admin
0e07fbe0-98b2-4192-b96e-4f17f743e3a4,f09e70bb-8a6c-4715-bb5e-b13c125d95f4,Z0053X3Z,2026-08-20T00:00:00Z,admin,2026-08-20T00:00:00Z,admin
b41bec99-a82b-47cf-b0d8-3a3f3143e7d1,f09e70bb-8a6c-4715-bb5e-b13c125d95f4,Z004Z8HY,2026-08-20T00:00:00Z,admin,2026-08-20T00:00:00Z,admin
4813a98e-7c2b-4258-a7de-c3f4dd44df71,f09e70bb-8a6c-4715-bb5e-b13c125d95f4,Z00366PH,2026-08-20T00:00:00Z,admin,2026-08-20T00:00:00Z,admin
dc4565e6-d418-471c-bf31-c46c44e240c6,f09e70bb-8a6c-4715-bb5e-b13c125d95f4,Z002M9XR,2026-08-20T00:00:00Z,admin,2026-08-20T00:00:00Z,admin
68686c44-cf89-4295-b6c7-3af2ccafa09e,f09e70bb-8a6c-4715-bb5e-b13c125d95f4,Z0059DWT,2026-08-20T00:00:00Z,admin,2026-08-20T00:00:00Z,admin
8747be9f-a7e1-4852-a08d-b01e5ae92d82,f09e70bb-8a6c-4715-bb5e-b13c125d95f4,Z005989N,2026-08-20T00:00:00Z,admin,2026-08-20T00:00:00Z,admin
28dc6dc7-33d5-44ee-96cd-f35d56906eb5,f09e70bb-8a6c-4715-bb5e-b13c125d95f4,Z0059DYC,2026-08-20T00:00:00Z,admin,2026-08-20T00:00:00Z,admin
e152af55-b36d-43bd-a895-13b59982543e,f09e70bb-8a6c-4715-bb5e-b13c125d95f4,Z0047WTV,2026-08-20T00:00:00Z,admin,2026-08-20T00:00:00Z,admin
b0cf786d-13dc-4078-9bab-ae3531a83cf0,f09e70bb-8a6c-4715-bb5e-b13c125d95f4,Z0041UVN,2026-08-20T00:00:00Z,admin,2026-08-20T00:00:00Z,admin
6dee4797-5865-4242-87de-0b86cc4e3f37,f09e70bb-8a6c-4715-bb5e-b13c125d95f4,Z004E9UK,2026-08-20T00:00:00Z,admin,2026-08-20T00:00:00Z,admin
7679ddcc-88f1-408a-bb4d-0135d00b48f0,f09e70bb-8a6c-4715-bb5e-b13c125d95f4,Z004NM6Y,2026-08-20T00:00:00Z,admin,2026-08-20T00:00:00Z,admin
74f6d055-0643-4418-bd0f-cf70e290ee26,ddc1851f-f015-4718-a89a-9a4720e2d26a,Z004TAMU,2026-08-20T00:00:00Z,admin,2026-08-20T00:00:00Z,admin
4c59fe45-74c4-4c0c-a186-95ab4ee2792d,ddc1851f-f015-4718-a89a-9a4720e2d26a,Z00531DY,2026-08-20T00:00:00Z,admin,2026-08-20T00:00:00Z,admin
8971ca56-49e1-45a8-abe8-424c3d06f4f1,ddc1851f-f015-4718-a89a-9a4720e2d26a,Z004XVAC,2026-08-20T00:00:00Z,admin,2026-08-20T00:00:00Z,admin
0f8d92e2-02f0-4151-8652-70694334f5ec,ddc1851f-f015-4718-a89a-9a4720e2d26a,Z0052TYP,2026-08-20T00:00:00Z,admin,2026-08-20T00:00:00Z,admin
e615aa27-71e0-412b-ae8d-24a75e7f96fd,ddc1851f-f015-4718-a89a-9a4720e2d26a,Z002Z66N,2026-08-20T00:00:00Z,admin,2026-08-20T00:00:00Z,admin
6f263176-902d-4608-b43e-a9c74db360c3,ddc1851f-f015-4718-a89a-9a4720e2d26a,Z004YK1R,2026-08-20T00:00:00Z,admin,2026-08-20T00:00:00Z,admin
00187def-296e-40ef-a9e5-921ff0ee63c3,ddc1851f-f015-4718-a89a-9a4720e2d26a,Z004Z7ZE,2026-08-20T00:00:00Z,admin,2026-08-20T00:00:00Z,admin
60fda90c-f187-4292-ba28-731ad67be26d,ddc1851f-f015-4718-a89a-9a4720e2d26a,Z0054KNE,2026-08-20T00:00:00Z,admin,2026-08-20T00:00:00Z,admin
80310820-4d07-4c99-b434-ac0b38853cd2,ddc1851f-f015-4718-a89a-9a4720e2d26a,Z0028XMJ,2026-08-20T00:00:00Z,admin,2026-08-20T00:00:00Z,admin
393cd0b1-5801-4798-81ca-213fcd67fe31,ddc1851f-f015-4718-a89a-9a4720e2d26a,Z004FUJT,2026-08-20T00:00:00Z,admin,2026-08-20T00:00:00Z,admin
c2827297-2db0-480a-a654-2fce6f79ed1c,ddc1851f-f015-4718-a89a-9a4720e2d26a,Z001WYDU,2026-08-20T00:00:00Z,admin,2026-08-20T00:00:00Z,admin
7af52f06-2ddc-4a78-b83f-1ac5c69105d5,ddc1851f-f015-4718-a89a-9a4720e2d26a,Z0014WKT,2026-08-20T00:00:00Z,admin,2026-08-20T00:00:00Z,admin
811b0c7a-81c7-48eb-8980-ac4a779d93d2,ddc1851f-f015-4718-a89a-9a4720e2d26a,Z0039MYX,2026-08-20T00:00:00Z,admin,2026-08-20T00:00:00Z,admin
e3a8131c-8bfd-40e5-beba-59c29b926284,ddc1851f-f015-4718-a89a-9a4720e2d26a,Z0051EJU,2026-08-20T00:00:00Z,admin,2026-08-20T00:00:00Z,admin
5dcbc09d-d75a-4ed1-9934-7051b80905b6,ddc1851f-f015-4718-a89a-9a4720e2d26a,Z003RN6R,2026-08-20T00:00:00Z,admin,2026-08-20T00:00:00Z,admin
9bd4c128-e46a-4ca0-a67f-1e54d00ea8c4,ddc1851f-f015-4718-a89a-9a4720e2d26a,Z0046D7W,2026-08-20T00:00:00Z,admin,2026-08-20T00:00:00Z,admin
96e706d7-5ff9-4bc3-aa79-019d61f1dc1a,ddc1851f-f015-4718-a89a-9a4720e2d26a,Z000268E,2026-08-20T00:00:00Z,admin,2026-08-20T00:00:00Z,admin
f7b406e0-2761-4527-a657-b7ab1f32decf,ddc1851f-f015-4718-a89a-9a4720e2d26a,Z002JB9N,2026-08-20T00:00:00Z,admin,2026-08-20T00:00:00Z,admin
4964ba85-0a34-4c71-b00d-663b3f75f69d,ddc1851f-f015-4718-a89a-9a4720e2d26a,Z002ZJEH,2026-08-20T00:00:00Z,admin,2026-08-20T00:00:00Z,admin
34c437df-4afb-4b55-9792-23a273677244,ddc1851f-f015-4718-a89a-9a4720e2d26a,Z0033TXK,2026-08-20T00:00:00Z,admin,2026-08-20T00:00:00Z,admin
f72ad13e-e8e8-40cf-8297-09c5ef31f167,ddc1851f-f015-4718-a89a-9a4720e2d26a,Z0037XDV,2026-08-20T00:00:00Z,admin,2026-08-20T00:00:00Z,admin
074d3ed1-0439-4e8a-ae5d-3ffeb44a113b,ddc1851f-f015-4718-a89a-9a4720e2d26a,Z0030F0C,2026-08-20T00:00:00Z,admin,2026-08-20T00:00:00Z,admin
cee9b866-f20d-477a-a2a5-f15911dbe807,ddc1851f-f015-4718-a89a-9a4720e2d26a,Z0049ETY,2026-08-20T00:00:00Z,admin,2026-08-20T00:00:00Z,admin
c9c8c852-06ef-4d3d-a7b5-58a6dc83854e,ddc1851f-f015-4718-a89a-9a4720e2d26a,Z00531ED,2026-08-20T00:00:00Z,admin,2026-08-20T00:00:00Z,admin
a3af4678-6ee4-4d79-b951-37f84bf0576d,ddc1851f-f015-4718-a89a-9a4720e2d26a,Z00578UN,2026-08-20T00:00:00Z,admin,2026-08-20T00:00:00Z,admin
d0abe007-cfbc-4365-acac-9a7edcf0e22d,ddc1851f-f015-4718-a89a-9a4720e2d26a,Z0022MPU,2026-08-20T00:00:00Z,admin,2026-08-20T00:00:00Z,admin
d2ca605f-9cfe-4e38-b5f8-3360178a225e,ddc1851f-f015-4718-a89a-9a4720e2d26a,Z00360RB,2026-08-20T00:00:00Z,admin,2026-08-20T00:00:00Z,admin
edfca3ce-e70a-47a1-88b9-63571c3b5323,ddc1851f-f015-4718-a89a-9a4720e2d26a,Z00580YJ,2026-08-20T00:00:00Z,admin,2026-08-20T00:00:00Z,admin
f1bf8220-be80-4b71-97e8-4b068170ef7d,ddc1851f-f015-4718-a89a-9a4720e2d26a,Z004XVAB,2026-08-20T00:00:00Z,admin,2026-08-20T00:00:00Z,admin
d4bcf302-71b9-42cd-bd15-5fbad0f34d8c,ddc1851f-f015-4718-a89a-9a4720e2d26a,Z00503ZF,2026-08-20T00:00:00Z,admin,2026-08-20T00:00:00Z,admin
75abe3e5-ad90-4ebd-b787-1da69692ebfc,ddc1851f-f015-4718-a89a-9a4720e2d26a,Z0053X3Z,2026-08-20T00:00:00Z,admin,2026-08-20T00:00:00Z,admin
dc8b773d-6041-4ce9-bf0f-a8ea88756eb0,ddc1851f-f015-4718-a89a-9a4720e2d26a,Z004Z8HY,2026-08-20T00:00:00Z,admin,2026-08-20T00:00:00Z,admin
f8c94ec2-06ea-490f-b4a1-586ba2b6eead,ddc1851f-f015-4718-a89a-9a4720e2d26a,Z00366PH,2026-08-20T00:00:00Z,admin,2026-08-20T00:00:00Z,admin
db53c80d-7674-4cda-95d8-ef5a4bdd35f1,ddc1851f-f015-4718-a89a-9a4720e2d26a,Z002M9XR,2026-08-20T00:00:00Z,admin,2026-08-20T00:00:00Z,admin
3532bca4-8fed-4e2a-854a-5261d36d2b4f,ddc1851f-f015-4718-a89a-9a4720e2d26a,Z0059DWT,2026-08-20T00:00:00Z,admin,2026-08-20T00:00:00Z,admin
225cdaad-362f-4679-9dea-78c558cc3483,ddc1851f-f015-4718-a89a-9a4720e2d26a,Z005989N,2026-08-20T00:00:00Z,admin,2026-08-20T00:00:00Z,admin
d2656a1d-adc6-4a99-b306-59b7f7aeaee1,ddc1851f-f015-4718-a89a-9a4720e2d26a,Z0059DYC,2026-08-20T00:00:00Z,admin,2026-08-20T00:00:00Z,admin
4d584779-1007-4959-a16e-9350ec6839c7,ddc1851f-f015-4718-a89a-9a4720e2d26a,Z0047WTV,2026-08-20T00:00:00Z,admin,2026-08-20T00:00:00Z,admin
4447b06c-da0f-4b87-be66-32948d3218d2,8da506d5-f7fe-45ff-ac7a-7fc7fe86eb8a,Z004TAMU,2026-08-20T00:00:00Z,admin,2026-08-20T00:00:00Z,admin
a42f25ac-4eaf-4064-8e3c-9684db9d6729,8da506d5-f7fe-45ff-ac7a-7fc7fe86eb8a,Z00531DY,2026-08-20T00:00:00Z,admin,2026-08-20T00:00:00Z,admin
041cb685-818e-45bf-a7af-114ab6c14713,8da506d5-f7fe-45ff-ac7a-7fc7fe86eb8a,Z004XVAC,2026-08-20T00:00:00Z,admin,2026-08-20T00:00:00Z,admin
f17a4012-8f15-42dc-9d44-0b5f494c1f8b,8da506d5-f7fe-45ff-ac7a-7fc7fe86eb8a,Z0052TYP,2026-08-20T00:00:00Z,admin,2026-08-20T00:00:00Z,admin
c4c9252e-b67f-4685-8e30-83221ace97d9,8da506d5-f7fe-45ff-ac7a-7fc7fe86eb8a,Z002Z66N,2026-08-20T00:00:00Z,admin,2026-08-20T00:00:00Z,admin
e9c6ea7b-5286-493b-9f39-960b605b365b,8da506d5-f7fe-45ff-ac7a-7fc7fe86eb8a,Z004YK1R,2026-08-20T00:00:00Z,admin,2026-08-20T00:00:00Z,admin
370592ba-75ae-4059-a09a-100234bf62c7,8da506d5-f7fe-45ff-ac7a-7fc7fe86eb8a,Z004Z7ZE,2026-08-20T00:00:00Z,admin,2026-08-20T00:00:00Z,admin
d4c67fd4-2f2c-4427-a582-c49a8a05e8ea,8da506d5-f7fe-45ff-ac7a-7fc7fe86eb8a,Z0054KNE,2026-08-20T00:00:00Z,admin,2026-08-20T00:00:00Z,admin
38fa1b9c-307c-41cb-8888-c2b9440cb7a9,8da506d5-f7fe-45ff-ac7a-7fc7fe86eb8a,Z0028XMJ,2026-08-20T00:00:00Z,admin,2026-08-20T00:00:00Z,admin
942923f0-8e72-4237-b90c-48a988a9ef1d,8da506d5-f7fe-45ff-ac7a-7fc7fe86eb8a,Z004FUJT,2026-08-20T00:00:00Z,admin,2026-08-20T00:00:00Z,admin
14f752db-21ce-41aa-a2e1-c1fd55b8e842,8da506d5-f7fe-45ff-ac7a-7fc7fe86eb8a,Z001WYDU,2026-08-20T00:00:00Z,admin,2026-08-20T00:00:00Z,admin
5ab09800-1f74-4ab7-b124-02044e3efc7f,8da506d5-f7fe-45ff-ac7a-7fc7fe86eb8a,Z0014WKT,2026-08-20T00:00:00Z,admin,2026-08-20T00:00:00Z,admin
11469683-c57d-400d-bd20-7af341d42cd8,8da506d5-f7fe-45ff-ac7a-7fc7fe86eb8a,Z0039MYX,2026-08-20T00:00:00Z,admin,2026-08-20T00:00:00Z,admin
c5a1400e-c6c8-4586-a77d-535dd14c6b9e,8da506d5-f7fe-45ff-ac7a-7fc7fe86eb8a,Z0051EJU,2026-08-20T00:00:00Z,admin,2026-08-20T00:00:00Z,admin
b657a698-4c12-4be7-b21b-4ac1a2ce7fd8,8da506d5-f7fe-45ff-ac7a-7fc7fe86eb8a,Z003RN6R,2026-08-20T00:00:00Z,admin,2026-08-20T00:00:00Z,admin
9506e644-3536-4b15-8bc8-adb13f737c62,8da506d5-f7fe-45ff-ac7a-7fc7fe86eb8a,Z0046D7W,2026-08-20T00:00:00Z,admin,2026-08-20T00:00:00Z,admin
527c92c9-b45b-49d5-a018-9656d8573a7d,8da506d5-f7fe-45ff-ac7a-7fc7fe86eb8a,Z000268E,2026-08-20T00:00:00Z,admin,2026-08-20T00:00:00Z,admin
06361c3b-b19c-489d-9976-f319fa7a8f56,8da506d5-f7fe-45ff-ac7a-7fc7fe86eb8a,Z002JB9N,2026-08-20T00:00:00Z,admin,2026-08-20T00:00:00Z,admin
9f7e2229-dd92-46e1-88a3-9365c02c361f,8da506d5-f7fe-45ff-ac7a-7fc7fe86eb8a,Z002ZJEH,2026-08-20T00:00:00Z,admin,2026-08-20T00:00:00Z,admin
378e4ece-148a-45ef-9da3-f347dd398dcc,8da506d5-f7fe-45ff-ac7a-7fc7fe86eb8a,Z0033TXK,2026-08-20T00:00:00Z,admin,2026-08-20T00:00:00Z,admin
469906a1-79d6-4f85-a5fa-a3a072ff2e00,8da506d5-f7fe-45ff-ac7a-7fc7fe86eb8a,Z0037XDV,2026-08-20T00:00:00Z,admin,2026-08-20T00:00:00Z,admin
75919592-0169-4b74-8419-218a4d406f5c,8da506d5-f7fe-45ff-ac7a-7fc7fe86eb8a,Z0030F0C,2026-08-20T00:00:00Z,admin,2026-08-20T00:00:00Z,admin
ef8a4086-6cb0-4407-b107-6373fd84782a,8da506d5-f7fe-45ff-ac7a-7fc7fe86eb8a,Z0049ETY,2026-08-20T00:00:00Z,admin,2026-08-20T00:00:00Z,admin
3d124ef0-1f8a-4404-a3d6-29815ce99864,8da506d5-f7fe-45ff-ac7a-7fc7fe86eb8a,Z00531ED,2026-08-20T00:00:00Z,admin,2026-08-20T00:00:00Z,admin
2b85d472-63c9-4644-a104-117e12457498,8da506d5-f7fe-45ff-ac7a-7fc7fe86eb8a,Z00578UN,2026-08-20T00:00:00Z,admin,2026-08-20T00:00:00Z,admin
73bab205-79cf-4ad6-848a-18c8734db048,8da506d5-f7fe-45ff-ac7a-7fc7fe86eb8a,Z0022MPU,2026-08-20T00:00:00Z,admin,2026-08-20T00:00:00Z,admin
42513b6b-e0fc-463b-934b-de8b75ba2a68,8da506d5-f7fe-45ff-ac7a-7fc7fe86eb8a,Z00360RB,2026-08-20T00:00:00Z,admin,2026-08-20T00:00:00Z,admin
2fbde26f-ce49-43ae-8fd1-a7649e41229a,8da506d5-f7fe-45ff-ac7a-7fc7fe86eb8a,Z00580YJ,2026-08-20T00:00:00Z,admin,2026-08-20T00:00:00Z,admin
fd393b32-8fbd-4ab5-9d5f-ab2989e86d48,8da506d5-f7fe-45ff-ac7a-7fc7fe86eb8a,Z004XVAB,2026-08-20T00:00:00Z,admin,2026-08-20T00:00:00Z,admin
708ae93c-5129-4085-be05-6bf3303c62cb,8da506d5-f7fe-45ff-ac7a-7fc7fe86eb8a,Z00503ZF,2026-08-20T00:00:00Z,admin,2026-08-20T00:00:00Z,admin
3b8898c9-4507-4210-a40f-acdb2b6af886,8da506d5-f7fe-45ff-ac7a-7fc7fe86eb8a,Z0053X3Z,2026-08-20T00:00:00Z,admin,2026-08-20T00:00:00Z,admin
75b071c6-de6a-4daa-a485-756cc02f9903,8da506d5-f7fe-45ff-ac7a-7fc7fe86eb8a,Z004Z8HY,2026-08-20T00:00:00Z,admin,2026-08-20T00:00:00Z,admin
fae26cd4-0c86-41b4-bc6a-375a2afe1926,8da506d5-f7fe-45ff-ac7a-7fc7fe86eb8a,Z00366PH,2026-08-20T00:00:00Z,admin,2026-08-20T00:00:00Z,admin
25dc4aa7-0d4a-4395-8c10-b536fa6e2f13,8da506d5-f7fe-45ff-ac7a-7fc7fe86eb8a,Z002M9XR,2026-08-20T00:00:00Z,admin,2026-08-20T00:00:00Z,admin
8036944f-589f-4c7e-b79c-a674bc5c557d,8da506d5-f7fe-45ff-ac7a-7fc7fe86eb8a,Z0059DWT,2026-08-20T00:00:00Z,admin,2026-08-20T00:00:00Z,admin
d1914ce0-a88f-4b75-bb65-2cba85a1ea7d,8da506d5-f7fe-45ff-ac7a-7fc7fe86eb8a,Z005989N,2026-08-20T00:00:00Z,admin,2026-08-20T00:00:00Z,admin
a778db40-68ab-4e2e-b771-ddf91266c047,8da506d5-f7fe-45ff-ac7a-7fc7fe86eb8a,Z0059DYC,2026-08-20T00:00:00Z,admin,2026-08-20T00:00:00Z,admin
3e8049ec-b866-4c71-862a-9e98cd4adb77,8da506d5-f7fe-45ff-ac7a-7fc7fe86eb8a,Z0047WTV,2026-08-20T00:00:00Z,admin,2026-08-20T00:00:00Z,admin
51a826c5-ff61-4b4c-9ee0-6055019c3503,8da506d5-f7fe-45ff-ac7a-7fc7fe86eb8a,Z0041UVN,2026-08-20T00:00:00Z,admin,2026-08-20T00:00:00Z,admin
9c16d5c8-e3df-4bd3-9e54-c7460945a773,8da506d5-f7fe-45ff-ac7a-7fc7fe86eb8a,Z004E9UK,2026-08-20T00:00:00Z,admin,2026-08-20T00:00:00Z,admin
8017a568-b562-4b0b-ad9d-f0657798272a,8da506d5-f7fe-45ff-ac7a-7fc7fe86eb8a,Z004NM6Y,2026-08-20T00:00:00Z,admin,2026-08-20T00:00:00Z,admin
0e8edc44-e7d5-41f1-b9f6-c2ca566641cc,fa30ec50-cb3c-4cc3-afec-b745b77dc25c,Z004TAMU,2026-08-20T00:00:00Z,admin,2026-08-20T00:00:00Z,admin
b7f926e8-90ea-441e-97c3-053a2a58e57f,fa30ec50-cb3c-4cc3-afec-b745b77dc25c,Z00531DY,2026-08-20T00:00:00Z,admin,2026-08-20T00:00:00Z,admin
7cf2c874-295a-4128-9c4f-458591df28bb,fa30ec50-cb3c-4cc3-afec-b745b77dc25c,Z004XVAC,2026-08-20T00:00:00Z,admin,2026-08-20T00:00:00Z,admin
cb0ddee6-43ea-4b4a-bf47-c68cd9a1c45d,fa30ec50-cb3c-4cc3-afec-b745b77dc25c,Z0052TYP,2026-08-20T00:00:00Z,admin,2026-08-20T00:00:00Z,admin
b1d9789f-0b4d-40f5-b7cb-30099b8a3fea,fa30ec50-cb3c-4cc3-afec-b745b77dc25c,Z002Z66N,2026-08-20T00:00:00Z,admin,2026-08-20T00:00:00Z,admin
a37e4cc9-ed14-4441-94eb-2d1f3049cb9e,fa30ec50-cb3c-4cc3-afec-b745b77dc25c,Z004YK1R,2026-08-20T00:00:00Z,admin,2026-08-20T00:00:00Z,admin
fe3c712e-064b-4a10-8c4f-8dbe860b7eb9,fa30ec50-cb3c-4cc3-afec-b745b77dc25c,Z004Z7ZE,2026-08-20T00:00:00Z,admin,2026-08-20T00:00:00Z,admin
2d73dedf-2448-4483-bf3c-eff1a052414a,fa30ec50-cb3c-4cc3-afec-b745b77dc25c,Z0054KNE,2026-08-20T00:00:00Z,admin,2026-08-20T00:00:00Z,admin
f92a1246-ebb9-438f-a784-d68d4cb4e188,fa30ec50-cb3c-4cc3-afec-b745b77dc25c,Z0028XMJ,2026-08-20T00:00:00Z,admin,2026-08-20T00:00:00Z,admin
8e680acc-8287-45e8-9880-b0561d559100,fa30ec50-cb3c-4cc3-afec-b745b77dc25c,Z004FUJT,2026-08-20T00:00:00Z,admin,2026-08-20T00:00:00Z,admin
173313ed-2e61-43e2-a41f-483342856317,fa30ec50-cb3c-4cc3-afec-b745b77dc25c,Z001WYDU,2026-08-20T00:00:00Z,admin,2026-08-20T00:00:00Z,admin
f6b6ecfb-9ac7-4e73-a547-3d3270ab4d77,fa30ec50-cb3c-4cc3-afec-b745b77dc25c,Z0014WKT,2026-08-20T00:00:00Z,admin,2026-08-20T00:00:00Z,admin
7885f922-1009-4319-bff9-1dae54ea4fb2,fa30ec50-cb3c-4cc3-afec-b745b77dc25c,Z0039MYX,2026-08-20T00:00:00Z,admin,2026-08-20T00:00:00Z,admin
e565f8a1-7fd0-4630-aaba-90b76f6ef12b,fa30ec50-cb3c-4cc3-afec-b745b77dc25c,Z0051EJU,2026-08-20T00:00:00Z,admin,2026-08-20T00:00:00Z,admin
6d0da65c-c49d-45ab-8d7e-c006c8b46bda,fa30ec50-cb3c-4cc3-afec-b745b77dc25c,Z003RN6R,2026-08-20T00:00:00Z,admin,2026-08-20T00:00:00Z,admin
6e4b44ff-3bf0-49d2-85bc-52b4680e70ae,fa30ec50-cb3c-4cc3-afec-b745b77dc25c,Z0046D7W,2026-08-20T00:00:00Z,admin,2026-08-20T00:00:00Z,admin
60068a1d-b7a8-4aa1-adcd-9bf2cf7c1429,fa30ec50-cb3c-4cc3-afec-b745b77dc25c,Z000268E,2026-08-20T00:00:00Z,admin,2026-08-20T00:00:00Z,admin
73e2eef9-1263-406e-81f2-6420da9e4bee,fa30ec50-cb3c-4cc3-afec-b745b77dc25c,Z002JB9N,2026-08-20T00:00:00Z,admin,2026-08-20T00:00:00Z,admin
afacbec8-9189-4394-9209-c3d9bc21e8fe,fa30ec50-cb3c-4cc3-afec-b745b77dc25c,Z002ZJEH,2026-08-20T00:00:00Z,admin,2026-08-20T00:00:00Z,admin
b4ea8e47-7087-4c83-9bec-55350885f8b0,fa30ec50-cb3c-4cc3-afec-b745b77dc25c,Z0033TXK,2026-08-20T00:00:00Z,admin,2026-08-20T00:00:00Z,admin
92cc8330-974d-4fb0-be1d-02a0698bc9b1,fa30ec50-cb3c-4cc3-afec-b745b77dc25c,Z0037XDV,2026-08-20T00:00:00Z,admin,2026-08-20T00:00:00Z,admin
1230d35a-bb90-4506-b601-d51a79dad3c9,fa30ec50-cb3c-4cc3-afec-b745b77dc25c,Z0030F0C,2026-08-20T00:00:00Z,admin,2026-08-20T00:00:00Z,admin
c0e8ff26-3d57-419e-b691-be751bfea580,fa30ec50-cb3c-4cc3-afec-b745b77dc25c,Z0049ETY,2026-08-20T00:00:00Z,admin,2026-08-20T00:00:00Z,admin
52cd9ec0-57e7-4c70-bd6b-22ba3c05359c,fa30ec50-cb3c-4cc3-afec-b745b77dc25c,Z00531ED,2026-08-20T00:00:00Z,admin,2026-08-20T00:00:00Z,admin
7ad4f6b3-2d19-4ba7-9b5a-af15d9854bd5,fa30ec50-cb3c-4cc3-afec-b745b77dc25c,Z00578UN,2026-08-20T00:00:00Z,admin,2026-08-20T00:00:00Z,admin
0fc0ab55-4c24-4fe6-b643-6ab628409546,fa30ec50-cb3c-4cc3-afec-b745b77dc25c,Z0022MPU,2026-08-20T00:00:00Z,admin,2026-08-20T00:00:00Z,admin
281c7abb-5bd5-4d88-8311-5eaa90dd1b3e,fa30ec50-cb3c-4cc3-afec-b745b77dc25c,Z00360RB,2026-08-20T00:00:00Z,admin,2026-08-20T00:00:00Z,admin
ae2e345e-8b84-4bd7-b0d6-eb0724de54c4,fa30ec50-cb3c-4cc3-afec-b745b77dc25c,Z00580YJ,2026-08-20T00:00:00Z,admin,2026-08-20T00:00:00Z,admin
bf13bd1b-118b-4de5-bd2d-4147636b4098,fa30ec50-cb3c-4cc3-afec-b745b77dc25c,Z004XVAB,2026-08-20T00:00:00Z,admin,2026-08-20T00:00:00Z,admin
fa501f9e-dbb3-43fa-af5e-939020243648,fa30ec50-cb3c-4cc3-afec-b745b77dc25c,Z00503ZF,2026-08-20T00:00:00Z,admin,2026-08-20T00:00:00Z,admin
1f94ca8a-f2dc-4b8c-8312-36de53c2b7a7,fa30ec50-cb3c-4cc3-afec-b745b77dc25c,Z0053X3Z,2026-08-20T00:00:00Z,admin,2026-08-20T00:00:00Z,admin
0a800140-6c2f-42fd-a9ce-b4ae485e7164,fa30ec50-cb3c-4cc3-afec-b745b77dc25c,Z004Z8HY,2026-08-20T00:00:00Z,admin,2026-08-20T00:00:00Z,admin
4b361d4a-7dcc-44b0-9195-2562409deb0b,fa30ec50-cb3c-4cc3-afec-b745b77dc25c,Z00366PH,2026-08-20T00:00:00Z,admin,2026-08-20T00:00:00Z,admin
27f95052-ab31-45bd-bbd2-72c5afed0668,fa30ec50-cb3c-4cc3-afec-b745b77dc25c,Z002M9XR,2026-08-20T00:00:00Z,admin,2026-08-20T00:00:00Z,admin
76884701-a45b-49d0-8ff5-b6056db57a7f,fa30ec50-cb3c-4cc3-afec-b745b77dc25c,Z0059DWT,2026-08-20T00:00:00Z,admin,2026-08-20T00:00:00Z,admin
801ecbac-a3be-4d50-8cd9-c44351bdb25c,fa30ec50-cb3c-4cc3-afec-b745b77dc25c,Z005989N,2026-08-20T00:00:00Z,admin,2026-08-20T00:00:00Z,admin
a38f5b4d-1944-4a87-bdd5-b7135450d8c3,fa30ec50-cb3c-4cc3-afec-b745b77dc25c,Z0059DYC,2026-08-20T00:00:00Z,admin,2026-08-20T00:00:00Z,admin
a9988d30-26e2-415e-a8d8-bd8db6e7512f,fa30ec50-cb3c-4cc3-afec-b745b77dc25c,Z0047WTV,2026-08-20T00:00:00Z,admin,2026-08-20T00:00:00Z,admin
3f0acebb-a59f-435e-bc91-765266f8a5c5,fa30ec50-cb3c-4cc3-afec-b745b77dc25c,Z0041UVN,2026-08-20T00:00:00Z,admin,2026-08-20T00:00:00Z,admin
d6c8dbf9-855d-4aa7-a537-62181d585183,fa30ec50-cb3c-4cc3-afec-b745b77dc25c,Z004E9UK,2026-08-20T00:00:00Z,admin,2026-08-20T00:00:00Z,admin
9d6befca-703f-4b15-a66f-8551686d4786,fa30ec50-cb3c-4cc3-afec-b745b77dc25c,Z004NM6Y,2026-08-20T00:00:00Z,admin,2026-08-20T00:00:00Z,admin
4162af72-cf02-4a89-a872-5703bd0dd58b,bc89efbd-09b5-40af-b636-ecf77f2912eb,Z004TAMU,2026-08-20T00:00:00Z,admin,2026-08-20T00:00:00Z,admin
16743116-9a21-480f-9810-f330ad6484cf,bc89efbd-09b5-40af-b636-ecf77f2912eb,Z00531DY,2026-08-20T00:00:00Z,admin,2026-08-20T00:00:00Z,admin
89c4cbd8-a607-496c-8649-b03656e2f2dd,bc89efbd-09b5-40af-b636-ecf77f2912eb,Z004XVAC,2026-08-20T00:00:00Z,admin,2026-08-20T00:00:00Z,admin
c0bc5329-9b24-4d99-80b9-2a138dcc2ca0,bc89efbd-09b5-40af-b636-ecf77f2912eb,Z0052TYP,2026-08-20T00:00:00Z,admin,2026-08-20T00:00:00Z,admin
b21effe4-31f3-4240-a3e4-bc1675e46493,bc89efbd-09b5-40af-b636-ecf77f2912eb,Z002Z66N,2026-08-20T00:00:00Z,admin,2026-08-20T00:00:00Z,admin
3b7077e6-e482-4a5e-ba6e-39d5ed5b0570,bc89efbd-09b5-40af-b636-ecf77f2912eb,Z004YK1R,2026-08-20T00:00:00Z,admin,2026-08-20T00:00:00Z,admin
45bcdc7f-724b-4e80-8e50-8c7dc2988748,bc89efbd-09b5-40af-b636-ecf77f2912eb,Z004Z7ZE,2026-08-20T00:00:00Z,admin,2026-08-20T00:00:00Z,admin
3e17d55d-b91b-48f3-8d26-a8b3dd1aad60,bc89efbd-09b5-40af-b636-ecf77f2912eb,Z0054KNE,2026-08-20T00:00:00Z,admin,2026-08-20T00:00:00Z,admin
05530c32-8c67-49a4-9639-7cad34b7946b,bc89efbd-09b5-40af-b636-ecf77f2912eb,Z0028XMJ,2026-08-20T00:00:00Z,admin,2026-08-20T00:00:00Z,admin
e5faf9b8-a0ac-4fd8-bd6a-c84679e8a97a,bc89efbd-09b5-40af-b636-ecf77f2912eb,Z004FUJT,2026-08-20T00:00:00Z,admin,2026-08-20T00:00:00Z,admin
420d24d5-2629-4e5e-bb1a-dba5b9e8c284,bc89efbd-09b5-40af-b636-ecf77f2912eb,Z001WYDU,2026-08-20T00:00:00Z,admin,2026-08-20T00:00:00Z,admin
5793b9b6-b092-4351-8367-3baf2137df51,bc89efbd-09b5-40af-b636-ecf77f2912eb,Z0014WKT,2026-08-20T00:00:00Z,admin,2026-08-20T00:00:00Z,admin
99839a89-cb2e-4fce-8ee0-ea2114c78a2c,bc89efbd-09b5-40af-b636-ecf77f2912eb,Z0039MYX,2026-08-20T00:00:00Z,admin,2026-08-20T00:00:00Z,admin
e81a7abb-355e-4527-90ab-5f76be63eca5,bc89efbd-09b5-40af-b636-ecf77f2912eb,Z0051EJU,2026-08-20T00:00:00Z,admin,2026-08-20T00:00:00Z,admin
d194f478-5df2-4383-8d77-2e77cca06756,bc89efbd-09b5-40af-b636-ecf77f2912eb,Z003RN6R,2026-08-20T00:00:00Z,admin,2026-08-20T00:00:00Z,admin
6c237d99-76d6-48bd-96b2-82906b45e722,bc89efbd-09b5-40af-b636-ecf77f2912eb,Z0046D7W,2026-08-20T00:00:00Z,admin,2026-08-20T00:00:00Z,admin
4ba0cf20-fe7c-41e4-833d-62d5116821fd,bc89efbd-09b5-40af-b636-ecf77f2912eb,Z000268E,2026-08-20T00:00:00Z,admin,2026-08-20T00:00:00Z,admin
c6a607bc-2e4b-472b-ab0c-7ecc45859070,bc89efbd-09b5-40af-b636-ecf77f2912eb,Z002JB9N,2026-08-20T00:00:00Z,admin,2026-08-20T00:00:00Z,admin
82221734-c6b9-43a9-8056-f66e0276da9a,bc89efbd-09b5-40af-b636-ecf77f2912eb,Z002ZJEH,2026-08-20T00:00:00Z,admin,2026-08-20T00:00:00Z,admin
51b32adb-d556-482b-9baa-29bf4be67a71,bc89efbd-09b5-40af-b636-ecf77f2912eb,Z0033TXK,2026-08-20T00:00:00Z,admin,2026-08-20T00:00:00Z,admin
4e83581b-e56f-41c9-b7c9-13590b7e67b7,bc89efbd-09b5-40af-b636-ecf77f2912eb,Z0037XDV,2026-08-20T00:00:00Z,admin,2026-08-20T00:00:00Z,admin
80130fec-e201-4023-b987-ab8a3c68f973,bc89efbd-09b5-40af-b636-ecf77f2912eb,Z0030F0C,2026-08-20T00:00:00Z,admin,2026-08-20T00:00:00Z,admin
55f71c25-38fe-40c3-b01f-a6e836af51fa,bc89efbd-09b5-40af-b636-ecf77f2912eb,Z0049ETY,2026-08-20T00:00:00Z,admin,2026-08-20T00:00:00Z,admin
f368ac62-756b-46fb-9e81-a505e4843040,bc89efbd-09b5-40af-b636-ecf77f2912eb,Z00531ED,2026-08-20T00:00:00Z,admin,2026-08-20T00:00:00Z,admin
6bb43f7a-65d2-4b95-b41f-39de34624f7a,bc89efbd-09b5-40af-b636-ecf77f2912eb,Z00578UN,2026-08-20T00:00:00Z,admin,2026-08-20T00:00:00Z,admin
a3c46eee-dbe6-43c2-8fd7-44b5315d925a,bc89efbd-09b5-40af-b636-ecf77f2912eb,Z0022MPU,2026-08-20T00:00:00Z,admin,2026-08-20T00:00:00Z,admin
7cb47bb7-6267-431f-9ce9-a1b3598d4d62,bc89efbd-09b5-40af-b636-ecf77f2912eb,Z00360RB,2026-08-20T00:00:00Z,admin,2026-08-20T00:00:00Z,admin
606e7a61-bb52-44f5-8885-6afb2f4c92f8,bc89efbd-09b5-40af-b636-ecf77f2912eb,Z00580YJ,2026-08-20T00:00:00Z,admin,2026-08-20T00:00:00Z,admin
8d6e53cc-451a-43ad-b5c3-2f7860fbaa9a,bc89efbd-09b5-40af-b636-ecf77f2912eb,Z004XVAB,2026-08-20T00:00:00Z,admin,2026-08-20T00:00:00Z,admin
a89faab9-5ed2-46f8-9130-887cefc068d3,bc89efbd-09b5-40af-b636-ecf77f2912eb,Z00503ZF,2026-08-20T00:00:00Z,admin,2026-08-20T00:00:00Z,admin
bef3fd4c-2220-4db8-a752-f32166903da7,bc89efbd-09b5-40af-b636-ecf77f2912eb,Z0053X3Z,2026-08-20T00:00:00Z,admin,2026-08-20T00:00:00Z,admin
1a5fe8f0-90ee-4b85-9343-3fd241f3b575,bc89efbd-09b5-40af-b636-ecf77f2912eb,Z004Z8HY,2026-08-20T00:00:00Z,admin,2026-08-20T00:00:00Z,admin
9bc31f85-6ce7-45fd-81d1-3e325d09b2eb,bc89efbd-09b5-40af-b636-ecf77f2912eb,Z00366PH,2026-08-20T00:00:00Z,admin,2026-08-20T00:00:00Z,admin
7b4aeb2e-aea5-42fc-bb0d-e7097fe9e440,bc89efbd-09b5-40af-b636-ecf77f2912eb,Z002M9XR,2026-08-20T00:00:00Z,admin,2026-08-20T00:00:00Z,admin
d7a7f9f2-ca7a-4a18-a3b7-215785f5e189,bc89efbd-09b5-40af-b636-ecf77f2912eb,Z0059DWT,2026-08-20T00:00:00Z,admin,2026-08-20T00:00:00Z,admin
7c94b99d-9c74-4e4d-ab83-c50b15b1e395,bc89efbd-09b5-40af-b636-ecf77f2912eb,Z005989N,2026-08-20T00:00:00Z,admin,2026-08-20T00:00:00Z,admin
fccd4ee9-bc81-4512-8b4f-686919a335a9,bc89efbd-09b5-40af-b636-ecf77f2912eb,Z0059DYC,2026-08-20T00:00:00Z,admin,2026-08-20T00:00:00Z,admin
9ddf97ab-1496-4e88-95c9-9cfd4ca16db1,bc89efbd-09b5-40af-b636-ecf77f2912eb,Z0047WTV,2026-08-20T00:00:00Z,admin,2026-08-20T00:00:00Z,admin
8c6fe6ac-6a78-428f-a917-d2df0c2cfac9,d89b2ebe-85ce-474d-b46e-1c90de967ccf,Z004TAMU,2026-08-20T00:00:00Z,admin,2026-08-20T00:00:00Z,admin
bf231403-c330-42b0-a85f-74cd1cffbee4,d89b2ebe-85ce-474d-b46e-1c90de967ccf,Z00531DY,2026-08-20T00:00:00Z,admin,2026-08-20T00:00:00Z,admin
a8c32069-025a-44f8-9f5e-63f2a0d7bb4a,d89b2ebe-85ce-474d-b46e-1c90de967ccf,Z004XVAC,2026-08-20T00:00:00Z,admin,2026-08-20T00:00:00Z,admin
6fba094b-f371-4fe6-a325-2ecd83f402dd,d89b2ebe-85ce-474d-b46e-1c90de967ccf,Z0052TYP,2026-08-20T00:00:00Z,admin,2026-08-20T00:00:00Z,admin
51812204-9523-400d-b91a-b52332b8ff2a,d89b2ebe-85ce-474d-b46e-1c90de967ccf,Z002Z66N,2026-08-20T00:00:00Z,admin,2026-08-20T00:00:00Z,admin
b367e414-70f8-4e50-88bb-70843e54ecd3,d89b2ebe-85ce-474d-b46e-1c90de967ccf,Z004YK1R,2026-08-20T00:00:00Z,admin,2026-08-20T00:00:00Z,admin
6ca6aa44-1354-42b4-9261-01988145a54c,d89b2ebe-85ce-474d-b46e-1c90de967ccf,Z004Z7ZE,2026-08-20T00:00:00Z,admin,2026-08-20T00:00:00Z,admin
9ab5b0c7-79bc-46c8-9272-91fab1e2960a,d89b2ebe-85ce-474d-b46e-1c90de967ccf,Z0054KNE,2026-08-20T00:00:00Z,admin,2026-08-20T00:00:00Z,admin
54574d03-d364-4bc4-8408-873327f66326,d89b2ebe-85ce-474d-b46e-1c90de967ccf,Z0028XMJ,2026-08-20T00:00:00Z,admin,2026-08-20T00:00:00Z,admin
3d9d42aa-889d-4c22-bc77-13e1d10dda71,d89b2ebe-85ce-474d-b46e-1c90de967ccf,Z004FUJT,2026-08-20T00:00:00Z,admin,2026-08-20T00:00:00Z,admin
be36d1fd-be45-4884-a141-8ee9997d3e98,d89b2ebe-85ce-474d-b46e-1c90de967ccf,Z001WYDU,2026-08-20T00:00:00Z,admin,2026-08-20T00:00:00Z,admin
3ceef77e-492f-42d0-8686-255017742014,d89b2ebe-85ce-474d-b46e-1c90de967ccf,Z0014WKT,2026-08-20T00:00:00Z,admin,2026-08-20T00:00:00Z,admin
e490732f-563c-4416-aa65-0be9f4837a50,d89b2ebe-85ce-474d-b46e-1c90de967ccf,Z0039MYX,2026-08-20T00:00:00Z,admin,2026-08-20T00:00:00Z,admin
5616cf46-aced-44d1-99ad-6b84e3bbf097,d89b2ebe-85ce-474d-b46e-1c90de967ccf,Z0051EJU,2026-08-20T00:00:00Z,admin,2026-08-20T00:00:00Z,admin
adb13524-0c0e-4745-b093-a3be24566e4d,d89b2ebe-85ce-474d-b46e-1c90de967ccf,Z003RN6R,2026-08-20T00:00:00Z,admin,2026-08-20T00:00:00Z,admin
f74cf1a4-9cc9-4283-b02c-9ac39a3a82cb,d89b2ebe-85ce-474d-b46e-1c90de967ccf,Z0046D7W,2026-08-20T00:00:00Z,admin,2026-08-20T00:00:00Z,admin
707f9ecf-5e2f-4eac-83c4-bd07ecf3e3e1,d89b2ebe-85ce-474d-b46e-1c90de967ccf,Z000268E,2026-08-20T00:00:00Z,admin,2026-08-20T00:00:00Z,admin
d3297c55-50c4-41ca-a786-ca475c22e1c5,d89b2ebe-85ce-474d-b46e-1c90de967ccf,Z002JB9N,2026-08-20T00:00:00Z,admin,2026-08-20T00:00:00Z,admin
cfeaee28-eb3f-42b8-8222-e37c2b87269f,d89b2ebe-85ce-474d-b46e-1c90de967ccf,Z002ZJEH,2026-08-20T00:00:00Z,admin,2026-08-20T00:00:00Z,admin
13e5447f-38cb-4fc6-9e40-bdbb60b6b5e5,d89b2ebe-85ce-474d-b46e-1c90de967ccf,Z0033TXK,2026-08-20T00:00:00Z,admin,2026-08-20T00:00:00Z,admin
df836b37-441f-42ad-9420-c4eb90a9d97f,d89b2ebe-85ce-474d-b46e-1c90de967ccf,Z0037XDV,2026-08-20T00:00:00Z,admin,2026-08-20T00:00:00Z,admin
b948f526-c012-4f87-927d-a83505bb7720,d89b2ebe-85ce-474d-b46e-1c90de967ccf,Z0030F0C,2026-08-20T00:00:00Z,admin,2026-08-20T00:00:00Z,admin
0e22268f-3c2c-499d-a5c0-a01e8390901c,d89b2ebe-85ce-474d-b46e-1c90de967ccf,Z0049ETY,2026-08-20T00:00:00Z,admin,2026-08-20T00:00:00Z,admin
a1113c19-5d14-420d-bd12-56479140bb32,d89b2ebe-85ce-474d-b46e-1c90de967ccf,Z00531ED,2026-08-20T00:00:00Z,admin,2026-08-20T00:00:00Z,admin
03e57caf-8805-45b0-92a3-95393b14873c,d89b2ebe-85ce-474d-b46e-1c90de967ccf,Z00578UN,2026-08-20T00:00:00Z,admin,2026-08-20T00:00:00Z,admin
0196eaf7-8ff0-41b2-b816-955fbe75a4c2,d89b2ebe-85ce-474d-b46e-1c90de967ccf,Z0022MPU,2026-08-20T00:00:00Z,admin,2026-08-20T00:00:00Z,admin
c3cac80f-c03c-4a9a-919f-45af2317cf59,d89b2ebe-85ce-474d-b46e-1c90de967ccf,Z00360RB,2026-08-20T00:00:00Z,admin,2026-08-20T00:00:00Z,admin
7a75b04d-9c23-4777-9616-c1160825612f,d89b2ebe-85ce-474d-b46e-1c90de967ccf,Z00580YJ,2026-08-20T00:00:00Z,admin,2026-08-20T00:00:00Z,admin
86da81b6-c611-48eb-adf0-e36b995bf7db,d89b2ebe-85ce-474d-b46e-1c90de967ccf,Z004XVAB,2026-08-20T00:00:00Z,admin,2026-08-20T00:00:00Z,admin
26166212-32f9-459c-bb21-049475a85268,d89b2ebe-85ce-474d-b46e-1c90de967ccf,Z00503ZF,2026-08-20T00:00:00Z,admin,2026-08-20T00:00:00Z,admin
d78132d2-704b-4c4c-b61d-f6518e8a922c,d89b2ebe-85ce-474d-b46e-1c90de967ccf,Z0053X3Z,2026-08-20T00:00:00Z,admin,2026-08-20T00:00:00Z,admin
d9d7c4ad-72bb-4611-906a-7ee0db047fa6,d89b2ebe-85ce-474d-b46e-1c90de967ccf,Z004Z8HY,2026-08-20T00:00:00Z,admin,2026-08-20T00:00:00Z,admin
5d8e51f6-ffb1-419f-a23b-b06690aece14,d89b2ebe-85ce-474d-b46e-1c90de967ccf,Z00366PH,2026-08-20T00:00:00Z,admin,2026-08-20T00:00:00Z,admin
9c4657b5-b810-4c50-a2e7-12eb1a42232f,d89b2ebe-85ce-474d-b46e-1c90de967ccf,Z002M9XR,2026-08-20T00:00:00Z,admin,2026-08-20T00:00:00Z,admin
eca0b4ca-ef75-4ca3-b7c5-38096a98e2d2,d89b2ebe-85ce-474d-b46e-1c90de967ccf,Z0059DWT,2026-08-20T00:00:00Z,admin,2026-08-20T00:00:00Z,admin
f819936c-d756-4986-bcf5-fec9db0e4901,d89b2ebe-85ce-474d-b46e-1c90de967ccf,Z005989N,2026-08-20T00:00:00Z,admin,2026-08-20T00:00:00Z,admin
e6d8b3a2-295d-44a8-8c65-e8ad44e01592,d89b2ebe-85ce-474d-b46e-1c90de967ccf,Z0059DYC,2026-08-20T00:00:00Z,admin,2026-08-20T00:00:00Z,admin
389a9431-7d19-4d4d-ae2e-c89395fc116e,d89b2ebe-85ce-474d-b46e-1c90de967ccf,Z0047WTV,2026-08-20T00:00:00Z,admin,2026-08-20T00:00:00Z,admin
a52c3186-522a-4431-b5bf-1554d718c734,d89b2ebe-85ce-474d-b46e-1c90de967ccf,Z0041UVN,2026-08-20T00:00:00Z,admin,2026-08-20T00:00:00Z,admin
5658f1dc-ba48-4302-8d5e-b93609a5e714,d89b2ebe-85ce-474d-b46e-1c90de967ccf,Z004E9UK,2026-08-20T00:00:00Z,admin,2026-08-20T00:00:00Z,admin
3dbe15bb-5a25-40d6-a4ef-781fbbeb7d03,d89b2ebe-85ce-474d-b46e-1c90de967ccf,Z004NM6Y,2026-08-20T00:00:00Z,admin,2026-08-20T00:00:00Z,admin
b523a1c1-4f43-4bad-9f5f-43fd15bd24fc,3d06b71c-35cc-4933-b6d4-a574a005ee8e,Z004TAMU,2026-08-20T00:00:00Z,admin,2026-08-20T00:00:00Z,admin
f5e72dd9-d6ef-4cd3-af0b-1cc28ad31e9a,3d06b71c-35cc-4933-b6d4-a574a005ee8e,Z00531DY,2026-08-20T00:00:00Z,admin,2026-08-20T00:00:00Z,admin
8a3b4c54-2aeb-4579-9c3f-7a2ee140e722,3d06b71c-35cc-4933-b6d4-a574a005ee8e,Z004XVAC,2026-08-20T00:00:00Z,admin,2026-08-20T00:00:00Z,admin
6b2c12a5-28d5-412f-9d15-8b4e4aa0fecd,3d06b71c-35cc-4933-b6d4-a574a005ee8e,Z0052TYP,2026-08-20T00:00:00Z,admin,2026-08-20T00:00:00Z,admin
6e58d77a-cb51-47ba-a2bd-b2c98c93e2ce,3d06b71c-35cc-4933-b6d4-a574a005ee8e,Z002Z66N,2026-08-20T00:00:00Z,admin,2026-08-20T00:00:00Z,admin
36200834-748e-4acb-b3e5-12e814f80a77,3d06b71c-35cc-4933-b6d4-a574a005ee8e,Z004YK1R,2026-08-20T00:00:00Z,admin,2026-08-20T00:00:00Z,admin
b6ceaebc-79fb-4feb-9d14-bb1da91607d0,3d06b71c-35cc-4933-b6d4-a574a005ee8e,Z004Z7ZE,2026-08-20T00:00:00Z,admin,2026-08-20T00:00:00Z,admin
7317f014-f360-40ba-b9a4-1b157811a9da,3d06b71c-35cc-4933-b6d4-a574a005ee8e,Z0054KNE,2026-08-20T00:00:00Z,admin,2026-08-20T00:00:00Z,admin
1e4e8c6a-225e-4ce0-a379-57029537678a,3d06b71c-35cc-4933-b6d4-a574a005ee8e,Z0028XMJ,2026-08-20T00:00:00Z,admin,2026-08-20T00:00:00Z,admin
4c7b5dc4-444d-4e05-9d01-ca427caf49fb,3d06b71c-35cc-4933-b6d4-a574a005ee8e,Z004FUJT,2026-08-20T00:00:00Z,admin,2026-08-20T00:00:00Z,admin
70545071-ce69-439b-a07f-353a370fff4a,3d06b71c-35cc-4933-b6d4-a574a005ee8e,Z001WYDU,2026-08-20T00:00:00Z,admin,2026-08-20T00:00:00Z,admin
7af58946-ad66-42de-8f81-7a1413b4f9fc,3d06b71c-35cc-4933-b6d4-a574a005ee8e,Z0014WKT,2026-08-20T00:00:00Z,admin,2026-08-20T00:00:00Z,admin
a18c3794-1bb5-43cb-b6d8-8161960ea5e2,3d06b71c-35cc-4933-b6d4-a574a005ee8e,Z0039MYX,2026-08-20T00:00:00Z,admin,2026-08-20T00:00:00Z,admin
060202f3-30d9-4e82-8124-78722f9f3eaf,3d06b71c-35cc-4933-b6d4-a574a005ee8e,Z0051EJU,2026-08-20T00:00:00Z,admin,2026-08-20T00:00:00Z,admin
d72f8faa-2ecf-4c5f-8f38-ae5b21331bb0,3d06b71c-35cc-4933-b6d4-a574a005ee8e,Z003RN6R,2026-08-20T00:00:00Z,admin,2026-08-20T00:00:00Z,admin
0ac0b875-722b-4848-9f41-dc76d9cdc91c,3d06b71c-35cc-4933-b6d4-a574a005ee8e,Z0046D7W,2026-08-20T00:00:00Z,admin,2026-08-20T00:00:00Z,admin
8989e269-c7d4-4cc1-96eb-5b692dcd2ab9,3d06b71c-35cc-4933-b6d4-a574a005ee8e,Z000268E,2026-08-20T00:00:00Z,admin,2026-08-20T00:00:00Z,admin
261dfefb-17d4-4a9b-bb03-73c442547463,3d06b71c-35cc-4933-b6d4-a574a005ee8e,Z002JB9N,2026-08-20T00:00:00Z,admin,2026-08-20T00:00:00Z,admin
7e9bf95b-8e35-46e9-96fc-6ddeb9394d2b,3d06b71c-35cc-4933-b6d4-a574a005ee8e,Z002ZJEH,2026-08-20T00:00:00Z,admin,2026-08-20T00:00:00Z,admin
1499fd00-9dc5-477a-9141-c17b69c7580a,3d06b71c-35cc-4933-b6d4-a574a005ee8e,Z0033TXK,2026-08-20T00:00:00Z,admin,2026-08-20T00:00:00Z,admin
6fdb38e9-2340-4dc1-a0e4-00a71f50e3b5,3d06b71c-35cc-4933-b6d4-a574a005ee8e,Z0037XDV,2026-08-20T00:00:00Z,admin,2026-08-20T00:00:00Z,admin
a69c6fb4-a83f-4af2-820a-2ecb46d5d64f,3d06b71c-35cc-4933-b6d4-a574a005ee8e,Z0030F0C,2026-08-20T00:00:00Z,admin,2026-08-20T00:00:00Z,admin
21cd7331-a3ed-40c2-b94f-0fd089cb890f,3d06b71c-35cc-4933-b6d4-a574a005ee8e,Z0049ETY,2026-08-20T00:00:00Z,admin,2026-08-20T00:00:00Z,admin
3b081a09-6edd-45bf-918a-fdf7eb1504d1,3d06b71c-35cc-4933-b6d4-a574a005ee8e,Z00531ED,2026-08-20T00:00:00Z,admin,2026-08-20T00:00:00Z,admin
e52621e9-fc97-4099-9f77-d40620744fac,3d06b71c-35cc-4933-b6d4-a574a005ee8e,Z00578UN,2026-08-20T00:00:00Z,admin,2026-08-20T00:00:00Z,admin
96e4a8bf-537a-400b-bcb1-aa9e9cadbc82,3d06b71c-35cc-4933-b6d4-a574a005ee8e,Z0022MPU,2026-08-20T00:00:00Z,admin,2026-08-20T00:00:00Z,admin
c2222c62-3f00-4320-b9f5-682c3fbafc62,3d06b71c-35cc-4933-b6d4-a574a005ee8e,Z00360RB,2026-08-20T00:00:00Z,admin,2026-08-20T00:00:00Z,admin
30ae2495-c751-425b-acf3-2e2197ce1e51,3d06b71c-35cc-4933-b6d4-a574a005ee8e,Z00580YJ,2026-08-20T00:00:00Z,admin,2026-08-20T00:00:00Z,admin
e39707c6-b9f2-4aa6-b23e-ec8638b862eb,3d06b71c-35cc-4933-b6d4-a574a005ee8e,Z004XVAB,2026-08-20T00:00:00Z,admin,2026-08-20T00:00:00Z,admin
08ac4cdf-f2c5-456b-8c6a-44d7911b3dfb,3d06b71c-35cc-4933-b6d4-a574a005ee8e,Z00503ZF,2026-08-20T00:00:00Z,admin,2026-08-20T00:00:00Z,admin
1f1d16c2-05a3-47e1-a0f5-dfd9edb3a0a6,3d06b71c-35cc-4933-b6d4-a574a005ee8e,Z0053X3Z,2026-08-20T00:00:00Z,admin,2026-08-20T00:00:00Z,admin
92e830aa-4cc7-4f76-8423-4b89fdda8cec,3d06b71c-35cc-4933-b6d4-a574a005ee8e,Z004Z8HY,2026-08-20T00:00:00Z,admin,2026-08-20T00:00:00Z,admin
eb4bcf54-d19e-4413-841b-e6d118bca3b1,3d06b71c-35cc-4933-b6d4-a574a005ee8e,Z00366PH,2026-08-20T00:00:00Z,admin,2026-08-20T00:00:00Z,admin
a98fc8be-c766-4d29-bfa2-7884a1371617,3d06b71c-35cc-4933-b6d4-a574a005ee8e,Z002M9XR,2026-08-20T00:00:00Z,admin,2026-08-20T00:00:00Z,admin
7d64cee1-2cc8-4664-9f71-66a5b2c62809,3d06b71c-35cc-4933-b6d4-a574a005ee8e,Z0059DWT,2026-08-20T00:00:00Z,admin,2026-08-20T00:00:00Z,admin
0601a26c-02b0-4d88-b505-d19e1ee53130,3d06b71c-35cc-4933-b6d4-a574a005ee8e,Z005989N,2026-08-20T00:00:00Z,admin,2026-08-20T00:00:00Z,admin
a3752ef3-e0b4-45e8-a84b-22bb0bbee592,3d06b71c-35cc-4933-b6d4-a574a005ee8e,Z0059DYC,2026-08-20T00:00:00Z,admin,2026-08-20T00:00:00Z,admin
d98d6c4d-909c-4042-88af-912dcfc7a2f0,3d06b71c-35cc-4933-b6d4-a574a005ee8e,Z0047WTV,2026-08-20T00:00:00Z,admin,2026-08-20T00:00:00Z,admin
1986312c-ffa8-45cf-b204-340de8e57881,3d06b71c-35cc-4933-b6d4-a574a005ee8e,Z0041UVN,2026-08-20T00:00:00Z,admin,2026-08-20T00:00:00Z,admin
314654b1-60df-4f17-be79-9811e9c2c32c,3d06b71c-35cc-4933-b6d4-a574a005ee8e,Z004E9UK,2026-08-20T00:00:00Z,admin,2026-08-20T00:00:00Z,admin
3c71ca79-b3f2-4fb6-b4d5-74d9f14866c0,3d06b71c-35cc-4933-b6d4-a574a005ee8e,Z004NM6Y,2026-08-20T00:00:00Z,admin,2026-08-20T00:00:00Z,admin
d31324bd-514e-43d0-865a-c5380391793c,e1a74a2e-0d0e-4d62-9857-2a73c296a688,Z004TAMU,2026-08-20T00:00:00Z,admin,2026-08-20T00:00:00Z,admin
e98a6413-42bb-4911-b497-6142798f8ce1,e1a74a2e-0d0e-4d62-9857-2a73c296a688,Z00531DY,2026-08-20T00:00:00Z,admin,2026-08-20T00:00:00Z,admin
7162aa31-9a5c-4c64-a7cb-f2af2feca958,e1a74a2e-0d0e-4d62-9857-2a73c296a688,Z004XVAC,2026-08-20T00:00:00Z,admin,2026-08-20T00:00:00Z,admin
e7dc0c17-bc97-4e4f-ab64-7d79a8e46f0e,e1a74a2e-0d0e-4d62-9857-2a73c296a688,Z0052TYP,2026-08-20T00:00:00Z,admin,2026-08-20T00:00:00Z,admin
4410fbb2-7025-4931-b664-3375d1f1b5c1,e1a74a2e-0d0e-4d62-9857-2a73c296a688,Z002Z66N,2026-08-20T00:00:00Z,admin,2026-08-20T00:00:00Z,admin
6bb2fabc-a73c-48ed-8082-dcc5026f1b6e,e1a74a2e-0d0e-4d62-9857-2a73c296a688,Z004YK1R,2026-08-20T00:00:00Z,admin,2026-08-20T00:00:00Z,admin
e3798cbf-803a-4ab4-bbdc-9cd2eb6caa58,e1a74a2e-0d0e-4d62-9857-2a73c296a688,Z004Z7ZE,2026-08-20T00:00:00Z,admin,2026-08-20T00:00:00Z,admin
a1c7f04f-d934-4e9c-bc9c-304174cacc76,e1a74a2e-0d0e-4d62-9857-2a73c296a688,Z0054KNE,2026-08-20T00:00:00Z,admin,2026-08-20T00:00:00Z,admin
32cde679-f5ea-4962-bd7b-7ca4813afe41,e1a74a2e-0d0e-4d62-9857-2a73c296a688,Z0028XMJ,2026-08-20T00:00:00Z,admin,2026-08-20T00:00:00Z,admin
01b1ca3f-de2c-4aec-b36e-bf7b1ca02f9f,e1a74a2e-0d0e-4d62-9857-2a73c296a688,Z004FUJT,2026-08-20T00:00:00Z,admin,2026-08-20T00:00:00Z,admin
aa5b522c-b375-4a13-8b3a-c6162817297d,e1a74a2e-0d0e-4d62-9857-2a73c296a688,Z001WYDU,2026-08-20T00:00:00Z,admin,2026-08-20T00:00:00Z,admin
f9fc3dda-083e-441a-ac58-8668847b898c,e1a74a2e-0d0e-4d62-9857-2a73c296a688,Z0014WKT,2026-08-20T00:00:00Z,admin,2026-08-20T00:00:00Z,admin
a4a914f7-ac63-4a11-b050-1675347f0800,e1a74a2e-0d0e-4d62-9857-2a73c296a688,Z0039MYX,2026-08-20T00:00:00Z,admin,2026-08-20T00:00:00Z,admin
92cf7198-0daa-479b-8eaf-51953102daa1,e1a74a2e-0d0e-4d62-9857-2a73c296a688,Z0051EJU,2026-08-20T00:00:00Z,admin,2026-08-20T00:00:00Z,admin
162357f8-cc6d-4e2f-86a8-0170ad7dc841,e1a74a2e-0d0e-4d62-9857-2a73c296a688,Z003RN6R,2026-08-20T00:00:00Z,admin,2026-08-20T00:00:00Z,admin
4bf81c2c-5530-4b07-aa0b-e946beb800fa,e1a74a2e-0d0e-4d62-9857-2a73c296a688,Z0046D7W,2026-08-20T00:00:00Z,admin,2026-08-20T00:00:00Z,admin
c9e0dd10-1c75-4aa1-b533-9af7c6497251,e1a74a2e-0d0e-4d62-9857-2a73c296a688,Z000268E,2026-08-20T00:00:00Z,admin,2026-08-20T00:00:00Z,admin
dc11fa9a-2591-408e-88c5-1c416cde405a,e1a74a2e-0d0e-4d62-9857-2a73c296a688,Z002JB9N,2026-08-20T00:00:00Z,admin,2026-08-20T00:00:00Z,admin
5944cb77-cebd-4360-b944-3a4f770ab3c1,e1a74a2e-0d0e-4d62-9857-2a73c296a688,Z002ZJEH,2026-08-20T00:00:00Z,admin,2026-08-20T00:00:00Z,admin
85892c39-2a03-41fa-a628-e8a321a58500,e1a74a2e-0d0e-4d62-9857-2a73c296a688,Z0033TXK,2026-08-20T00:00:00Z,admin,2026-08-20T00:00:00Z,admin
bc6a8ba4-2a11-4f2a-a9f4-fec2835a455c,e1a74a2e-0d0e-4d62-9857-2a73c296a688,Z0037XDV,2026-08-20T00:00:00Z,admin,2026-08-20T00:00:00Z,admin
07d081b3-1de4-4bab-848b-fb20131b9a44,e1a74a2e-0d0e-4d62-9857-2a73c296a688,Z0030F0C,2026-08-20T00:00:00Z,admin,2026-08-20T00:00:00Z,admin
b35e7253-2991-49b1-9fa4-861191c428d3,e1a74a2e-0d0e-4d62-9857-2a73c296a688,Z0049ETY,2026-08-20T00:00:00Z,admin,2026-08-20T00:00:00Z,admin
bd2eadd6-69dc-4dc3-911e-0de1d17f10ed,e1a74a2e-0d0e-4d62-9857-2a73c296a688,Z00531ED,2026-08-20T00:00:00Z,admin,2026-08-20T00:00:00Z,admin
2a064b56-ecd6-40e5-9ce9-3b3df2efd34d,e1a74a2e-0d0e-4d62-9857-2a73c296a688,Z00578UN,2026-08-20T00:00:00Z,admin,2026-08-20T00:00:00Z,admin
e6c37ef5-7c6c-4ab0-8f84-10aa4cc1d377,e1a74a2e-0d0e-4d62-9857-2a73c296a688,Z0022MPU,2026-08-20T00:00:00Z,admin,2026-08-20T00:00:00Z,admin
b4374356-8f3f-4ff9-a67a-1f814227baaf,e1a74a2e-0d0e-4d62-9857-2a73c296a688,Z00360RB,2026-08-20T00:00:00Z,admin,2026-08-20T00:00:00Z,admin
a4434d52-a424-4546-952d-134122ebfef1,e1a74a2e-0d0e-4d62-9857-2a73c296a688,Z00580YJ,2026-08-20T00:00:00Z,admin,2026-08-20T00:00:00Z,admin
e188cacf-e9f4-46da-9376-b8c9f182314a,e1a74a2e-0d0e-4d62-9857-2a73c296a688,Z004XVAB,2026-08-20T00:00:00Z,admin,2026-08-20T00:00:00Z,admin
91911139-788e-48eb-aa8d-fc70324c3c57,e1a74a2e-0d0e-4d62-9857-2a73c296a688,Z00503ZF,2026-08-20T00:00:00Z,admin,2026-08-20T00:00:00Z,admin
807dc2b5-813e-47be-a6f4-ec81aba7acca,e1a74a2e-0d0e-4d62-9857-2a73c296a688,Z0053X3Z,2026-08-20T00:00:00Z,admin,2026-08-20T00:00:00Z,admin
9fe94965-d83c-42ae-bae8-db86f414ce37,e1a74a2e-0d0e-4d62-9857-2a73c296a688,Z004Z8HY,2026-08-20T00:00:00Z,admin,2026-08-20T00:00:00Z,admin
e0c68372-74f7-45d5-b9fa-a01ce575b79e,e1a74a2e-0d0e-4d62-9857-2a73c296a688,Z00366PH,2026-08-20T00:00:00Z,admin,2026-08-20T00:00:00Z,admin
60355579-bba3-4496-8dfd-166d5959c7b8,e1a74a2e-0d0e-4d62-9857-2a73c296a688,Z002M9XR,2026-08-20T00:00:00Z,admin,2026-08-20T00:00:00Z,admin
883bfaa3-6686-4b1e-8626-02f0ca2fc00f,e1a74a2e-0d0e-4d62-9857-2a73c296a688,Z0059DWT,2026-08-20T00:00:00Z,admin,2026-08-20T00:00:00Z,admin
a70a446a-329f-45fb-be41-4be6c7e80c5d,e1a74a2e-0d0e-4d62-9857-2a73c296a688,Z005989N,2026-08-20T00:00:00Z,admin,2026-08-20T00:00:00Z,admin
b67d32cb-463a-4406-b553-c2634cb0a22a,e1a74a2e-0d0e-4d62-9857-2a73c296a688,Z0059DYC,2026-08-20T00:00:00Z,admin,2026-08-20T00:00:00Z,admin
55c58b3c-14d7-4800-8ecc-800ac05045e0,e1a74a2e-0d0e-4d62-9857-2a73c296a688,Z0047WTV,2026-08-20T00:00:00Z,admin,2026-08-20T00:00:00Z,admin
ae95d110-1cbe-4640-aaab-df326b7a8136,208e4108-c0c4-4795-825b-da00f376f281,Z004TAMU,2026-08-20T00:00:00Z,admin,2026-08-20T00:00:00Z,admin
09fb0a8b-ef78-4c54-9684-4938f77d7112,208e4108-c0c4-4795-825b-da00f376f281,Z00531DY,2026-08-20T00:00:00Z,admin,2026-08-20T00:00:00Z,admin
b7a4573e-9dc9-4010-8b4b-19a6bd79d9c4,208e4108-c0c4-4795-825b-da00f376f281,Z004XVAC,2026-08-20T00:00:00Z,admin,2026-08-20T00:00:00Z,admin
7aaf5c39-ca43-4d9a-a3c6-9bd019147fe3,208e4108-c0c4-4795-825b-da00f376f281,Z0052TYP,2026-08-20T00:00:00Z,admin,2026-08-20T00:00:00Z,admin
034089c2-4bd8-4af5-a658-d4309058d23a,208e4108-c0c4-4795-825b-da00f376f281,Z002Z66N,2026-08-20T00:00:00Z,admin,2026-08-20T00:00:00Z,admin
38171e60-e10a-440b-9176-bacce25b6042,208e4108-c0c4-4795-825b-da00f376f281,Z004YK1R,2026-08-20T00:00:00Z,admin,2026-08-20T00:00:00Z,admin
a588b7b0-5224-4c7b-b91b-82a2494aeaad,208e4108-c0c4-4795-825b-da00f376f281,Z004Z7ZE,2026-08-20T00:00:00Z,admin,2026-08-20T00:00:00Z,admin
70ca18c3-d8e0-4e92-b692-46c49ac81ecd,208e4108-c0c4-4795-825b-da00f376f281,Z0054KNE,2026-08-20T00:00:00Z,admin,2026-08-20T00:00:00Z,admin
d3e7a490-f94d-4734-9a2b-0845d958c65b,208e4108-c0c4-4795-825b-da00f376f281,Z0028XMJ,2026-08-20T00:00:00Z,admin,2026-08-20T00:00:00Z,admin
50a94860-c153-4c24-a860-1de0e874e12a,208e4108-c0c4-4795-825b-da00f376f281,Z004FUJT,2026-08-20T00:00:00Z,admin,2026-08-20T00:00:00Z,admin
3fea3d82-3bdc-41a4-b0bd-4489ca3fe0c5,208e4108-c0c4-4795-825b-da00f376f281,Z001WYDU,2026-08-20T00:00:00Z,admin,2026-08-20T00:00:00Z,admin
70419e12-6c1a-466b-b3f8-d6780bfea04f,208e4108-c0c4-4795-825b-da00f376f281,Z0014WKT,2026-08-20T00:00:00Z,admin,2026-08-20T00:00:00Z,admin
3e50b66e-42db-4769-bc69-134e468832d5,208e4108-c0c4-4795-825b-da00f376f281,Z0039MYX,2026-08-20T00:00:00Z,admin,2026-08-20T00:00:00Z,admin
3be9a33e-bac5-412e-8cbc-e4283c770b15,208e4108-c0c4-4795-825b-da00f376f281,Z0051EJU,2026-08-20T00:00:00Z,admin,2026-08-20T00:00:00Z,admin
bfbb3726-398e-4cb5-b0ef-786a9061c557,208e4108-c0c4-4795-825b-da00f376f281,Z003RN6R,2026-08-20T00:00:00Z,admin,2026-08-20T00:00:00Z,admin
0db60a52-dc2e-43a1-9fa3-0c3a294c90b4,208e4108-c0c4-4795-825b-da00f376f281,Z0046D7W,2026-08-20T00:00:00Z,admin,2026-08-20T00:00:00Z,admin
ea1aded4-c800-445f-82bb-ce9693900a5e,208e4108-c0c4-4795-825b-da00f376f281,Z000268E,2026-08-20T00:00:00Z,admin,2026-08-20T00:00:00Z,admin
e28f82aa-18eb-42a9-802e-4d56e654fec2,208e4108-c0c4-4795-825b-da00f376f281,Z002JB9N,2026-08-20T00:00:00Z,admin,2026-08-20T00:00:00Z,admin
72890b93-771c-4ef2-92b9-829b5eba5b90,208e4108-c0c4-4795-825b-da00f376f281,Z002ZJEH,2026-08-20T00:00:00Z,admin,2026-08-20T00:00:00Z,admin
b56cb88c-a949-4837-9142-24c607c510c5,208e4108-c0c4-4795-825b-da00f376f281,Z0033TXK,2026-08-20T00:00:00Z,admin,2026-08-20T00:00:00Z,admin
2cb2e886-7df0-421d-917d-a94f5c6adb6f,208e4108-c0c4-4795-825b-da00f376f281,Z0037XDV,2026-08-20T00:00:00Z,admin,2026-08-20T00:00:00Z,admin
6cc5b35d-c3fe-4601-a352-86d06f5e0558,208e4108-c0c4-4795-825b-da00f376f281,Z0030F0C,2026-08-20T00:00:00Z,admin,2026-08-20T00:00:00Z,admin
4eba39f9-c5d5-4255-8779-f1fe76359ce6,208e4108-c0c4-4795-825b-da00f376f281,Z0049ETY,2026-08-20T00:00:00Z,admin,2026-08-20T00:00:00Z,admin
49f0a02d-e501-4f6e-ac39-fa8fbef59610,208e4108-c0c4-4795-825b-da00f376f281,Z00531ED,2026-08-20T00:00:00Z,admin,2026-08-20T00:00:00Z,admin
7e7816a3-ad6c-4e73-a1d3-7708b4fae262,208e4108-c0c4-4795-825b-da00f376f281,Z00578UN,2026-08-20T00:00:00Z,admin,2026-08-20T00:00:00Z,admin
4d188bca-1d5c-4139-91d3-873706b0c4ac,208e4108-c0c4-4795-825b-da00f376f281,Z0022MPU,2026-08-20T00:00:00Z,admin,2026-08-20T00:00:00Z,admin
30cfc24b-949b-447b-83b5-042da716dd09,208e4108-c0c4-4795-825b-da00f376f281,Z00360RB,2026-08-20T00:00:00Z,admin,2026-08-20T00:00:00Z,admin
81269d35-cc5a-44e1-b809-9297f562baeb,208e4108-c0c4-4795-825b-da00f376f281,Z00580YJ,2026-08-20T00:00:00Z,admin,2026-08-20T00:00:00Z,admin
7eef34b8-7bf4-4a71-893f-807c2cb877b8,208e4108-c0c4-4795-825b-da00f376f281,Z004XVAB,2026-08-20T00:00:00Z,admin,2026-08-20T00:00:00Z,admin
aee59790-222b-4031-8697-4ab293e8a30a,208e4108-c0c4-4795-825b-da00f376f281,Z00503ZF,2026-08-20T00:00:00Z,admin,2026-08-20T00:00:00Z,admin
75fe899a-83fa-4e42-baa3-274791102c65,208e4108-c0c4-4795-825b-da00f376f281,Z0053X3Z,2026-08-20T00:00:00Z,admin,2026-08-20T00:00:00Z,admin
a1bb17f7-7509-459f-ba2f-0dbc5ee5e9f1,208e4108-c0c4-4795-825b-da00f376f281,Z004Z8HY,2026-08-20T00:00:00Z,admin,2026-08-20T00:00:00Z,admin
1a675556-16b9-4fe7-868a-c0f1031effa0,208e4108-c0c4-4795-825b-da00f376f281,Z00366PH,2026-08-20T00:00:00Z,admin,2026-08-20T00:00:00Z,admin
64076e02-e6ad-4796-86ad-1bcdd40a5de0,208e4108-c0c4-4795-825b-da00f376f281,Z002M9XR,2026-08-20T00:00:00Z,admin,2026-08-20T00:00:00Z,admin
e856cb87-3e06-478e-a873-6ac7e1400306,208e4108-c0c4-4795-825b-da00f376f281,Z0059DWT,2026-08-20T00:00:00Z,admin,2026-08-20T00:00:00Z,admin
41f01f94-3e54-4cf4-990f-d2f43335e279,208e4108-c0c4-4795-825b-da00f376f281,Z005989N,2026-08-20T00:00:00Z,admin,2026-08-20T00:00:00Z,admin
e609020d-0bf0-4593-8737-0df527479f4c,208e4108-c0c4-4795-825b-da00f376f281,Z0059DYC,2026-08-20T00:00:00Z,admin,2026-08-20T00:00:00Z,admin
9e7b7dbb-2a09-4a68-acef-3aade8d72768,208e4108-c0c4-4795-825b-da00f376f281,Z0047WTV,2026-08-20T00:00:00Z,admin,2026-08-20T00:00:00Z,admin
906421ab-1809-450d-a391-1cb8ce199277,208e4108-c0c4-4795-825b-da00f376f281,Z0041UVN,2026-08-20T00:00:00Z,admin,2026-08-20T00:00:00Z,admin
bfe5a098-af27-4653-b286-da7d7536fd3e,208e4108-c0c4-4795-825b-da00f376f281,Z004E9UK,2026-08-20T00:00:00Z,admin,2026-08-20T00:00:00Z,admin
071cec4e-9cae-4576-a725-5bc3914f6b67,208e4108-c0c4-4795-825b-da00f376f281,Z004NM6Y,2026-08-20T00:00:00Z,admin,2026-08-20T00:00:00Z,admin
90abbb99-bd11-42e2-851c-695016b22f11,57c31412-3135-44fd-8eed-2ca85368bd4a,Z004TAMU,2026-08-20T00:00:00Z,admin,2026-08-20T00:00:00Z,admin
0363bb06-c623-4067-bfd1-a74ffc66b8a5,57c31412-3135-44fd-8eed-2ca85368bd4a,Z00531DY,2026-08-20T00:00:00Z,admin,2026-08-20T00:00:00Z,admin
283d4b12-e5b0-4f96-a29b-b5435873a6b6,57c31412-3135-44fd-8eed-2ca85368bd4a,Z004XVAC,2026-08-20T00:00:00Z,admin,2026-08-20T00:00:00Z,admin
e9975136-2a55-464f-8f1f-aa1dea08ac0c,57c31412-3135-44fd-8eed-2ca85368bd4a,Z0052TYP,2026-08-20T00:00:00Z,admin,2026-08-20T00:00:00Z,admin
785fab60-d04a-447e-83c7-8d7b42530d35,57c31412-3135-44fd-8eed-2ca85368bd4a,Z002Z66N,2026-08-20T00:00:00Z,admin,2026-08-20T00:00:00Z,admin
3a322e19-b120-4366-9a52-ffa282969a76,57c31412-3135-44fd-8eed-2ca85368bd4a,Z004YK1R,2026-08-20T00:00:00Z,admin,2026-08-20T00:00:00Z,admin
52a61fff-85f5-4efd-8c9a-351c94f7e36a,57c31412-3135-44fd-8eed-2ca85368bd4a,Z004Z7ZE,2026-08-20T00:00:00Z,admin,2026-08-20T00:00:00Z,admin
c54143c5-17a2-4d01-bbba-514f5fd46e5d,57c31412-3135-44fd-8eed-2ca85368bd4a,Z0054KNE,2026-08-20T00:00:00Z,admin,2026-08-20T00:00:00Z,admin
9abb6511-07cb-4648-b5d1-874b760d8644,57c31412-3135-44fd-8eed-2ca85368bd4a,Z0028XMJ,2026-08-20T00:00:00Z,admin,2026-08-20T00:00:00Z,admin
5aeaf377-b01d-4ba3-9460-ca6d33f40e8c,57c31412-3135-44fd-8eed-2ca85368bd4a,Z004FUJT,2026-08-20T00:00:00Z,admin,2026-08-20T00:00:00Z,admin
d45e059f-82b1-489e-ad79-285700e0cc65,57c31412-3135-44fd-8eed-2ca85368bd4a,Z001WYDU,2026-08-20T00:00:00Z,admin,2026-08-20T00:00:00Z,admin
770dbf40-b15c-4924-af17-1746ae2a7415,57c31412-3135-44fd-8eed-2ca85368bd4a,Z0014WKT,2026-08-20T00:00:00Z,admin,2026-08-20T00:00:00Z,admin
25eb501c-b637-4d15-b2b5-109a16d28d9e,57c31412-3135-44fd-8eed-2ca85368bd4a,Z0039MYX,2026-08-20T00:00:00Z,admin,2026-08-20T00:00:00Z,admin
67a2e6ea-3873-4e3d-b417-9bd1c09a25f8,57c31412-3135-44fd-8eed-2ca85368bd4a,Z0051EJU,2026-08-20T00:00:00Z,admin,2026-08-20T00:00:00Z,admin
977ad243-f29b-43a0-a67b-da6111db26fc,57c31412-3135-44fd-8eed-2ca85368bd4a,Z003RN6R,2026-08-20T00:00:00Z,admin,2026-08-20T00:00:00Z,admin
8e225a0e-5ae5-4f37-a43a-16a37f7ea31d,57c31412-3135-44fd-8eed-2ca85368bd4a,Z0046D7W,2026-08-20T00:00:00Z,admin,2026-08-20T00:00:00Z,admin
6a914f35-6cbe-4715-b0b7-8af5c52e5c58,57c31412-3135-44fd-8eed-2ca85368bd4a,Z000268E,2026-08-20T00:00:00Z,admin,2026-08-20T00:00:00Z,admin
8df2c8a4-585b-45d3-99a5-32d2b09d82e4,57c31412-3135-44fd-8eed-2ca85368bd4a,Z002JB9N,2026-08-20T00:00:00Z,admin,2026-08-20T00:00:00Z,admin
ffb97ad1-11bc-43e9-a3f1-bd43006d6149,57c31412-3135-44fd-8eed-2ca85368bd4a,Z002ZJEH,2026-08-20T00:00:00Z,admin,2026-08-20T00:00:00Z,admin
6ed8d368-043f-4368-8705-6edd575e0515,57c31412-3135-44fd-8eed-2ca85368bd4a,Z0033TXK,2026-08-20T00:00:00Z,admin,2026-08-20T00:00:00Z,admin
b1fd0922-428f-44cc-bb23-58b0a3917ddd,57c31412-3135-44fd-8eed-2ca85368bd4a,Z0037XDV,2026-08-20T00:00:00Z,admin,2026-08-20T00:00:00Z,admin
8a0315eb-812e-4c08-9f65-3427c22d026d,57c31412-3135-44fd-8eed-2ca85368bd4a,Z0030F0C,2026-08-20T00:00:00Z,admin,2026-08-20T00:00:00Z,admin
e1493661-48df-4b4b-ae1e-21a1a9700601,57c31412-3135-44fd-8eed-2ca85368bd4a,Z0049ETY,2026-08-20T00:00:00Z,admin,2026-08-20T00:00:00Z,admin
2c55344d-ef49-425f-9ebf-642dbada074e,57c31412-3135-44fd-8eed-2ca85368bd4a,Z00531ED,2026-08-20T00:00:00Z,admin,2026-08-20T00:00:00Z,admin
96c80310-9c86-48f8-b48c-0a141872b9f5,57c31412-3135-44fd-8eed-2ca85368bd4a,Z00578UN,2026-08-20T00:00:00Z,admin,2026-08-20T00:00:00Z,admin
279d85f8-6a4c-4ebf-ab24-9ebb07734f34,57c31412-3135-44fd-8eed-2ca85368bd4a,Z0022MPU,2026-08-20T00:00:00Z,admin,2026-08-20T00:00:00Z,admin
66b3d034-aed8-4ac0-98b6-ee359295d24c,57c31412-3135-44fd-8eed-2ca85368bd4a,Z00360RB,2026-08-20T00:00:00Z,admin,2026-08-20T00:00:00Z,admin
62382e04-090b-4f17-8af6-d4f28a8acc91,57c31412-3135-44fd-8eed-2ca85368bd4a,Z00580YJ,2026-08-20T00:00:00Z,admin,2026-08-20T00:00:00Z,admin
bbb3f4d5-a5f9-4813-859b-2e7226c4069b,57c31412-3135-44fd-8eed-2ca85368bd4a,Z004XVAB,2026-08-20T00:00:00Z,admin,2026-08-20T00:00:00Z,admin
bf852450-2082-4c14-9e88-b5129995b7dc,57c31412-3135-44fd-8eed-2ca85368bd4a,Z00503ZF,2026-08-20T00:00:00Z,admin,2026-08-20T00:00:00Z,admin
d5f3d476-82a6-4d3b-b470-87c860e2870e,57c31412-3135-44fd-8eed-2ca85368bd4a,Z0053X3Z,2026-08-20T00:00:00Z,admin,2026-08-20T00:00:00Z,admin
97d0c747-e77e-41cf-9c0f-fc47ded21007,57c31412-3135-44fd-8eed-2ca85368bd4a,Z004Z8HY,2026-08-20T00:00:00Z,admin,2026-08-20T00:00:00Z,admin
6668a7e9-c675-4940-a9ff-f955b6c6d245,57c31412-3135-44fd-8eed-2ca85368bd4a,Z00366PH,2026-08-20T00:00:00Z,admin,2026-08-20T00:00:00Z,admin
bb82e679-134b-4478-873a-f759a1901058,57c31412-3135-44fd-8eed-2ca85368bd4a,Z002M9XR,2026-08-20T00:00:00Z,admin,2026-08-20T00:00:00Z,admin
6f0ed18d-70f8-414d-b926-319f4aaf7e13,57c31412-3135-44fd-8eed-2ca85368bd4a,Z0059DWT,2026-08-20T00:00:00Z,admin,2026-08-20T00:00:00Z,admin
3d3c0424-9f56-462b-84ae-210d345df99f,57c31412-3135-44fd-8eed-2ca85368bd4a,Z005989N,2026-08-20T00:00:00Z,admin,2026-08-20T00:00:00Z,admin
fdb6a3f4-01fe-4572-accf-bef98987d7e8,57c31412-3135-44fd-8eed-2ca85368bd4a,Z0059DYC,2026-08-20T00:00:00Z,admin,2026-08-20T00:00:00Z,admin
a1d8c117-7a5e-496c-bd8d-31499c48a1f1,57c31412-3135-44fd-8eed-2ca85368bd4a,Z0047WTV,2026-08-20T00:00:00Z,admin,2026-08-20T00:00:00Z,admin
e0965470-e660-46fd-a0b7-9052f94707ff,57c31412-3135-44fd-8eed-2ca85368bd4a,Z0041UVN,2026-08-20T00:00:00Z,admin,2026-08-20T00:00:00Z,admin
dd034faa-a14f-439e-a4ee-2c983c639a47,57c31412-3135-44fd-8eed-2ca85368bd4a,Z004E9UK,2026-08-20T00:00:00Z,admin,2026-08-20T00:00:00Z,admin
f7b976e0-d329-4de9-b6b1-0515fe8e7e56,57c31412-3135-44fd-8eed-2ca85368bd4a,Z004NM6Y,2026-08-20T00:00:00Z,admin,2026-08-20T00:00:00Z,admin
50db29b2-cf99-4780-b876-4f1a69a93390,5a1da965-7d7d-44e5-a88e-bfab681b7cca,Z004TAMU,2026-08-20T00:00:00Z,admin,2026-08-20T00:00:00Z,admin
50c396da-63ac-4f91-9d91-d0d85dec2763,5a1da965-7d7d-44e5-a88e-bfab681b7cca,Z00531DY,2026-08-20T00:00:00Z,admin,2026-08-20T00:00:00Z,admin
c57c29e0-cf33-4ec7-a36d-9c9c361a3bbc,5a1da965-7d7d-44e5-a88e-bfab681b7cca,Z004XVAC,2026-08-20T00:00:00Z,admin,2026-08-20T00:00:00Z,admin
0e1a0b1c-9944-4a9b-aa02-944776f023d9,5a1da965-7d7d-44e5-a88e-bfab681b7cca,Z0052TYP,2026-08-20T00:00:00Z,admin,2026-08-20T00:00:00Z,admin
03ac2b90-2878-484b-aada-4f5962d44b2e,5a1da965-7d7d-44e5-a88e-bfab681b7cca,Z002Z66N,2026-08-20T00:00:00Z,admin,2026-08-20T00:00:00Z,admin
2fbddb44-e16b-45fc-b6a0-fa764f2a404a,5a1da965-7d7d-44e5-a88e-bfab681b7cca,Z004YK1R,2026-08-20T00:00:00Z,admin,2026-08-20T00:00:00Z,admin
641136a1-ab27-4cfa-ae51-2e655c4275e9,5a1da965-7d7d-44e5-a88e-bfab681b7cca,Z004Z7ZE,2026-08-20T00:00:00Z,admin,2026-08-20T00:00:00Z,admin
92a3582b-f825-4008-80c3-bf40fa5525de,5a1da965-7d7d-44e5-a88e-bfab681b7cca,Z0054KNE,2026-08-20T00:00:00Z,admin,2026-08-20T00:00:00Z,admin
9e03b5e6-aab1-4ab7-a62d-7a4a21ab918c,5a1da965-7d7d-44e5-a88e-bfab681b7cca,Z0028XMJ,2026-08-20T00:00:00Z,admin,2026-08-20T00:00:00Z,admin
6dbcca26-f9be-4990-9469-ecd6941a3273,5a1da965-7d7d-44e5-a88e-bfab681b7cca,Z004FUJT,2026-08-20T00:00:00Z,admin,2026-08-20T00:00:00Z,admin
08ceac38-ec5b-49e9-8b3a-3bb69f5627e2,5a1da965-7d7d-44e5-a88e-bfab681b7cca,Z001WYDU,2026-08-20T00:00:00Z,admin,2026-08-20T00:00:00Z,admin
43a65961-25f8-4da1-8de5-92c9ac2db429,5a1da965-7d7d-44e5-a88e-bfab681b7cca,Z0014WKT,2026-08-20T00:00:00Z,admin,2026-08-20T00:00:00Z,admin
bd80811c-2a37-47e0-9ea7-a2705f65e0e9,5a1da965-7d7d-44e5-a88e-bfab681b7cca,Z0039MYX,2026-08-20T00:00:00Z,admin,2026-08-20T00:00:00Z,admin
a6dacb41-8be2-487c-83c1-d29e2659e9af,5a1da965-7d7d-44e5-a88e-bfab681b7cca,Z0051EJU,2026-08-20T00:00:00Z,admin,2026-08-20T00:00:00Z,admin
c07fec0f-1f8d-491d-bdd6-05aecbf81e17,5a1da965-7d7d-44e5-a88e-bfab681b7cca,Z003RN6R,2026-08-20T00:00:00Z,admin,2026-08-20T00:00:00Z,admin
b71f494b-3969-4a0b-8e7c-750f502d9061,5a1da965-7d7d-44e5-a88e-bfab681b7cca,Z0046D7W,2026-08-20T00:00:00Z,admin,2026-08-20T00:00:00Z,admin
aa8ba0a0-f817-4493-a0d9-84a95078db92,5a1da965-7d7d-44e5-a88e-bfab681b7cca,Z000268E,2026-08-20T00:00:00Z,admin,2026-08-20T00:00:00Z,admin
b78022dd-6caf-4320-9e82-014c53af64a6,5a1da965-7d7d-44e5-a88e-bfab681b7cca,Z002JB9N,2026-08-20T00:00:00Z,admin,2026-08-20T00:00:00Z,admin
06bbd25b-0a35-4dd2-b216-d06ad9936c79,5a1da965-7d7d-44e5-a88e-bfab681b7cca,Z002ZJEH,2026-08-20T00:00:00Z,admin,2026-08-20T00:00:00Z,admin
bf9c3120-1340-4813-92eb-8c59cab464ae,5a1da965-7d7d-44e5-a88e-bfab681b7cca,Z0033TXK,2026-08-20T00:00:00Z,admin,2026-08-20T00:00:00Z,admin
87310f1e-6878-469d-9191-8ad4a033d243,5a1da965-7d7d-44e5-a88e-bfab681b7cca,Z0037XDV,2026-08-20T00:00:00Z,admin,2026-08-20T00:00:00Z,admin
5ca8bc55-ddf3-4bc8-8110-180ac1759a9d,5a1da965-7d7d-44e5-a88e-bfab681b7cca,Z0030F0C,2026-08-20T00:00:00Z,admin,2026-08-20T00:00:00Z,admin
3f5edaab-c19a-437f-9f14-67f7088860e8,5a1da965-7d7d-44e5-a88e-bfab681b7cca,Z0049ETY,2026-08-20T00:00:00Z,admin,2026-08-20T00:00:00Z,admin
177894b7-d715-4d64-a4e9-b891f66f64e6,5a1da965-7d7d-44e5-a88e-bfab681b7cca,Z00531ED,2026-08-20T00:00:00Z,admin,2026-08-20T00:00:00Z,admin
990fca59-957d-4677-859e-eeed547bbdf6,5a1da965-7d7d-44e5-a88e-bfab681b7cca,Z00578UN,2026-08-20T00:00:00Z,admin,2026-08-20T00:00:00Z,admin
b68d3ba8-7ec3-4a91-8579-b5eef430a724,5a1da965-7d7d-44e5-a88e-bfab681b7cca,Z0022MPU,2026-08-20T00:00:00Z,admin,2026-08-20T00:00:00Z,admin
a9eb245f-99cf-42e2-8752-8ef08cea3daa,5a1da965-7d7d-44e5-a88e-bfab681b7cca,Z00360RB,2026-08-20T00:00:00Z,admin,2026-08-20T00:00:00Z,admin
19a289fe-563d-4c47-bcf6-1ba87c26285d,5a1da965-7d7d-44e5-a88e-bfab681b7cca,Z00580YJ,2026-08-20T00:00:00Z,admin,2026-08-20T00:00:00Z,admin
4ad78f47-9a77-46f1-bb7d-c87e45892f64,5a1da965-7d7d-44e5-a88e-bfab681b7cca,Z004XVAB,2026-08-20T00:00:00Z,admin,2026-08-20T00:00:00Z,admin
f7c86aa5-ece1-4d79-8495-5eedcdfc0896,5a1da965-7d7d-44e5-a88e-bfab681b7cca,Z00503ZF,2026-08-20T00:00:00Z,admin,2026-08-20T00:00:00Z,admin
6c8b074b-f882-470c-92d0-18bcea94e328,5a1da965-7d7d-44e5-a88e-bfab681b7cca,Z0053X3Z,2026-08-20T00:00:00Z,admin,2026-08-20T00:00:00Z,admin
a7c182ba-cb26-4e6e-b88d-064c5082fea6,5a1da965-7d7d-44e5-a88e-bfab681b7cca,Z004Z8HY,2026-08-20T00:00:00Z,admin,2026-08-20T00:00:00Z,admin
5263e817-2368-4b3d-b8a5-a8b5226462ae,5a1da965-7d7d-44e5-a88e-bfab681b7cca,Z00366PH,2026-08-20T00:00:00Z,admin,2026-08-20T00:00:00Z,admin
80b3d292-8b1b-4b75-9733-3342af9b4047,5a1da965-7d7d-44e5-a88e-bfab681b7cca,Z002M9XR,2026-08-20T00:00:00Z,admin,2026-08-20T00:00:00Z,admin
325cc37e-ae32-4cb6-86fa-f405bdc1dce2,5a1da965-7d7d-44e5-a88e-bfab681b7cca,Z0059DWT,2026-08-20T00:00:00Z,admin,2026-08-20T00:00:00Z,admin
7fda49eb-9575-439d-9b21-d643dc0e7646,5a1da965-7d7d-44e5-a88e-bfab681b7cca,Z005989N,2026-08-20T00:00:00Z,admin,2026-08-20T00:00:00Z,admin
f310bc6c-0c7e-4dbe-8bca-bf4dc6e59847,5a1da965-7d7d-44e5-a88e-bfab681b7cca,Z0059DYC,2026-08-20T00:00:00Z,admin,2026-08-20T00:00:00Z,admin
c96b5bae-55a1-41f0-9b43-9703547f4fa6,5a1da965-7d7d-44e5-a88e-bfab681b7cca,Z0047WTV,2026-08-20T00:00:00Z,admin,2026-08-20T00:00:00Z,admin
bc78c900-7897-4dee-843b-cfbf836593b4,28b35280-5202-473d-a9a6-68f844a34386,Z004TAMU,2026-08-20T00:00:00Z,admin,2026-08-20T00:00:00Z,admin
524ac4d1-162f-4fc7-87ed-5b73d74c75d9,28b35280-5202-473d-a9a6-68f844a34386,Z00531DY,2026-08-20T00:00:00Z,admin,2026-08-20T00:00:00Z,admin
09372c41-9a1a-4a70-8f0d-cd600f5fcbdb,28b35280-5202-473d-a9a6-68f844a34386,Z004XVAC,2026-08-20T00:00:00Z,admin,2026-08-20T00:00:00Z,admin
e691186c-2ce3-40f3-ae86-d44d708dcd3a,28b35280-5202-473d-a9a6-68f844a34386,Z0052TYP,2026-08-20T00:00:00Z,admin,2026-08-20T00:00:00Z,admin
29c3a121-90a2-460e-9065-d5c9c536b856,28b35280-5202-473d-a9a6-68f844a34386,Z002Z66N,2026-08-20T00:00:00Z,admin,2026-08-20T00:00:00Z,admin
197bb761-3b41-4b92-be1c-7abdaf981204,28b35280-5202-473d-a9a6-68f844a34386,Z004YK1R,2026-08-20T00:00:00Z,admin,2026-08-20T00:00:00Z,admin
1e52610d-8d75-4299-9647-7327a814b0d7,28b35280-5202-473d-a9a6-68f844a34386,Z004Z7ZE,2026-08-20T00:00:00Z,admin,2026-08-20T00:00:00Z,admin
ef7635ec-c9d8-4322-a166-132c5af3190e,28b35280-5202-473d-a9a6-68f844a34386,Z0054KNE,2026-08-20T00:00:00Z,admin,2026-08-20T00:00:00Z,admin
ad05867d-3abc-429e-ac0e-fcacdfe53327,28b35280-5202-473d-a9a6-68f844a34386,Z0028XMJ,2026-08-20T00:00:00Z,admin,2026-08-20T00:00:00Z,admin
cd04a6bc-bddf-4fc8-b6ae-1c85b65bfc5e,28b35280-5202-473d-a9a6-68f844a34386,Z004FUJT,2026-08-20T00:00:00Z,admin,2026-08-20T00:00:00Z,admin
d6562af6-0195-42e6-a5f9-a05c27f50c4f,28b35280-5202-473d-a9a6-68f844a34386,Z001WYDU,2026-08-20T00:00:00Z,admin,2026-08-20T00:00:00Z,admin
e87421b8-cb1e-4bdc-8e39-07a6a58d92be,28b35280-5202-473d-a9a6-68f844a34386,Z0014WKT,2026-08-20T00:00:00Z,admin,2026-08-20T00:00:00Z,admin
09c733ab-ca04-4d6e-9da6-e10e88ccc8ce,28b35280-5202-473d-a9a6-68f844a34386,Z0039MYX,2026-08-20T00:00:00Z,admin,2026-08-20T00:00:00Z,admin
d8cc6c37-42f1-4306-a8a8-8272ae7a7a52,28b35280-5202-473d-a9a6-68f844a34386,Z0051EJU,2026-08-20T00:00:00Z,admin,2026-08-20T00:00:00Z,admin
c4981947-673e-4942-add3-c875e6c5108f,28b35280-5202-473d-a9a6-68f844a34386,Z003RN6R,2026-08-20T00:00:00Z,admin,2026-08-20T00:00:00Z,admin
4cc20a8e-a95d-4c97-95a4-0ca4fd0fee39,28b35280-5202-473d-a9a6-68f844a34386,Z0046D7W,2026-08-20T00:00:00Z,admin,2026-08-20T00:00:00Z,admin
40a792d4-6bbb-435c-a815-ac026e12ae27,28b35280-5202-473d-a9a6-68f844a34386,Z000268E,2026-08-20T00:00:00Z,admin,2026-08-20T00:00:00Z,admin
4727e934-7d00-495e-a7f4-1b2bdcfaa10c,28b35280-5202-473d-a9a6-68f844a34386,Z002JB9N,2026-08-20T00:00:00Z,admin,2026-08-20T00:00:00Z,admin
7042c922-ce76-4900-8ba5-a2b73c8df9ff,28b35280-5202-473d-a9a6-68f844a34386,Z002ZJEH,2026-08-20T00:00:00Z,admin,2026-08-20T00:00:00Z,admin
0974f879-a711-4f9f-819a-e13ca67f0d09,28b35280-5202-473d-a9a6-68f844a34386,Z0033TXK,2026-08-20T00:00:00Z,admin,2026-08-20T00:00:00Z,admin
b5409532-94d0-41df-88fe-0172d7ea55c9,28b35280-5202-473d-a9a6-68f844a34386,Z0037XDV,2026-08-20T00:00:00Z,admin,2026-08-20T00:00:00Z,admin
397438f5-419d-4107-8717-21c6544cc7bc,28b35280-5202-473d-a9a6-68f844a34386,Z0030F0C,2026-08-20T00:00:00Z,admin,2026-08-20T00:00:00Z,admin
0e527f07-fb01-4d3f-96fc-5e4e53ac542b,28b35280-5202-473d-a9a6-68f844a34386,Z0049ETY,2026-08-20T00:00:00Z,admin,2026-08-20T00:00:00Z,admin
e3204776-09bc-407e-9665-ea824eea2522,28b35280-5202-473d-a9a6-68f844a34386,Z00531ED,2026-08-20T00:00:00Z,admin,2026-08-20T00:00:00Z,admin
596905a8-f2b3-4c9d-8cd8-e2e183e21908,28b35280-5202-473d-a9a6-68f844a34386,Z00578UN,2026-08-20T00:00:00Z,admin,2026-08-20T00:00:00Z,admin
d2c65bea-5ba2-430f-9c2b-126e603338ba,28b35280-5202-473d-a9a6-68f844a34386,Z0022MPU,2026-08-20T00:00:00Z,admin,2026-08-20T00:00:00Z,admin
7f56ca28-7543-4872-aaab-c919a6a99a0c,28b35280-5202-473d-a9a6-68f844a34386,Z00360RB,2026-08-20T00:00:00Z,admin,2026-08-20T00:00:00Z,admin
01ab6a8d-07d6-4465-adb3-bb67f70346da,28b35280-5202-473d-a9a6-68f844a34386,Z00580YJ,2026-08-20T00:00:00Z,admin,2026-08-20T00:00:00Z,admin
21cd5fd1-783e-4b12-8ed6-0dbb2570bd2f,28b35280-5202-473d-a9a6-68f844a34386,Z004XVAB,2026-08-20T00:00:00Z,admin,2026-08-20T00:00:00Z,admin
747f9059-4a62-43f8-92e4-b2f71d8d845d,28b35280-5202-473d-a9a6-68f844a34386,Z00503ZF,2026-08-20T00:00:00Z,admin,2026-08-20T00:00:00Z,admin
e16f89c7-8d16-46a3-b359-6dabbaf9fbd0,28b35280-5202-473d-a9a6-68f844a34386,Z0053X3Z,2026-08-20T00:00:00Z,admin,2026-08-20T00:00:00Z,admin
1f9524a1-f32c-4e52-b627-c766a9c5916b,28b35280-5202-473d-a9a6-68f844a34386,Z004Z8HY,2026-08-20T00:00:00Z,admin,2026-08-20T00:00:00Z,admin
4163f146-2b2d-4984-8800-dd02e003d7a4,28b35280-5202-473d-a9a6-68f844a34386,Z00366PH,2026-08-20T00:00:00Z,admin,2026-08-20T00:00:00Z,admin
d37d0308-0b2c-4231-84db-f9b353a20030,28b35280-5202-473d-a9a6-68f844a34386,Z002M9XR,2026-08-20T00:00:00Z,admin,2026-08-20T00:00:00Z,admin
43fc6f03-953d-478f-8a96-5f667e3c103c,28b35280-5202-473d-a9a6-68f844a34386,Z0059DWT,2026-08-20T00:00:00Z,admin,2026-08-20T00:00:00Z,admin
91bef3cb-2706-41cb-b047-46854b261f4b,28b35280-5202-473d-a9a6-68f844a34386,Z005989N,2026-08-20T00:00:00Z,admin,2026-08-20T00:00:00Z,admin
b8a8dec2-7a43-44fc-b89b-ff8bf4fdcc62,28b35280-5202-473d-a9a6-68f844a34386,Z0059DYC,2026-08-20T00:00:00Z,admin,2026-08-20T00:00:00Z,admin
4476099e-1219-4bd5-ac3b-c403179d755b,28b35280-5202-473d-a9a6-68f844a34386,Z0047WTV,2026-08-20T00:00:00Z,admin,2026-08-20T00:00:00Z,admin
b51f417c-8de5-4132-a584-bfd481f2ccd5,28b35280-5202-473d-a9a6-68f844a34386,Z0041UVN,2026-08-20T00:00:00Z,admin,2026-08-20T00:00:00Z,admin
bf6344bc-7e80-42af-a0dc-ad5f8444b94d,28b35280-5202-473d-a9a6-68f844a34386,Z004E9UK,2026-08-20T00:00:00Z,admin,2026-08-20T00:00:00Z,admin
40ee6d9f-b4ce-47ff-ab21-2aaca552c398,28b35280-5202-473d-a9a6-68f844a34386,Z004NM6Y,2026-08-20T00:00:00Z,admin,2026-08-20T00:00:00Z,admin
7bac9eb8-f2a8-4bcc-a781-75e41e2985b4,99de291d-e26a-429c-b7bb-d96528d093e4,Z004TAMU,2026-08-20T00:00:00Z,admin,2026-08-20T00:00:00Z,admin
bce7659d-ad25-43c5-8c19-abe4a42c1008,99de291d-e26a-429c-b7bb-d96528d093e4,Z00531DY,2026-08-20T00:00:00Z,admin,2026-08-20T00:00:00Z,admin
84191b4a-6ae7-4858-8c40-b6b8677bc7c9,99de291d-e26a-429c-b7bb-d96528d093e4,Z004XVAC,2026-08-20T00:00:00Z,admin,2026-08-20T00:00:00Z,admin
292900a9-fba5-483e-9266-935f11505b19,99de291d-e26a-429c-b7bb-d96528d093e4,Z0052TYP,2026-08-20T00:00:00Z,admin,2026-08-20T00:00:00Z,admin
760ad982-8b2a-44f8-b6c3-073fa504da27,99de291d-e26a-429c-b7bb-d96528d093e4,Z002Z66N,2026-08-20T00:00:00Z,admin,2026-08-20T00:00:00Z,admin
6a63c21c-ea37-454d-be9a-92ce1a75b658,99de291d-e26a-429c-b7bb-d96528d093e4,Z004YK1R,2026-08-20T00:00:00Z,admin,2026-08-20T00:00:00Z,admin
6e47e968-13e7-407d-bbc4-0d1a348f6945,99de291d-e26a-429c-b7bb-d96528d093e4,Z004Z7ZE,2026-08-20T00:00:00Z,admin,2026-08-20T00:00:00Z,admin
10478cab-7522-4cf8-b73b-d17f03c2d892,99de291d-e26a-429c-b7bb-d96528d093e4,Z0054KNE,2026-08-20T00:00:00Z,admin,2026-08-20T00:00:00Z,admin
07d3bd18-19a4-4ee1-8f0e-bebe2c3ad7fc,99de291d-e26a-429c-b7bb-d96528d093e4,Z0028XMJ,2026-08-20T00:00:00Z,admin,2026-08-20T00:00:00Z,admin
f826ba86-da21-436e-99dc-631d2aaaee0f,99de291d-e26a-429c-b7bb-d96528d093e4,Z004FUJT,2026-08-20T00:00:00Z,admin,2026-08-20T00:00:00Z,admin
837a1624-be0c-4959-acea-5b814109c221,99de291d-e26a-429c-b7bb-d96528d093e4,Z001WYDU,2026-08-20T00:00:00Z,admin,2026-08-20T00:00:00Z,admin
a3577ac8-f826-4319-b032-5f518beed54a,99de291d-e26a-429c-b7bb-d96528d093e4,Z0014WKT,2026-08-20T00:00:00Z,admin,2026-08-20T00:00:00Z,admin
82a2a2f8-0efc-419e-b4d7-7c8c4410c278,99de291d-e26a-429c-b7bb-d96528d093e4,Z0039MYX,2026-08-20T00:00:00Z,admin,2026-08-20T00:00:00Z,admin
585f9987-7922-46cd-b75e-315514cf9600,99de291d-e26a-429c-b7bb-d96528d093e4,Z0051EJU,2026-08-20T00:00:00Z,admin,2026-08-20T00:00:00Z,admin
161bd562-fe70-4e46-a620-76a0c30f6163,99de291d-e26a-429c-b7bb-d96528d093e4,Z003RN6R,2026-08-20T00:00:00Z,admin,2026-08-20T00:00:00Z,admin
e84dffc1-0bf1-4518-885d-16d3f1e73221,99de291d-e26a-429c-b7bb-d96528d093e4,Z0046D7W,2026-08-20T00:00:00Z,admin,2026-08-20T00:00:00Z,admin
134357cb-4e57-4199-888f-5750bf36d0fd,99de291d-e26a-429c-b7bb-d96528d093e4,Z000268E,2026-08-20T00:00:00Z,admin,2026-08-20T00:00:00Z,admin
c156532c-4043-4a5f-8068-c296c3fbda22,99de291d-e26a-429c-b7bb-d96528d093e4,Z002JB9N,2026-08-20T00:00:00Z,admin,2026-08-20T00:00:00Z,admin
7d419a69-bdd6-45fd-afaf-fe37aa9f9d8b,99de291d-e26a-429c-b7bb-d96528d093e4,Z002ZJEH,2026-08-20T00:00:00Z,admin,2026-08-20T00:00:00Z,admin
d06bcc3e-1273-44d1-912b-22765c9bbd71,99de291d-e26a-429c-b7bb-d96528d093e4,Z0033TXK,2026-08-20T00:00:00Z,admin,2026-08-20T00:00:00Z,admin
027b45a8-aa98-4df0-b229-ab1e7f781847,99de291d-e26a-429c-b7bb-d96528d093e4,Z0037XDV,2026-08-20T00:00:00Z,admin,2026-08-20T00:00:00Z,admin
15db6855-d070-4769-930e-b7cb849a2dee,99de291d-e26a-429c-b7bb-d96528d093e4,Z0030F0C,2026-08-20T00:00:00Z,admin,2026-08-20T00:00:00Z,admin
64333379-0d9a-42c9-8e43-b02995eb938e,99de291d-e26a-429c-b7bb-d96528d093e4,Z0049ETY,2026-08-20T00:00:00Z,admin,2026-08-20T00:00:00Z,admin
4cd0dfd7-5b81-4ebf-9c2a-f0f7ca2aac44,99de291d-e26a-429c-b7bb-d96528d093e4,Z00531ED,2026-08-20T00:00:00Z,admin,2026-08-20T00:00:00Z,admin
8c512fcc-562d-4a9f-82d7-d7cf1619a3ed,99de291d-e26a-429c-b7bb-d96528d093e4,Z00578UN,2026-08-20T00:00:00Z,admin,2026-08-20T00:00:00Z,admin
0b15490f-d177-4e62-a8cf-d57eb7fc65e3,99de291d-e26a-429c-b7bb-d96528d093e4,Z0022MPU,2026-08-20T00:00:00Z,admin,2026-08-20T00:00:00Z,admin
2985d528-1643-458e-8aad-702805b76917,99de291d-e26a-429c-b7bb-d96528d093e4,Z00360RB,2026-08-20T00:00:00Z,admin,2026-08-20T00:00:00Z,admin
78a84e6f-b05c-4d19-9084-36b4b6105ee4,99de291d-e26a-429c-b7bb-d96528d093e4,Z00580YJ,2026-08-20T00:00:00Z,admin,2026-08-20T00:00:00Z,admin
a03c1bed-6c2e-4474-bb8f-0a7673cdb83e,99de291d-e26a-429c-b7bb-d96528d093e4,Z004XVAB,2026-08-20T00:00:00Z,admin,2026-08-20T00:00:00Z,admin
90819bdb-1af7-4479-855f-3d9285865b36,99de291d-e26a-429c-b7bb-d96528d093e4,Z00503ZF,2026-08-20T00:00:00Z,admin,2026-08-20T00:00:00Z,admin
3cba6433-5a40-4cef-8dbd-f2f43e67697e,99de291d-e26a-429c-b7bb-d96528d093e4,Z0053X3Z,2026-08-20T00:00:00Z,admin,2026-08-20T00:00:00Z,admin
a5bcafa0-c8d0-4243-8b5d-37e1b255ca19,99de291d-e26a-429c-b7bb-d96528d093e4,Z004Z8HY,2026-08-20T00:00:00Z,admin,2026-08-20T00:00:00Z,admin
b0a2ebd0-5584-483b-b494-3babfc1d2caa,99de291d-e26a-429c-b7bb-d96528d093e4,Z00366PH,2026-08-20T00:00:00Z,admin,2026-08-20T00:00:00Z,admin
2d6cfd4a-df55-442e-a60a-b0069038cdf0,99de291d-e26a-429c-b7bb-d96528d093e4,Z002M9XR,2026-08-20T00:00:00Z,admin,2026-08-20T00:00:00Z,admin
185ebb68-b7a2-46ad-a321-d1a8fef3edf2,99de291d-e26a-429c-b7bb-d96528d093e4,Z0059DWT,2026-08-20T00:00:00Z,admin,2026-08-20T00:00:00Z,admin
e71720bd-fe44-48b5-b5df-2d78d422d403,99de291d-e26a-429c-b7bb-d96528d093e4,Z005989N,2026-08-20T00:00:00Z,admin,2026-08-20T00:00:00Z,admin
993b7e00-ba9d-4d5c-8c47-14a7b0b4d5a9,99de291d-e26a-429c-b7bb-d96528d093e4,Z0059DYC,2026-08-20T00:00:00Z,admin,2026-08-20T00:00:00Z,admin
f29d49a9-7666-4c45-8740-ef8170a73e27,99de291d-e26a-429c-b7bb-d96528d093e4,Z0047WTV,2026-08-20T00:00:00Z,admin,2026-08-20T00:00:00Z,admin
4ed24ab0-4da8-440f-9116-c9e8cffdd24b,99de291d-e26a-429c-b7bb-d96528d093e4,Z0041UVN,2026-08-20T00:00:00Z,admin,2026-08-20T00:00:00Z,admin
11948da9-3dba-4eb0-9f00-d831665c3e12,99de291d-e26a-429c-b7bb-d96528d093e4,Z004E9UK,2026-08-20T00:00:00Z,admin,2026-08-20T00:00:00Z,admin
dd93eb73-d2be-4996-b9a7-8b25373b7acb,99de291d-e26a-429c-b7bb-d96528d093e4,Z004NM6Y,2026-08-20T00:00:00Z,admin,2026-08-20T00:00:00Z,admin
0bd3a8de-fd3d-47fd-b307-d441537ce6a3,d3e71960-6c4b-495a-9586-5177c7d2df3e,Z004TAMU,2026-08-20T00:00:00Z,admin,2026-08-20T00:00:00Z,admin
ddca5b34-36a5-41c6-8449-9cc7ab6c0a68,d3e71960-6c4b-495a-9586-5177c7d2df3e,Z00531DY,2026-08-20T00:00:00Z,admin,2026-08-20T00:00:00Z,admin
e9bf4bde-4828-42b5-9d5e-ea9dc90f2fb5,d3e71960-6c4b-495a-9586-5177c7d2df3e,Z004XVAC,2026-08-20T00:00:00Z,admin,2026-08-20T00:00:00Z,admin
d377e9af-d942-45a6-b5cc-b55193c73df4,d3e71960-6c4b-495a-9586-5177c7d2df3e,Z0052TYP,2026-08-20T00:00:00Z,admin,2026-08-20T00:00:00Z,admin
b2ebe983-4043-4cc7-83d0-44760f18314e,d3e71960-6c4b-495a-9586-5177c7d2df3e,Z002Z66N,2026-08-20T00:00:00Z,admin,2026-08-20T00:00:00Z,admin
a6fb776f-ed9f-4ce1-9a03-a4b3e1743fd2,d3e71960-6c4b-495a-9586-5177c7d2df3e,Z004YK1R,2026-08-20T00:00:00Z,admin,2026-08-20T00:00:00Z,admin
0a03ebbe-ba35-45ec-8d6f-49a2362c029b,d3e71960-6c4b-495a-9586-5177c7d2df3e,Z004Z7ZE,2026-08-20T00:00:00Z,admin,2026-08-20T00:00:00Z,admin
8a113f86-01e8-4fef-bd8b-6853069a104f,d3e71960-6c4b-495a-9586-5177c7d2df3e,Z0054KNE,2026-08-20T00:00:00Z,admin,2026-08-20T00:00:00Z,admin
9fc610f6-aa2c-49b7-8245-58863462f5ea,d3e71960-6c4b-495a-9586-5177c7d2df3e,Z0028XMJ,2026-08-20T00:00:00Z,admin,2026-08-20T00:00:00Z,admin
65b2b3c9-a3b7-464d-aa35-cb529e6c9562,d3e71960-6c4b-495a-9586-5177c7d2df3e,Z004FUJT,2026-08-20T00:00:00Z,admin,2026-08-20T00:00:00Z,admin
077c93bc-618f-435d-81e4-7e0a02adda08,d3e71960-6c4b-495a-9586-5177c7d2df3e,Z001WYDU,2026-08-20T00:00:00Z,admin,2026-08-20T00:00:00Z,admin
edcc6ca3-243e-41c1-a5cb-5bbca9cca206,d3e71960-6c4b-495a-9586-5177c7d2df3e,Z0014WKT,2026-08-20T00:00:00Z,admin,2026-08-20T00:00:00Z,admin
9585e441-2c4a-4e74-bc30-d3b15bae5745,d3e71960-6c4b-495a-9586-5177c7d2df3e,Z0039MYX,2026-08-20T00:00:00Z,admin,2026-08-20T00:00:00Z,admin
8a84a73e-d6d2-4f00-af9c-ebbff5d63084,d3e71960-6c4b-495a-9586-5177c7d2df3e,Z0051EJU,2026-08-20T00:00:00Z,admin,2026-08-20T00:00:00Z,admin
3d5063fb-2c50-4475-98b3-d48168c1dcd4,d3e71960-6c4b-495a-9586-5177c7d2df3e,Z003RN6R,2026-08-20T00:00:00Z,admin,2026-08-20T00:00:00Z,admin
cc26edcc-5854-4aaf-880d-1f0c45e77564,d3e71960-6c4b-495a-9586-5177c7d2df3e,Z0046D7W,2026-08-20T00:00:00Z,admin,2026-08-20T00:00:00Z,admin
fad0aeda-d3c5-4da1-a92a-fe16165788b3,d3e71960-6c4b-495a-9586-5177c7d2df3e,Z000268E,2026-08-20T00:00:00Z,admin,2026-08-20T00:00:00Z,admin
29ff7383-e1e6-4bbd-92ab-313b272e5505,d3e71960-6c4b-495a-9586-5177c7d2df3e,Z002JB9N,2026-08-20T00:00:00Z,admin,2026-08-20T00:00:00Z,admin
0196d3be-bdf7-48c0-a85a-c996b0a6f5a3,d3e71960-6c4b-495a-9586-5177c7d2df3e,Z002ZJEH,2026-08-20T00:00:00Z,admin,2026-08-20T00:00:00Z,admin
e54d04c1-999c-4032-9818-827bfa386682,d3e71960-6c4b-495a-9586-5177c7d2df3e,Z0033TXK,2026-08-20T00:00:00Z,admin,2026-08-20T00:00:00Z,admin
9507df10-4b70-4b00-ad23-3a76fd256e4f,d3e71960-6c4b-495a-9586-5177c7d2df3e,Z0037XDV,2026-08-20T00:00:00Z,admin,2026-08-20T00:00:00Z,admin
ffcb5494-9809-4e67-8582-51d29e3d5561,d3e71960-6c4b-495a-9586-5177c7d2df3e,Z0030F0C,2026-08-20T00:00:00Z,admin,2026-08-20T00:00:00Z,admin
325db447-54e1-456d-8dbc-27831c440881,d3e71960-6c4b-495a-9586-5177c7d2df3e,Z0049ETY,2026-08-20T00:00:00Z,admin,2026-08-20T00:00:00Z,admin
fa770fab-f272-47d7-aa17-5809e8c711d8,d3e71960-6c4b-495a-9586-5177c7d2df3e,Z00531ED,2026-08-20T00:00:00Z,admin,2026-08-20T00:00:00Z,admin
1a4fb101-b539-4f73-b538-dd5e50d90e21,d3e71960-6c4b-495a-9586-5177c7d2df3e,Z00578UN,2026-08-20T00:00:00Z,admin,2026-08-20T00:00:00Z,admin
2a81f1fb-3516-42df-b7ba-18add25716f2,d3e71960-6c4b-495a-9586-5177c7d2df3e,Z0022MPU,2026-08-20T00:00:00Z,admin,2026-08-20T00:00:00Z,admin
07344385-0aae-4cae-99c4-d0b15be26b42,d3e71960-6c4b-495a-9586-5177c7d2df3e,Z00360RB,2026-08-20T00:00:00Z,admin,2026-08-20T00:00:00Z,admin
c813d3b2-7502-47e2-8e92-e9afd6def8bf,d3e71960-6c4b-495a-9586-5177c7d2df3e,Z00580YJ,2026-08-20T00:00:00Z,admin,2026-08-20T00:00:00Z,admin
b0a7ef41-8e6d-4a7d-b9d7-7c404feb5243,d3e71960-6c4b-495a-9586-5177c7d2df3e,Z004XVAB,2026-08-20T00:00:00Z,admin,2026-08-20T00:00:00Z,admin
9abff7b3-acfc-41e5-8010-b5005bed747f,d3e71960-6c4b-495a-9586-5177c7d2df3e,Z00503ZF,2026-08-20T00:00:00Z,admin,2026-08-20T00:00:00Z,admin
c9b45b6c-703c-453c-87bf-9f90e5c6d125,d3e71960-6c4b-495a-9586-5177c7d2df3e,Z0053X3Z,2026-08-20T00:00:00Z,admin,2026-08-20T00:00:00Z,admin
e568595a-c4f6-4ad0-96a7-37a667472223,d3e71960-6c4b-495a-9586-5177c7d2df3e,Z004Z8HY,2026-08-20T00:00:00Z,admin,2026-08-20T00:00:00Z,admin
20bc419b-fde3-4868-8c84-1c14864add29,d3e71960-6c4b-495a-9586-5177c7d2df3e,Z00366PH,2026-08-20T00:00:00Z,admin,2026-08-20T00:00:00Z,admin
0a57fae6-7c1f-48db-86b5-ab3b98ad6762,d3e71960-6c4b-495a-9586-5177c7d2df3e,Z002M9XR,2026-08-20T00:00:00Z,admin,2026-08-20T00:00:00Z,admin
0799085d-bf23-46ab-a100-40acb68c2953,d3e71960-6c4b-495a-9586-5177c7d2df3e,Z0059DWT,2026-08-20T00:00:00Z,admin,2026-08-20T00:00:00Z,admin
71032c85-4808-4b5c-9367-c453a06b766a,d3e71960-6c4b-495a-9586-5177c7d2df3e,Z005989N,2026-08-20T00:00:00Z,admin,2026-08-20T00:00:00Z,admin
a604b310-213c-421f-af96-3333e1f9bb15,d3e71960-6c4b-495a-9586-5177c7d2df3e,Z0059DYC,2026-08-20T00:00:00Z,admin,2026-08-20T00:00:00Z,admin
f597702d-e1cd-41c0-9cd5-f9e9ce234088,d3e71960-6c4b-495a-9586-5177c7d2df3e,Z0047WTV,2026-08-20T00:00:00Z,admin,2026-08-20T00:00:00Z,admin
1d1e4413-44ba-4dd0-ba5c-ff6c8cd73c8e,c8eaa322-1dd2-4973-b765-2ba3c15ca842,Z004TAMU,2026-08-20T00:00:00Z,admin,2026-08-20T00:00:00Z,admin
74a61fc7-2050-4a17-a80f-7b1331c3e8fd,c8eaa322-1dd2-4973-b765-2ba3c15ca842,Z00531DY,2026-08-20T00:00:00Z,admin,2026-08-20T00:00:00Z,admin
c234ea2d-9756-403d-bf92-7ead53ac5782,c8eaa322-1dd2-4973-b765-2ba3c15ca842,Z004XVAC,2026-08-20T00:00:00Z,admin,2026-08-20T00:00:00Z,admin
491d470d-874d-4eea-b6dd-ab14b9820709,c8eaa322-1dd2-4973-b765-2ba3c15ca842,Z0052TYP,2026-08-20T00:00:00Z,admin,2026-08-20T00:00:00Z,admin
ac719908-0cbe-4e76-a9f2-76947ee6cd21,c8eaa322-1dd2-4973-b765-2ba3c15ca842,Z002Z66N,2026-08-20T00:00:00Z,admin,2026-08-20T00:00:00Z,admin
e3df0bbc-f6f8-448e-b856-58c4015a91c7,c8eaa322-1dd2-4973-b765-2ba3c15ca842,Z004YK1R,2026-08-20T00:00:00Z,admin,2026-08-20T00:00:00Z,admin
6596ba27-a089-49aa-8d9f-972224bb30e6,c8eaa322-1dd2-4973-b765-2ba3c15ca842,Z004Z7ZE,2026-08-20T00:00:00Z,admin,2026-08-20T00:00:00Z,admin
a326f70a-6de5-4bc2-a898-04b938cea53e,c8eaa322-1dd2-4973-b765-2ba3c15ca842,Z0054KNE,2026-08-20T00:00:00Z,admin,2026-08-20T00:00:00Z,admin
251553e1-8653-4b7d-94fa-37aecdda94c7,c8eaa322-1dd2-4973-b765-2ba3c15ca842,Z0028XMJ,2026-08-20T00:00:00Z,admin,2026-08-20T00:00:00Z,admin
c496340a-fec5-4d6d-9316-2d325fedc377,c8eaa322-1dd2-4973-b765-2ba3c15ca842,Z004FUJT,2026-08-20T00:00:00Z,admin,2026-08-20T00:00:00Z,admin
8fa85004-399a-4a71-ba90-1c8bad9afcbc,c8eaa322-1dd2-4973-b765-2ba3c15ca842,Z001WYDU,2026-08-20T00:00:00Z,admin,2026-08-20T00:00:00Z,admin
8932d1c8-9314-4af7-8fe7-02639b35b29a,c8eaa322-1dd2-4973-b765-2ba3c15ca842,Z0014WKT,2026-08-20T00:00:00Z,admin,2026-08-20T00:00:00Z,admin
dbd7947d-c580-4cf9-b58a-6ab2d0e60f6d,c8eaa322-1dd2-4973-b765-2ba3c15ca842,Z0039MYX,2026-08-20T00:00:00Z,admin,2026-08-20T00:00:00Z,admin
52cdce30-fb41-42cc-9e18-76d4268a4927,c8eaa322-1dd2-4973-b765-2ba3c15ca842,Z0051EJU,2026-08-20T00:00:00Z,admin,2026-08-20T00:00:00Z,admin
9e0dc017-ac76-4a94-930b-636a6331ac8a,c8eaa322-1dd2-4973-b765-2ba3c15ca842,Z003RN6R,2026-08-20T00:00:00Z,admin,2026-08-20T00:00:00Z,admin
a10bcf6a-9b30-4a94-8d90-f01b5ad00283,c8eaa322-1dd2-4973-b765-2ba3c15ca842,Z0046D7W,2026-08-20T00:00:00Z,admin,2026-08-20T00:00:00Z,admin
0705c02e-2e96-4de8-a209-759e69006c79,c8eaa322-1dd2-4973-b765-2ba3c15ca842,Z000268E,2026-08-20T00:00:00Z,admin,2026-08-20T00:00:00Z,admin
d319609d-d75a-47f3-8096-f2372811a3b7,c8eaa322-1dd2-4973-b765-2ba3c15ca842,Z002JB9N,2026-08-20T00:00:00Z,admin,2026-08-20T00:00:00Z,admin
bae2c921-0c89-47b0-aa85-97de729f8756,c8eaa322-1dd2-4973-b765-2ba3c15ca842,Z002ZJEH,2026-08-20T00:00:00Z,admin,2026-08-20T00:00:00Z,admin
d33c1258-d149-419f-a620-aa1611eb6652,c8eaa322-1dd2-4973-b765-2ba3c15ca842,Z0033TXK,2026-08-20T00:00:00Z,admin,2026-08-20T00:00:00Z,admin
60269070-b034-4e4a-b24d-2aa6804741e2,c8eaa322-1dd2-4973-b765-2ba3c15ca842,Z0037XDV,2026-08-20T00:00:00Z,admin,2026-08-20T00:00:00Z,admin
47ca9827-76b3-45e5-8ea0-a8660248032d,c8eaa322-1dd2-4973-b765-2ba3c15ca842,Z0030F0C,2026-08-20T00:00:00Z,admin,2026-08-20T00:00:00Z,admin
c9b71d7c-b787-4c2d-b930-39ddfd0086e8,c8eaa322-1dd2-4973-b765-2ba3c15ca842,Z0049ETY,2026-08-20T00:00:00Z,admin,2026-08-20T00:00:00Z,admin
7d8d3ea6-2c85-4b25-82bc-278bf8802738,c8eaa322-1dd2-4973-b765-2ba3c15ca842,Z00531ED,2026-08-20T00:00:00Z,admin,2026-08-20T00:00:00Z,admin
ee64c57a-c667-403f-8e3f-25231e7d407d,c8eaa322-1dd2-4973-b765-2ba3c15ca842,Z00578UN,2026-08-20T00:00:00Z,admin,2026-08-20T00:00:00Z,admin
07f969ad-7f94-4b9c-8831-1d5e8936e32f,c8eaa322-1dd2-4973-b765-2ba3c15ca842,Z0022MPU,2026-08-20T00:00:00Z,admin,2026-08-20T00:00:00Z,admin
a0a24e7d-aaeb-4b0b-91aa-7458486ab743,c8eaa322-1dd2-4973-b765-2ba3c15ca842,Z00360RB,2026-08-20T00:00:00Z,admin,2026-08-20T00:00:00Z,admin
35fddb51-c561-486d-92c4-33d26223286c,c8eaa322-1dd2-4973-b765-2ba3c15ca842,Z00580YJ,2026-08-20T00:00:00Z,admin,2026-08-20T00:00:00Z,admin
dd5d3194-b821-4ac4-9386-f1c3935b8f75,c8eaa322-1dd2-4973-b765-2ba3c15ca842,Z004XVAB,2026-08-20T00:00:00Z,admin,2026-08-20T00:00:00Z,admin
1a0a3c15-efea-422a-9abb-81778d320452,c8eaa322-1dd2-4973-b765-2ba3c15ca842,Z00503ZF,2026-08-20T00:00:00Z,admin,2026-08-20T00:00:00Z,admin
88f328c8-9ee9-4170-92a0-b2bc7b7c8748,c8eaa322-1dd2-4973-b765-2ba3c15ca842,Z0053X3Z,2026-08-20T00:00:00Z,admin,2026-08-20T00:00:00Z,admin
5b9a8618-e5b1-4dfa-83e1-e6f90168da3b,c8eaa322-1dd2-4973-b765-2ba3c15ca842,Z004Z8HY,2026-08-20T00:00:00Z,admin,2026-08-20T00:00:00Z,admin
f43ee7aa-68cf-4e49-86c3-5ba85c22d5be,c8eaa322-1dd2-4973-b765-2ba3c15ca842,Z00366PH,2026-08-20T00:00:00Z,admin,2026-08-20T00:00:00Z,admin
675d4ff2-6f08-459e-b2ca-b877e41bfa1e,c8eaa322-1dd2-4973-b765-2ba3c15ca842,Z002M9XR,2026-08-20T00:00:00Z,admin,2026-08-20T00:00:00Z,admin
1e70443b-9c6a-448d-ac99-9bbce56a84b3,c8eaa322-1dd2-4973-b765-2ba3c15ca842,Z0059DWT,2026-08-20T00:00:00Z,admin,2026-08-20T00:00:00Z,admin
2c835330-e196-406c-88ad-02a87bb649a2,c8eaa322-1dd2-4973-b765-2ba3c15ca842,Z005989N,2026-08-20T00:00:00Z,admin,2026-08-20T00:00:00Z,admin
601a22f5-7fb3-4e7e-a1b7-76d55af337af,c8eaa322-1dd2-4973-b765-2ba3c15ca842,Z0059DYC,2026-08-20T00:00:00Z,admin,2026-08-20T00:00:00Z,admin
3f4b1419-9635-42d7-afe0-b60305a73fd2,c8eaa322-1dd2-4973-b765-2ba3c15ca842,Z0047WTV,2026-08-20T00:00:00Z,admin,2026-08-20T00:00:00Z,admin
aa7fff2a-6f63-4f09-a946-aad3ed37784c,c8eaa322-1dd2-4973-b765-2ba3c15ca842,Z0041UVN,2026-08-20T00:00:00Z,admin,2026-08-20T00:00:00Z,admin
7585d3a0-d229-4152-828a-47ad528ffbb6,c8eaa322-1dd2-4973-b765-2ba3c15ca842,Z004E9UK,2026-08-20T00:00:00Z,admin,2026-08-20T00:00:00Z,admin
99717a5d-6eff-4bcb-bd23-c28589cd4d78,c8eaa322-1dd2-4973-b765-2ba3c15ca842,Z004NM6Y,2026-08-20T00:00:00Z,admin,2026-08-20T00:00:00Z,admin
65c4a6e3-8b31-45ab-b099-e9d584e3f411,7b94940d-6801-4b7f-8a75-ce64dd8aafc7,Z004TAMU,2026-08-20T00:00:00Z,admin,2026-08-20T00:00:00Z,admin
1f0607b5-4d76-466a-b402-8a719028cab2,7b94940d-6801-4b7f-8a75-ce64dd8aafc7,Z00531DY,2026-08-20T00:00:00Z,admin,2026-08-20T00:00:00Z,admin
dd560421-772a-4235-8d8f-371d168d03b7,7b94940d-6801-4b7f-8a75-ce64dd8aafc7,Z004XVAC,2026-08-20T00:00:00Z,admin,2026-08-20T00:00:00Z,admin
640c8b09-6786-40be-a7af-33b8d01cec41,7b94940d-6801-4b7f-8a75-ce64dd8aafc7,Z0052TYP,2026-08-20T00:00:00Z,admin,2026-08-20T00:00:00Z,admin
b618fd1d-292c-4dff-8dd6-b58369cff2d8,7b94940d-6801-4b7f-8a75-ce64dd8aafc7,Z002Z66N,2026-08-20T00:00:00Z,admin,2026-08-20T00:00:00Z,admin
54eb76dd-56aa-4e43-bbdb-b31198d663df,7b94940d-6801-4b7f-8a75-ce64dd8aafc7,Z004YK1R,2026-08-20T00:00:00Z,admin,2026-08-20T00:00:00Z,admin
9d5461b5-fe46-4b2d-87f4-32568fb75ea8,7b94940d-6801-4b7f-8a75-ce64dd8aafc7,Z004Z7ZE,2026-08-20T00:00:00Z,admin,2026-08-20T00:00:00Z,admin
af7f8970-9bfa-4aa2-a923-10094f01988d,7b94940d-6801-4b7f-8a75-ce64dd8aafc7,Z0054KNE,2026-08-20T00:00:00Z,admin,2026-08-20T00:00:00Z,admin
06b08d19-b743-4fb0-8682-a420c0f5b898,7b94940d-6801-4b7f-8a75-ce64dd8aafc7,Z0028XMJ,2026-08-20T00:00:00Z,admin,2026-08-20T00:00:00Z,admin
7f1a96bb-bfbf-4ad6-bdef-25513bb35f72,7b94940d-6801-4b7f-8a75-ce64dd8aafc7,Z004FUJT,2026-08-20T00:00:00Z,admin,2026-08-20T00:00:00Z,admin
e600dcbd-3985-43da-8984-3ade0370cf28,7b94940d-6801-4b7f-8a75-ce64dd8aafc7,Z001WYDU,2026-08-20T00:00:00Z,admin,2026-08-20T00:00:00Z,admin
f4f94c82-afbd-4d8d-bb87-f3e293eafb85,7b94940d-6801-4b7f-8a75-ce64dd8aafc7,Z0014WKT,2026-08-20T00:00:00Z,admin,2026-08-20T00:00:00Z,admin
fe181bf0-56bd-47e8-b6bf-5b801b32516b,7b94940d-6801-4b7f-8a75-ce64dd8aafc7,Z0039MYX,2026-08-20T00:00:00Z,admin,2026-08-20T00:00:00Z,admin
d7f18d0e-4d5f-45d0-9dd3-67e7f5b50141,7b94940d-6801-4b7f-8a75-ce64dd8aafc7,Z0051EJU,2026-08-20T00:00:00Z,admin,2026-08-20T00:00:00Z,admin
58d231c2-1dc0-48bd-a60e-cae328ca4ce4,7b94940d-6801-4b7f-8a75-ce64dd8aafc7,Z003RN6R,2026-08-20T00:00:00Z,admin,2026-08-20T00:00:00Z,admin
1ddcf981-3d0e-4764-8765-979166062872,7b94940d-6801-4b7f-8a75-ce64dd8aafc7,Z0046D7W,2026-08-20T00:00:00Z,admin,2026-08-20T00:00:00Z,admin
8f392930-d3ac-4948-8185-525704720047,7b94940d-6801-4b7f-8a75-ce64dd8aafc7,Z000268E,2026-08-20T00:00:00Z,admin,2026-08-20T00:00:00Z,admin
df5fb79a-18c2-4271-a21b-91df6643bf52,7b94940d-6801-4b7f-8a75-ce64dd8aafc7,Z002JB9N,2026-08-20T00:00:00Z,admin,2026-08-20T00:00:00Z,admin
cbce24a8-6f6e-456a-8438-5621ccbe13b1,7b94940d-6801-4b7f-8a75-ce64dd8aafc7,Z002ZJEH,2026-08-20T00:00:00Z,admin,2026-08-20T00:00:00Z,admin
3514a00a-3cff-4408-a67d-7781dedecce7,7b94940d-6801-4b7f-8a75-ce64dd8aafc7,Z0033TXK,2026-08-20T00:00:00Z,admin,2026-08-20T00:00:00Z,admin
4bb01821-08bc-48e5-ac23-af9c101c1915,7b94940d-6801-4b7f-8a75-ce64dd8aafc7,Z0037XDV,2026-08-20T00:00:00Z,admin,2026-08-20T00:00:00Z,admin
c3009444-5973-41fb-b1a8-6c97a46afc26,7b94940d-6801-4b7f-8a75-ce64dd8aafc7,Z0030F0C,2026-08-20T00:00:00Z,admin,2026-08-20T00:00:00Z,admin
95878418-e79b-44f9-aaea-4625e290d5b3,7b94940d-6801-4b7f-8a75-ce64dd8aafc7,Z0049ETY,2026-08-20T00:00:00Z,admin,2026-08-20T00:00:00Z,admin
76713038-9a31-48f8-8a12-7e78544258df,7b94940d-6801-4b7f-8a75-ce64dd8aafc7,Z00531ED,2026-08-20T00:00:00Z,admin,2026-08-20T00:00:00Z,admin
c480c0ed-dcd3-43c7-b68b-5f94f9ff620a,7b94940d-6801-4b7f-8a75-ce64dd8aafc7,Z00578UN,2026-08-20T00:00:00Z,admin,2026-08-20T00:00:00Z,admin
f72bee8a-2f09-4b10-be7b-69e0882b35aa,7b94940d-6801-4b7f-8a75-ce64dd8aafc7,Z0022MPU,2026-08-20T00:00:00Z,admin,2026-08-20T00:00:00Z,admin
50299334-957a-4cc7-9e57-7e1f9b982518,7b94940d-6801-4b7f-8a75-ce64dd8aafc7,Z00360RB,2026-08-20T00:00:00Z,admin,2026-08-20T00:00:00Z,admin
cd6c0efe-76ba-404e-93da-bc44f4e51356,7b94940d-6801-4b7f-8a75-ce64dd8aafc7,Z00580YJ,2026-08-20T00:00:00Z,admin,2026-08-20T00:00:00Z,admin
a6cf010e-2962-40cb-8c5d-34d8e1cab38e,7b94940d-6801-4b7f-8a75-ce64dd8aafc7,Z004XVAB,2026-08-20T00:00:00Z,admin,2026-08-20T00:00:00Z,admin
b774cdff-03b5-4b71-8dd4-a4211613ce37,7b94940d-6801-4b7f-8a75-ce64dd8aafc7,Z00503ZF,2026-08-20T00:00:00Z,admin,2026-08-20T00:00:00Z,admin
b31ac69d-021f-46f1-b311-b4e4dbe81345,7b94940d-6801-4b7f-8a75-ce64dd8aafc7,Z0053X3Z,2026-08-20T00:00:00Z,admin,2026-08-20T00:00:00Z,admin
9f4b56aa-33b3-40ca-90d5-eca04f02785a,7b94940d-6801-4b7f-8a75-ce64dd8aafc7,Z004Z8HY,2026-08-20T00:00:00Z,admin,2026-08-20T00:00:00Z,admin
8cae5caa-c9d0-4a54-87ee-7f526176a19a,7b94940d-6801-4b7f-8a75-ce64dd8aafc7,Z00366PH,2026-08-20T00:00:00Z,admin,2026-08-20T00:00:00Z,admin
5bd844bc-549f-475e-939c-b914f4e00f2a,7b94940d-6801-4b7f-8a75-ce64dd8aafc7,Z002M9XR,2026-08-20T00:00:00Z,admin,2026-08-20T00:00:00Z,admin
ba8849ee-1170-4b50-9cfc-891851568eb6,7b94940d-6801-4b7f-8a75-ce64dd8aafc7,Z0059DWT,2026-08-20T00:00:00Z,admin,2026-08-20T00:00:00Z,admin
e4454f5a-9401-4901-9716-9bfb8edeaaa1,7b94940d-6801-4b7f-8a75-ce64dd8aafc7,Z005989N,2026-08-20T00:00:00Z,admin,2026-08-20T00:00:00Z,admin
4c676c7f-a8c5-48a1-aebf-a6f7d1a51da3,7b94940d-6801-4b7f-8a75-ce64dd8aafc7,Z0059DYC,2026-08-20T00:00:00Z,admin,2026-08-20T00:00:00Z,admin
0a635785-e4f9-4967-bbd2-4107b5c54a55,7b94940d-6801-4b7f-8a75-ce64dd8aafc7,Z0047WTV,2026-08-20T00:00:00Z,admin,2026-08-20T00:00:00Z,admin
a8df9240-6757-4830-80be-36b1ac85f713,7b94940d-6801-4b7f-8a75-ce64dd8aafc7,Z0041UVN,2026-08-20T00:00:00Z,admin,2026-08-20T00:00:00Z,admin
867af28e-f8da-4547-919d-16b3a26917a8,7b94940d-6801-4b7f-8a75-ce64dd8aafc7,Z004E9UK,2026-08-20T00:00:00Z,admin,2026-08-20T00:00:00Z,admin
5846e019-4636-4048-8025-c439b6747356,7b94940d-6801-4b7f-8a75-ce64dd8aafc7,Z004NM6Y,2026-08-20T00:00:00Z,admin,2026-08-20T00:00:00Z,admin
2068a0d8-75ae-4dae-b067-450d365c0bc7,47f524d4-5c48-4aa1-8901-6fc3b823a953,Z004TAMU,2026-08-20T00:00:00Z,admin,2026-08-20T00:00:00Z,admin
f2638a06-cc98-4d02-b266-694f3a7cc8dd,47f524d4-5c48-4aa1-8901-6fc3b823a953,Z00531DY,2026-08-20T00:00:00Z,admin,2026-08-20T00:00:00Z,admin
443505c8-d025-4426-88b8-6f36c22414e5,47f524d4-5c48-4aa1-8901-6fc3b823a953,Z004XVAC,2026-08-20T00:00:00Z,admin,2026-08-20T00:00:00Z,admin
ac1188cc-0f5c-4272-b51e-57c08328ebe1,47f524d4-5c48-4aa1-8901-6fc3b823a953,Z0052TYP,2026-08-20T00:00:00Z,admin,2026-08-20T00:00:00Z,admin
e21a117b-2822-446c-9ff8-070acae724ab,47f524d4-5c48-4aa1-8901-6fc3b823a953,Z002Z66N,2026-08-20T00:00:00Z,admin,2026-08-20T00:00:00Z,admin
775ea378-f949-465e-83c4-1e305eaceb1a,47f524d4-5c48-4aa1-8901-6fc3b823a953,Z004YK1R,2026-08-20T00:00:00Z,admin,2026-08-20T00:00:00Z,admin
c3bd1e88-512a-40d3-8bce-9c5b563bd87a,47f524d4-5c48-4aa1-8901-6fc3b823a953,Z004Z7ZE,2026-08-20T00:00:00Z,admin,2026-08-20T00:00:00Z,admin
e2e79cce-7eb4-4264-b2f0-d8019933fba7,47f524d4-5c48-4aa1-8901-6fc3b823a953,Z0054KNE,2026-08-20T00:00:00Z,admin,2026-08-20T00:00:00Z,admin
1a853655-55b4-4f82-b590-f34b1b774cae,47f524d4-5c48-4aa1-8901-6fc3b823a953,Z0028XMJ,2026-08-20T00:00:00Z,admin,2026-08-20T00:00:00Z,admin
84dd5f52-1d09-4a8f-8d8c-e2dc43273c3a,47f524d4-5c48-4aa1-8901-6fc3b823a953,Z004FUJT,2026-08-20T00:00:00Z,admin,2026-08-20T00:00:00Z,admin
46a40a51-670e-4a3f-93ce-081d072c10bb,47f524d4-5c48-4aa1-8901-6fc3b823a953,Z001WYDU,2026-08-20T00:00:00Z,admin,2026-08-20T00:00:00Z,admin
c261c4a3-6145-4540-8c69-05fbc6f8ff48,47f524d4-5c48-4aa1-8901-6fc3b823a953,Z0014WKT,2026-08-20T00:00:00Z,admin,2026-08-20T00:00:00Z,admin
cbaaabed-16f4-4709-9ee6-9ad77fa42243,47f524d4-5c48-4aa1-8901-6fc3b823a953,Z0039MYX,2026-08-20T00:00:00Z,admin,2026-08-20T00:00:00Z,admin
eebfa899-c745-4aa7-9564-92fdb125a16f,47f524d4-5c48-4aa1-8901-6fc3b823a953,Z0051EJU,2026-08-20T00:00:00Z,admin,2026-08-20T00:00:00Z,admin
ce427f84-1b44-4d62-bfd3-c2409b0914ed,47f524d4-5c48-4aa1-8901-6fc3b823a953,Z003RN6R,2026-08-20T00:00:00Z,admin,2026-08-20T00:00:00Z,admin
ca2546b8-6bcb-4824-b105-239e6fb3e669,47f524d4-5c48-4aa1-8901-6fc3b823a953,Z0046D7W,2026-08-20T00:00:00Z,admin,2026-08-20T00:00:00Z,admin
8a0c7e7f-1b3e-4cec-b05b-de029c99880d,47f524d4-5c48-4aa1-8901-6fc3b823a953,Z000268E,2026-08-20T00:00:00Z,admin,2026-08-20T00:00:00Z,admin
cc06cf4e-09d2-4025-b111-a484022837e6,47f524d4-5c48-4aa1-8901-6fc3b823a953,Z002JB9N,2026-08-20T00:00:00Z,admin,2026-08-20T00:00:00Z,admin
9ffdaa5e-7ecf-41fe-9c85-990a7386c5e9,47f524d4-5c48-4aa1-8901-6fc3b823a953,Z002ZJEH,2026-08-20T00:00:00Z,admin,2026-08-20T00:00:00Z,admin
0d4414dc-489a-439a-bcf6-2e9c773686ff,47f524d4-5c48-4aa1-8901-6fc3b823a953,Z0033TXK,2026-08-20T00:00:00Z,admin,2026-08-20T00:00:00Z,admin
60404b41-ad8d-48ec-9ad9-9eb7b36c4e91,47f524d4-5c48-4aa1-8901-6fc3b823a953,Z0037XDV,2026-08-20T00:00:00Z,admin,2026-08-20T00:00:00Z,admin
7a22d55c-8beb-4cfc-a913-40367309ac81,47f524d4-5c48-4aa1-8901-6fc3b823a953,Z0030F0C,2026-08-20T00:00:00Z,admin,2026-08-20T00:00:00Z,admin
c5a13686-f31a-4684-b775-76430eb6caf1,47f524d4-5c48-4aa1-8901-6fc3b823a953,Z0049ETY,2026-08-20T00:00:00Z,admin,2026-08-20T00:00:00Z,admin
6a0542cb-20c1-41d0-8f83-12d9f0a2b3c9,47f524d4-5c48-4aa1-8901-6fc3b823a953,Z00531ED,2026-08-20T00:00:00Z,admin,2026-08-20T00:00:00Z,admin
3e51a439-ced2-4eb4-a6e2-a800c08118b5,47f524d4-5c48-4aa1-8901-6fc3b823a953,Z00578UN,2026-08-20T00:00:00Z,admin,2026-08-20T00:00:00Z,admin
4ea8737a-2a85-4e25-ae3b-42010ad5deb8,47f524d4-5c48-4aa1-8901-6fc3b823a953,Z0022MPU,2026-08-20T00:00:00Z,admin,2026-08-20T00:00:00Z,admin
e9416d46-dadd-409e-9c24-98598549c52b,47f524d4-5c48-4aa1-8901-6fc3b823a953,Z00360RB,2026-08-20T00:00:00Z,admin,2026-08-20T00:00:00Z,admin
764a43f4-0198-4a5e-8907-0d7e280f8da0,47f524d4-5c48-4aa1-8901-6fc3b823a953,Z00580YJ,2026-08-20T00:00:00Z,admin,2026-08-20T00:00:00Z,admin
a84bdd7f-53bf-45e2-af5d-012bd1928f3c,47f524d4-5c48-4aa1-8901-6fc3b823a953,Z004XVAB,2026-08-20T00:00:00Z,admin,2026-08-20T00:00:00Z,admin
fe3d9cef-5bb1-465d-a7fa-4c97b3b0a1b2,47f524d4-5c48-4aa1-8901-6fc3b823a953,Z00503ZF,2026-08-20T00:00:00Z,admin,2026-08-20T00:00:00Z,admin
8a64c3d2-9512-44dc-a62d-2de0e07b47c9,47f524d4-5c48-4aa1-8901-6fc3b823a953,Z0053X3Z,2026-08-20T00:00:00Z,admin,2026-08-20T00:00:00Z,admin
9687f008-062c-4b74-9a53-c0e4eb7c31c7,47f524d4-5c48-4aa1-8901-6fc3b823a953,Z004Z8HY,2026-08-20T00:00:00Z,admin,2026-08-20T00:00:00Z,admin
5dc6033c-d694-4377-b433-0ab88c944143,47f524d4-5c48-4aa1-8901-6fc3b823a953,Z00366PH,2026-08-20T00:00:00Z,admin,2026-08-20T00:00:00Z,admin
0c425207-63e2-4d61-b07a-06c34bbc95c4,47f524d4-5c48-4aa1-8901-6fc3b823a953,Z002M9XR,2026-08-20T00:00:00Z,admin,2026-08-20T00:00:00Z,admin
07e3d46b-297f-4b59-9b14-1429be37bc7f,47f524d4-5c48-4aa1-8901-6fc3b823a953,Z0059DWT,2026-08-20T00:00:00Z,admin,2026-08-20T00:00:00Z,admin
7b1bfcd7-1658-4063-80d8-73fab59dea22,47f524d4-5c48-4aa1-8901-6fc3b823a953,Z005989N,2026-08-20T00:00:00Z,admin,2026-08-20T00:00:00Z,admin
8be471e9-b03f-45fd-bb19-935841ee2509,47f524d4-5c48-4aa1-8901-6fc3b823a953,Z0059DYC,2026-08-20T00:00:00Z,admin,2026-08-20T00:00:00Z,admin
50bce1fe-b16f-412f-877d-2f6f9a8219dc,47f524d4-5c48-4aa1-8901-6fc3b823a953,Z0047WTV,2026-08-20T00:00:00Z,admin,2026-08-20T00:00:00Z,admin
2ae7eeb6-8c84-4e52-9ce3-62b527b42ece,17be139b-fbb7-47e8-9765-e93b9e238ac2,Z004TAMU,2026-08-20T00:00:00Z,admin,2026-08-20T00:00:00Z,admin
a68c351c-7dbc-4bae-a55f-2e27a06fba9f,17be139b-fbb7-47e8-9765-e93b9e238ac2,Z00531DY,2026-08-20T00:00:00Z,admin,2026-08-20T00:00:00Z,admin
9208e8a5-0e0d-45b3-ae4c-efd51aae4dd1,17be139b-fbb7-47e8-9765-e93b9e238ac2,Z004XVAC,2026-08-20T00:00:00Z,admin,2026-08-20T00:00:00Z,admin
21611367-b705-4900-b619-b02ca9da0a3a,17be139b-fbb7-47e8-9765-e93b9e238ac2,Z0052TYP,2026-08-20T00:00:00Z,admin,2026-08-20T00:00:00Z,admin
a13a662f-46a4-4572-b133-d134ff12eb19,17be139b-fbb7-47e8-9765-e93b9e238ac2,Z002Z66N,2026-08-20T00:00:00Z,admin,2026-08-20T00:00:00Z,admin
9bb46e17-28fe-429e-8be4-281923b5e9b4,17be139b-fbb7-47e8-9765-e93b9e238ac2,Z004YK1R,2026-08-20T00:00:00Z,admin,2026-08-20T00:00:00Z,admin
873cca6c-31d4-494e-b791-c0b34f1ab0cc,17be139b-fbb7-47e8-9765-e93b9e238ac2,Z004Z7ZE,2026-08-20T00:00:00Z,admin,2026-08-20T00:00:00Z,admin
d946da2a-32b1-466b-b1ce-d314fec116c0,17be139b-fbb7-47e8-9765-e93b9e238ac2,Z0054KNE,2026-08-20T00:00:00Z,admin,2026-08-20T00:00:00Z,admin
6622f05c-42a1-40c6-826f-884fa82160d2,17be139b-fbb7-47e8-9765-e93b9e238ac2,Z0028XMJ,2026-08-20T00:00:00Z,admin,2026-08-20T00:00:00Z,admin
614fb2f0-dd56-4e07-80af-7bef3c738f1c,17be139b-fbb7-47e8-9765-e93b9e238ac2,Z004FUJT,2026-08-20T00:00:00Z,admin,2026-08-20T00:00:00Z,admin
d64b6830-1de8-4bc6-88ed-330c63565840,17be139b-fbb7-47e8-9765-e93b9e238ac2,Z001WYDU,2026-08-20T00:00:00Z,admin,2026-08-20T00:00:00Z,admin
8fbbf38b-9289-4a10-b3fe-5a956d773038,17be139b-fbb7-47e8-9765-e93b9e238ac2,Z0014WKT,2026-08-20T00:00:00Z,admin,2026-08-20T00:00:00Z,admin
70e99c3b-14b2-4cea-9cbe-08e8573fb346,17be139b-fbb7-47e8-9765-e93b9e238ac2,Z0039MYX,2026-08-20T00:00:00Z,admin,2026-08-20T00:00:00Z,admin
088fc023-262f-4042-a4b1-094e5ffad027,17be139b-fbb7-47e8-9765-e93b9e238ac2,Z0051EJU,2026-08-20T00:00:00Z,admin,2026-08-20T00:00:00Z,admin
d3724e55-bd2b-4ed6-8286-19490d357761,17be139b-fbb7-47e8-9765-e93b9e238ac2,Z003RN6R,2026-08-20T00:00:00Z,admin,2026-08-20T00:00:00Z,admin
b5eb3d7c-1bdb-4806-ac67-1121d8839006,17be139b-fbb7-47e8-9765-e93b9e238ac2,Z0046D7W,2026-08-20T00:00:00Z,admin,2026-08-20T00:00:00Z,admin
3e423b25-c837-43ae-a59d-f695fa57399a,17be139b-fbb7-47e8-9765-e93b9e238ac2,Z000268E,2026-08-20T00:00:00Z,admin,2026-08-20T00:00:00Z,admin
45c5749a-82d3-4438-a04f-47f464a91a3a,17be139b-fbb7-47e8-9765-e93b9e238ac2,Z002JB9N,2026-08-20T00:00:00Z,admin,2026-08-20T00:00:00Z,admin
0a4b4df3-09a4-4e85-99b9-e6fe43e71d5a,17be139b-fbb7-47e8-9765-e93b9e238ac2,Z002ZJEH,2026-08-20T00:00:00Z,admin,2026-08-20T00:00:00Z,admin
8e0bb44d-9861-4a08-9772-9bf1607709da,17be139b-fbb7-47e8-9765-e93b9e238ac2,Z0033TXK,2026-08-20T00:00:00Z,admin,2026-08-20T00:00:00Z,admin
3f16d43b-9b32-4d03-b030-235e08fe1e86,17be139b-fbb7-47e8-9765-e93b9e238ac2,Z0037XDV,2026-08-20T00:00:00Z,admin,2026-08-20T00:00:00Z,admin
b2c9a841-1732-4d54-a1e4-88d77c131df3,17be139b-fbb7-47e8-9765-e93b9e238ac2,Z0030F0C,2026-08-20T00:00:00Z,admin,2026-08-20T00:00:00Z,admin
61ea858d-deef-4248-b361-cc63616ec011,17be139b-fbb7-47e8-9765-e93b9e238ac2,Z0049ETY,2026-08-20T00:00:00Z,admin,2026-08-20T00:00:00Z,admin
6a3d0c09-28dc-4952-b352-5c4b0635ca26,17be139b-fbb7-47e8-9765-e93b9e238ac2,Z00531ED,2026-08-20T00:00:00Z,admin,2026-08-20T00:00:00Z,admin
e7ae49c3-ccce-4613-a4eb-eb39b88d57b5,17be139b-fbb7-47e8-9765-e93b9e238ac2,Z00578UN,2026-08-20T00:00:00Z,admin,2026-08-20T00:00:00Z,admin
1a63ce44-885f-4aaa-ac20-0f397dd6430a,17be139b-fbb7-47e8-9765-e93b9e238ac2,Z0022MPU,2026-08-20T00:00:00Z,admin,2026-08-20T00:00:00Z,admin
7c1c1f14-b3e1-44f5-853d-693ef45c500b,17be139b-fbb7-47e8-9765-e93b9e238ac2,Z00360RB,2026-08-20T00:00:00Z,admin,2026-08-20T00:00:00Z,admin
69de16eb-ec98-4376-990a-0bb25542e0a1,17be139b-fbb7-47e8-9765-e93b9e238ac2,Z00580YJ,2026-08-20T00:00:00Z,admin,2026-08-20T00:00:00Z,admin
535a8139-6527-458b-a533-47bc769591b1,17be139b-fbb7-47e8-9765-e93b9e238ac2,Z004XVAB,2026-08-20T00:00:00Z,admin,2026-08-20T00:00:00Z,admin
f5b79939-c905-485f-9ea2-7a57c14c40cf,17be139b-fbb7-47e8-9765-e93b9e238ac2,Z00503ZF,2026-08-20T00:00:00Z,admin,2026-08-20T00:00:00Z,admin
94fe4c3f-b518-4d97-b13a-95ac6e0e4c91,17be139b-fbb7-47e8-9765-e93b9e238ac2,Z0053X3Z,2026-08-20T00:00:00Z,admin,2026-08-20T00:00:00Z,admin
852f4d80-ef58-45d5-9b38-0747933fe9b6,17be139b-fbb7-47e8-9765-e93b9e238ac2,Z004Z8HY,2026-08-20T00:00:00Z,admin,2026-08-20T00:00:00Z,admin
6be0660b-57a0-4cf2-b6d1-fc63df307606,17be139b-fbb7-47e8-9765-e93b9e238ac2,Z00366PH,2026-08-20T00:00:00Z,admin,2026-08-20T00:00:00Z,admin
f7a91673-786d-40ff-9ef9-6ff596b04d1e,17be139b-fbb7-47e8-9765-e93b9e238ac2,Z002M9XR,2026-08-20T00:00:00Z,admin,2026-08-20T00:00:00Z,admin
7f19eab7-58b3-4a09-b7be-176070e49f8e,17be139b-fbb7-47e8-9765-e93b9e238ac2,Z0059DWT,2026-08-20T00:00:00Z,admin,2026-08-20T00:00:00Z,admin
c510c5e0-1e0e-4e18-90c5-d7e37c585dcd,17be139b-fbb7-47e8-9765-e93b9e238ac2,Z005989N,2026-08-20T00:00:00Z,admin,2026-08-20T00:00:00Z,admin
00df40b5-0be1-4b80-a493-90a166b991eb,17be139b-fbb7-47e8-9765-e93b9e238ac2,Z0059DYC,2026-08-20T00:00:00Z,admin,2026-08-20T00:00:00Z,admin
e1134081-0499-4d60-a0c1-e5bc089f1f8e,17be139b-fbb7-47e8-9765-e93b9e238ac2,Z0047WTV,2026-08-20T00:00:00Z,admin,2026-08-20T00:00:00Z,admin
bbc7587b-e472-46d1-9a65-9256cea8c29b,17be139b-fbb7-47e8-9765-e93b9e238ac2,Z0043CUZ,2026-08-20T00:00:00Z,admin,2026-08-20T00:00:00Z,admin
640cd649-1eae-4e47-9854-2e8052ac90cc,17be139b-fbb7-47e8-9765-e93b9e238ac2,Z0054BAR,2026-08-20T00:00:00Z,admin,2026-08-20T00:00:00Z,admin
1911b9bb-0b7d-40f3-b59f-f4c6d7db200b,17be139b-fbb7-47e8-9765-e93b9e238ac2,Z004E75V,2026-08-20T00:00:00Z,admin,2026-08-20T00:00:00Z,admin
10399917-6cba-4189-8d87-f07e8fed764c,a1da08e7-ec91-44f1-a0f9-c55902624d56,Z004TAMU,2026-08-20T00:00:00Z,admin,2026-08-20T00:00:00Z,admin
8a619816-af29-4543-94c6-ae04a77d5e74,a1da08e7-ec91-44f1-a0f9-c55902624d56,Z00531DY,2026-08-20T00:00:00Z,admin,2026-08-20T00:00:00Z,admin
d61fafcd-74c8-4275-bb43-fa5fb39af608,a1da08e7-ec91-44f1-a0f9-c55902624d56,Z004XVAC,2026-08-20T00:00:00Z,admin,2026-08-20T00:00:00Z,admin
a8a9c0a6-a739-4dff-8fbc-02537c29a844,a1da08e7-ec91-44f1-a0f9-c55902624d56,Z0052TYP,2026-08-20T00:00:00Z,admin,2026-08-20T00:00:00Z,admin
a0c06ed6-ebbe-4abf-9d58-35aaab0b7183,a1da08e7-ec91-44f1-a0f9-c55902624d56,Z002Z66N,2026-08-20T00:00:00Z,admin,2026-08-20T00:00:00Z,admin
21100bab-c319-4c7f-8e5d-d49d639ac5d5,a1da08e7-ec91-44f1-a0f9-c55902624d56,Z004YK1R,2026-08-20T00:00:00Z,admin,2026-08-20T00:00:00Z,admin
a8c28313-995a-46db-b275-02f7ffca21e4,a1da08e7-ec91-44f1-a0f9-c55902624d56,Z004Z7ZE,2026-08-20T00:00:00Z,admin,2026-08-20T00:00:00Z,admin
f59503ab-0489-4a8f-aaea-c18debd086cf,a1da08e7-ec91-44f1-a0f9-c55902624d56,Z0054KNE,2026-08-20T00:00:00Z,admin,2026-08-20T00:00:00Z,admin
2fa4f112-9216-428e-9e98-b408126ad9a8,a1da08e7-ec91-44f1-a0f9-c55902624d56,Z0028XMJ,2026-08-20T00:00:00Z,admin,2026-08-20T00:00:00Z,admin
7eafb4bc-bd99-4e97-b48c-b84edcb5e33a,a1da08e7-ec91-44f1-a0f9-c55902624d56,Z004FUJT,2026-08-20T00:00:00Z,admin,2026-08-20T00:00:00Z,admin
27202ae9-243c-43c7-88c7-23f28545fd1c,a1da08e7-ec91-44f1-a0f9-c55902624d56,Z001WYDU,2026-08-20T00:00:00Z,admin,2026-08-20T00:00:00Z,admin
999c8998-d600-4831-949f-ed41e3b97ca3,a1da08e7-ec91-44f1-a0f9-c55902624d56,Z0014WKT,2026-08-20T00:00:00Z,admin,2026-08-20T00:00:00Z,admin
69190e5b-6871-4eff-8417-21643830f788,a1da08e7-ec91-44f1-a0f9-c55902624d56,Z0039MYX,2026-08-20T00:00:00Z,admin,2026-08-20T00:00:00Z,admin
2e54b9c2-62b1-42ce-ac03-7ffe27f1a3a3,a1da08e7-ec91-44f1-a0f9-c55902624d56,Z0051EJU,2026-08-20T00:00:00Z,admin,2026-08-20T00:00:00Z,admin
a156444d-f648-45b6-a03b-ae6e8abf1ea7,a1da08e7-ec91-44f1-a0f9-c55902624d56,Z003RN6R,2026-08-20T00:00:00Z,admin,2026-08-20T00:00:00Z,admin
943c818e-c58a-4c5d-9692-5940155f7c92,a1da08e7-ec91-44f1-a0f9-c55902624d56,Z0046D7W,2026-08-20T00:00:00Z,admin,2026-08-20T00:00:00Z,admin
b79141e6-bf55-46cf-8349-65fcbc3cef19,a1da08e7-ec91-44f1-a0f9-c55902624d56,Z000268E,2026-08-20T00:00:00Z,admin,2026-08-20T00:00:00Z,admin
f28cc966-3cb7-407c-8e25-ab74bd2d0abc,a1da08e7-ec91-44f1-a0f9-c55902624d56,Z002JB9N,2026-08-20T00:00:00Z,admin,2026-08-20T00:00:00Z,admin
61222daf-3dca-4983-bbc4-9532faa3039e,a1da08e7-ec91-44f1-a0f9-c55902624d56,Z002ZJEH,2026-08-20T00:00:00Z,admin,2026-08-20T00:00:00Z,admin
c894b0c4-5f03-4f04-b1cc-2a35b9ae9688,a1da08e7-ec91-44f1-a0f9-c55902624d56,Z0033TXK,2026-08-20T00:00:00Z,admin,2026-08-20T00:00:00Z,admin
5c175b0a-1f16-4acc-bfcc-47cdaab60e08,a1da08e7-ec91-44f1-a0f9-c55902624d56,Z0037XDV,2026-08-20T00:00:00Z,admin,2026-08-20T00:00:00Z,admin
0fc7ad54-f74d-4edc-b654-cf79970454f0,a1da08e7-ec91-44f1-a0f9-c55902624d56,Z0030F0C,2026-08-20T00:00:00Z,admin,2026-08-20T00:00:00Z,admin
731beeac-ab19-4bd7-a522-a2f83eec6ec2,a1da08e7-ec91-44f1-a0f9-c55902624d56,Z0049ETY,2026-08-20T00:00:00Z,admin,2026-08-20T00:00:00Z,admin
abc6a304-34c5-4296-b6fb-5f6d622b862c,a1da08e7-ec91-44f1-a0f9-c55902624d56,Z00531ED,2026-08-20T00:00:00Z,admin,2026-08-20T00:00:00Z,admin
f6366e3c-5cf1-4e73-9eeb-c27fcab8e34c,a1da08e7-ec91-44f1-a0f9-c55902624d56,Z00578UN,2026-08-20T00:00:00Z,admin,2026-08-20T00:00:00Z,admin
f3654b9a-6dc4-4402-a29c-03d29a591bf3,a1da08e7-ec91-44f1-a0f9-c55902624d56,Z0022MPU,2026-08-20T00:00:00Z,admin,2026-08-20T00:00:00Z,admin
71eaea3e-6898-446d-a3d7-f5aebbaee3f9,a1da08e7-ec91-44f1-a0f9-c55902624d56,Z00360RB,2026-08-20T00:00:00Z,admin,2026-08-20T00:00:00Z,admin
f9992814-4e62-49e5-90ef-2436dacaab8b,a1da08e7-ec91-44f1-a0f9-c55902624d56,Z00580YJ,2026-08-20T00:00:00Z,admin,2026-08-20T00:00:00Z,admin
41c925da-3d0b-4b5e-85b1-8d377d9e90e5,a1da08e7-ec91-44f1-a0f9-c55902624d56,Z004XVAB,2026-08-20T00:00:00Z,admin,2026-08-20T00:00:00Z,admin
813e9fa8-9002-4019-b316-fd608d62b153,a1da08e7-ec91-44f1-a0f9-c55902624d56,Z00503ZF,2026-08-20T00:00:00Z,admin,2026-08-20T00:00:00Z,admin
cc8e5b59-b812-48a4-a315-66b02d153e85,a1da08e7-ec91-44f1-a0f9-c55902624d56,Z0053X3Z,2026-08-20T00:00:00Z,admin,2026-08-20T00:00:00Z,admin
ad2f50b5-681a-4fcc-871c-901673733cff,a1da08e7-ec91-44f1-a0f9-c55902624d56,Z004Z8HY,2026-08-20T00:00:00Z,admin,2026-08-20T00:00:00Z,admin
cd8046bc-f2f0-4cff-a739-156d7bc87bad,a1da08e7-ec91-44f1-a0f9-c55902624d56,Z00366PH,2026-08-20T00:00:00Z,admin,2026-08-20T00:00:00Z,admin
4b1b4c4d-c3ae-4f8f-b0b7-81e549df8e0b,a1da08e7-ec91-44f1-a0f9-c55902624d56,Z002M9XR,2026-08-20T00:00:00Z,admin,2026-08-20T00:00:00Z,admin
341a8cd5-a0f8-40bc-91ec-0275a02f64d1,a1da08e7-ec91-44f1-a0f9-c55902624d56,Z0059DWT,2026-08-20T00:00:00Z,admin,2026-08-20T00:00:00Z,admin
75b2d3e6-3d78-4acd-82f5-f2f8461d6131,a1da08e7-ec91-44f1-a0f9-c55902624d56,Z005989N,2026-08-20T00:00:00Z,admin,2026-08-20T00:00:00Z,admin
1920a174-0000-42eb-b3bb-d2656b89ff9c,a1da08e7-ec91-44f1-a0f9-c55902624d56,Z0059DYC,2026-08-20T00:00:00Z,admin,2026-08-20T00:00:00Z,admin
f734f7a8-8751-4723-9a82-9c2e639a8b60,a1da08e7-ec91-44f1-a0f9-c55902624d56,Z0047WTV,2026-08-20T00:00:00Z,admin,2026-08-20T00:00:00Z,admin
ee6d188e-5070-429e-8497-2386d674eac8,a1da08e7-ec91-44f1-a0f9-c55902624d56,Z0043CUZ,2026-08-20T00:00:00Z,admin,2026-08-20T00:00:00Z,admin
f58fde2f-bb9f-40c6-99ab-d319b3605e07,a1da08e7-ec91-44f1-a0f9-c55902624d56,Z0054BAR,2026-08-20T00:00:00Z,admin,2026-08-20T00:00:00Z,admin
72d4d37d-0fd3-4f62-b232-d0c062720aa4,a1da08e7-ec91-44f1-a0f9-c55902624d56,Z004E75V,2026-08-20T00:00:00Z,admin,2026-08-20T00:00:00Z,admin
04f5d564-ca2e-42f0-85bf-6d082dc4eb8c,bc7748e2-20a6-4090-a091-1b064c99650d,Z004TAMU,2026-08-20T00:00:00Z,admin,2026-08-20T00:00:00Z,admin
4d0edafd-e47c-411b-b454-0087e27f1535,bc7748e2-20a6-4090-a091-1b064c99650d,Z00531DY,2026-08-20T00:00:00Z,admin,2026-08-20T00:00:00Z,admin
58581d72-0889-40aa-ac8b-5a09063bca2f,bc7748e2-20a6-4090-a091-1b064c99650d,Z004XVAC,2026-08-20T00:00:00Z,admin,2026-08-20T00:00:00Z,admin
0ad651e9-e885-41d1-860b-32463b4e3d03,bc7748e2-20a6-4090-a091-1b064c99650d,Z0052TYP,2026-08-20T00:00:00Z,admin,2026-08-20T00:00:00Z,admin
0bec2c7b-c7c5-42af-b5f2-6fa29043728d,bc7748e2-20a6-4090-a091-1b064c99650d,Z002Z66N,2026-08-20T00:00:00Z,admin,2026-08-20T00:00:00Z,admin
223578f0-2dc5-4a3f-9d80-7964b6d8b47d,bc7748e2-20a6-4090-a091-1b064c99650d,Z004YK1R,2026-08-20T00:00:00Z,admin,2026-08-20T00:00:00Z,admin
b208fc68-2781-4783-8f82-f85141402f67,bc7748e2-20a6-4090-a091-1b064c99650d,Z004Z7ZE,2026-08-20T00:00:00Z,admin,2026-08-20T00:00:00Z,admin
aed8de31-513c-42a8-b0b6-2865179edf9f,bc7748e2-20a6-4090-a091-1b064c99650d,Z0054KNE,2026-08-20T00:00:00Z,admin,2026-08-20T00:00:00Z,admin
7d1562d6-607a-4a70-8608-ca123fef98ea,bc7748e2-20a6-4090-a091-1b064c99650d,Z0028XMJ,2026-08-20T00:00:00Z,admin,2026-08-20T00:00:00Z,admin
bc67d2af-84d3-4bfc-b520-55d044488c23,bc7748e2-20a6-4090-a091-1b064c99650d,Z004FUJT,2026-08-20T00:00:00Z,admin,2026-08-20T00:00:00Z,admin
216991cd-483f-4c8c-a28f-464d2aa1e893,bc7748e2-20a6-4090-a091-1b064c99650d,Z001WYDU,2026-08-20T00:00:00Z,admin,2026-08-20T00:00:00Z,admin
ff9d693c-747d-4172-9c7b-4a79649f6717,bc7748e2-20a6-4090-a091-1b064c99650d,Z0014WKT,2026-08-20T00:00:00Z,admin,2026-08-20T00:00:00Z,admin
392ef0a0-8afe-4a99-b3df-162c308f078e,bc7748e2-20a6-4090-a091-1b064c99650d,Z0039MYX,2026-08-20T00:00:00Z,admin,2026-08-20T00:00:00Z,admin
a5bc5662-a89a-4dd8-99e9-15d7826add6d,bc7748e2-20a6-4090-a091-1b064c99650d,Z0051EJU,2026-08-20T00:00:00Z,admin,2026-08-20T00:00:00Z,admin
3988a7a8-faef-4df5-9c12-bee139e2e23e,bc7748e2-20a6-4090-a091-1b064c99650d,Z003RN6R,2026-08-20T00:00:00Z,admin,2026-08-20T00:00:00Z,admin
583eda72-68e8-48e6-b758-4136cc9feed3,bc7748e2-20a6-4090-a091-1b064c99650d,Z0046D7W,2026-08-20T00:00:00Z,admin,2026-08-20T00:00:00Z,admin
5ed08570-4edc-4adf-81e9-9af4f286d3b9,bc7748e2-20a6-4090-a091-1b064c99650d,Z000268E,2026-08-20T00:00:00Z,admin,2026-08-20T00:00:00Z,admin
34d6604f-752b-43f2-a75f-af8a6b499086,bc7748e2-20a6-4090-a091-1b064c99650d,Z002JB9N,2026-08-20T00:00:00Z,admin,2026-08-20T00:00:00Z,admin
c9618a94-a536-4790-8c51-b1f66a84f2b2,bc7748e2-20a6-4090-a091-1b064c99650d,Z002ZJEH,2026-08-20T00:00:00Z,admin,2026-08-20T00:00:00Z,admin
5e900dbf-ed64-4b12-8a64-e69f2ad56cf9,bc7748e2-20a6-4090-a091-1b064c99650d,Z0033TXK,2026-08-20T00:00:00Z,admin,2026-08-20T00:00:00Z,admin
29b0b627-5134-4fe9-9fa0-97b4368d6ced,bc7748e2-20a6-4090-a091-1b064c99650d,Z0037XDV,2026-08-20T00:00:00Z,admin,2026-08-20T00:00:00Z,admin
b696b3b5-cd1d-4ed5-ad64-22020e4c337b,bc7748e2-20a6-4090-a091-1b064c99650d,Z0030F0C,2026-08-20T00:00:00Z,admin,2026-08-20T00:00:00Z,admin
759b75c0-f307-47fb-a74b-b79f7bb73197,bc7748e2-20a6-4090-a091-1b064c99650d,Z0049ETY,2026-08-20T00:00:00Z,admin,2026-08-20T00:00:00Z,admin
8a81195a-94d1-4304-85de-f25caef3408c,bc7748e2-20a6-4090-a091-1b064c99650d,Z00531ED,2026-08-20T00:00:00Z,admin,2026-08-20T00:00:00Z,admin
30a9faa5-a923-4069-90fd-69ce4ed1fed0,bc7748e2-20a6-4090-a091-1b064c99650d,Z00578UN,2026-08-20T00:00:00Z,admin,2026-08-20T00:00:00Z,admin
93260218-3030-4171-a70d-008866c0b591,bc7748e2-20a6-4090-a091-1b064c99650d,Z0022MPU,2026-08-20T00:00:00Z,admin,2026-08-20T00:00:00Z,admin
2363c7ee-7d14-4909-9ae1-e906ee0ef6e7,bc7748e2-20a6-4090-a091-1b064c99650d,Z00360RB,2026-08-20T00:00:00Z,admin,2026-08-20T00:00:00Z,admin
d6fba48b-d570-43c9-a4d9-a5fb07625a03,bc7748e2-20a6-4090-a091-1b064c99650d,Z00580YJ,2026-08-20T00:00:00Z,admin,2026-08-20T00:00:00Z,admin
5430cf4d-2433-4d6d-b53a-33a1aecc3c9f,bc7748e2-20a6-4090-a091-1b064c99650d,Z004XVAB,2026-08-20T00:00:00Z,admin,2026-08-20T00:00:00Z,admin
64c9f896-123f-4d4c-9a53-4140323b16ef,bc7748e2-20a6-4090-a091-1b064c99650d,Z00503ZF,2026-08-20T00:00:00Z,admin,2026-08-20T00:00:00Z,admin
ebc6d519-f290-4ddb-b78d-e4ca3d33fa94,bc7748e2-20a6-4090-a091-1b064c99650d,Z0053X3Z,2026-08-20T00:00:00Z,admin,2026-08-20T00:00:00Z,admin
6ad77181-d5a4-4e9b-b295-2ac767295029,bc7748e2-20a6-4090-a091-1b064c99650d,Z004Z8HY,2026-08-20T00:00:00Z,admin,2026-08-20T00:00:00Z,admin
8e061580-9e9b-42aa-8393-ee94b751c5a1,bc7748e2-20a6-4090-a091-1b064c99650d,Z00366PH,2026-08-20T00:00:00Z,admin,2026-08-20T00:00:00Z,admin
8e12b1fd-ce8a-4dad-ada8-47f5009a8cb0,bc7748e2-20a6-4090-a091-1b064c99650d,Z002M9XR,2026-08-20T00:00:00Z,admin,2026-08-20T00:00:00Z,admin
d0625db4-cb84-4541-a87c-675e56890423,bc7748e2-20a6-4090-a091-1b064c99650d,Z0059DWT,2026-08-20T00:00:00Z,admin,2026-08-20T00:00:00Z,admin
d616656e-0d77-41ce-94df-698a7325a88e,bc7748e2-20a6-4090-a091-1b064c99650d,Z005989N,2026-08-20T00:00:00Z,admin,2026-08-20T00:00:00Z,admin
41470a62-8313-4d47-a6bf-02136560f55f,bc7748e2-20a6-4090-a091-1b064c99650d,Z0059DYC,2026-08-20T00:00:00Z,admin,2026-08-20T00:00:00Z,admin
b24afe5d-5528-4571-ace4-bcfe9139ba7f,bc7748e2-20a6-4090-a091-1b064c99650d,Z0047WTV,2026-08-20T00:00:00Z,admin,2026-08-20T00:00:00Z,admin
9e7cb012-77b4-4be0-8776-cf24a5e43535,5cb98c20-2350-45d6-a907-88c519ba522a,Z004TAMU,2026-08-20T00:00:00Z,admin,2026-08-20T00:00:00Z,admin
e4a8bf39-a561-4894-91b8-f20ad8430389,5cb98c20-2350-45d6-a907-88c519ba522a,Z00531DY,2026-08-20T00:00:00Z,admin,2026-08-20T00:00:00Z,admin
319e7c5b-949f-411f-bde8-6e3d67746704,5cb98c20-2350-45d6-a907-88c519ba522a,Z004XVAC,2026-08-20T00:00:00Z,admin,2026-08-20T00:00:00Z,admin
a0a01d06-efec-4984-89c8-057749f6a077,5cb98c20-2350-45d6-a907-88c519ba522a,Z0052TYP,2026-08-20T00:00:00Z,admin,2026-08-20T00:00:00Z,admin
86367f35-5c77-4d1d-ae18-39daeeb7b3c9,5cb98c20-2350-45d6-a907-88c519ba522a,Z002Z66N,2026-08-20T00:00:00Z,admin,2026-08-20T00:00:00Z,admin
56b4eeee-35e4-475d-babe-11074e65e5e3,5cb98c20-2350-45d6-a907-88c519ba522a,Z004YK1R,2026-08-20T00:00:00Z,admin,2026-08-20T00:00:00Z,admin
bf6a5b64-c172-45d1-9f2f-604a61cb9b46,5cb98c20-2350-45d6-a907-88c519ba522a,Z004Z7ZE,2026-08-20T00:00:00Z,admin,2026-08-20T00:00:00Z,admin
f7f3d165-a66b-42ad-b175-b9af88ee984c,5cb98c20-2350-45d6-a907-88c519ba522a,Z0054KNE,2026-08-20T00:00:00Z,admin,2026-08-20T00:00:00Z,admin
c62da908-25b0-409d-8a06-98674f9c3a24,5cb98c20-2350-45d6-a907-88c519ba522a,Z0028XMJ,2026-08-20T00:00:00Z,admin,2026-08-20T00:00:00Z,admin
24bcbac8-2bc7-4656-861c-576220020a2a,5cb98c20-2350-45d6-a907-88c519ba522a,Z004FUJT,2026-08-20T00:00:00Z,admin,2026-08-20T00:00:00Z,admin
04f64be5-5a54-493e-ba2b-810c8fb2f3b7,5cb98c20-2350-45d6-a907-88c519ba522a,Z001WYDU,2026-08-20T00:00:00Z,admin,2026-08-20T00:00:00Z,admin
817475d2-f155-418f-b8b0-f9c0c4e70b2b,5cb98c20-2350-45d6-a907-88c519ba522a,Z0014WKT,2026-08-20T00:00:00Z,admin,2026-08-20T00:00:00Z,admin
57c73b14-8bd3-4e23-a12f-43a447fc0305,5cb98c20-2350-45d6-a907-88c519ba522a,Z0039MYX,2026-08-20T00:00:00Z,admin,2026-08-20T00:00:00Z,admin
674f275c-dd28-42f1-9c2b-4b72b70d84f4,5cb98c20-2350-45d6-a907-88c519ba522a,Z0051EJU,2026-08-20T00:00:00Z,admin,2026-08-20T00:00:00Z,admin
56412ddb-f6c8-45f8-bb60-a6f47566793e,5cb98c20-2350-45d6-a907-88c519ba522a,Z003RN6R,2026-08-20T00:00:00Z,admin,2026-08-20T00:00:00Z,admin
8dcb9b92-04f2-44ed-91d7-c3b9098e2091,5cb98c20-2350-45d6-a907-88c519ba522a,Z0046D7W,2026-08-20T00:00:00Z,admin,2026-08-20T00:00:00Z,admin
5fac3ead-6459-4965-9dfa-efe8860b6a73,5cb98c20-2350-45d6-a907-88c519ba522a,Z000268E,2026-08-20T00:00:00Z,admin,2026-08-20T00:00:00Z,admin
de3d5b61-3fba-4f7a-b9d5-e390524e5fb6,5cb98c20-2350-45d6-a907-88c519ba522a,Z002JB9N,2026-08-20T00:00:00Z,admin,2026-08-20T00:00:00Z,admin
a3c34797-d4be-482c-a069-2ccb795942b2,5cb98c20-2350-45d6-a907-88c519ba522a,Z002ZJEH,2026-08-20T00:00:00Z,admin,2026-08-20T00:00:00Z,admin
c39bcf9a-c55f-4a02-9cba-457b54200b2b,5cb98c20-2350-45d6-a907-88c519ba522a,Z0033TXK,2026-08-20T00:00:00Z,admin,2026-08-20T00:00:00Z,admin
cd203d10-99fa-4065-a261-2f4ec7ed1703,5cb98c20-2350-45d6-a907-88c519ba522a,Z0037XDV,2026-08-20T00:00:00Z,admin,2026-08-20T00:00:00Z,admin
a10a410d-a3ce-4d3a-98da-6161f5fa479f,5cb98c20-2350-45d6-a907-88c519ba522a,Z0030F0C,2026-08-20T00:00:00Z,admin,2026-08-20T00:00:00Z,admin
df39305c-70ad-4198-978c-2c0e8992b967,5cb98c20-2350-45d6-a907-88c519ba522a,Z0049ETY,2026-08-20T00:00:00Z,admin,2026-08-20T00:00:00Z,admin
19cffe23-87ea-485d-a561-f173cc2a8630,5cb98c20-2350-45d6-a907-88c519ba522a,Z00531ED,2026-08-20T00:00:00Z,admin,2026-08-20T00:00:00Z,admin
d1965461-04e6-4c0c-8300-cb81024faba5,5cb98c20-2350-45d6-a907-88c519ba522a,Z00578UN,2026-08-20T00:00:00Z,admin,2026-08-20T00:00:00Z,admin
e433670c-08bf-470b-9b9a-e297ff3f221c,5cb98c20-2350-45d6-a907-88c519ba522a,Z0022MPU,2026-08-20T00:00:00Z,admin,2026-08-20T00:00:00Z,admin
1629ca31-e205-4277-a310-2b2d0e9e463b,5cb98c20-2350-45d6-a907-88c519ba522a,Z00360RB,2026-08-20T00:00:00Z,admin,2026-08-20T00:00:00Z,admin
e84a03e3-8319-4085-bb18-5818c924c14f,5cb98c20-2350-45d6-a907-88c519ba522a,Z00580YJ,2026-08-20T00:00:00Z,admin,2026-08-20T00:00:00Z,admin
d6ecb331-0cb0-4e94-8cf7-f4a61ec265a3,5cb98c20-2350-45d6-a907-88c519ba522a,Z004XVAB,2026-08-20T00:00:00Z,admin,2026-08-20T00:00:00Z,admin
c5972a39-f79c-41cb-9b82-fffd42d200c0,5cb98c20-2350-45d6-a907-88c519ba522a,Z00503ZF,2026-08-20T00:00:00Z,admin,2026-08-20T00:00:00Z,admin
8d7e9de7-975d-441e-8765-1fb106008933,5cb98c20-2350-45d6-a907-88c519ba522a,Z0053X3Z,2026-08-20T00:00:00Z,admin,2026-08-20T00:00:00Z,admin
a814a282-e87e-4bc5-a377-113795e280aa,5cb98c20-2350-45d6-a907-88c519ba522a,Z004Z8HY,2026-08-20T00:00:00Z,admin,2026-08-20T00:00:00Z,admin
4188de25-3a52-4974-b1be-7e9fe1cdf381,5cb98c20-2350-45d6-a907-88c519ba522a,Z00366PH,2026-08-20T00:00:00Z,admin,2026-08-20T00:00:00Z,admin
a09c5598-1ab8-413a-91b8-2ee34990a166,5cb98c20-2350-45d6-a907-88c519ba522a,Z002M9XR,2026-08-20T00:00:00Z,admin,2026-08-20T00:00:00Z,admin
6391bf05-c3fa-4fe6-9a44-7ba6feb2986a,5cb98c20-2350-45d6-a907-88c519ba522a,Z0059DWT,2026-08-20T00:00:00Z,admin,2026-08-20T00:00:00Z,admin
e112b4eb-9fc9-464f-85f2-da5b91a9d69c,5cb98c20-2350-45d6-a907-88c519ba522a,Z005989N,2026-08-20T00:00:00Z,admin,2026-08-20T00:00:00Z,admin
afd8e98a-10b4-4a75-ba41-fc59eb9b929e,5cb98c20-2350-45d6-a907-88c519ba522a,Z0059DYC,2026-08-20T00:00:00Z,admin,2026-08-20T00:00:00Z,admin
073c5b22-32c6-4518-a158-6045a5da46c1,5cb98c20-2350-45d6-a907-88c519ba522a,Z0047WTV,2026-08-20T00:00:00Z,admin,2026-08-20T00:00:00Z,admin
61fb83ee-ba2e-41d0-be55-50b374c806a6,5cb98c20-2350-45d6-a907-88c519ba522a,Z0043CUZ,2026-08-20T00:00:00Z,admin,2026-08-20T00:00:00Z,admin
393699dd-cb6b-4c44-8707-867d44ded890,5cb98c20-2350-45d6-a907-88c519ba522a,Z0054BAR,2026-08-20T00:00:00Z,admin,2026-08-20T00:00:00Z,admin
0bb52b65-ac24-4a51-ba5a-8238329de186,5cb98c20-2350-45d6-a907-88c519ba522a,Z004E75V,2026-08-20T00:00:00Z,admin,2026-08-20T00:00:00Z,admin
5af5afa7-a2c2-4b33-9cf5-4127d0b20e51,4224627d-44ad-44d5-9237-f17f0430470c,Z004TAMU,2026-08-20T00:00:00Z,admin,2026-08-20T00:00:00Z,admin
1473952b-8f1d-48c0-9d34-610889e5be5f,4224627d-44ad-44d5-9237-f17f0430470c,Z00531DY,2026-08-20T00:00:00Z,admin,2026-08-20T00:00:00Z,admin
22b77f20-5e23-45a1-a7a5-31dc5d1a6c79,4224627d-44ad-44d5-9237-f17f0430470c,Z004XVAC,2026-08-20T00:00:00Z,admin,2026-08-20T00:00:00Z,admin
be328747-04eb-46f0-bc96-1d6dd014d70a,4224627d-44ad-44d5-9237-f17f0430470c,Z0052TYP,2026-08-20T00:00:00Z,admin,2026-08-20T00:00:00Z,admin
ae4d630a-2b90-4472-bb7c-27552e02c4bb,4224627d-44ad-44d5-9237-f17f0430470c,Z002Z66N,2026-08-20T00:00:00Z,admin,2026-08-20T00:00:00Z,admin
9bbca3bf-c9b6-4991-be3c-b79f64f17803,4224627d-44ad-44d5-9237-f17f0430470c,Z004YK1R,2026-08-20T00:00:00Z,admin,2026-08-20T00:00:00Z,admin
6d746ca8-f968-4848-9373-745710532652,4224627d-44ad-44d5-9237-f17f0430470c,Z004Z7ZE,2026-08-20T00:00:00Z,admin,2026-08-20T00:00:00Z,admin
e6a0a861-0a25-4cf1-aa26-913fc86ca89e,4224627d-44ad-44d5-9237-f17f0430470c,Z0054KNE,2026-08-20T00:00:00Z,admin,2026-08-20T00:00:00Z,admin
4e5036d4-c1bb-4f7e-8f97-07c06c989983,4224627d-44ad-44d5-9237-f17f0430470c,Z0028XMJ,2026-08-20T00:00:00Z,admin,2026-08-20T00:00:00Z,admin
c807a0f6-2b0f-4086-aab5-59df507fea69,4224627d-44ad-44d5-9237-f17f0430470c,Z004FUJT,2026-08-20T00:00:00Z,admin,2026-08-20T00:00:00Z,admin
f47add65-303e-4f8e-ac4e-7cfb8d530310,4224627d-44ad-44d5-9237-f17f0430470c,Z001WYDU,2026-08-20T00:00:00Z,admin,2026-08-20T00:00:00Z,admin
8407c8a1-cb86-463e-89ff-ab47f239b076,4224627d-44ad-44d5-9237-f17f0430470c,Z0014WKT,2026-08-20T00:00:00Z,admin,2026-08-20T00:00:00Z,admin
eac07863-514d-40b4-b4fc-208e399355b5,4224627d-44ad-44d5-9237-f17f0430470c,Z0039MYX,2026-08-20T00:00:00Z,admin,2026-08-20T00:00:00Z,admin
222aa70c-9ff0-44de-a6cf-d002813f720d,4224627d-44ad-44d5-9237-f17f0430470c,Z0051EJU,2026-08-20T00:00:00Z,admin,2026-08-20T00:00:00Z,admin
20b2d9cb-bac5-4adc-aa75-072a66d1751e,4224627d-44ad-44d5-9237-f17f0430470c,Z003RN6R,2026-08-20T00:00:00Z,admin,2026-08-20T00:00:00Z,admin
a761cd85-fc86-431c-afcb-bff6c27f817e,4224627d-44ad-44d5-9237-f17f0430470c,Z0046D7W,2026-08-20T00:00:00Z,admin,2026-08-20T00:00:00Z,admin
e8a84836-fb4b-49bc-a359-c5e46f098887,4224627d-44ad-44d5-9237-f17f0430470c,Z000268E,2026-08-20T00:00:00Z,admin,2026-08-20T00:00:00Z,admin
1dc0e980-4109-4d04-bfa5-e2e7f5ccd412,4224627d-44ad-44d5-9237-f17f0430470c,Z002JB9N,2026-08-20T00:00:00Z,admin,2026-08-20T00:00:00Z,admin
1381fa77-2710-4356-8da3-69aa1bb8384f,4224627d-44ad-44d5-9237-f17f0430470c,Z002ZJEH,2026-08-20T00:00:00Z,admin,2026-08-20T00:00:00Z,admin
90f98bb3-2297-4f5d-87c7-c09fd4b4225f,4224627d-44ad-44d5-9237-f17f0430470c,Z0033TXK,2026-08-20T00:00:00Z,admin,2026-08-20T00:00:00Z,admin
34e2b2ac-a5d9-43fe-9ecf-725bd00c8148,4224627d-44ad-44d5-9237-f17f0430470c,Z0037XDV,2026-08-20T00:00:00Z,admin,2026-08-20T00:00:00Z,admin
cdeb3ded-53c4-4f1b-b289-4197c44d01e7,4224627d-44ad-44d5-9237-f17f0430470c,Z0030F0C,2026-08-20T00:00:00Z,admin,2026-08-20T00:00:00Z,admin
46c7d24e-6c37-4302-89f5-d5c4ad432b03,4224627d-44ad-44d5-9237-f17f0430470c,Z0049ETY,2026-08-20T00:00:00Z,admin,2026-08-20T00:00:00Z,admin
d0336f28-7569-48f3-b99f-d1b563e1394a,4224627d-44ad-44d5-9237-f17f0430470c,Z00531ED,2026-08-20T00:00:00Z,admin,2026-08-20T00:00:00Z,admin
3fef34ea-3b4b-465a-bdd3-889402fc4e0e,4224627d-44ad-44d5-9237-f17f0430470c,Z00578UN,2026-08-20T00:00:00Z,admin,2026-08-20T00:00:00Z,admin
aea10ef6-ac24-443b-a9eb-fa6411ba3c97,4224627d-44ad-44d5-9237-f17f0430470c,Z0022MPU,2026-08-20T00:00:00Z,admin,2026-08-20T00:00:00Z,admin
f4569779-8fde-4be2-8252-179564e45543,4224627d-44ad-44d5-9237-f17f0430470c,Z00360RB,2026-08-20T00:00:00Z,admin,2026-08-20T00:00:00Z,admin
10845be1-551d-4334-a9b8-ae0bacf30385,4224627d-44ad-44d5-9237-f17f0430470c,Z00580YJ,2026-08-20T00:00:00Z,admin,2026-08-20T00:00:00Z,admin
2bc50ee6-bd52-48c3-b6b5-eb37cd5ea9ed,4224627d-44ad-44d5-9237-f17f0430470c,Z004XVAB,2026-08-20T00:00:00Z,admin,2026-08-20T00:00:00Z,admin
76a732ad-acb2-44ae-b367-8e5a787dea91,4224627d-44ad-44d5-9237-f17f0430470c,Z00503ZF,2026-08-20T00:00:00Z,admin,2026-08-20T00:00:00Z,admin
7d8f49e7-2969-4d0d-be42-0e9b109bc8a3,4224627d-44ad-44d5-9237-f17f0430470c,Z0053X3Z,2026-08-20T00:00:00Z,admin,2026-08-20T00:00:00Z,admin
14765833-5017-4a16-ab16-7764fc4636f6,4224627d-44ad-44d5-9237-f17f0430470c,Z004Z8HY,2026-08-20T00:00:00Z,admin,2026-08-20T00:00:00Z,admin
67e327f6-576d-469d-a175-9b7af6d0add5,4224627d-44ad-44d5-9237-f17f0430470c,Z00366PH,2026-08-20T00:00:00Z,admin,2026-08-20T00:00:00Z,admin
d124f474-efd4-466e-9234-0cfeb8020c13,4224627d-44ad-44d5-9237-f17f0430470c,Z002M9XR,2026-08-20T00:00:00Z,admin,2026-08-20T00:00:00Z,admin
76677a87-1c00-48aa-a0d2-65db7905438f,4224627d-44ad-44d5-9237-f17f0430470c,Z0059DWT,2026-08-20T00:00:00Z,admin,2026-08-20T00:00:00Z,admin
0f5428c8-9dda-4ac0-be82-9f61fc912ae3,4224627d-44ad-44d5-9237-f17f0430470c,Z005989N,2026-08-20T00:00:00Z,admin,2026-08-20T00:00:00Z,admin
3a318c54-3a45-4759-a257-5148f51f02b3,4224627d-44ad-44d5-9237-f17f0430470c,Z0059DYC,2026-08-20T00:00:00Z,admin,2026-08-20T00:00:00Z,admin
86181ed0-284c-48c9-9a2c-0cd0a50ee16a,4224627d-44ad-44d5-9237-f17f0430470c,Z0047WTV,2026-08-20T00:00:00Z,admin,2026-08-20T00:00:00Z,admin
51d1bbaf-b364-407e-a296-630867cfe3cb,4224627d-44ad-44d5-9237-f17f0430470c,Z0043CUZ,2026-08-20T00:00:00Z,admin,2026-08-20T00:00:00Z,admin
8ed7eece-2792-49ad-a724-1682684c782e,4224627d-44ad-44d5-9237-f17f0430470c,Z0054BAR,2026-08-20T00:00:00Z,admin,2026-08-20T00:00:00Z,admin
0565ec5f-12f0-4cae-800d-540845f3f869,4224627d-44ad-44d5-9237-f17f0430470c,Z004E75V,2026-08-20T00:00:00Z,admin,2026-08-20T00:00:00Z,admin
ac5cfbe9-84cc-48c7-b85c-f808d7d5f326,02e18d2f-ba51-40ca-97ec-79da67decac1,Z004TAMU,2026-08-20T00:00:00Z,admin,2026-08-20T00:00:00Z,admin
2177664f-0538-45c0-b96a-d6207d170d67,02e18d2f-ba51-40ca-97ec-79da67decac1,Z00531DY,2026-08-20T00:00:00Z,admin,2026-08-20T00:00:00Z,admin
f5c98a69-af91-458c-a2b4-ba48c5197713,02e18d2f-ba51-40ca-97ec-79da67decac1,Z004XVAC,2026-08-20T00:00:00Z,admin,2026-08-20T00:00:00Z,admin
5eb21a44-193c-40d0-b418-b1998108ccc8,02e18d2f-ba51-40ca-97ec-79da67decac1,Z0052TYP,2026-08-20T00:00:00Z,admin,2026-08-20T00:00:00Z,admin
d5deb9f4-7a38-4329-8531-c5565c5b3058,02e18d2f-ba51-40ca-97ec-79da67decac1,Z002Z66N,2026-08-20T00:00:00Z,admin,2026-08-20T00:00:00Z,admin
94c41e87-d656-4098-bda3-19b842d09195,02e18d2f-ba51-40ca-97ec-79da67decac1,Z004YK1R,2026-08-20T00:00:00Z,admin,2026-08-20T00:00:00Z,admin
ae64e784-8701-41c7-b4e4-74aad81147a6,02e18d2f-ba51-40ca-97ec-79da67decac1,Z004Z7ZE,2026-08-20T00:00:00Z,admin,2026-08-20T00:00:00Z,admin
7b7df535-c3a9-43d3-a979-c7dd221262fe,02e18d2f-ba51-40ca-97ec-79da67decac1,Z0054KNE,2026-08-20T00:00:00Z,admin,2026-08-20T00:00:00Z,admin
2a1a7cdf-f656-4f67-980e-a6f6d2bea211,02e18d2f-ba51-40ca-97ec-79da67decac1,Z0028XMJ,2026-08-20T00:00:00Z,admin,2026-08-20T00:00:00Z,admin
ebc756c5-edbb-4007-b071-e5401bcc70d9,02e18d2f-ba51-40ca-97ec-79da67decac1,Z004FUJT,2026-08-20T00:00:00Z,admin,2026-08-20T00:00:00Z,admin
0dcccc04-be58-4709-b02a-fab4691e784b,02e18d2f-ba51-40ca-97ec-79da67decac1,Z001WYDU,2026-08-20T00:00:00Z,admin,2026-08-20T00:00:00Z,admin
7bd1c7fe-0477-4924-8952-a84b3508a084,02e18d2f-ba51-40ca-97ec-79da67decac1,Z0014WKT,2026-08-20T00:00:00Z,admin,2026-08-20T00:00:00Z,admin
ccfcd3c1-7ee3-424b-b847-ccfe5af17523,02e18d2f-ba51-40ca-97ec-79da67decac1,Z0039MYX,2026-08-20T00:00:00Z,admin,2026-08-20T00:00:00Z,admin
f1df66d1-672c-4b35-808d-b5390d8e8619,02e18d2f-ba51-40ca-97ec-79da67decac1,Z0051EJU,2026-08-20T00:00:00Z,admin,2026-08-20T00:00:00Z,admin
2785e937-b2ed-4c71-b578-1d8e815006d2,02e18d2f-ba51-40ca-97ec-79da67decac1,Z003RN6R,2026-08-20T00:00:00Z,admin,2026-08-20T00:00:00Z,admin
a6c75628-86c0-4040-86ad-831a81ec539c,02e18d2f-ba51-40ca-97ec-79da67decac1,Z0046D7W,2026-08-20T00:00:00Z,admin,2026-08-20T00:00:00Z,admin
59679594-6a7b-4440-b6d1-e7fa0e416f98,02e18d2f-ba51-40ca-97ec-79da67decac1,Z000268E,2026-08-20T00:00:00Z,admin,2026-08-20T00:00:00Z,admin
47e87d7e-def6-40c1-b767-5cd4401b7d07,02e18d2f-ba51-40ca-97ec-79da67decac1,Z002JB9N,2026-08-20T00:00:00Z,admin,2026-08-20T00:00:00Z,admin
51688d69-b63f-4428-a8a5-721e861c6ed0,02e18d2f-ba51-40ca-97ec-79da67decac1,Z002ZJEH,2026-08-20T00:00:00Z,admin,2026-08-20T00:00:00Z,admin
a87c98ef-b565-4d22-b6a4-34283c60477b,02e18d2f-ba51-40ca-97ec-79da67decac1,Z0033TXK,2026-08-20T00:00:00Z,admin,2026-08-20T00:00:00Z,admin
0e9a7a34-5d2e-4f93-8d55-f37795422a1e,02e18d2f-ba51-40ca-97ec-79da67decac1,Z0037XDV,2026-08-20T00:00:00Z,admin,2026-08-20T00:00:00Z,admin
363e7028-6d21-42e8-be1b-3d407c30b507,02e18d2f-ba51-40ca-97ec-79da67decac1,Z0030F0C,2026-08-20T00:00:00Z,admin,2026-08-20T00:00:00Z,admin
f169de81-a799-476f-a4e5-6c2b84f891b9,02e18d2f-ba51-40ca-97ec-79da67decac1,Z0049ETY,2026-08-20T00:00:00Z,admin,2026-08-20T00:00:00Z,admin
d12a3fd9-9e00-4893-9e0f-4ad091e2d850,02e18d2f-ba51-40ca-97ec-79da67decac1,Z00531ED,2026-08-20T00:00:00Z,admin,2026-08-20T00:00:00Z,admin
6c1c64e5-bd06-48b8-8be0-c26e187e7956,02e18d2f-ba51-40ca-97ec-79da67decac1,Z00578UN,2026-08-20T00:00:00Z,admin,2026-08-20T00:00:00Z,admin
ef15fe4f-8ab8-47fd-a26a-b3cd186374c7,02e18d2f-ba51-40ca-97ec-79da67decac1,Z0022MPU,2026-08-20T00:00:00Z,admin,2026-08-20T00:00:00Z,admin
bc8c932c-d0db-401e-9e1c-8df025ba9cd4,02e18d2f-ba51-40ca-97ec-79da67decac1,Z00360RB,2026-08-20T00:00:00Z,admin,2026-08-20T00:00:00Z,admin
65ff9082-bc8a-42bd-b4ee-63cee757cc91,02e18d2f-ba51-40ca-97ec-79da67decac1,Z00580YJ,2026-08-20T00:00:00Z,admin,2026-08-20T00:00:00Z,admin
2c0c0429-22bb-42c5-8cf8-cada28a16627,02e18d2f-ba51-40ca-97ec-79da67decac1,Z004XVAB,2026-08-20T00:00:00Z,admin,2026-08-20T00:00:00Z,admin
dbf30900-66fc-4f04-87e4-a2bda1c8130d,02e18d2f-ba51-40ca-97ec-79da67decac1,Z00503ZF,2026-08-20T00:00:00Z,admin,2026-08-20T00:00:00Z,admin
605e0f0a-2661-4e01-abf8-a313a17bc284,02e18d2f-ba51-40ca-97ec-79da67decac1,Z0053X3Z,2026-08-20T00:00:00Z,admin,2026-08-20T00:00:00Z,admin
a6ab1530-853c-4fcc-a285-4fc0e813f990,02e18d2f-ba51-40ca-97ec-79da67decac1,Z004Z8HY,2026-08-20T00:00:00Z,admin,2026-08-20T00:00:00Z,admin
370624ef-5b53-4287-ae3b-ecdacee54ce3,02e18d2f-ba51-40ca-97ec-79da67decac1,Z00366PH,2026-08-20T00:00:00Z,admin,2026-08-20T00:00:00Z,admin
bbf75194-2873-44a0-a5dd-6dab4acb05d5,02e18d2f-ba51-40ca-97ec-79da67decac1,Z002M9XR,2026-08-20T00:00:00Z,admin,2026-08-20T00:00:00Z,admin
a7bdfe7a-65ec-4c4f-808b-7436d5c283cf,02e18d2f-ba51-40ca-97ec-79da67decac1,Z0059DWT,2026-08-20T00:00:00Z,admin,2026-08-20T00:00:00Z,admin
de31fe31-d84c-4349-aaac-ab323a7d3ef6,02e18d2f-ba51-40ca-97ec-79da67decac1,Z005989N,2026-08-20T00:00:00Z,admin,2026-08-20T00:00:00Z,admin
8e17bd4e-388d-4837-9f08-e3e3aa79ceaa,02e18d2f-ba51-40ca-97ec-79da67decac1,Z0059DYC,2026-08-20T00:00:00Z,admin,2026-08-20T00:00:00Z,admin
9ae60efb-e805-469c-ad19-66f46caba7eb,02e18d2f-ba51-40ca-97ec-79da67decac1,Z0047WTV,2026-08-20T00:00:00Z,admin,2026-08-20T00:00:00Z,admin
ecfece78-1b48-4c7d-a8e3-847107cc494a,fbfe806e-dac1-4f2f-ab62-98223a41b5a3,Z004TAMU,2026-08-20T00:00:00Z,admin,2026-08-20T00:00:00Z,admin
b6067f37-4405-4824-8b97-6f9e4a5d8a46,fbfe806e-dac1-4f2f-ab62-98223a41b5a3,Z00531DY,2026-08-20T00:00:00Z,admin,2026-08-20T00:00:00Z,admin
11df9fa4-d598-4ede-b17b-8bafd53f8eeb,fbfe806e-dac1-4f2f-ab62-98223a41b5a3,Z004XVAC,2026-08-20T00:00:00Z,admin,2026-08-20T00:00:00Z,admin
a33a3553-67ac-4a77-ac49-c790b04708bb,fbfe806e-dac1-4f2f-ab62-98223a41b5a3,Z0052TYP,2026-08-20T00:00:00Z,admin,2026-08-20T00:00:00Z,admin
ae0cd9c9-2d6d-4727-895b-1f57dcc42d06,fbfe806e-dac1-4f2f-ab62-98223a41b5a3,Z002Z66N,2026-08-20T00:00:00Z,admin,2026-08-20T00:00:00Z,admin
27d356c8-50c3-4a76-9bd3-cbf1a7b6460a,fbfe806e-dac1-4f2f-ab62-98223a41b5a3,Z004YK1R,2026-08-20T00:00:00Z,admin,2026-08-20T00:00:00Z,admin
9882d036-b4c3-41c0-a7a2-86b52a4c023a,fbfe806e-dac1-4f2f-ab62-98223a41b5a3,Z004Z7ZE,2026-08-20T00:00:00Z,admin,2026-08-20T00:00:00Z,admin
471813dd-b170-49d2-b5ed-669ae614068e,fbfe806e-dac1-4f2f-ab62-98223a41b5a3,Z0054KNE,2026-08-20T00:00:00Z,admin,2026-08-20T00:00:00Z,admin
0c6225c1-3f24-40fc-bbd4-c4bbe9d08f68,fbfe806e-dac1-4f2f-ab62-98223a41b5a3,Z0028XMJ,2026-08-20T00:00:00Z,admin,2026-08-20T00:00:00Z,admin
62d6e270-5044-4845-993a-5bf4d8ec07e8,fbfe806e-dac1-4f2f-ab62-98223a41b5a3,Z004FUJT,2026-08-20T00:00:00Z,admin,2026-08-20T00:00:00Z,admin
5a3137af-3ebd-4d8f-9cdd-33536319f287,fbfe806e-dac1-4f2f-ab62-98223a41b5a3,Z001WYDU,2026-08-20T00:00:00Z,admin,2026-08-20T00:00:00Z,admin
e6758e2d-c130-4cf7-a7ab-efb38f180c79,fbfe806e-dac1-4f2f-ab62-98223a41b5a3,Z0014WKT,2026-08-20T00:00:00Z,admin,2026-08-20T00:00:00Z,admin
dbcfbbc3-3d5d-432c-859e-dae9c79a711c,fbfe806e-dac1-4f2f-ab62-98223a41b5a3,Z0039MYX,2026-08-20T00:00:00Z,admin,2026-08-20T00:00:00Z,admin
4429353b-3875-401d-b1f3-7769fc0146cb,fbfe806e-dac1-4f2f-ab62-98223a41b5a3,Z0051EJU,2026-08-20T00:00:00Z,admin,2026-08-20T00:00:00Z,admin
2ca0efbf-51c8-4f73-a715-c9c1445bb02f,fbfe806e-dac1-4f2f-ab62-98223a41b5a3,Z003RN6R,2026-08-20T00:00:00Z,admin,2026-08-20T00:00:00Z,admin
12e23781-caec-41e7-b32d-2a0e494d5100,fbfe806e-dac1-4f2f-ab62-98223a41b5a3,Z0046D7W,2026-08-20T00:00:00Z,admin,2026-08-20T00:00:00Z,admin
c0855287-169e-44da-92cb-46fd8c670615,fbfe806e-dac1-4f2f-ab62-98223a41b5a3,Z000268E,2026-08-20T00:00:00Z,admin,2026-08-20T00:00:00Z,admin
d9d76a6d-4cec-4f8b-a324-18fc956f4459,fbfe806e-dac1-4f2f-ab62-98223a41b5a3,Z002JB9N,2026-08-20T00:00:00Z,admin,2026-08-20T00:00:00Z,admin
9c5897e0-9c14-4bbe-8011-38f4f4bc5bc1,fbfe806e-dac1-4f2f-ab62-98223a41b5a3,Z002ZJEH,2026-08-20T00:00:00Z,admin,2026-08-20T00:00:00Z,admin
c321caa4-a200-461c-b6dc-9da33fcc5e6c,fbfe806e-dac1-4f2f-ab62-98223a41b5a3,Z0033TXK,2026-08-20T00:00:00Z,admin,2026-08-20T00:00:00Z,admin
eada47eb-ee77-4e02-b9f5-f4b8300c94a1,fbfe806e-dac1-4f2f-ab62-98223a41b5a3,Z0037XDV,2026-08-20T00:00:00Z,admin,2026-08-20T00:00:00Z,admin
b7c0a1f3-b834-44b0-a1af-88a06b8a8868,fbfe806e-dac1-4f2f-ab62-98223a41b5a3,Z0030F0C,2026-08-20T00:00:00Z,admin,2026-08-20T00:00:00Z,admin
21df7ca7-d9bd-45eb-b91a-04fa8f0d0e73,fbfe806e-dac1-4f2f-ab62-98223a41b5a3,Z0049ETY,2026-08-20T00:00:00Z,admin,2026-08-20T00:00:00Z,admin
a390347c-8081-41d0-9181-8c8831a73264,fbfe806e-dac1-4f2f-ab62-98223a41b5a3,Z00531ED,2026-08-20T00:00:00Z,admin,2026-08-20T00:00:00Z,admin
f43e9293-c3f8-4c6f-addc-9c80d09a86dc,fbfe806e-dac1-4f2f-ab62-98223a41b5a3,Z00578UN,2026-08-20T00:00:00Z,admin,2026-08-20T00:00:00Z,admin
38f5e94f-d9c8-47e6-9b4a-7fef6921a53f,fbfe806e-dac1-4f2f-ab62-98223a41b5a3,Z0022MPU,2026-08-20T00:00:00Z,admin,2026-08-20T00:00:00Z,admin
f05e3466-8726-4fdc-9f73-f019666e7c67,fbfe806e-dac1-4f2f-ab62-98223a41b5a3,Z00360RB,2026-08-20T00:00:00Z,admin,2026-08-20T00:00:00Z,admin
d8138342-ab05-41f0-b4a0-90b14b140c77,fbfe806e-dac1-4f2f-ab62-98223a41b5a3,Z00580YJ,2026-08-20T00:00:00Z,admin,2026-08-20T00:00:00Z,admin
2a2a03f6-dc93-4a37-98d1-41133a2eafcf,fbfe806e-dac1-4f2f-ab62-98223a41b5a3,Z004XVAB,2026-08-20T00:00:00Z,admin,2026-08-20T00:00:00Z,admin
283509c3-7bab-4630-a2da-1b2f23b599c6,fbfe806e-dac1-4f2f-ab62-98223a41b5a3,Z00503ZF,2026-08-20T00:00:00Z,admin,2026-08-20T00:00:00Z,admin
7901ac67-e7a1-410a-88a5-f8c98b72eec7,fbfe806e-dac1-4f2f-ab62-98223a41b5a3,Z0053X3Z,2026-08-20T00:00:00Z,admin,2026-08-20T00:00:00Z,admin
3635344c-26e6-4fa9-862d-5bb6276e4449,fbfe806e-dac1-4f2f-ab62-98223a41b5a3,Z004Z8HY,2026-08-20T00:00:00Z,admin,2026-08-20T00:00:00Z,admin
d891a7bf-4414-4b5b-b58a-8711051419fa,fbfe806e-dac1-4f2f-ab62-98223a41b5a3,Z00366PH,2026-08-20T00:00:00Z,admin,2026-08-20T00:00:00Z,admin
ef93d2e4-6c9e-49b8-a8e6-58ab3b28c4f3,fbfe806e-dac1-4f2f-ab62-98223a41b5a3,Z002M9XR,2026-08-20T00:00:00Z,admin,2026-08-20T00:00:00Z,admin
295e992b-7b3d-4280-a545-4a8176d4796c,fbfe806e-dac1-4f2f-ab62-98223a41b5a3,Z0059DWT,2026-08-20T00:00:00Z,admin,2026-08-20T00:00:00Z,admin
14a06d82-77fa-4b4e-b998-2401d01759c8,fbfe806e-dac1-4f2f-ab62-98223a41b5a3,Z005989N,2026-08-20T00:00:00Z,admin,2026-08-20T00:00:00Z,admin
f163a598-3d88-427a-8c71-c2dfdd7c356f,fbfe806e-dac1-4f2f-ab62-98223a41b5a3,Z0059DYC,2026-08-20T00:00:00Z,admin,2026-08-20T00:00:00Z,admin
f6b170fe-ee7b-47ab-abc7-8b465bbd2071,fbfe806e-dac1-4f2f-ab62-98223a41b5a3,Z0047WTV,2026-08-20T00:00:00Z,admin,2026-08-20T00:00:00Z,admin
a438039b-da0d-447f-94e9-c37a9fb5b7b8,fbfe806e-dac1-4f2f-ab62-98223a41b5a3,Z0043CUZ,2026-08-20T00:00:00Z,admin,2026-08-20T00:00:00Z,admin
da6fe04a-f191-426e-9149-5e0aeb8e0e0b,fbfe806e-dac1-4f2f-ab62-98223a41b5a3,Z0054BAR,2026-08-20T00:00:00Z,admin,2026-08-20T00:00:00Z,admin
13af709c-6f96-49f7-a840-2b0a96cd8996,fbfe806e-dac1-4f2f-ab62-98223a41b5a3,Z004E75V,2026-08-20T00:00:00Z,admin,2026-08-20T00:00:00Z,admin
5d0e1aac-ee89-4ea2-bd87-b63b9239906b,7b15d7c0-8c98-4494-acf3-ebf5b71588c8,Z004TAMU,2026-08-20T00:00:00Z,admin,2026-08-20T00:00:00Z,admin
4a1bfcc5-a863-4e8a-bb6e-c2ff1719305b,7b15d7c0-8c98-4494-acf3-ebf5b71588c8,Z00531DY,2026-08-20T00:00:00Z,admin,2026-08-20T00:00:00Z,admin
930cd3ec-20e4-47c1-a0a6-7af286db7119,7b15d7c0-8c98-4494-acf3-ebf5b71588c8,Z004XVAC,2026-08-20T00:00:00Z,admin,2026-08-20T00:00:00Z,admin
684f5919-e965-4623-b09d-b89ce2f8a6e0,7b15d7c0-8c98-4494-acf3-ebf5b71588c8,Z0052TYP,2026-08-20T00:00:00Z,admin,2026-08-20T00:00:00Z,admin
1221dfec-5aa9-47dd-93d0-973865dbccaf,7b15d7c0-8c98-4494-acf3-ebf5b71588c8,Z002Z66N,2026-08-20T00:00:00Z,admin,2026-08-20T00:00:00Z,admin
465008b8-f365-4344-8532-2e1ca9e683ba,7b15d7c0-8c98-4494-acf3-ebf5b71588c8,Z004YK1R,2026-08-20T00:00:00Z,admin,2026-08-20T00:00:00Z,admin
6dcf5b60-ad5b-4916-85fa-6523985359cd,7b15d7c0-8c98-4494-acf3-ebf5b71588c8,Z004Z7ZE,2026-08-20T00:00:00Z,admin,2026-08-20T00:00:00Z,admin
196ed1a5-4439-4bdf-a486-f9ee74ec2091,7b15d7c0-8c98-4494-acf3-ebf5b71588c8,Z0054KNE,2026-08-20T00:00:00Z,admin,2026-08-20T00:00:00Z,admin
1e0ca12e-c3b4-4094-93a8-c8a38bd30d49,7b15d7c0-8c98-4494-acf3-ebf5b71588c8,Z0028XMJ,2026-08-20T00:00:00Z,admin,2026-08-20T00:00:00Z,admin
62aa51a3-5f4b-431d-a233-371a74c9c82b,7b15d7c0-8c98-4494-acf3-ebf5b71588c8,Z004FUJT,2026-08-20T00:00:00Z,admin,2026-08-20T00:00:00Z,admin
b5ab36d1-42cd-4f28-b340-671075ba0780,7b15d7c0-8c98-4494-acf3-ebf5b71588c8,Z001WYDU,2026-08-20T00:00:00Z,admin,2026-08-20T00:00:00Z,admin
12352fc7-2dca-4c21-b049-ec9197a58d8d,7b15d7c0-8c98-4494-acf3-ebf5b71588c8,Z0014WKT,2026-08-20T00:00:00Z,admin,2026-08-20T00:00:00Z,admin
49ca5fbf-5711-428a-a563-797036e73992,7b15d7c0-8c98-4494-acf3-ebf5b71588c8,Z0039MYX,2026-08-20T00:00:00Z,admin,2026-08-20T00:00:00Z,admin
805dbf31-1074-4c9c-8335-14f1c86431c0,7b15d7c0-8c98-4494-acf3-ebf5b71588c8,Z0051EJU,2026-08-20T00:00:00Z,admin,2026-08-20T00:00:00Z,admin
c25b2c79-6bb4-4cb9-8047-44fbec314597,7b15d7c0-8c98-4494-acf3-ebf5b71588c8,Z003RN6R,2026-08-20T00:00:00Z,admin,2026-08-20T00:00:00Z,admin
e1b3c464-d251-4b89-af1a-0fd8b71f3d43,7b15d7c0-8c98-4494-acf3-ebf5b71588c8,Z0046D7W,2026-08-20T00:00:00Z,admin,2026-08-20T00:00:00Z,admin
51ee63b2-6198-48f1-a992-87125aba7118,7b15d7c0-8c98-4494-acf3-ebf5b71588c8,Z000268E,2026-08-20T00:00:00Z,admin,2026-08-20T00:00:00Z,admin
25dba748-e976-478b-b57c-3944aedfcd2f,7b15d7c0-8c98-4494-acf3-ebf5b71588c8,Z002JB9N,2026-08-20T00:00:00Z,admin,2026-08-20T00:00:00Z,admin
85d24a57-a9a8-4f48-8777-2b8e7775dd55,7b15d7c0-8c98-4494-acf3-ebf5b71588c8,Z002ZJEH,2026-08-20T00:00:00Z,admin,2026-08-20T00:00:00Z,admin
b7c48551-0290-4641-b962-343a6e867d7a,7b15d7c0-8c98-4494-acf3-ebf5b71588c8,Z0033TXK,2026-08-20T00:00:00Z,admin,2026-08-20T00:00:00Z,admin
f5325c56-6ec3-46a7-acca-ee2f080e023f,7b15d7c0-8c98-4494-acf3-ebf5b71588c8,Z0037XDV,2026-08-20T00:00:00Z,admin,2026-08-20T00:00:00Z,admin
0e62f291-7fe3-45d5-86a5-fdcf9b743c4b,7b15d7c0-8c98-4494-acf3-ebf5b71588c8,Z0030F0C,2026-08-20T00:00:00Z,admin,2026-08-20T00:00:00Z,admin
58e99d77-0d4e-4dc5-94bb-4a825a39539a,7b15d7c0-8c98-4494-acf3-ebf5b71588c8,Z0049ETY,2026-08-20T00:00:00Z,admin,2026-08-20T00:00:00Z,admin
00bf3843-28fd-4a10-aac3-b2ee577d4248,7b15d7c0-8c98-4494-acf3-ebf5b71588c8,Z00531ED,2026-08-20T00:00:00Z,admin,2026-08-20T00:00:00Z,admin
2565158d-39e6-4d37-9dd9-304110cbdab6,7b15d7c0-8c98-4494-acf3-ebf5b71588c8,Z00578UN,2026-08-20T00:00:00Z,admin,2026-08-20T00:00:00Z,admin
d0d768c4-bcc0-4052-8041-03edbb77cc9f,7b15d7c0-8c98-4494-acf3-ebf5b71588c8,Z0022MPU,2026-08-20T00:00:00Z,admin,2026-08-20T00:00:00Z,admin
bac53a88-ca2f-478e-b482-a5464e5445cb,7b15d7c0-8c98-4494-acf3-ebf5b71588c8,Z00360RB,2026-08-20T00:00:00Z,admin,2026-08-20T00:00:00Z,admin
42730702-91f6-4d84-b49a-b2f36f25e943,7b15d7c0-8c98-4494-acf3-ebf5b71588c8,Z00580YJ,2026-08-20T00:00:00Z,admin,2026-08-20T00:00:00Z,admin
89f8dc79-f7f5-439b-a35d-a56a0f0232cd,7b15d7c0-8c98-4494-acf3-ebf5b71588c8,Z004XVAB,2026-08-20T00:00:00Z,admin,2026-08-20T00:00:00Z,admin
274ccb63-09fd-4fe5-af0d-0fef925cb7d0,7b15d7c0-8c98-4494-acf3-ebf5b71588c8,Z00503ZF,2026-08-20T00:00:00Z,admin,2026-08-20T00:00:00Z,admin
ebf994fe-3791-4e7b-9d2e-c7d72bf9207e,7b15d7c0-8c98-4494-acf3-ebf5b71588c8,Z0053X3Z,2026-08-20T00:00:00Z,admin,2026-08-20T00:00:00Z,admin
38a6710e-6098-494b-a254-e682d0531fa9,7b15d7c0-8c98-4494-acf3-ebf5b71588c8,Z004Z8HY,2026-08-20T00:00:00Z,admin,2026-08-20T00:00:00Z,admin
e3cf609f-d50f-457c-b1fb-28e91ec25b84,7b15d7c0-8c98-4494-acf3-ebf5b71588c8,Z00366PH,2026-08-20T00:00:00Z,admin,2026-08-20T00:00:00Z,admin
e7e0dead-ef60-440d-a12b-a878f44fc8c5,7b15d7c0-8c98-4494-acf3-ebf5b71588c8,Z002M9XR,2026-08-20T00:00:00Z,admin,2026-08-20T00:00:00Z,admin
e20d9688-d5e8-4846-92df-b5dbb741d10b,7b15d7c0-8c98-4494-acf3-ebf5b71588c8,Z0059DWT,2026-08-20T00:00:00Z,admin,2026-08-20T00:00:00Z,admin
e0973c3c-f43b-417b-bbe4-9ed01eca31e0,7b15d7c0-8c98-4494-acf3-ebf5b71588c8,Z005989N,2026-08-20T00:00:00Z,admin,2026-08-20T00:00:00Z,admin
db58ca1c-448d-4bfb-a31c-e1345a7c8585,7b15d7c0-8c98-4494-acf3-ebf5b71588c8,Z0059DYC,2026-08-20T00:00:00Z,admin,2026-08-20T00:00:00Z,admin
1f77bae6-db36-4967-accd-1b41546123f2,7b15d7c0-8c98-4494-acf3-ebf5b71588c8,Z0047WTV,2026-08-20T00:00:00Z,admin,2026-08-20T00:00:00Z,admin
527d3c38-4a64-439a-81ff-fcfeee99729a,7b15d7c0-8c98-4494-acf3-ebf5b71588c8,Z0043CUZ,2026-08-20T00:00:00Z,admin,2026-08-20T00:00:00Z,admin
e1856804-ff0e-4bda-9fd1-20600f25e40e,7b15d7c0-8c98-4494-acf3-ebf5b71588c8,Z0054BAR,2026-08-20T00:00:00Z,admin,2026-08-20T00:00:00Z,admin
db9e041a-3fec-4fa2-9429-56f4e52af13b,7b15d7c0-8c98-4494-acf3-ebf5b71588c8,Z004E75V,2026-08-20T00:00:00Z,admin,2026-08-20T00:00:00Z,admin
a4017205-f420-4e96-8a21-7d16ec20668d,57db06d5-5bcc-4e01-a82c-210bad2af2ea,Z004TAMU,2026-08-20T00:00:00Z,admin,2026-08-20T00:00:00Z,admin
ee821a73-362c-4f72-884f-a0f502b228e8,57db06d5-5bcc-4e01-a82c-210bad2af2ea,Z00531DY,2026-08-20T00:00:00Z,admin,2026-08-20T00:00:00Z,admin
f70b870d-5b6c-4c29-8b79-3f08b9b4732d,57db06d5-5bcc-4e01-a82c-210bad2af2ea,Z004XVAC,2026-08-20T00:00:00Z,admin,2026-08-20T00:00:00Z,admin
22a01506-f78e-46dd-9b8a-037b2d76f089,57db06d5-5bcc-4e01-a82c-210bad2af2ea,Z0052TYP,2026-08-20T00:00:00Z,admin,2026-08-20T00:00:00Z,admin
ca7cec8f-2192-403d-8164-b1ed6751e04a,57db06d5-5bcc-4e01-a82c-210bad2af2ea,Z002Z66N,2026-08-20T00:00:00Z,admin,2026-08-20T00:00:00Z,admin
059144f8-5c00-4444-a24a-6ca75765f984,57db06d5-5bcc-4e01-a82c-210bad2af2ea,Z004YK1R,2026-08-20T00:00:00Z,admin,2026-08-20T00:00:00Z,admin
63168f35-941c-459f-9e9d-3ba20199d1ef,57db06d5-5bcc-4e01-a82c-210bad2af2ea,Z004Z7ZE,2026-08-20T00:00:00Z,admin,2026-08-20T00:00:00Z,admin
5eb75862-a4a4-4d62-9c93-bacb8df6cc7c,57db06d5-5bcc-4e01-a82c-210bad2af2ea,Z0054KNE,2026-08-20T00:00:00Z,admin,2026-08-20T00:00:00Z,admin
95520457-d556-4c25-bbc0-765d3b18249c,57db06d5-5bcc-4e01-a82c-210bad2af2ea,Z0028XMJ,2026-08-20T00:00:00Z,admin,2026-08-20T00:00:00Z,admin
55065e02-a16a-437c-8357-df30c742f512,57db06d5-5bcc-4e01-a82c-210bad2af2ea,Z004FUJT,2026-08-20T00:00:00Z,admin,2026-08-20T00:00:00Z,admin
2222da9d-02aa-4d8a-9379-feb53e25584e,57db06d5-5bcc-4e01-a82c-210bad2af2ea,Z001WYDU,2026-08-20T00:00:00Z,admin,2026-08-20T00:00:00Z,admin
3e6ad739-073e-4abf-a3ce-bdb38b2ea827,57db06d5-5bcc-4e01-a82c-210bad2af2ea,Z0014WKT,2026-08-20T00:00:00Z,admin,2026-08-20T00:00:00Z,admin
5cf0960a-01b8-48a7-a7b3-de23630936f7,57db06d5-5bcc-4e01-a82c-210bad2af2ea,Z0039MYX,2026-08-20T00:00:00Z,admin,2026-08-20T00:00:00Z,admin
456de5d0-7547-49ff-8fcf-7f6461ea790a,57db06d5-5bcc-4e01-a82c-210bad2af2ea,Z0051EJU,2026-08-20T00:00:00Z,admin,2026-08-20T00:00:00Z,admin
a19a423b-2787-4661-b0c7-889ff3249d57,57db06d5-5bcc-4e01-a82c-210bad2af2ea,Z003RN6R,2026-08-20T00:00:00Z,admin,2026-08-20T00:00:00Z,admin
08488496-907b-4273-a3ea-61c39400f077,57db06d5-5bcc-4e01-a82c-210bad2af2ea,Z0046D7W,2026-08-20T00:00:00Z,admin,2026-08-20T00:00:00Z,admin
526828e4-c4ce-478c-960a-8247a440d864,57db06d5-5bcc-4e01-a82c-210bad2af2ea,Z000268E,2026-08-20T00:00:00Z,admin,2026-08-20T00:00:00Z,admin
df014d10-f778-4630-ae2d-c9c8900ee9ed,57db06d5-5bcc-4e01-a82c-210bad2af2ea,Z002JB9N,2026-08-20T00:00:00Z,admin,2026-08-20T00:00:00Z,admin
f535b413-b97b-4b9c-a037-8811b3e703d1,57db06d5-5bcc-4e01-a82c-210bad2af2ea,Z002ZJEH,2026-08-20T00:00:00Z,admin,2026-08-20T00:00:00Z,admin
47a905b4-f618-4853-95bb-f2768d1ed7e2,57db06d5-5bcc-4e01-a82c-210bad2af2ea,Z0033TXK,2026-08-20T00:00:00Z,admin,2026-08-20T00:00:00Z,admin
80a08d38-4c58-44e9-8b61-f0e665511b4b,57db06d5-5bcc-4e01-a82c-210bad2af2ea,Z0037XDV,2026-08-20T00:00:00Z,admin,2026-08-20T00:00:00Z,admin
1d076b82-0a80-4b01-8e74-1afee55ab94b,57db06d5-5bcc-4e01-a82c-210bad2af2ea,Z0030F0C,2026-08-20T00:00:00Z,admin,2026-08-20T00:00:00Z,admin
81b2a0c9-772f-4bc7-9eae-21cc01b79936,57db06d5-5bcc-4e01-a82c-210bad2af2ea,Z0049ETY,2026-08-20T00:00:00Z,admin,2026-08-20T00:00:00Z,admin
0fea751d-eaad-4b58-908c-dab995761094,57db06d5-5bcc-4e01-a82c-210bad2af2ea,Z00531ED,2026-08-20T00:00:00Z,admin,2026-08-20T00:00:00Z,admin
eeb208e8-3372-4c8a-bfce-d16557f3532a,57db06d5-5bcc-4e01-a82c-210bad2af2ea,Z00578UN,2026-08-20T00:00:00Z,admin,2026-08-20T00:00:00Z,admin
506a5dd6-36bd-41fc-814c-e2b2bbe08430,57db06d5-5bcc-4e01-a82c-210bad2af2ea,Z0022MPU,2026-08-20T00:00:00Z,admin,2026-08-20T00:00:00Z,admin
9ae7ca51-4336-414b-9cf5-0edcf8b0e08e,57db06d5-5bcc-4e01-a82c-210bad2af2ea,Z00360RB,2026-08-20T00:00:00Z,admin,2026-08-20T00:00:00Z,admin
5ef2ec12-b768-413a-ba8b-26f26f42a89e,57db06d5-5bcc-4e01-a82c-210bad2af2ea,Z00580YJ,2026-08-20T00:00:00Z,admin,2026-08-20T00:00:00Z,admin
fdf836a4-1db2-461b-81bf-daf0c2027253,57db06d5-5bcc-4e01-a82c-210bad2af2ea,Z004XVAB,2026-08-20T00:00:00Z,admin,2026-08-20T00:00:00Z,admin
838cd059-7d9d-4e6b-863e-1a88f69235eb,57db06d5-5bcc-4e01-a82c-210bad2af2ea,Z00503ZF,2026-08-20T00:00:00Z,admin,2026-08-20T00:00:00Z,admin
91d75128-e0fc-4e74-9b1b-9d09a8a395bb,57db06d5-5bcc-4e01-a82c-210bad2af2ea,Z0053X3Z,2026-08-20T00:00:00Z,admin,2026-08-20T00:00:00Z,admin
76d08bd6-5e00-4b19-a46c-8675b03863ff,57db06d5-5bcc-4e01-a82c-210bad2af2ea,Z004Z8HY,2026-08-20T00:00:00Z,admin,2026-08-20T00:00:00Z,admin
a57139c4-5f44-4898-82de-8070b06ee7c0,57db06d5-5bcc-4e01-a82c-210bad2af2ea,Z00366PH,2026-08-20T00:00:00Z,admin,2026-08-20T00:00:00Z,admin
83812240-6263-48eb-8db7-683bd542cfd4,57db06d5-5bcc-4e01-a82c-210bad2af2ea,Z002M9XR,2026-08-20T00:00:00Z,admin,2026-08-20T00:00:00Z,admin
75e587e4-1a01-477f-87e2-7190ebf456e6,57db06d5-5bcc-4e01-a82c-210bad2af2ea,Z0059DWT,2026-08-20T00:00:00Z,admin,2026-08-20T00:00:00Z,admin
b0acb87e-4072-45d5-aab2-09140d2c1e90,57db06d5-5bcc-4e01-a82c-210bad2af2ea,Z005989N,2026-08-20T00:00:00Z,admin,2026-08-20T00:00:00Z,admin
2b58270a-aece-4fbe-bfb9-c483fa6ea6cb,57db06d5-5bcc-4e01-a82c-210bad2af2ea,Z0059DYC,2026-08-20T00:00:00Z,admin,2026-08-20T00:00:00Z,admin
ed78390c-5ef9-4547-a683-a1119577cde9,57db06d5-5bcc-4e01-a82c-210bad2af2ea,Z0047WTV,2026-08-20T00:00:00Z,admin,2026-08-20T00:00:00Z,admin
9fdcb78c-e334-418f-8a44-461b9545304a,e3d2d2d6-1e38-4ec4-b435-f2fee6f55d85,Z004TAMU,2026-08-20T00:00:00Z,admin,2026-08-20T00:00:00Z,admin
54cac84a-8906-4c5f-81b3-7563f63d567e,e3d2d2d6-1e38-4ec4-b435-f2fee6f55d85,Z00531DY,2026-08-20T00:00:00Z,admin,2026-08-20T00:00:00Z,admin
5781b810-2f51-4a98-9774-b386dea9b5b3,e3d2d2d6-1e38-4ec4-b435-f2fee6f55d85,Z004XVAC,2026-08-20T00:00:00Z,admin,2026-08-20T00:00:00Z,admin
57f03487-c454-4018-a0e4-e18fa17e2086,e3d2d2d6-1e38-4ec4-b435-f2fee6f55d85,Z0052TYP,2026-08-20T00:00:00Z,admin,2026-08-20T00:00:00Z,admin
391ec124-a9ab-4f2d-9014-c3f43ddfe612,e3d2d2d6-1e38-4ec4-b435-f2fee6f55d85,Z002Z66N,2026-08-20T00:00:00Z,admin,2026-08-20T00:00:00Z,admin
c6e62058-48f2-449a-94af-8278a9734fe2,e3d2d2d6-1e38-4ec4-b435-f2fee6f55d85,Z004YK1R,2026-08-20T00:00:00Z,admin,2026-08-20T00:00:00Z,admin
638a7718-f11c-439a-8171-58c99267b6c3,e3d2d2d6-1e38-4ec4-b435-f2fee6f55d85,Z004Z7ZE,2026-08-20T00:00:00Z,admin,2026-08-20T00:00:00Z,admin
c1fb585c-c855-452f-88de-e7d8e84cd84a,e3d2d2d6-1e38-4ec4-b435-f2fee6f55d85,Z0054KNE,2026-08-20T00:00:00Z,admin,2026-08-20T00:00:00Z,admin
ff19a863-9cbe-4166-8cb9-1c4655c4d021,e3d2d2d6-1e38-4ec4-b435-f2fee6f55d85,Z0028XMJ,2026-08-20T00:00:00Z,admin,2026-08-20T00:00:00Z,admin
4448b1e0-1bce-4dc3-b16d-33716296b640,e3d2d2d6-1e38-4ec4-b435-f2fee6f55d85,Z004FUJT,2026-08-20T00:00:00Z,admin,2026-08-20T00:00:00Z,admin
daaede48-9232-485b-9f3f-68a55f24f8d9,e3d2d2d6-1e38-4ec4-b435-f2fee6f55d85,Z001WYDU,2026-08-20T00:00:00Z,admin,2026-08-20T00:00:00Z,admin
39006e3d-97b0-4265-a4e4-e902b75582fc,e3d2d2d6-1e38-4ec4-b435-f2fee6f55d85,Z0014WKT,2026-08-20T00:00:00Z,admin,2026-08-20T00:00:00Z,admin
7943ba45-573e-450b-8843-953d9e09e1b1,e3d2d2d6-1e38-4ec4-b435-f2fee6f55d85,Z0039MYX,2026-08-20T00:00:00Z,admin,2026-08-20T00:00:00Z,admin
06b48d37-f89d-40eb-881e-a9cd6bdb460e,e3d2d2d6-1e38-4ec4-b435-f2fee6f55d85,Z0051EJU,2026-08-20T00:00:00Z,admin,2026-08-20T00:00:00Z,admin
deab68ff-0b42-43e0-89d9-e168550d774c,e3d2d2d6-1e38-4ec4-b435-f2fee6f55d85,Z003RN6R,2026-08-20T00:00:00Z,admin,2026-08-20T00:00:00Z,admin
7ed49da0-4e82-462b-ada9-96cbad0bc39b,e3d2d2d6-1e38-4ec4-b435-f2fee6f55d85,Z0046D7W,2026-08-20T00:00:00Z,admin,2026-08-20T00:00:00Z,admin
8341e653-c858-4e8f-a5dd-bf48e0f38fbb,e3d2d2d6-1e38-4ec4-b435-f2fee6f55d85,Z000268E,2026-08-20T00:00:00Z,admin,2026-08-20T00:00:00Z,admin
7239b513-c104-4ffe-bb6e-378e49591dca,e3d2d2d6-1e38-4ec4-b435-f2fee6f55d85,Z002JB9N,2026-08-20T00:00:00Z,admin,2026-08-20T00:00:00Z,admin
7be4eeb2-bb69-43e6-881c-7c80d80526cc,e3d2d2d6-1e38-4ec4-b435-f2fee6f55d85,Z002ZJEH,2026-08-20T00:00:00Z,admin,2026-08-20T00:00:00Z,admin
3c1386b8-1811-40ce-9df8-192a768992de,e3d2d2d6-1e38-4ec4-b435-f2fee6f55d85,Z0033TXK,2026-08-20T00:00:00Z,admin,2026-08-20T00:00:00Z,admin
972b642b-7057-4c27-92fb-a0ed9d5d1d2c,e3d2d2d6-1e38-4ec4-b435-f2fee6f55d85,Z0037XDV,2026-08-20T00:00:00Z,admin,2026-08-20T00:00:00Z,admin
18fa61e9-0189-4fef-b22b-fe2946983ea6,e3d2d2d6-1e38-4ec4-b435-f2fee6f55d85,Z0030F0C,2026-08-20T00:00:00Z,admin,2026-08-20T00:00:00Z,admin
574826d6-82d8-4955-af77-d7a166c8bd56,e3d2d2d6-1e38-4ec4-b435-f2fee6f55d85,Z0049ETY,2026-08-20T00:00:00Z,admin,2026-08-20T00:00:00Z,admin
060ebf1d-5b15-4f7a-8e20-e48b47c084ee,e3d2d2d6-1e38-4ec4-b435-f2fee6f55d85,Z00531ED,2026-08-20T00:00:00Z,admin,2026-08-20T00:00:00Z,admin
342c93f1-6248-49e5-9e2c-ddfd2060832c,e3d2d2d6-1e38-4ec4-b435-f2fee6f55d85,Z00578UN,2026-08-20T00:00:00Z,admin,2026-08-20T00:00:00Z,admin
9d912e95-8a03-4339-9c7c-4d2fe1f70eda,e3d2d2d6-1e38-4ec4-b435-f2fee6f55d85,Z0022MPU,2026-08-20T00:00:00Z,admin,2026-08-20T00:00:00Z,admin
1e4fc18a-e7ae-4458-8e2c-e361c807b1e6,e3d2d2d6-1e38-4ec4-b435-f2fee6f55d85,Z00360RB,2026-08-20T00:00:00Z,admin,2026-08-20T00:00:00Z,admin
16c352b6-6ea1-4e8e-94d2-dbcd97718b97,e3d2d2d6-1e38-4ec4-b435-f2fee6f55d85,Z00580YJ,2026-08-20T00:00:00Z,admin,2026-08-20T00:00:00Z,admin
5551d995-8c0a-4155-bf8e-ac8698828717,e3d2d2d6-1e38-4ec4-b435-f2fee6f55d85,Z004XVAB,2026-08-20T00:00:00Z,admin,2026-08-20T00:00:00Z,admin
aae51cbe-b5d0-425a-9de3-394ad9b654b2,e3d2d2d6-1e38-4ec4-b435-f2fee6f55d85,Z00503ZF,2026-08-20T00:00:00Z,admin,2026-08-20T00:00:00Z,admin
0398acfa-3a97-4901-9db1-2a20bc68ed6e,e3d2d2d6-1e38-4ec4-b435-f2fee6f55d85,Z0053X3Z,2026-08-20T00:00:00Z,admin,2026-08-20T00:00:00Z,admin
8a6c7ff5-0623-4a28-b63a-8a088ee69e6f,e3d2d2d6-1e38-4ec4-b435-f2fee6f55d85,Z004Z8HY,2026-08-20T00:00:00Z,admin,2026-08-20T00:00:00Z,admin
910dbd03-103b-4a14-b659-d23759fdedbf,e3d2d2d6-1e38-4ec4-b435-f2fee6f55d85,Z00366PH,2026-08-20T00:00:00Z,admin,2026-08-20T00:00:00Z,admin
44cbc268-5416-4ea3-afb9-ff0fd18796cf,e3d2d2d6-1e38-4ec4-b435-f2fee6f55d85,Z002M9XR,2026-08-20T00:00:00Z,admin,2026-08-20T00:00:00Z,admin
7e1a3377-b057-404f-9484-6ee490eacbeb,e3d2d2d6-1e38-4ec4-b435-f2fee6f55d85,Z0059DWT,2026-08-20T00:00:00Z,admin,2026-08-20T00:00:00Z,admin
4bece2f6-50ad-467b-a693-e29b3b9809bc,e3d2d2d6-1e38-4ec4-b435-f2fee6f55d85,Z005989N,2026-08-20T00:00:00Z,admin,2026-08-20T00:00:00Z,admin
5bde1739-fb3c-48ff-87a1-a8f354833ed0,e3d2d2d6-1e38-4ec4-b435-f2fee6f55d85,Z0059DYC,2026-08-20T00:00:00Z,admin,2026-08-20T00:00:00Z,admin
89c34bf4-b8d9-435d-8810-222509eac3b7,e3d2d2d6-1e38-4ec4-b435-f2fee6f55d85,Z0047WTV,2026-08-20T00:00:00Z,admin,2026-08-20T00:00:00Z,admin
89b2bd1f-c660-4e5d-a6e5-aa1d69ea95dd,e3d2d2d6-1e38-4ec4-b435-f2fee6f55d85,Z0043CUZ,2026-08-20T00:00:00Z,admin,2026-08-20T00:00:00Z,admin
417a6b0e-7d57-46ce-9ce0-6688369cc2e8,e3d2d2d6-1e38-4ec4-b435-f2fee6f55d85,Z0054BAR,2026-08-20T00:00:00Z,admin,2026-08-20T00:00:00Z,admin
22498ba8-b00d-4d6c-b70b-d250935b2243,e3d2d2d6-1e38-4ec4-b435-f2fee6f55d85,Z004E75V,2026-08-20T00:00:00Z,admin,2026-08-20T00:00:00Z,admin
97f79e78-1c28-4172-9f67-ca3db1ecf012,ea2a76c8-0847-4670-9d3b-9c89773c02b8,Z004TAMU,2026-08-20T00:00:00Z,admin,2026-08-20T00:00:00Z,admin
81109efb-144e-4e55-9c37-d573052ede6e,ea2a76c8-0847-4670-9d3b-9c89773c02b8,Z00531DY,2026-08-20T00:00:00Z,admin,2026-08-20T00:00:00Z,admin
eb98097d-57b5-451c-b227-faa2ac4559be,ea2a76c8-0847-4670-9d3b-9c89773c02b8,Z004XVAC,2026-08-20T00:00:00Z,admin,2026-08-20T00:00:00Z,admin
33e8d6ed-3a76-4960-b599-f42e0dd87934,ea2a76c8-0847-4670-9d3b-9c89773c02b8,Z0052TYP,2026-08-20T00:00:00Z,admin,2026-08-20T00:00:00Z,admin
41cbe503-096e-4f66-b82f-d2a94a1f19e1,ea2a76c8-0847-4670-9d3b-9c89773c02b8,Z002Z66N,2026-08-20T00:00:00Z,admin,2026-08-20T00:00:00Z,admin
ea35e298-87c3-4a35-ad52-f6b0ec181abf,ea2a76c8-0847-4670-9d3b-9c89773c02b8,Z004YK1R,2026-08-20T00:00:00Z,admin,2026-08-20T00:00:00Z,admin
95cb1ed4-c949-4232-afcf-d00f13587a8b,ea2a76c8-0847-4670-9d3b-9c89773c02b8,Z004Z7ZE,2026-08-20T00:00:00Z,admin,2026-08-20T00:00:00Z,admin
ac9ea163-64ca-40c6-a38c-5f51b314e69f,ea2a76c8-0847-4670-9d3b-9c89773c02b8,Z0054KNE,2026-08-20T00:00:00Z,admin,2026-08-20T00:00:00Z,admin
96acbf43-a119-46d4-b8ff-0e985c1abc2e,ea2a76c8-0847-4670-9d3b-9c89773c02b8,Z0028XMJ,2026-08-20T00:00:00Z,admin,2026-08-20T00:00:00Z,admin
12c55290-6fd8-42ea-a29a-4bea5bc297f0,ea2a76c8-0847-4670-9d3b-9c89773c02b8,Z004FUJT,2026-08-20T00:00:00Z,admin,2026-08-20T00:00:00Z,admin
9e1549f4-c1af-4f2a-bac3-f8d428c22bcf,ea2a76c8-0847-4670-9d3b-9c89773c02b8,Z001WYDU,2026-08-20T00:00:00Z,admin,2026-08-20T00:00:00Z,admin
aca081ee-4922-4939-9a53-ed21befe74b3,ea2a76c8-0847-4670-9d3b-9c89773c02b8,Z0014WKT,2026-08-20T00:00:00Z,admin,2026-08-20T00:00:00Z,admin
3000f5fa-a3dd-4d49-a9a4-9c30a46a9232,ea2a76c8-0847-4670-9d3b-9c89773c02b8,Z0039MYX,2026-08-20T00:00:00Z,admin,2026-08-20T00:00:00Z,admin
b4ae5029-a8f8-42e7-b56e-0f337416fc69,ea2a76c8-0847-4670-9d3b-9c89773c02b8,Z0051EJU,2026-08-20T00:00:00Z,admin,2026-08-20T00:00:00Z,admin
fb0ef10d-09de-4a9e-9255-fece272fd387,ea2a76c8-0847-4670-9d3b-9c89773c02b8,Z003RN6R,2026-08-20T00:00:00Z,admin,2026-08-20T00:00:00Z,admin
1d817819-de54-46df-9116-d71eef6ddc60,ea2a76c8-0847-4670-9d3b-9c89773c02b8,Z0046D7W,2026-08-20T00:00:00Z,admin,2026-08-20T00:00:00Z,admin
06304940-4b41-4915-abd1-2e69e17c75e5,ea2a76c8-0847-4670-9d3b-9c89773c02b8,Z000268E,2026-08-20T00:00:00Z,admin,2026-08-20T00:00:00Z,admin
3cadde05-a509-4203-b30c-46382ae5ed6e,ea2a76c8-0847-4670-9d3b-9c89773c02b8,Z002JB9N,2026-08-20T00:00:00Z,admin,2026-08-20T00:00:00Z,admin
1ec6f4c7-23b1-467f-ad4e-26d79c3f9634,ea2a76c8-0847-4670-9d3b-9c89773c02b8,Z002ZJEH,2026-08-20T00:00:00Z,admin,2026-08-20T00:00:00Z,admin
27d29fcb-25d7-425d-8276-905d310dca7f,ea2a76c8-0847-4670-9d3b-9c89773c02b8,Z0033TXK,2026-08-20T00:00:00Z,admin,2026-08-20T00:00:00Z,admin
292b0eed-b702-4beb-9c38-edd260694f3e,ea2a76c8-0847-4670-9d3b-9c89773c02b8,Z0037XDV,2026-08-20T00:00:00Z,admin,2026-08-20T00:00:00Z,admin
19dea7f1-94a5-4488-9d75-027135b8c388,ea2a76c8-0847-4670-9d3b-9c89773c02b8,Z0030F0C,2026-08-20T00:00:00Z,admin,2026-08-20T00:00:00Z,admin
bf31b704-9fc4-46f9-b9c9-1f7ae87f8886,ea2a76c8-0847-4670-9d3b-9c89773c02b8,Z0049ETY,2026-08-20T00:00:00Z,admin,2026-08-20T00:00:00Z,admin
9101abe7-c766-4026-babc-85135d2c9af8,ea2a76c8-0847-4670-9d3b-9c89773c02b8,Z00531ED,2026-08-20T00:00:00Z,admin,2026-08-20T00:00:00Z,admin
c9dc4586-4dad-45db-b783-375e765a3a98,ea2a76c8-0847-4670-9d3b-9c89773c02b8,Z00578UN,2026-08-20T00:00:00Z,admin,2026-08-20T00:00:00Z,admin
9443ebe0-26b0-4dc5-9d90-ce8fe766420d,ea2a76c8-0847-4670-9d3b-9c89773c02b8,Z0022MPU,2026-08-20T00:00:00Z,admin,2026-08-20T00:00:00Z,admin
1b45d356-d820-469e-b28d-6e0fc27d548a,ea2a76c8-0847-4670-9d3b-9c89773c02b8,Z00360RB,2026-08-20T00:00:00Z,admin,2026-08-20T00:00:00Z,admin
090e0b7c-4eda-4942-ac1b-dffcb6e70712,ea2a76c8-0847-4670-9d3b-9c89773c02b8,Z00580YJ,2026-08-20T00:00:00Z,admin,2026-08-20T00:00:00Z,admin
8b56d3db-228f-4007-83f0-5caf5dd20d5d,ea2a76c8-0847-4670-9d3b-9c89773c02b8,Z004XVAB,2026-08-20T00:00:00Z,admin,2026-08-20T00:00:00Z,admin
5c19bf7a-8818-45bd-9b28-7ef307fc1956,ea2a76c8-0847-4670-9d3b-9c89773c02b8,Z00503ZF,2026-08-20T00:00:00Z,admin,2026-08-20T00:00:00Z,admin
18ecae58-2846-484f-872a-d16ccfcb4d00,ea2a76c8-0847-4670-9d3b-9c89773c02b8,Z0053X3Z,2026-08-20T00:00:00Z,admin,2026-08-20T00:00:00Z,admin
6d0ed5c1-313a-49cd-953e-5c96920db1a0,ea2a76c8-0847-4670-9d3b-9c89773c02b8,Z004Z8HY,2026-08-20T00:00:00Z,admin,2026-08-20T00:00:00Z,admin
cd45c77e-9684-44f0-8449-ea1caf4fd1da,ea2a76c8-0847-4670-9d3b-9c89773c02b8,Z00366PH,2026-08-20T00:00:00Z,admin,2026-08-20T00:00:00Z,admin
6fd51208-3a6e-41b3-a6b4-9afec7f8df27,ea2a76c8-0847-4670-9d3b-9c89773c02b8,Z002M9XR,2026-08-20T00:00:00Z,admin,2026-08-20T00:00:00Z,admin
7e81517f-ccef-44d5-a4cd-5796fff9a3c7,ea2a76c8-0847-4670-9d3b-9c89773c02b8,Z0059DWT,2026-08-20T00:00:00Z,admin,2026-08-20T00:00:00Z,admin
37a88f7f-c588-4acd-8114-68a1da4292f5,ea2a76c8-0847-4670-9d3b-9c89773c02b8,Z005989N,2026-08-20T00:00:00Z,admin,2026-08-20T00:00:00Z,admin
50a1cfdc-0fcd-4d8b-8751-e5c52a3766a5,ea2a76c8-0847-4670-9d3b-9c89773c02b8,Z0059DYC,2026-08-20T00:00:00Z,admin,2026-08-20T00:00:00Z,admin
14676989-224b-4f60-aba7-55cf0ce7f6f1,ea2a76c8-0847-4670-9d3b-9c89773c02b8,Z0047WTV,2026-08-20T00:00:00Z,admin,2026-08-20T00:00:00Z,admin
7c0a0609-66b7-4cb1-a526-7346dc84cc54,ea2a76c8-0847-4670-9d3b-9c89773c02b8,Z0043CUZ,2026-08-20T00:00:00Z,admin,2026-08-20T00:00:00Z,admin
09686872-ddbe-4fd1-83e0-078e46ce94e9,ea2a76c8-0847-4670-9d3b-9c89773c02b8,Z0054BAR,2026-08-20T00:00:00Z,admin,2026-08-20T00:00:00Z,admin
7970cf8d-e573-4485-a95a-a83e524ae596,ea2a76c8-0847-4670-9d3b-9c89773c02b8,Z004E75V,2026-08-20T00:00:00Z,admin,2026-08-20T00:00:00Z,admin
b0a5b24a-051b-4af9-ab4c-34cf3377cbc6,d6ebc1bb-f218-4f23-bf28-904ef2da6274,Z004TAMU,2026-08-20T00:00:00Z,admin,2026-08-20T00:00:00Z,admin
259a72f8-a434-4eb2-839c-2fb16feb2d0e,d6ebc1bb-f218-4f23-bf28-904ef2da6274,Z00531DY,2026-08-20T00:00:00Z,admin,2026-08-20T00:00:00Z,admin
88dc1d84-6460-4dca-a2e7-970d4f3c0708,d6ebc1bb-f218-4f23-bf28-904ef2da6274,Z004XVAC,2026-08-20T00:00:00Z,admin,2026-08-20T00:00:00Z,admin
372d9147-36b0-45a9-a5b8-1ccca74abbbf,d6ebc1bb-f218-4f23-bf28-904ef2da6274,Z0052TYP,2026-08-20T00:00:00Z,admin,2026-08-20T00:00:00Z,admin
f03b3bf7-c6dc-409b-aa98-aa1042b2d7de,d6ebc1bb-f218-4f23-bf28-904ef2da6274,Z002Z66N,2026-08-20T00:00:00Z,admin,2026-08-20T00:00:00Z,admin
e68cf945-e3bd-4a99-9cbb-739f8e811228,d6ebc1bb-f218-4f23-bf28-904ef2da6274,Z004YK1R,2026-08-20T00:00:00Z,admin,2026-08-20T00:00:00Z,admin
8ba8f910-a5b9-49fa-9581-a616d00994f9,d6ebc1bb-f218-4f23-bf28-904ef2da6274,Z004Z7ZE,2026-08-20T00:00:00Z,admin,2026-08-20T00:00:00Z,admin
9e75323f-4043-4b41-8a68-a8575b19d977,d6ebc1bb-f218-4f23-bf28-904ef2da6274,Z0054KNE,2026-08-20T00:00:00Z,admin,2026-08-20T00:00:00Z,admin
37a84375-21a5-4d8f-998b-a314f4d95842,d6ebc1bb-f218-4f23-bf28-904ef2da6274,Z0028XMJ,2026-08-20T00:00:00Z,admin,2026-08-20T00:00:00Z,admin
a49a1ee7-b415-414d-900e-060a552c83f5,d6ebc1bb-f218-4f23-bf28-904ef2da6274,Z004FUJT,2026-08-20T00:00:00Z,admin,2026-08-20T00:00:00Z,admin
fbef966e-c5c5-46c7-99f3-bdd1920d96d7,d6ebc1bb-f218-4f23-bf28-904ef2da6274,Z001WYDU,2026-08-20T00:00:00Z,admin,2026-08-20T00:00:00Z,admin
887b33bb-ea20-4b6e-ad57-0ed8efbf2026,d6ebc1bb-f218-4f23-bf28-904ef2da6274,Z0014WKT,2026-08-20T00:00:00Z,admin,2026-08-20T00:00:00Z,admin
2c6fc007-16b5-4136-a9a7-31a909c6e392,d6ebc1bb-f218-4f23-bf28-904ef2da6274,Z0039MYX,2026-08-20T00:00:00Z,admin,2026-08-20T00:00:00Z,admin
50672cc6-9557-47d3-a9e0-a5eba8de133f,d6ebc1bb-f218-4f23-bf28-904ef2da6274,Z0051EJU,2026-08-20T00:00:00Z,admin,2026-08-20T00:00:00Z,admin
b89ff231-b14c-4b7b-8190-970d51ea04e9,d6ebc1bb-f218-4f23-bf28-904ef2da6274,Z003RN6R,2026-08-20T00:00:00Z,admin,2026-08-20T00:00:00Z,admin
e59420cb-942b-425e-8e47-bb58aa63318c,d6ebc1bb-f218-4f23-bf28-904ef2da6274,Z0046D7W,2026-08-20T00:00:00Z,admin,2026-08-20T00:00:00Z,admin
64f563f4-3cbf-465f-b2e4-8d799f8de49f,d6ebc1bb-f218-4f23-bf28-904ef2da6274,Z000268E,2026-08-20T00:00:00Z,admin,2026-08-20T00:00:00Z,admin
dba20ec0-7808-45bf-b942-7d303a93ec49,d6ebc1bb-f218-4f23-bf28-904ef2da6274,Z002JB9N,2026-08-20T00:00:00Z,admin,2026-08-20T00:00:00Z,admin
700e2470-62d3-426a-93b6-abd3cf2599e0,d6ebc1bb-f218-4f23-bf28-904ef2da6274,Z002ZJEH,2026-08-20T00:00:00Z,admin,2026-08-20T00:00:00Z,admin
5db49d12-0379-4908-9280-ab9cf952d293,d6ebc1bb-f218-4f23-bf28-904ef2da6274,Z0033TXK,2026-08-20T00:00:00Z,admin,2026-08-20T00:00:00Z,admin
fa9cebf0-ca57-4560-9e86-067401fc4b1d,d6ebc1bb-f218-4f23-bf28-904ef2da6274,Z0037XDV,2026-08-20T00:00:00Z,admin,2026-08-20T00:00:00Z,admin
294fbb65-2109-40b3-a3c3-0622614e690c,d6ebc1bb-f218-4f23-bf28-904ef2da6274,Z0030F0C,2026-08-20T00:00:00Z,admin,2026-08-20T00:00:00Z,admin
9f882b6f-39e0-4971-b06d-0d001b91dd94,d6ebc1bb-f218-4f23-bf28-904ef2da6274,Z0049ETY,2026-08-20T00:00:00Z,admin,2026-08-20T00:00:00Z,admin
17ac67eb-f660-4f52-85dc-0dbc11d3eb37,d6ebc1bb-f218-4f23-bf28-904ef2da6274,Z00531ED,2026-08-20T00:00:00Z,admin,2026-08-20T00:00:00Z,admin
0db422b4-4aca-4181-bc3c-4622d9da09a6,d6ebc1bb-f218-4f23-bf28-904ef2da6274,Z00578UN,2026-08-20T00:00:00Z,admin,2026-08-20T00:00:00Z,admin
775177bd-1343-423b-bfd0-499f65839308,d6ebc1bb-f218-4f23-bf28-904ef2da6274,Z0022MPU,2026-08-20T00:00:00Z,admin,2026-08-20T00:00:00Z,admin
4e578681-5bd6-403b-ac15-c693e367945a,d6ebc1bb-f218-4f23-bf28-904ef2da6274,Z00360RB,2026-08-20T00:00:00Z,admin,2026-08-20T00:00:00Z,admin
d3e95745-4c82-434b-828c-4d3d28290cc7,d6ebc1bb-f218-4f23-bf28-904ef2da6274,Z00580YJ,2026-08-20T00:00:00Z,admin,2026-08-20T00:00:00Z,admin
03094e6e-8d78-495a-b223-4694dc0c950a,d6ebc1bb-f218-4f23-bf28-904ef2da6274,Z004XVAB,2026-08-20T00:00:00Z,admin,2026-08-20T00:00:00Z,admin
e7d7e78f-de4c-40fe-b58e-c64beea7a097,d6ebc1bb-f218-4f23-bf28-904ef2da6274,Z00503ZF,2026-08-20T00:00:00Z,admin,2026-08-20T00:00:00Z,admin
16813c51-d37e-4c81-943b-2001a4e5edc6,d6ebc1bb-f218-4f23-bf28-904ef2da6274,Z0053X3Z,2026-08-20T00:00:00Z,admin,2026-08-20T00:00:00Z,admin
3f17a9cb-b2b8-45ef-84b0-c7b811256bba,d6ebc1bb-f218-4f23-bf28-904ef2da6274,Z004Z8HY,2026-08-20T00:00:00Z,admin,2026-08-20T00:00:00Z,admin
234ef95e-61bd-4651-a877-7aee90f255bc,d6ebc1bb-f218-4f23-bf28-904ef2da6274,Z00366PH,2026-08-20T00:00:00Z,admin,2026-08-20T00:00:00Z,admin
df2067f2-e60c-4e6f-a0fb-115579b9b540,d6ebc1bb-f218-4f23-bf28-904ef2da6274,Z002M9XR,2026-08-20T00:00:00Z,admin,2026-08-20T00:00:00Z,admin
fee25e05-6399-4bcd-90a5-fb76d5cca9d6,d6ebc1bb-f218-4f23-bf28-904ef2da6274,Z0059DWT,2026-08-20T00:00:00Z,admin,2026-08-20T00:00:00Z,admin
ecb6cebc-fe64-477e-b596-4ad4630a2f8b,d6ebc1bb-f218-4f23-bf28-904ef2da6274,Z005989N,2026-08-20T00:00:00Z,admin,2026-08-20T00:00:00Z,admin
6b74e757-22d3-43db-8861-6c98082f7df0,d6ebc1bb-f218-4f23-bf28-904ef2da6274,Z0059DYC,2026-08-20T00:00:00Z,admin,2026-08-20T00:00:00Z,admin
b7b5a364-ebf4-4ff8-8db0-1f1dee258e72,d6ebc1bb-f218-4f23-bf28-904ef2da6274,Z0047WTV,2026-08-20T00:00:00Z,admin,2026-08-20T00:00:00Z,admin
1a33a17e-932f-4621-9937-5e9a91ccfe7b,c2417ae7-c5fd-4274-9336-5f01af645d27,Z004TAMU,2026-08-20T00:00:00Z,admin,2026-08-20T00:00:00Z,admin
d6de1db2-9703-423e-8af7-1acd2c55f205,c2417ae7-c5fd-4274-9336-5f01af645d27,Z00531DY,2026-08-20T00:00:00Z,admin,2026-08-20T00:00:00Z,admin
e17745e3-3758-4146-8207-af3f1c70f4f0,c2417ae7-c5fd-4274-9336-5f01af645d27,Z004XVAC,2026-08-20T00:00:00Z,admin,2026-08-20T00:00:00Z,admin
37f25cbe-72e5-4166-84ae-c5554b87e75f,c2417ae7-c5fd-4274-9336-5f01af645d27,Z0052TYP,2026-08-20T00:00:00Z,admin,2026-08-20T00:00:00Z,admin
63362a97-8254-4933-8c18-05cfef03e58b,c2417ae7-c5fd-4274-9336-5f01af645d27,Z002Z66N,2026-08-20T00:00:00Z,admin,2026-08-20T00:00:00Z,admin
272bde06-23c5-4f0c-837d-7592c98533c1,c2417ae7-c5fd-4274-9336-5f01af645d27,Z004YK1R,2026-08-20T00:00:00Z,admin,2026-08-20T00:00:00Z,admin
d35e0090-261a-4e30-a4e1-e371b9e3077c,c2417ae7-c5fd-4274-9336-5f01af645d27,Z004Z7ZE,2026-08-20T00:00:00Z,admin,2026-08-20T00:00:00Z,admin
1be63bec-0f4a-49ca-8541-c86246cb560c,c2417ae7-c5fd-4274-9336-5f01af645d27,Z0054KNE,2026-08-20T00:00:00Z,admin,2026-08-20T00:00:00Z,admin
40140798-2a1c-4684-9342-6021fbd407da,c2417ae7-c5fd-4274-9336-5f01af645d27,Z0028XMJ,2026-08-20T00:00:00Z,admin,2026-08-20T00:00:00Z,admin
81d540ab-1b91-41ba-a696-aa0fc2fe4830,c2417ae7-c5fd-4274-9336-5f01af645d27,Z004FUJT,2026-08-20T00:00:00Z,admin,2026-08-20T00:00:00Z,admin
c33066de-fd69-4cec-8899-3cd2223a8b05,c2417ae7-c5fd-4274-9336-5f01af645d27,Z001WYDU,2026-08-20T00:00:00Z,admin,2026-08-20T00:00:00Z,admin
12ecfff0-8d6e-42b3-acd8-4d00d83b94ae,c2417ae7-c5fd-4274-9336-5f01af645d27,Z0014WKT,2026-08-20T00:00:00Z,admin,2026-08-20T00:00:00Z,admin
23f0d51e-662a-44cc-8e4a-3daf6af8c583,c2417ae7-c5fd-4274-9336-5f01af645d27,Z0039MYX,2026-08-20T00:00:00Z,admin,2026-08-20T00:00:00Z,admin
d51abb10-ff70-4650-ab36-73c5dfb29d30,c2417ae7-c5fd-4274-9336-5f01af645d27,Z0051EJU,2026-08-20T00:00:00Z,admin,2026-08-20T00:00:00Z,admin
f4f45729-c531-4ab6-abc8-3ea2b5b85928,c2417ae7-c5fd-4274-9336-5f01af645d27,Z003RN6R,2026-08-20T00:00:00Z,admin,2026-08-20T00:00:00Z,admin
9cd7e22a-52ec-431d-8b90-ee3d632400e5,c2417ae7-c5fd-4274-9336-5f01af645d27,Z0046D7W,2026-08-20T00:00:00Z,admin,2026-08-20T00:00:00Z,admin
b6836b93-06f2-4a50-ae77-ff0589365e98,c2417ae7-c5fd-4274-9336-5f01af645d27,Z000268E,2026-08-20T00:00:00Z,admin,2026-08-20T00:00:00Z,admin
d12b9347-ce25-49a9-ae97-d8c98945c752,c2417ae7-c5fd-4274-9336-5f01af645d27,Z002JB9N,2026-08-20T00:00:00Z,admin,2026-08-20T00:00:00Z,admin
7e275178-727f-43da-97a7-89a324a971c7,c2417ae7-c5fd-4274-9336-5f01af645d27,Z002ZJEH,2026-08-20T00:00:00Z,admin,2026-08-20T00:00:00Z,admin
ec7e5fd8-a740-48cf-9adc-228b274bffb6,c2417ae7-c5fd-4274-9336-5f01af645d27,Z0033TXK,2026-08-20T00:00:00Z,admin,2026-08-20T00:00:00Z,admin
7158aa92-4191-4efa-823f-025e8916b84c,c2417ae7-c5fd-4274-9336-5f01af645d27,Z0037XDV,2026-08-20T00:00:00Z,admin,2026-08-20T00:00:00Z,admin
4c7d2d3b-cffb-409d-bbf6-4bedf89c21cf,c2417ae7-c5fd-4274-9336-5f01af645d27,Z0030F0C,2026-08-20T00:00:00Z,admin,2026-08-20T00:00:00Z,admin
79f55ac1-4c29-47a1-9c07-cf2501676ac1,c2417ae7-c5fd-4274-9336-5f01af645d27,Z0049ETY,2026-08-20T00:00:00Z,admin,2026-08-20T00:00:00Z,admin
c456ed8d-7f4b-4764-a896-06b4da6f3008,c2417ae7-c5fd-4274-9336-5f01af645d27,Z00531ED,2026-08-20T00:00:00Z,admin,2026-08-20T00:00:00Z,admin
482d772d-9bbe-417f-80d6-7763f87557c1,c2417ae7-c5fd-4274-9336-5f01af645d27,Z00578UN,2026-08-20T00:00:00Z,admin,2026-08-20T00:00:00Z,admin
da050bcb-95a8-4d59-93eb-10c0225e8933,c2417ae7-c5fd-4274-9336-5f01af645d27,Z0022MPU,2026-08-20T00:00:00Z,admin,2026-08-20T00:00:00Z,admin
d19fceb9-9345-4019-8ee0-10f9f34b8493,c2417ae7-c5fd-4274-9336-5f01af645d27,Z00360RB,2026-08-20T00:00:00Z,admin,2026-08-20T00:00:00Z,admin
58ddf747-30b2-482d-93c9-d18a24e32df9,c2417ae7-c5fd-4274-9336-5f01af645d27,Z00580YJ,2026-08-20T00:00:00Z,admin,2026-08-20T00:00:00Z,admin
38cfc98c-bcae-4875-b1d5-e9a558557867,c2417ae7-c5fd-4274-9336-5f01af645d27,Z004XVAB,2026-08-20T00:00:00Z,admin,2026-08-20T00:00:00Z,admin
7924f592-48ed-42b7-a4e1-0dd6047bd092,c2417ae7-c5fd-4274-9336-5f01af645d27,Z00503ZF,2026-08-20T00:00:00Z,admin,2026-08-20T00:00:00Z,admin
4955320a-e114-4333-a6da-8765c165ecf5,c2417ae7-c5fd-4274-9336-5f01af645d27,Z0053X3Z,2026-08-20T00:00:00Z,admin,2026-08-20T00:00:00Z,admin
d00e49b8-650e-4224-8eba-e7d017f1c6e9,c2417ae7-c5fd-4274-9336-5f01af645d27,Z004Z8HY,2026-08-20T00:00:00Z,admin,2026-08-20T00:00:00Z,admin
4f73e920-db7f-447d-ad03-340546f67871,c2417ae7-c5fd-4274-9336-5f01af645d27,Z00366PH,2026-08-20T00:00:00Z,admin,2026-08-20T00:00:00Z,admin
470c5e6f-7dfb-4441-b32d-e0f82d04f2c2,c2417ae7-c5fd-4274-9336-5f01af645d27,Z002M9XR,2026-08-20T00:00:00Z,admin,2026-08-20T00:00:00Z,admin
7d4f1213-0cd7-4fd3-a170-aa456e4b1ae8,c2417ae7-c5fd-4274-9336-5f01af645d27,Z0059DWT,2026-08-20T00:00:00Z,admin,2026-08-20T00:00:00Z,admin
ee05c69c-5a6f-4a58-956b-479a09c11f71,c2417ae7-c5fd-4274-9336-5f01af645d27,Z005989N,2026-08-20T00:00:00Z,admin,2026-08-20T00:00:00Z,admin
ac1c6327-f27c-4403-afdb-a1191ebf8e02,c2417ae7-c5fd-4274-9336-5f01af645d27,Z0059DYC,2026-08-20T00:00:00Z,admin,2026-08-20T00:00:00Z,admin
d5f4e5e3-b7b3-47f9-b9e3-9a745d8dd833,c2417ae7-c5fd-4274-9336-5f01af645d27,Z0047WTV,2026-08-20T00:00:00Z,admin,2026-08-20T00:00:00Z,admin
db8255f9-d27d-46c2-b051-b6bd3b4444ac,c2417ae7-c5fd-4274-9336-5f01af645d27,Z0043CUZ,2026-08-20T00:00:00Z,admin,2026-08-20T00:00:00Z,admin
83487d43-d57a-45af-a616-830138ae097e,c2417ae7-c5fd-4274-9336-5f01af645d27,Z0054BAR,2026-08-20T00:00:00Z,admin,2026-08-20T00:00:00Z,admin
cb7e8653-3bb4-4904-8c42-a2457ecfb604,c2417ae7-c5fd-4274-9336-5f01af645d27,Z004E75V,2026-08-20T00:00:00Z,admin,2026-08-20T00:00:00Z,admin
dd4658bd-1057-4d79-9098-4d3012179e40,d696418c-56a5-4905-8465-933b60fec70e,Z004TAMU,2026-08-20T00:00:00Z,admin,2026-08-20T00:00:00Z,admin
8416259e-6d8d-42be-ad34-8cf0683e5e97,d696418c-56a5-4905-8465-933b60fec70e,Z00531DY,2026-08-20T00:00:00Z,admin,2026-08-20T00:00:00Z,admin
4e11603c-e106-4ad6-9e59-3b224b15333f,d696418c-56a5-4905-8465-933b60fec70e,Z004XVAC,2026-08-20T00:00:00Z,admin,2026-08-20T00:00:00Z,admin
80cd1063-38fe-4d7d-b7e9-21e3bb11974c,d696418c-56a5-4905-8465-933b60fec70e,Z0052TYP,2026-08-20T00:00:00Z,admin,2026-08-20T00:00:00Z,admin
e0bb6f18-cd2b-494d-9fb7-a9eb9a6b833f,d696418c-56a5-4905-8465-933b60fec70e,Z002Z66N,2026-08-20T00:00:00Z,admin,2026-08-20T00:00:00Z,admin
c028b942-cb4a-4e7c-aedd-0674d19f7cb0,d696418c-56a5-4905-8465-933b60fec70e,Z004YK1R,2026-08-20T00:00:00Z,admin,2026-08-20T00:00:00Z,admin
ddd19c99-1321-4fa0-afec-909daff321bd,d696418c-56a5-4905-8465-933b60fec70e,Z004Z7ZE,2026-08-20T00:00:00Z,admin,2026-08-20T00:00:00Z,admin
bd182319-8662-4ff9-a105-0e16ef2e9683,d696418c-56a5-4905-8465-933b60fec70e,Z0054KNE,2026-08-20T00:00:00Z,admin,2026-08-20T00:00:00Z,admin
082c9674-6f14-4a56-966e-60a8cf8346d1,d696418c-56a5-4905-8465-933b60fec70e,Z0028XMJ,2026-08-20T00:00:00Z,admin,2026-08-20T00:00:00Z,admin
1b7607d5-88a3-4993-9e6b-de8d47ca1f38,d696418c-56a5-4905-8465-933b60fec70e,Z004FUJT,2026-08-20T00:00:00Z,admin,2026-08-20T00:00:00Z,admin
08b1782b-ed08-47b0-a082-d654230bacbb,d696418c-56a5-4905-8465-933b60fec70e,Z001WYDU,2026-08-20T00:00:00Z,admin,2026-08-20T00:00:00Z,admin
4fdfa870-217d-467b-9163-c1d0bc321d46,d696418c-56a5-4905-8465-933b60fec70e,Z0014WKT,2026-08-20T00:00:00Z,admin,2026-08-20T00:00:00Z,admin
5c61660e-bbe1-4d34-af40-86c53f020dfa,d696418c-56a5-4905-8465-933b60fec70e,Z0039MYX,2026-08-20T00:00:00Z,admin,2026-08-20T00:00:00Z,admin
b092ff64-bbe8-4f72-abbe-af92b8525fc3,d696418c-56a5-4905-8465-933b60fec70e,Z0051EJU,2026-08-20T00:00:00Z,admin,2026-08-20T00:00:00Z,admin
ed2886be-3e01-415e-a135-c29aaa4a4847,d696418c-56a5-4905-8465-933b60fec70e,Z003RN6R,2026-08-20T00:00:00Z,admin,2026-08-20T00:00:00Z,admin
e6d89663-6d26-437b-b9cd-46bfc02811b1,d696418c-56a5-4905-8465-933b60fec70e,Z0046D7W,2026-08-20T00:00:00Z,admin,2026-08-20T00:00:00Z,admin
5af97b41-ee92-4b14-8a18-0ac21afe9c0f,d696418c-56a5-4905-8465-933b60fec70e,Z000268E,2026-08-20T00:00:00Z,admin,2026-08-20T00:00:00Z,admin
838078c9-c4af-428e-be36-26e72ded6f36,d696418c-56a5-4905-8465-933b60fec70e,Z002JB9N,2026-08-20T00:00:00Z,admin,2026-08-20T00:00:00Z,admin
1803730f-1b83-4439-9371-effc5378644d,d696418c-56a5-4905-8465-933b60fec70e,Z002ZJEH,2026-08-20T00:00:00Z,admin,2026-08-20T00:00:00Z,admin
403ec9bc-a6df-44a8-9034-74564742764d,d696418c-56a5-4905-8465-933b60fec70e,Z0033TXK,2026-08-20T00:00:00Z,admin,2026-08-20T00:00:00Z,admin
485f3737-fe9e-4575-9851-133e755c2f1b,d696418c-56a5-4905-8465-933b60fec70e,Z0037XDV,2026-08-20T00:00:00Z,admin,2026-08-20T00:00:00Z,admin
c9e2bc44-551b-4305-ac09-23eb2b089a77,d696418c-56a5-4905-8465-933b60fec70e,Z0030F0C,2026-08-20T00:00:00Z,admin,2026-08-20T00:00:00Z,admin
351da798-55af-4679-a01c-21c7b47cdcac,d696418c-56a5-4905-8465-933b60fec70e,Z0049ETY,2026-08-20T00:00:00Z,admin,2026-08-20T00:00:00Z,admin
d17b7e18-c5f9-448d-948f-857f5cd1640b,d696418c-56a5-4905-8465-933b60fec70e,Z00531ED,2026-08-20T00:00:00Z,admin,2026-08-20T00:00:00Z,admin
3e5e5a9a-4e3e-400c-8c45-3fba24c2be3a,d696418c-56a5-4905-8465-933b60fec70e,Z00578UN,2026-08-20T00:00:00Z,admin,2026-08-20T00:00:00Z,admin
0858234b-12b0-4076-b2df-a7b8af8d4758,d696418c-56a5-4905-8465-933b60fec70e,Z0022MPU,2026-08-20T00:00:00Z,admin,2026-08-20T00:00:00Z,admin
fcf765d1-ed64-4e39-873b-f9da6bea8ea1,d696418c-56a5-4905-8465-933b60fec70e,Z00360RB,2026-08-20T00:00:00Z,admin,2026-08-20T00:00:00Z,admin
f7ce4838-b654-41e7-9c86-2e92a8597bbf,d696418c-56a5-4905-8465-933b60fec70e,Z00580YJ,2026-08-20T00:00:00Z,admin,2026-08-20T00:00:00Z,admin
32e0fec6-ed73-4e0e-bb37-b4ceb84093b8,d696418c-56a5-4905-8465-933b60fec70e,Z004XVAB,2026-08-20T00:00:00Z,admin,2026-08-20T00:00:00Z,admin
3f92ef22-4342-4df4-ac05-27dc18c5fc1a,d696418c-56a5-4905-8465-933b60fec70e,Z00503ZF,2026-08-20T00:00:00Z,admin,2026-08-20T00:00:00Z,admin
5315a4bb-e602-466f-ac3d-c5561f5b3540,d696418c-56a5-4905-8465-933b60fec70e,Z0053X3Z,2026-08-20T00:00:00Z,admin,2026-08-20T00:00:00Z,admin
44350ddf-89f1-4be9-a75e-154b3c6b154f,d696418c-56a5-4905-8465-933b60fec70e,Z004Z8HY,2026-08-20T00:00:00Z,admin,2026-08-20T00:00:00Z,admin
52a457ac-e77f-4c43-981c-ca5246f0fde1,d696418c-56a5-4905-8465-933b60fec70e,Z00366PH,2026-08-20T00:00:00Z,admin,2026-08-20T00:00:00Z,admin
6ff65725-2012-47df-86cd-ca0878b18bce,d696418c-56a5-4905-8465-933b60fec70e,Z002M9XR,2026-08-20T00:00:00Z,admin,2026-08-20T00:00:00Z,admin
63756a38-fba4-49d1-a6f4-494fef4b0a05,d696418c-56a5-4905-8465-933b60fec70e,Z0059DWT,2026-08-20T00:00:00Z,admin,2026-08-20T00:00:00Z,admin
01b68fe7-e8d3-42da-80a3-7091774c3a72,d696418c-56a5-4905-8465-933b60fec70e,Z005989N,2026-08-20T00:00:00Z,admin,2026-08-20T00:00:00Z,admin
289ce2c8-b894-423c-9722-27f81985c7c2,d696418c-56a5-4905-8465-933b60fec70e,Z0059DYC,2026-08-20T00:00:00Z,admin,2026-08-20T00:00:00Z,admin
d3510765-a5f3-4665-8a0a-5c40fb10ba52,d696418c-56a5-4905-8465-933b60fec70e,Z0047WTV,2026-08-20T00:00:00Z,admin,2026-08-20T00:00:00Z,admin
93547ff7-0833-4963-9289-a31e49b11ec0,d696418c-56a5-4905-8465-933b60fec70e,Z0043CUZ,2026-08-20T00:00:00Z,admin,2026-08-20T00:00:00Z,admin
c8d696ac-e206-43e1-b825-f0e7c0f8e40f,d696418c-56a5-4905-8465-933b60fec70e,Z0054BAR,2026-08-20T00:00:00Z,admin,2026-08-20T00:00:00Z,admin
c75e142d-e4b1-414a-8b7f-4f39a865034e,d696418c-56a5-4905-8465-933b60fec70e,Z004E75V,2026-08-20T00:00:00Z,admin,2026-08-20T00:00:00Z,admin
e93833b1-d6ac-4040-9505-688dc0a2f34a,8c601b99-59e2-4cd9-8cfb-c11a8f531eb3,Z004TAMU,2026-08-20T00:00:00Z,admin,2026-08-20T00:00:00Z,admin
94110530-1014-490c-b7c0-f5965a9255d2,8c601b99-59e2-4cd9-8cfb-c11a8f531eb3,Z00531DY,2026-08-20T00:00:00Z,admin,2026-08-20T00:00:00Z,admin
296ff224-789e-4cba-b525-49989b855dfd,8c601b99-59e2-4cd9-8cfb-c11a8f531eb3,Z004XVAC,2026-08-20T00:00:00Z,admin,2026-08-20T00:00:00Z,admin
a90918d0-80c3-4739-800d-2e4a2aecc5e2,8c601b99-59e2-4cd9-8cfb-c11a8f531eb3,Z0052TYP,2026-08-20T00:00:00Z,admin,2026-08-20T00:00:00Z,admin
4baf025f-18e3-47d0-9cb9-21df6a4f4264,8c601b99-59e2-4cd9-8cfb-c11a8f531eb3,Z002Z66N,2026-08-20T00:00:00Z,admin,2026-08-20T00:00:00Z,admin
ca90f9bb-0b08-4462-9fcf-250aa2dcec85,8c601b99-59e2-4cd9-8cfb-c11a8f531eb3,Z004YK1R,2026-08-20T00:00:00Z,admin,2026-08-20T00:00:00Z,admin
744ba7f5-20b9-42e5-bd3b-f9aebf8a6a64,8c601b99-59e2-4cd9-8cfb-c11a8f531eb3,Z004Z7ZE,2026-08-20T00:00:00Z,admin,2026-08-20T00:00:00Z,admin
f3175bdf-fe5b-41c9-a821-73d647f9ef01,8c601b99-59e2-4cd9-8cfb-c11a8f531eb3,Z0054KNE,2026-08-20T00:00:00Z,admin,2026-08-20T00:00:00Z,admin
eed0ab3e-273e-406f-8675-a01e3da97ea1,8c601b99-59e2-4cd9-8cfb-c11a8f531eb3,Z0028XMJ,2026-08-20T00:00:00Z,admin,2026-08-20T00:00:00Z,admin
8c6b8a8c-bfcb-469e-9d2a-c583e9c28618,8c601b99-59e2-4cd9-8cfb-c11a8f531eb3,Z004FUJT,2026-08-20T00:00:00Z,admin,2026-08-20T00:00:00Z,admin
d5b4cf1c-dae2-4733-b87b-fb2c59e32987,8c601b99-59e2-4cd9-8cfb-c11a8f531eb3,Z001WYDU,2026-08-20T00:00:00Z,admin,2026-08-20T00:00:00Z,admin
e5f46c18-8819-4550-9e25-2a6500d59378,8c601b99-59e2-4cd9-8cfb-c11a8f531eb3,Z0014WKT,2026-08-20T00:00:00Z,admin,2026-08-20T00:00:00Z,admin
ce43fbcc-2bf3-492d-be6c-5fa62de0dd53,8c601b99-59e2-4cd9-8cfb-c11a8f531eb3,Z0039MYX,2026-08-20T00:00:00Z,admin,2026-08-20T00:00:00Z,admin
49ff29c7-3fa4-4914-bf01-218b15e940e8,8c601b99-59e2-4cd9-8cfb-c11a8f531eb3,Z0051EJU,2026-08-20T00:00:00Z,admin,2026-08-20T00:00:00Z,admin
57751b5b-74af-46b9-8b2b-a60a0512cabb,8c601b99-59e2-4cd9-8cfb-c11a8f531eb3,Z003RN6R,2026-08-20T00:00:00Z,admin,2026-08-20T00:00:00Z,admin
159bf4ba-3d94-441b-999c-71175acad2ba,8c601b99-59e2-4cd9-8cfb-c11a8f531eb3,Z0046D7W,2026-08-20T00:00:00Z,admin,2026-08-20T00:00:00Z,admin
186206e8-2fcc-4899-9f8c-ad0224346aff,8c601b99-59e2-4cd9-8cfb-c11a8f531eb3,Z000268E,2026-08-20T00:00:00Z,admin,2026-08-20T00:00:00Z,admin
5e6a5478-2bf2-42d5-8373-657ccec821fc,8c601b99-59e2-4cd9-8cfb-c11a8f531eb3,Z002JB9N,2026-08-20T00:00:00Z,admin,2026-08-20T00:00:00Z,admin
9625202d-cb3f-458b-a936-150c1f70df9a,8c601b99-59e2-4cd9-8cfb-c11a8f531eb3,Z002ZJEH,2026-08-20T00:00:00Z,admin,2026-08-20T00:00:00Z,admin
dfe5eee9-d24b-4514-a914-3d8a49e41cb9,8c601b99-59e2-4cd9-8cfb-c11a8f531eb3,Z0033TXK,2026-08-20T00:00:00Z,admin,2026-08-20T00:00:00Z,admin
573ffa30-d1d7-414a-bad7-55d9c0a31319,8c601b99-59e2-4cd9-8cfb-c11a8f531eb3,Z0037XDV,2026-08-20T00:00:00Z,admin,2026-08-20T00:00:00Z,admin
3b3cff0f-4a90-41c4-a4bd-99983806215a,8c601b99-59e2-4cd9-8cfb-c11a8f531eb3,Z0030F0C,2026-08-20T00:00:00Z,admin,2026-08-20T00:00:00Z,admin
29bd7eea-03d8-4bdc-bacf-948e8c41ac73,8c601b99-59e2-4cd9-8cfb-c11a8f531eb3,Z0049ETY,2026-08-20T00:00:00Z,admin,2026-08-20T00:00:00Z,admin
f2511355-cdf5-449c-afcb-b4c7eaab1064,8c601b99-59e2-4cd9-8cfb-c11a8f531eb3,Z00531ED,2026-08-20T00:00:00Z,admin,2026-08-20T00:00:00Z,admin
90a2a125-34b3-49bf-8078-7131f5180fc9,8c601b99-59e2-4cd9-8cfb-c11a8f531eb3,Z00578UN,2026-08-20T00:00:00Z,admin,2026-08-20T00:00:00Z,admin
a6b2809d-d137-4dab-9541-6126a65ceb69,8c601b99-59e2-4cd9-8cfb-c11a8f531eb3,Z0022MPU,2026-08-20T00:00:00Z,admin,2026-08-20T00:00:00Z,admin
e4031563-4398-4bb5-a129-01adfef694c7,8c601b99-59e2-4cd9-8cfb-c11a8f531eb3,Z00360RB,2026-08-20T00:00:00Z,admin,2026-08-20T00:00:00Z,admin
8b0232be-c320-4e45-b4a6-27cd52fa7c0e,8c601b99-59e2-4cd9-8cfb-c11a8f531eb3,Z00580YJ,2026-08-20T00:00:00Z,admin,2026-08-20T00:00:00Z,admin
aeda01f4-e9c7-42b4-bc8f-b10a91edc129,8c601b99-59e2-4cd9-8cfb-c11a8f531eb3,Z004XVAB,2026-08-20T00:00:00Z,admin,2026-08-20T00:00:00Z,admin
27ec6393-f0b8-44c5-81b3-814275e9ee4d,8c601b99-59e2-4cd9-8cfb-c11a8f531eb3,Z00503ZF,2026-08-20T00:00:00Z,admin,2026-08-20T00:00:00Z,admin
07d9e1c7-c07c-4351-8fbb-05e96804d7ce,8c601b99-59e2-4cd9-8cfb-c11a8f531eb3,Z0053X3Z,2026-08-20T00:00:00Z,admin,2026-08-20T00:00:00Z,admin
b554fba8-bcc1-4644-a267-09bd260a4737,8c601b99-59e2-4cd9-8cfb-c11a8f531eb3,Z004Z8HY,2026-08-20T00:00:00Z,admin,2026-08-20T00:00:00Z,admin
7d6c46d6-533e-4e4f-9273-8c8e8811864f,8c601b99-59e2-4cd9-8cfb-c11a8f531eb3,Z00366PH,2026-08-20T00:00:00Z,admin,2026-08-20T00:00:00Z,admin
62f37822-40ae-4f86-87e0-8208b8da1504,8c601b99-59e2-4cd9-8cfb-c11a8f531eb3,Z002M9XR,2026-08-20T00:00:00Z,admin,2026-08-20T00:00:00Z,admin
3e0ac675-2716-42c6-ae95-b22313a0158f,8c601b99-59e2-4cd9-8cfb-c11a8f531eb3,Z0059DWT,2026-08-20T00:00:00Z,admin,2026-08-20T00:00:00Z,admin
d8338bbe-f028-4a92-b8fe-0e6a386d7f4a,8c601b99-59e2-4cd9-8cfb-c11a8f531eb3,Z005989N,2026-08-20T00:00:00Z,admin,2026-08-20T00:00:00Z,admin
23c5ec24-d756-4d5a-b7da-babb2770312e,8c601b99-59e2-4cd9-8cfb-c11a8f531eb3,Z0059DYC,2026-08-20T00:00:00Z,admin,2026-08-20T00:00:00Z,admin
01250127-2f29-4ed9-a148-2d4fe3945284,8c601b99-59e2-4cd9-8cfb-c11a8f531eb3,Z0047WTV,2026-08-20T00:00:00Z,admin,2026-08-20T00:00:00Z,admin
21c515d4-baf9-43ff-b111-1b4c6ec2ff9a,493351e6-c381-4ae9-94cc-ba856c2907c8,Z004TAMU,2026-08-20T00:00:00Z,admin,2026-08-20T00:00:00Z,admin
a5eb7f50-2240-4394-a7ee-1dd5ea1d2e34,493351e6-c381-4ae9-94cc-ba856c2907c8,Z00531DY,2026-08-20T00:00:00Z,admin,2026-08-20T00:00:00Z,admin
6507cd10-170f-4d12-8466-7bc1ffa64b50,493351e6-c381-4ae9-94cc-ba856c2907c8,Z004XVAC,2026-08-20T00:00:00Z,admin,2026-08-20T00:00:00Z,admin
cd2d979a-9faa-4253-af95-2a0dcd90e2a1,493351e6-c381-4ae9-94cc-ba856c2907c8,Z0052TYP,2026-08-20T00:00:00Z,admin,2026-08-20T00:00:00Z,admin
4d9eb505-13b0-46b2-95c7-e44461177ba2,493351e6-c381-4ae9-94cc-ba856c2907c8,Z002Z66N,2026-08-20T00:00:00Z,admin,2026-08-20T00:00:00Z,admin
935df18b-f369-4fc7-9874-25ae6f806b48,493351e6-c381-4ae9-94cc-ba856c2907c8,Z004YK1R,2026-08-20T00:00:00Z,admin,2026-08-20T00:00:00Z,admin
fb2f36d2-2c67-4939-962f-71107a37f270,493351e6-c381-4ae9-94cc-ba856c2907c8,Z004Z7ZE,2026-08-20T00:00:00Z,admin,2026-08-20T00:00:00Z,admin
d02ca36a-e0df-4a3d-9e63-e07119288891,493351e6-c381-4ae9-94cc-ba856c2907c8,Z0054KNE,2026-08-20T00:00:00Z,admin,2026-08-20T00:00:00Z,admin
d4d38ee7-33fd-4344-a299-917880cb7dd2,493351e6-c381-4ae9-94cc-ba856c2907c8,Z0028XMJ,2026-08-20T00:00:00Z,admin,2026-08-20T00:00:00Z,admin
6e7b9e1b-fb18-4397-922c-7f535b50de83,493351e6-c381-4ae9-94cc-ba856c2907c8,Z004FUJT,2026-08-20T00:00:00Z,admin,2026-08-20T00:00:00Z,admin
1ee134ee-41a1-4306-995f-054174314538,493351e6-c381-4ae9-94cc-ba856c2907c8,Z001WYDU,2026-08-20T00:00:00Z,admin,2026-08-20T00:00:00Z,admin
1b3f6f8d-3c27-443c-bf96-a1696ef64803,493351e6-c381-4ae9-94cc-ba856c2907c8,Z0014WKT,2026-08-20T00:00:00Z,admin,2026-08-20T00:00:00Z,admin
f76e99e4-fb06-4c12-bcae-cbbe1365feae,493351e6-c381-4ae9-94cc-ba856c2907c8,Z0039MYX,2026-08-20T00:00:00Z,admin,2026-08-20T00:00:00Z,admin
0b42b17a-c1e4-44ff-9661-409a171d3fc3,493351e6-c381-4ae9-94cc-ba856c2907c8,Z0051EJU,2026-08-20T00:00:00Z,admin,2026-08-20T00:00:00Z,admin
f2c4afb0-caaa-4c83-97c8-253a7247b143,493351e6-c381-4ae9-94cc-ba856c2907c8,Z003RN6R,2026-08-20T00:00:00Z,admin,2026-08-20T00:00:00Z,admin
ee432554-37db-4445-8457-3f97a7590cfb,493351e6-c381-4ae9-94cc-ba856c2907c8,Z0046D7W,2026-08-20T00:00:00Z,admin,2026-08-20T00:00:00Z,admin
dd28720a-1f0a-4741-8f39-d85ecdf3ed50,493351e6-c381-4ae9-94cc-ba856c2907c8,Z000268E,2026-08-20T00:00:00Z,admin,2026-08-20T00:00:00Z,admin
8b98e05e-0bfc-4b0e-983b-ead183642651,493351e6-c381-4ae9-94cc-ba856c2907c8,Z002JB9N,2026-08-20T00:00:00Z,admin,2026-08-20T00:00:00Z,admin
77b98ce7-1c0a-4dec-bf60-ec04b1fe7c00,493351e6-c381-4ae9-94cc-ba856c2907c8,Z002ZJEH,2026-08-20T00:00:00Z,admin,2026-08-20T00:00:00Z,admin
21e9d2a5-6196-416a-a627-fa706e479aa8,493351e6-c381-4ae9-94cc-ba856c2907c8,Z0033TXK,2026-08-20T00:00:00Z,admin,2026-08-20T00:00:00Z,admin
ef3d60cd-c8a1-47b6-8a58-211cf9af9be8,493351e6-c381-4ae9-94cc-ba856c2907c8,Z0037XDV,2026-08-20T00:00:00Z,admin,2026-08-20T00:00:00Z,admin
fd5f769e-237b-4029-a2bc-189dbf2a8509,493351e6-c381-4ae9-94cc-ba856c2907c8,Z0030F0C,2026-08-20T00:00:00Z,admin,2026-08-20T00:00:00Z,admin
06fec7a3-832e-4f5c-b775-1fc300ced5b3,493351e6-c381-4ae9-94cc-ba856c2907c8,Z0049ETY,2026-08-20T00:00:00Z,admin,2026-08-20T00:00:00Z,admin
2b92e155-143b-4fcf-8b44-9520b76c0f83,493351e6-c381-4ae9-94cc-ba856c2907c8,Z00531ED,2026-08-20T00:00:00Z,admin,2026-08-20T00:00:00Z,admin
155e7516-22aa-4da3-8f7e-814768221612,493351e6-c381-4ae9-94cc-ba856c2907c8,Z00578UN,2026-08-20T00:00:00Z,admin,2026-08-20T00:00:00Z,admin
a926b37c-f928-4285-a105-5e5b236c486d,493351e6-c381-4ae9-94cc-ba856c2907c8,Z0022MPU,2026-08-20T00:00:00Z,admin,2026-08-20T00:00:00Z,admin
f9a4bfb8-dc88-4c70-9a50-5bcdaa7465bf,493351e6-c381-4ae9-94cc-ba856c2907c8,Z00360RB,2026-08-20T00:00:00Z,admin,2026-08-20T00:00:00Z,admin
8581c60f-1889-4e6a-b89d-e5605059e6e6,493351e6-c381-4ae9-94cc-ba856c2907c8,Z00580YJ,2026-08-20T00:00:00Z,admin,2026-08-20T00:00:00Z,admin
34b1a0c7-cc12-4a0e-a247-486107072234,493351e6-c381-4ae9-94cc-ba856c2907c8,Z004XVAB,2026-08-20T00:00:00Z,admin,2026-08-20T00:00:00Z,admin
6719b543-7bdd-4463-aff2-c65f17f92cd0,493351e6-c381-4ae9-94cc-ba856c2907c8,Z00503ZF,2026-08-20T00:00:00Z,admin,2026-08-20T00:00:00Z,admin
70128f2a-c780-47ae-bf03-9823b5ac9af7,493351e6-c381-4ae9-94cc-ba856c2907c8,Z0053X3Z,2026-08-20T00:00:00Z,admin,2026-08-20T00:00:00Z,admin
7eb63e8e-6c44-4298-b4c7-9a8a33cc021e,493351e6-c381-4ae9-94cc-ba856c2907c8,Z004Z8HY,2026-08-20T00:00:00Z,admin,2026-08-20T00:00:00Z,admin
2fba3aaf-604f-4911-8caa-a79c35679781,493351e6-c381-4ae9-94cc-ba856c2907c8,Z00366PH,2026-08-20T00:00:00Z,admin,2026-08-20T00:00:00Z,admin
0a687a5a-a5fb-42c0-9035-359f8a246510,493351e6-c381-4ae9-94cc-ba856c2907c8,Z002M9XR,2026-08-20T00:00:00Z,admin,2026-08-20T00:00:00Z,admin
af2d35b5-6dd9-40cd-95ff-b08ecdd23c50,493351e6-c381-4ae9-94cc-ba856c2907c8,Z0059DWT,2026-08-20T00:00:00Z,admin,2026-08-20T00:00:00Z,admin
320327aa-b434-4aae-84d8-d78ea56a27a8,493351e6-c381-4ae9-94cc-ba856c2907c8,Z005989N,2026-08-20T00:00:00Z,admin,2026-08-20T00:00:00Z,admin
4e2efadd-b4ca-4a9c-941c-aa8a0fdd0086,493351e6-c381-4ae9-94cc-ba856c2907c8,Z0059DYC,2026-08-20T00:00:00Z,admin,2026-08-20T00:00:00Z,admin
56e82ccf-e39b-4299-a97f-590a7eb945de,493351e6-c381-4ae9-94cc-ba856c2907c8,Z0047WTV,2026-08-20T00:00:00Z,admin,2026-08-20T00:00:00Z,admin
c943fbf5-e59d-4363-a579-6399f28eada3,493351e6-c381-4ae9-94cc-ba856c2907c8,Z0041UVN,2026-08-20T00:00:00Z,admin,2026-08-20T00:00:00Z,admin
68ffe2b9-06a1-43b0-a641-51c98aa167be,493351e6-c381-4ae9-94cc-ba856c2907c8,Z004E9UK,2026-08-20T00:00:00Z,admin,2026-08-20T00:00:00Z,admin
eff5e9ba-638b-4240-866e-5316511cd9ab,493351e6-c381-4ae9-94cc-ba856c2907c8,Z004NM6Y,2026-08-20T00:00:00Z,admin,2026-08-20T00:00:00Z,admin
88d83066-441a-450f-906c-8d9aa3f184ac,9896057a-027c-417f-8b25-2fdd294e59fd,Z004TAMU,2026-08-20T00:00:00Z,admin,2026-08-20T00:00:00Z,admin
d7d5f8dc-556f-41c2-b23b-9f24fc15e1a8,9896057a-027c-417f-8b25-2fdd294e59fd,Z00531DY,2026-08-20T00:00:00Z,admin,2026-08-20T00:00:00Z,admin
3dc7bfdd-7603-4830-b424-6ca5c6fe9b22,9896057a-027c-417f-8b25-2fdd294e59fd,Z004XVAC,2026-08-20T00:00:00Z,admin,2026-08-20T00:00:00Z,admin
40221fd6-66eb-447f-8379-ea32b0e25c4d,9896057a-027c-417f-8b25-2fdd294e59fd,Z0052TYP,2026-08-20T00:00:00Z,admin,2026-08-20T00:00:00Z,admin
250524e3-bcf7-48d1-bf4c-b3fa5ee71348,9896057a-027c-417f-8b25-2fdd294e59fd,Z002Z66N,2026-08-20T00:00:00Z,admin,2026-08-20T00:00:00Z,admin
fef443a6-637d-4627-bfaf-b8e9f8cad972,9896057a-027c-417f-8b25-2fdd294e59fd,Z004YK1R,2026-08-20T00:00:00Z,admin,2026-08-20T00:00:00Z,admin
d26bd819-e258-4c5d-a6d3-23a21556a6fc,9896057a-027c-417f-8b25-2fdd294e59fd,Z004Z7ZE,2026-08-20T00:00:00Z,admin,2026-08-20T00:00:00Z,admin
405ce819-eb78-473c-84f0-1143d390baf4,9896057a-027c-417f-8b25-2fdd294e59fd,Z0054KNE,2026-08-20T00:00:00Z,admin,2026-08-20T00:00:00Z,admin
53522121-2905-43f6-8881-c2881cedac64,9896057a-027c-417f-8b25-2fdd294e59fd,Z0028XMJ,2026-08-20T00:00:00Z,admin,2026-08-20T00:00:00Z,admin
f013fa51-a33d-4e71-b49e-de47b6243840,9896057a-027c-417f-8b25-2fdd294e59fd,Z004FUJT,2026-08-20T00:00:00Z,admin,2026-08-20T00:00:00Z,admin
690437af-edde-45e1-94b2-144ab76d6422,9896057a-027c-417f-8b25-2fdd294e59fd,Z001WYDU,2026-08-20T00:00:00Z,admin,2026-08-20T00:00:00Z,admin
7b29962a-6600-48ae-a842-0b59be16716d,9896057a-027c-417f-8b25-2fdd294e59fd,Z0014WKT,2026-08-20T00:00:00Z,admin,2026-08-20T00:00:00Z,admin
e324d1bd-c2a5-491f-9357-54e8e761ed93,9896057a-027c-417f-8b25-2fdd294e59fd,Z0039MYX,2026-08-20T00:00:00Z,admin,2026-08-20T00:00:00Z,admin
2e3ed768-e022-440b-a6a5-533e10b369e6,9896057a-027c-417f-8b25-2fdd294e59fd,Z0051EJU,2026-08-20T00:00:00Z,admin,2026-08-20T00:00:00Z,admin
04c5682a-2543-444d-8296-10051469f2bd,9896057a-027c-417f-8b25-2fdd294e59fd,Z003RN6R,2026-08-20T00:00:00Z,admin,2026-08-20T00:00:00Z,admin
6d3e51ba-5411-41b3-a8db-505d4a0b654f,9896057a-027c-417f-8b25-2fdd294e59fd,Z0046D7W,2026-08-20T00:00:00Z,admin,2026-08-20T00:00:00Z,admin
04cd3136-1cfe-4924-aeb2-5ad1788759ac,9896057a-027c-417f-8b25-2fdd294e59fd,Z000268E,2026-08-20T00:00:00Z,admin,2026-08-20T00:00:00Z,admin
c506b4af-b7e3-4a7d-a1a3-756f5d957a54,9896057a-027c-417f-8b25-2fdd294e59fd,Z002JB9N,2026-08-20T00:00:00Z,admin,2026-08-20T00:00:00Z,admin
375a02a3-c8bb-496e-92b1-365bff3a30cf,9896057a-027c-417f-8b25-2fdd294e59fd,Z002ZJEH,2026-08-20T00:00:00Z,admin,2026-08-20T00:00:00Z,admin
6f55d788-c1c4-42b5-a5fe-b4235fe9f29d,9896057a-027c-417f-8b25-2fdd294e59fd,Z0033TXK,2026-08-20T00:00:00Z,admin,2026-08-20T00:00:00Z,admin
1de0989d-08f6-4c14-bf1a-bd53e4893e89,9896057a-027c-417f-8b25-2fdd294e59fd,Z0037XDV,2026-08-20T00:00:00Z,admin,2026-08-20T00:00:00Z,admin
b1e6ddb4-14d6-41d1-b2d0-b5d7d7a8e874,9896057a-027c-417f-8b25-2fdd294e59fd,Z0030F0C,2026-08-20T00:00:00Z,admin,2026-08-20T00:00:00Z,admin
66e16c36-02ea-4fe2-a24a-3d706a66072e,9896057a-027c-417f-8b25-2fdd294e59fd,Z0049ETY,2026-08-20T00:00:00Z,admin,2026-08-20T00:00:00Z,admin
21b459fa-81d4-4962-bf46-b441244e50f6,9896057a-027c-417f-8b25-2fdd294e59fd,Z00531ED,2026-08-20T00:00:00Z,admin,2026-08-20T00:00:00Z,admin
bce2e7d6-85b0-449c-b6fd-a04f2ff40da6,9896057a-027c-417f-8b25-2fdd294e59fd,Z00578UN,2026-08-20T00:00:00Z,admin,2026-08-20T00:00:00Z,admin
f4d72b47-f269-4e92-aa88-96fb029d02a5,9896057a-027c-417f-8b25-2fdd294e59fd,Z0022MPU,2026-08-20T00:00:00Z,admin,2026-08-20T00:00:00Z,admin
835a6bb3-e718-48ec-bff9-0992ca44911e,9896057a-027c-417f-8b25-2fdd294e59fd,Z00360RB,2026-08-20T00:00:00Z,admin,2026-08-20T00:00:00Z,admin
728f0677-c1c6-4a29-b189-d06a19e39175,9896057a-027c-417f-8b25-2fdd294e59fd,Z00580YJ,2026-08-20T00:00:00Z,admin,2026-08-20T00:00:00Z,admin
a0ec9bca-311f-4d0a-bb61-d3428308db39,9896057a-027c-417f-8b25-2fdd294e59fd,Z004XVAB,2026-08-20T00:00:00Z,admin,2026-08-20T00:00:00Z,admin
2ee4d767-4558-453c-b5ae-8b792e2db346,9896057a-027c-417f-8b25-2fdd294e59fd,Z00503ZF,2026-08-20T00:00:00Z,admin,2026-08-20T00:00:00Z,admin
c02f0efd-dd48-4391-b20c-d8a345e9feea,9896057a-027c-417f-8b25-2fdd294e59fd,Z0053X3Z,2026-08-20T00:00:00Z,admin,2026-08-20T00:00:00Z,admin
924c159e-67f9-4918-95b1-b28fef30e0b6,9896057a-027c-417f-8b25-2fdd294e59fd,Z004Z8HY,2026-08-20T00:00:00Z,admin,2026-08-20T00:00:00Z,admin
c8c611ae-8fd9-4ba8-bb1f-83009d1f5526,9896057a-027c-417f-8b25-2fdd294e59fd,Z00366PH,2026-08-20T00:00:00Z,admin,2026-08-20T00:00:00Z,admin
b838dc80-9053-49cd-a143-121a89fb18bb,9896057a-027c-417f-8b25-2fdd294e59fd,Z002M9XR,2026-08-20T00:00:00Z,admin,2026-08-20T00:00:00Z,admin
b7f65eac-6eaf-44fd-b108-f73937c06cc8,9896057a-027c-417f-8b25-2fdd294e59fd,Z0059DWT,2026-08-20T00:00:00Z,admin,2026-08-20T00:00:00Z,admin
4033ecb9-831e-40ce-bcd2-ade70dca4143,9896057a-027c-417f-8b25-2fdd294e59fd,Z005989N,2026-08-20T00:00:00Z,admin,2026-08-20T00:00:00Z,admin
5ebc5539-909d-4942-b73d-67b63d94a0f9,9896057a-027c-417f-8b25-2fdd294e59fd,Z0059DYC,2026-08-20T00:00:00Z,admin,2026-08-20T00:00:00Z,admin
e70146d2-8012-47a0-8711-9cff0679b7bc,9896057a-027c-417f-8b25-2fdd294e59fd,Z0047WTV,2026-08-20T00:00:00Z,admin,2026-08-20T00:00:00Z,admin
2ae80f06-7bde-41cc-9363-9192584f2c28,9896057a-027c-417f-8b25-2fdd294e59fd,Z0041UVN,2026-08-20T00:00:00Z,admin,2026-08-20T00:00:00Z,admin
7ad6254d-d9d2-44e2-9ad3-6852d65a7d65,9896057a-027c-417f-8b25-2fdd294e59fd,Z004E9UK,2026-08-20T00:00:00Z,admin,2026-08-20T00:00:00Z,admin
1ed4f418-cd4b-40fb-bc22-9cc5a05fb467,9896057a-027c-417f-8b25-2fdd294e59fd,Z004NM6Y,2026-08-20T00:00:00Z,admin,2026-08-20T00:00:00Z,admin
408b465b-8df2-479b-9732-d4101a134bf6,4853fcb2-9ec6-485e-a0f5-d3942060e8bd,Z004TAMU,2026-08-20T00:00:00Z,admin,2026-08-20T00:00:00Z,admin
6ee99567-2dee-4763-b3cb-2c9bd09b1295,4853fcb2-9ec6-485e-a0f5-d3942060e8bd,Z00531DY,2026-08-20T00:00:00Z,admin,2026-08-20T00:00:00Z,admin
4411108e-0ed5-4026-8a58-a1b2049fc1df,4853fcb2-9ec6-485e-a0f5-d3942060e8bd,Z004XVAC,2026-08-20T00:00:00Z,admin,2026-08-20T00:00:00Z,admin
26f25ef9-e7b5-466c-9998-fd93a449532a,4853fcb2-9ec6-485e-a0f5-d3942060e8bd,Z0052TYP,2026-08-20T00:00:00Z,admin,2026-08-20T00:00:00Z,admin
e00374eb-5aec-41aa-91b1-4de67cd0f521,4853fcb2-9ec6-485e-a0f5-d3942060e8bd,Z002Z66N,2026-08-20T00:00:00Z,admin,2026-08-20T00:00:00Z,admin
4c7cc504-ab57-4eba-8db8-91253d369b9b,4853fcb2-9ec6-485e-a0f5-d3942060e8bd,Z004YK1R,2026-08-20T00:00:00Z,admin,2026-08-20T00:00:00Z,admin
204bed31-51fd-41a6-9579-3dcd2f16de94,4853fcb2-9ec6-485e-a0f5-d3942060e8bd,Z004Z7ZE,2026-08-20T00:00:00Z,admin,2026-08-20T00:00:00Z,admin
5415aef4-bede-4771-9705-682c4d4b81be,4853fcb2-9ec6-485e-a0f5-d3942060e8bd,Z0054KNE,2026-08-20T00:00:00Z,admin,2026-08-20T00:00:00Z,admin
42b5bfa3-30c3-488e-b4ef-e5f8e2092acb,4853fcb2-9ec6-485e-a0f5-d3942060e8bd,Z0028XMJ,2026-08-20T00:00:00Z,admin,2026-08-20T00:00:00Z,admin
dd276258-f327-4054-bf55-e266b44a2357,4853fcb2-9ec6-485e-a0f5-d3942060e8bd,Z004FUJT,2026-08-20T00:00:00Z,admin,2026-08-20T00:00:00Z,admin
1001428c-746c-403d-873a-9de717ec974b,4853fcb2-9ec6-485e-a0f5-d3942060e8bd,Z001WYDU,2026-08-20T00:00:00Z,admin,2026-08-20T00:00:00Z,admin
dfce2a6b-f43d-43f7-b96a-e99971415fa8,4853fcb2-9ec6-485e-a0f5-d3942060e8bd,Z0014WKT,2026-08-20T00:00:00Z,admin,2026-08-20T00:00:00Z,admin
62ff6c23-1d9d-4899-b5a3-1885ab7f1205,4853fcb2-9ec6-485e-a0f5-d3942060e8bd,Z0039MYX,2026-08-20T00:00:00Z,admin,2026-08-20T00:00:00Z,admin
c70fb355-68db-4bb4-b75a-124ffc4d73ac,4853fcb2-9ec6-485e-a0f5-d3942060e8bd,Z0051EJU,2026-08-20T00:00:00Z,admin,2026-08-20T00:00:00Z,admin
f6f0c6e1-2bb2-4193-bea0-bf71f56e5121,4853fcb2-9ec6-485e-a0f5-d3942060e8bd,Z003RN6R,2026-08-20T00:00:00Z,admin,2026-08-20T00:00:00Z,admin
475997e2-5b4f-4b6f-9ef9-99ce2070b11b,4853fcb2-9ec6-485e-a0f5-d3942060e8bd,Z0046D7W,2026-08-20T00:00:00Z,admin,2026-08-20T00:00:00Z,admin
8e31df77-b245-4cf0-b967-48fa834e6ae8,4853fcb2-9ec6-485e-a0f5-d3942060e8bd,Z000268E,2026-08-20T00:00:00Z,admin,2026-08-20T00:00:00Z,admin
a02c93bd-94ba-4d8d-9301-1516789f7b12,4853fcb2-9ec6-485e-a0f5-d3942060e8bd,Z002JB9N,2026-08-20T00:00:00Z,admin,2026-08-20T00:00:00Z,admin
2c541d4b-91b4-41f0-8cdd-db9d040af21f,4853fcb2-9ec6-485e-a0f5-d3942060e8bd,Z002ZJEH,2026-08-20T00:00:00Z,admin,2026-08-20T00:00:00Z,admin
f4442eb1-98a3-465c-85a0-14be266250c0,4853fcb2-9ec6-485e-a0f5-d3942060e8bd,Z0033TXK,2026-08-20T00:00:00Z,admin,2026-08-20T00:00:00Z,admin
09b839f8-6238-4cb8-abe7-209fa804ff8d,4853fcb2-9ec6-485e-a0f5-d3942060e8bd,Z0037XDV,2026-08-20T00:00:00Z,admin,2026-08-20T00:00:00Z,admin
d175e7b6-eea1-4f0e-9aea-b36806ad9798,4853fcb2-9ec6-485e-a0f5-d3942060e8bd,Z0030F0C,2026-08-20T00:00:00Z,admin,2026-08-20T00:00:00Z,admin
5bb72ddc-ed3c-4036-8aec-9aac489a621d,4853fcb2-9ec6-485e-a0f5-d3942060e8bd,Z0049ETY,2026-08-20T00:00:00Z,admin,2026-08-20T00:00:00Z,admin
2bdbc26a-dc7e-4c67-b419-18788abd28ad,4853fcb2-9ec6-485e-a0f5-d3942060e8bd,Z00531ED,2026-08-20T00:00:00Z,admin,2026-08-20T00:00:00Z,admin
94c926fc-51ef-4f97-877f-a85bb6c1849d,4853fcb2-9ec6-485e-a0f5-d3942060e8bd,Z00578UN,2026-08-20T00:00:00Z,admin,2026-08-20T00:00:00Z,admin
7623a7fa-8e34-4e24-85d8-43bc251d300c,4853fcb2-9ec6-485e-a0f5-d3942060e8bd,Z0022MPU,2026-08-20T00:00:00Z,admin,2026-08-20T00:00:00Z,admin
17cf29de-6bc9-4289-b294-4f9815d849b9,4853fcb2-9ec6-485e-a0f5-d3942060e8bd,Z00360RB,2026-08-20T00:00:00Z,admin,2026-08-20T00:00:00Z,admin
7d2687f9-1a07-497a-99d4-7ed17ad4f7ed,4853fcb2-9ec6-485e-a0f5-d3942060e8bd,Z00580YJ,2026-08-20T00:00:00Z,admin,2026-08-20T00:00:00Z,admin
42c6f49f-dc49-4f01-81bf-1ee8de35ab26,4853fcb2-9ec6-485e-a0f5-d3942060e8bd,Z004XVAB,2026-08-20T00:00:00Z,admin,2026-08-20T00:00:00Z,admin
32afd88a-5f69-4f3b-ba5b-5d5b817f5d12,4853fcb2-9ec6-485e-a0f5-d3942060e8bd,Z00503ZF,2026-08-20T00:00:00Z,admin,2026-08-20T00:00:00Z,admin
7c1db5a9-3217-4bf3-b263-754788d446f9,4853fcb2-9ec6-485e-a0f5-d3942060e8bd,Z0053X3Z,2026-08-20T00:00:00Z,admin,2026-08-20T00:00:00Z,admin
33f61e74-65d8-46fc-9ef0-0d61d118005b,4853fcb2-9ec6-485e-a0f5-d3942060e8bd,Z004Z8HY,2026-08-20T00:00:00Z,admin,2026-08-20T00:00:00Z,admin
3b8c1a25-ff27-47e1-b71d-376c41ffc207,4853fcb2-9ec6-485e-a0f5-d3942060e8bd,Z00366PH,2026-08-20T00:00:00Z,admin,2026-08-20T00:00:00Z,admin
eebcdb36-6f9f-4756-9148-03c389071e1e,4853fcb2-9ec6-485e-a0f5-d3942060e8bd,Z002M9XR,2026-08-20T00:00:00Z,admin,2026-08-20T00:00:00Z,admin
d992c712-053a-44fc-b2c3-44314a26ad32,4853fcb2-9ec6-485e-a0f5-d3942060e8bd,Z0059DWT,2026-08-20T00:00:00Z,admin,2026-08-20T00:00:00Z,admin
bc78012b-b88d-46d3-b7a5-b843b7945596,4853fcb2-9ec6-485e-a0f5-d3942060e8bd,Z005989N,2026-08-20T00:00:00Z,admin,2026-08-20T00:00:00Z,admin
43d5c95d-f97e-4e24-a00c-62a05103f8f4,4853fcb2-9ec6-485e-a0f5-d3942060e8bd,Z0059DYC,2026-08-20T00:00:00Z,admin,2026-08-20T00:00:00Z,admin
888a758d-b59a-4cc0-92e0-1f1ffddc2b98,4853fcb2-9ec6-485e-a0f5-d3942060e8bd,Z0047WTV,2026-08-20T00:00:00Z,admin,2026-08-20T00:00:00Z,admin
f7b465f2-a63d-438e-8fc1-a401f24675ad,a024bcf3-b90a-4263-8f17-3a5280e40a97,Z004TAMU,2026-08-20T00:00:00Z,admin,2026-08-20T00:00:00Z,admin
4e16478d-203a-40ad-b182-65a2eaa169b8,a024bcf3-b90a-4263-8f17-3a5280e40a97,Z00531DY,2026-08-20T00:00:00Z,admin,2026-08-20T00:00:00Z,admin
805b4c97-0297-419f-8a13-92b927d58a5a,a024bcf3-b90a-4263-8f17-3a5280e40a97,Z004XVAC,2026-08-20T00:00:00Z,admin,2026-08-20T00:00:00Z,admin
bc1bd858-30d5-45de-a1a6-d587ef85fae9,a024bcf3-b90a-4263-8f17-3a5280e40a97,Z0052TYP,2026-08-20T00:00:00Z,admin,2026-08-20T00:00:00Z,admin
a779b1da-0de4-48de-9aea-0de9ec23510a,a024bcf3-b90a-4263-8f17-3a5280e40a97,Z002Z66N,2026-08-20T00:00:00Z,admin,2026-08-20T00:00:00Z,admin
2ff39dc0-c075-4483-9ced-6d565aedfc66,a024bcf3-b90a-4263-8f17-3a5280e40a97,Z004YK1R,2026-08-20T00:00:00Z,admin,2026-08-20T00:00:00Z,admin
777a9bac-c747-49af-bd7a-74e0fe991d99,a024bcf3-b90a-4263-8f17-3a5280e40a97,Z004Z7ZE,2026-08-20T00:00:00Z,admin,2026-08-20T00:00:00Z,admin
2d38a8cb-f841-4abc-b1e2-1d15a98e9589,a024bcf3-b90a-4263-8f17-3a5280e40a97,Z0054KNE,2026-08-20T00:00:00Z,admin,2026-08-20T00:00:00Z,admin
cd3f51a2-4a2b-4ea3-a819-66354203779f,a024bcf3-b90a-4263-8f17-3a5280e40a97,Z0028XMJ,2026-08-20T00:00:00Z,admin,2026-08-20T00:00:00Z,admin
010ccb4c-e2f9-4497-bf71-dcce15fbabf7,a024bcf3-b90a-4263-8f17-3a5280e40a97,Z004FUJT,2026-08-20T00:00:00Z,admin,2026-08-20T00:00:00Z,admin
48ef010a-006a-4407-9b01-cd311e6f42a5,a024bcf3-b90a-4263-8f17-3a5280e40a97,Z001WYDU,2026-08-20T00:00:00Z,admin,2026-08-20T00:00:00Z,admin
92bffa8a-78cb-45f9-9300-c3a1ceba8af2,a024bcf3-b90a-4263-8f17-3a5280e40a97,Z0014WKT,2026-08-20T00:00:00Z,admin,2026-08-20T00:00:00Z,admin
51cc41b1-e6d3-491f-84dd-9ee9968f8c09,a024bcf3-b90a-4263-8f17-3a5280e40a97,Z0039MYX,2026-08-20T00:00:00Z,admin,2026-08-20T00:00:00Z,admin
f63bc6cc-0cb4-4daa-8924-eb4ec03ebc2b,a024bcf3-b90a-4263-8f17-3a5280e40a97,Z0051EJU,2026-08-20T00:00:00Z,admin,2026-08-20T00:00:00Z,admin
edd07f9a-ea40-40d4-937f-3766cf9edd8d,a024bcf3-b90a-4263-8f17-3a5280e40a97,Z003RN6R,2026-08-20T00:00:00Z,admin,2026-08-20T00:00:00Z,admin
3e11d2ff-20b9-43cc-ad8e-ad28f5546c11,a024bcf3-b90a-4263-8f17-3a5280e40a97,Z0046D7W,2026-08-20T00:00:00Z,admin,2026-08-20T00:00:00Z,admin
523b5728-7611-46c3-88ff-6e8544f734ea,a024bcf3-b90a-4263-8f17-3a5280e40a97,Z000268E,2026-08-20T00:00:00Z,admin,2026-08-20T00:00:00Z,admin
977d48e4-6841-453f-95ca-e16b1c873373,a024bcf3-b90a-4263-8f17-3a5280e40a97,Z002JB9N,2026-08-20T00:00:00Z,admin,2026-08-20T00:00:00Z,admin
18be61a3-36af-4c51-806d-5b5dc36d62f1,a024bcf3-b90a-4263-8f17-3a5280e40a97,Z002ZJEH,2026-08-20T00:00:00Z,admin,2026-08-20T00:00:00Z,admin
24b2f044-4ff5-4101-b8fc-ba4f3ccd75db,a024bcf3-b90a-4263-8f17-3a5280e40a97,Z0033TXK,2026-08-20T00:00:00Z,admin,2026-08-20T00:00:00Z,admin
0c43c481-f06d-4bab-b68b-ab8405336e8a,a024bcf3-b90a-4263-8f17-3a5280e40a97,Z0037XDV,2026-08-20T00:00:00Z,admin,2026-08-20T00:00:00Z,admin
50a993ce-2bec-4b5f-aafd-880dc119c5d4,a024bcf3-b90a-4263-8f17-3a5280e40a97,Z0030F0C,2026-08-20T00:00:00Z,admin,2026-08-20T00:00:00Z,admin
83d047d2-75c4-4b78-abf8-a86c718b5741,a024bcf3-b90a-4263-8f17-3a5280e40a97,Z0049ETY,2026-08-20T00:00:00Z,admin,2026-08-20T00:00:00Z,admin
3bbf9462-f10b-40bd-b379-44b35d87e442,a024bcf3-b90a-4263-8f17-3a5280e40a97,Z00531ED,2026-08-20T00:00:00Z,admin,2026-08-20T00:00:00Z,admin
85ebac7f-b8c0-4490-b3b0-211f6bc649cc,a024bcf3-b90a-4263-8f17-3a5280e40a97,Z00578UN,2026-08-20T00:00:00Z,admin,2026-08-20T00:00:00Z,admin
7ad23239-4444-48d2-9c74-48018c69afed,a024bcf3-b90a-4263-8f17-3a5280e40a97,Z0022MPU,2026-08-20T00:00:00Z,admin,2026-08-20T00:00:00Z,admin
b245d884-3930-410e-ab19-6bb17e19e69a,a024bcf3-b90a-4263-8f17-3a5280e40a97,Z00360RB,2026-08-20T00:00:00Z,admin,2026-08-20T00:00:00Z,admin
c5cdcb01-bace-4185-b01a-22339e1479af,a024bcf3-b90a-4263-8f17-3a5280e40a97,Z00580YJ,2026-08-20T00:00:00Z,admin,2026-08-20T00:00:00Z,admin
8f81d9d1-6f59-4c7f-ba19-949987afefaa,a024bcf3-b90a-4263-8f17-3a5280e40a97,Z004XVAB,2026-08-20T00:00:00Z,admin,2026-08-20T00:00:00Z,admin
4bb18291-e06a-482c-9f8e-52c9996a51d7,a024bcf3-b90a-4263-8f17-3a5280e40a97,Z00503ZF,2026-08-20T00:00:00Z,admin,2026-08-20T00:00:00Z,admin
43a719e7-c385-4143-8b12-e0bb8c4e4fea,a024bcf3-b90a-4263-8f17-3a5280e40a97,Z0053X3Z,2026-08-20T00:00:00Z,admin,2026-08-20T00:00:00Z,admin
d818ab01-5800-44bd-b10c-a160a31017a0,a024bcf3-b90a-4263-8f17-3a5280e40a97,Z004Z8HY,2026-08-20T00:00:00Z,admin,2026-08-20T00:00:00Z,admin
8363e32d-d71b-49de-9a83-31d0e96ffcee,a024bcf3-b90a-4263-8f17-3a5280e40a97,Z00366PH,2026-08-20T00:00:00Z,admin,2026-08-20T00:00:00Z,admin
1ef41d65-35bd-4556-b30f-458ec68109b1,a024bcf3-b90a-4263-8f17-3a5280e40a97,Z002M9XR,2026-08-20T00:00:00Z,admin,2026-08-20T00:00:00Z,admin
71b9e774-d256-4fc7-b552-592635a65cc6,a024bcf3-b90a-4263-8f17-3a5280e40a97,Z0059DWT,2026-08-20T00:00:00Z,admin,2026-08-20T00:00:00Z,admin
71dffec2-baa8-44a0-a39e-fa6e2d28368f,a024bcf3-b90a-4263-8f17-3a5280e40a97,Z005989N,2026-08-20T00:00:00Z,admin,2026-08-20T00:00:00Z,admin
06f2308b-0427-4f38-8327-b94ad2598f2d,a024bcf3-b90a-4263-8f17-3a5280e40a97,Z0059DYC,2026-08-20T00:00:00Z,admin,2026-08-20T00:00:00Z,admin
0694f3f1-3835-412a-b6a6-4b6f10cda86d,a024bcf3-b90a-4263-8f17-3a5280e40a97,Z0047WTV,2026-08-20T00:00:00Z,admin,2026-08-20T00:00:00Z,admin
c0d63e19-7686-4428-9f12-02494f690bcd,a024bcf3-b90a-4263-8f17-3a5280e40a97,Z0041UVN,2026-08-20T00:00:00Z,admin,2026-08-20T00:00:00Z,admin
f595ca00-2e11-448f-8c77-2357c3c6b152,a024bcf3-b90a-4263-8f17-3a5280e40a97,Z004E9UK,2026-08-20T00:00:00Z,admin,2026-08-20T00:00:00Z,admin
127695ea-7945-4fab-bd51-b6e17919ad3e,a024bcf3-b90a-4263-8f17-3a5280e40a97,Z004NM6Y,2026-08-20T00:00:00Z,admin,2026-08-20T00:00:00Z,admin
99ba4028-38dd-45f9-8e66-2c4787975ba4,c00b1a89-3135-4ebf-9050-d9fffc5166fd,Z004TAMU,2026-08-20T00:00:00Z,admin,2026-08-20T00:00:00Z,admin
e45a22d3-2f2e-4e82-8969-89ad0c136b21,c00b1a89-3135-4ebf-9050-d9fffc5166fd,Z00531DY,2026-08-20T00:00:00Z,admin,2026-08-20T00:00:00Z,admin
a8ba06da-0cb7-48c9-bc96-e9fc9d53c405,c00b1a89-3135-4ebf-9050-d9fffc5166fd,Z004XVAC,2026-08-20T00:00:00Z,admin,2026-08-20T00:00:00Z,admin
de29a0db-285f-4d4f-be96-f9ac057fb3c7,c00b1a89-3135-4ebf-9050-d9fffc5166fd,Z0052TYP,2026-08-20T00:00:00Z,admin,2026-08-20T00:00:00Z,admin
e581b1f9-2470-43c7-9897-c044eeaf2aad,c00b1a89-3135-4ebf-9050-d9fffc5166fd,Z002Z66N,2026-08-20T00:00:00Z,admin,2026-08-20T00:00:00Z,admin
35dbc61d-c888-48e4-8275-aceafe84af4a,c00b1a89-3135-4ebf-9050-d9fffc5166fd,Z004YK1R,2026-08-20T00:00:00Z,admin,2026-08-20T00:00:00Z,admin
13456861-f3b9-4af0-b90c-a9dd13ff4ed9,c00b1a89-3135-4ebf-9050-d9fffc5166fd,Z004Z7ZE,2026-08-20T00:00:00Z,admin,2026-08-20T00:00:00Z,admin
9d96210b-f87f-4f82-a817-91c15e4597fd,c00b1a89-3135-4ebf-9050-d9fffc5166fd,Z0054KNE,2026-08-20T00:00:00Z,admin,2026-08-20T00:00:00Z,admin
9b7f7ac4-4b19-44cb-aef7-baaa088003b4,c00b1a89-3135-4ebf-9050-d9fffc5166fd,Z0028XMJ,2026-08-20T00:00:00Z,admin,2026-08-20T00:00:00Z,admin
c1aa8697-b617-44a3-ad4e-2c3931fb2dab,c00b1a89-3135-4ebf-9050-d9fffc5166fd,Z004FUJT,2026-08-20T00:00:00Z,admin,2026-08-20T00:00:00Z,admin
8b445c79-1c01-4573-b0ec-b9742f911a06,c00b1a89-3135-4ebf-9050-d9fffc5166fd,Z001WYDU,2026-08-20T00:00:00Z,admin,2026-08-20T00:00:00Z,admin
64f4d79a-b51a-458c-bc8c-66ea7524637e,c00b1a89-3135-4ebf-9050-d9fffc5166fd,Z0014WKT,2026-08-20T00:00:00Z,admin,2026-08-20T00:00:00Z,admin
ed84e380-9e69-4dc9-8ead-e0c2c08cc57b,c00b1a89-3135-4ebf-9050-d9fffc5166fd,Z0039MYX,2026-08-20T00:00:00Z,admin,2026-08-20T00:00:00Z,admin
a534ec05-8304-4828-b3b3-9cbee2296313,c00b1a89-3135-4ebf-9050-d9fffc5166fd,Z0051EJU,2026-08-20T00:00:00Z,admin,2026-08-20T00:00:00Z,admin
3a9fd43e-a177-449b-809c-c8cd1446650a,c00b1a89-3135-4ebf-9050-d9fffc5166fd,Z003RN6R,2026-08-20T00:00:00Z,admin,2026-08-20T00:00:00Z,admin
c7bee4ee-3288-4200-92f7-75630edf6e06,c00b1a89-3135-4ebf-9050-d9fffc5166fd,Z0046D7W,2026-08-20T00:00:00Z,admin,2026-08-20T00:00:00Z,admin
73a12974-6d57-4dfc-b7f0-b231792f7515,c00b1a89-3135-4ebf-9050-d9fffc5166fd,Z000268E,2026-08-20T00:00:00Z,admin,2026-08-20T00:00:00Z,admin
4e96973e-c76f-43dc-ac16-124f523c9649,c00b1a89-3135-4ebf-9050-d9fffc5166fd,Z002JB9N,2026-08-20T00:00:00Z,admin,2026-08-20T00:00:00Z,admin
4963017c-a360-4a53-9815-3a1c120c76cc,c00b1a89-3135-4ebf-9050-d9fffc5166fd,Z002ZJEH,2026-08-20T00:00:00Z,admin,2026-08-20T00:00:00Z,admin
928bb9c6-6181-4711-9487-fea331d816eb,c00b1a89-3135-4ebf-9050-d9fffc5166fd,Z0033TXK,2026-08-20T00:00:00Z,admin,2026-08-20T00:00:00Z,admin
688f8f2d-c299-4c93-a82e-8da6c134cb27,c00b1a89-3135-4ebf-9050-d9fffc5166fd,Z0037XDV,2026-08-20T00:00:00Z,admin,2026-08-20T00:00:00Z,admin
72ad45ea-b7a3-4308-ba1d-fffba6cf6855,c00b1a89-3135-4ebf-9050-d9fffc5166fd,Z0030F0C,2026-08-20T00:00:00Z,admin,2026-08-20T00:00:00Z,admin
c1a42ab0-ffad-451f-a7cd-443fe5404282,c00b1a89-3135-4ebf-9050-d9fffc5166fd,Z0049ETY,2026-08-20T00:00:00Z,admin,2026-08-20T00:00:00Z,admin
27a2fc54-f620-4787-b8de-7bb556d5a362,c00b1a89-3135-4ebf-9050-d9fffc5166fd,Z00531ED,2026-08-20T00:00:00Z,admin,2026-08-20T00:00:00Z,admin
c2eded19-a9d5-4be2-8fde-1fd407186f3c,c00b1a89-3135-4ebf-9050-d9fffc5166fd,Z00578UN,2026-08-20T00:00:00Z,admin,2026-08-20T00:00:00Z,admin
82bd7dca-18fb-430e-8590-f4ecfc6a3dd2,c00b1a89-3135-4ebf-9050-d9fffc5166fd,Z0022MPU,2026-08-20T00:00:00Z,admin,2026-08-20T00:00:00Z,admin
87f81b65-7d85-410f-897e-eaef253b9166,c00b1a89-3135-4ebf-9050-d9fffc5166fd,Z00360RB,2026-08-20T00:00:00Z,admin,2026-08-20T00:00:00Z,admin
684f60a9-f10d-4a31-8b46-9587434544a2,c00b1a89-3135-4ebf-9050-d9fffc5166fd,Z00580YJ,2026-08-20T00:00:00Z,admin,2026-08-20T00:00:00Z,admin
3e908228-9542-49c5-95f5-cd4a7637cfe7,c00b1a89-3135-4ebf-9050-d9fffc5166fd,Z004XVAB,2026-08-20T00:00:00Z,admin,2026-08-20T00:00:00Z,admin
a9be89e9-d21a-4364-9866-1e9f2663ae05,c00b1a89-3135-4ebf-9050-d9fffc5166fd,Z00503ZF,2026-08-20T00:00:00Z,admin,2026-08-20T00:00:00Z,admin
10562526-f33f-4c92-b801-f4e8cbd75ed6,c00b1a89-3135-4ebf-9050-d9fffc5166fd,Z0053X3Z,2026-08-20T00:00:00Z,admin,2026-08-20T00:00:00Z,admin
7df27b6b-73e7-490c-bd5d-c0fbc8040b51,c00b1a89-3135-4ebf-9050-d9fffc5166fd,Z004Z8HY,2026-08-20T00:00:00Z,admin,2026-08-20T00:00:00Z,admin
2b49250c-7729-4487-a5dd-57cd581351d3,c00b1a89-3135-4ebf-9050-d9fffc5166fd,Z00366PH,2026-08-20T00:00:00Z,admin,2026-08-20T00:00:00Z,admin
d1df090a-f2bd-4f33-88c6-fa4ee2c18252,c00b1a89-3135-4ebf-9050-d9fffc5166fd,Z002M9XR,2026-08-20T00:00:00Z,admin,2026-08-20T00:00:00Z,admin
a115813d-774f-4399-9507-3d3691300202,c00b1a89-3135-4ebf-9050-d9fffc5166fd,Z0059DWT,2026-08-20T00:00:00Z,admin,2026-08-20T00:00:00Z,admin
58889d14-4271-45e3-8d8e-008efb79891d,c00b1a89-3135-4ebf-9050-d9fffc5166fd,Z005989N,2026-08-20T00:00:00Z,admin,2026-08-20T00:00:00Z,admin
aaaff013-e8cf-417b-83dc-4dcaa443c565,c00b1a89-3135-4ebf-9050-d9fffc5166fd,Z0059DYC,2026-08-20T00:00:00Z,admin,2026-08-20T00:00:00Z,admin
dd294c80-51ab-472d-91a5-2640d3fcf9d0,c00b1a89-3135-4ebf-9050-d9fffc5166fd,Z0047WTV,2026-08-20T00:00:00Z,admin,2026-08-20T00:00:00Z,admin
12821ebf-387b-45f1-9f44-89fa73ce2570,c00b1a89-3135-4ebf-9050-d9fffc5166fd,Z0041UVN,2026-08-20T00:00:00Z,admin,2026-08-20T00:00:00Z,admin
f21b735c-05af-4ccb-9a13-4a13c727375f,c00b1a89-3135-4ebf-9050-d9fffc5166fd,Z004E9UK,2026-08-20T00:00:00Z,admin,2026-08-20T00:00:00Z,admin
e48d5fb7-afbe-4849-b066-5c5370705cd5,c00b1a89-3135-4ebf-9050-d9fffc5166fd,Z004NM6Y,2026-08-20T00:00:00Z,admin,2026-08-20T00:00:00Z,admin
c6efc7a2-1cd8-47a8-8f1f-f4c59a019830,c9bbe46b-558e-48b7-8c69-d3492588659e,Z004TAMU,2026-08-20T00:00:00Z,admin,2026-08-20T00:00:00Z,admin
e0e880c3-0011-4071-ab5b-c5fb58d5c3c6,c9bbe46b-558e-48b7-8c69-d3492588659e,Z00531DY,2026-08-20T00:00:00Z,admin,2026-08-20T00:00:00Z,admin
ca8c8b7b-8470-453e-9c7c-534784fb5e78,c9bbe46b-558e-48b7-8c69-d3492588659e,Z004XVAC,2026-08-20T00:00:00Z,admin,2026-08-20T00:00:00Z,admin
640e3936-db34-40a8-a666-444bd6970c70,c9bbe46b-558e-48b7-8c69-d3492588659e,Z0052TYP,2026-08-20T00:00:00Z,admin,2026-08-20T00:00:00Z,admin
e4861a02-f049-4870-987c-2a5310461826,c9bbe46b-558e-48b7-8c69-d3492588659e,Z002Z66N,2026-08-20T00:00:00Z,admin,2026-08-20T00:00:00Z,admin
6187f0fe-9cdc-4ac9-ac76-ffb8f154193d,c9bbe46b-558e-48b7-8c69-d3492588659e,Z004YK1R,2026-08-20T00:00:00Z,admin,2026-08-20T00:00:00Z,admin
f09186d3-723e-42f6-8671-2c8fbf771b11,c9bbe46b-558e-48b7-8c69-d3492588659e,Z004Z7ZE,2026-08-20T00:00:00Z,admin,2026-08-20T00:00:00Z,admin
555ac931-45ec-4cd4-8dd4-fea366d99cf8,c9bbe46b-558e-48b7-8c69-d3492588659e,Z0054KNE,2026-08-20T00:00:00Z,admin,2026-08-20T00:00:00Z,admin
26d55043-ce41-4efe-9861-ffccaaf429eb,c9bbe46b-558e-48b7-8c69-d3492588659e,Z0028XMJ,2026-08-20T00:00:00Z,admin,2026-08-20T00:00:00Z,admin
e2418892-a8d4-408e-8fa7-dbde0ef6f8dd,c9bbe46b-558e-48b7-8c69-d3492588659e,Z004FUJT,2026-08-20T00:00:00Z,admin,2026-08-20T00:00:00Z,admin
7dfc861a-6a8b-4912-9d94-e6425583589e,c9bbe46b-558e-48b7-8c69-d3492588659e,Z001WYDU,2026-08-20T00:00:00Z,admin,2026-08-20T00:00:00Z,admin
84a1d63c-e572-40b5-9fe2-4dca717ba1a0,c9bbe46b-558e-48b7-8c69-d3492588659e,Z0014WKT,2026-08-20T00:00:00Z,admin,2026-08-20T00:00:00Z,admin
76c642b5-da43-447b-8d98-b67e732c7a1e,c9bbe46b-558e-48b7-8c69-d3492588659e,Z0039MYX,2026-08-20T00:00:00Z,admin,2026-08-20T00:00:00Z,admin
8d6a0e98-25e9-4959-9ccd-51bcf3455a8c,c9bbe46b-558e-48b7-8c69-d3492588659e,Z0051EJU,2026-08-20T00:00:00Z,admin,2026-08-20T00:00:00Z,admin
a68f197d-b205-4030-a3c3-d5a9f8bfbc69,c9bbe46b-558e-48b7-8c69-d3492588659e,Z003RN6R,2026-08-20T00:00:00Z,admin,2026-08-20T00:00:00Z,admin
7706c1fe-aa7d-45eb-917e-cdcb6468fa68,c9bbe46b-558e-48b7-8c69-d3492588659e,Z0046D7W,2026-08-20T00:00:00Z,admin,2026-08-20T00:00:00Z,admin
39afb703-1b72-4b61-8df5-c21adbdfc250,c9bbe46b-558e-48b7-8c69-d3492588659e,Z000268E,2026-08-20T00:00:00Z,admin,2026-08-20T00:00:00Z,admin
b2b6488e-b000-4a6f-83ec-bca5f7d8aa96,c9bbe46b-558e-48b7-8c69-d3492588659e,Z002JB9N,2026-08-20T00:00:00Z,admin,2026-08-20T00:00:00Z,admin
56028a67-c505-4d01-8d92-9d8c367659bb,c9bbe46b-558e-48b7-8c69-d3492588659e,Z002ZJEH,2026-08-20T00:00:00Z,admin,2026-08-20T00:00:00Z,admin
70fb0665-664c-4556-9fda-ae9a126c147a,c9bbe46b-558e-48b7-8c69-d3492588659e,Z0033TXK,2026-08-20T00:00:00Z,admin,2026-08-20T00:00:00Z,admin
00678ac6-6e20-476b-8558-52d58896a738,c9bbe46b-558e-48b7-8c69-d3492588659e,Z0037XDV,2026-08-20T00:00:00Z,admin,2026-08-20T00:00:00Z,admin
f8b05fa1-d026-4116-b682-99d14a857946,c9bbe46b-558e-48b7-8c69-d3492588659e,Z0030F0C,2026-08-20T00:00:00Z,admin,2026-08-20T00:00:00Z,admin
9e186f6d-adb7-4f01-bb6e-77b6ccc45d0a,c9bbe46b-558e-48b7-8c69-d3492588659e,Z0049ETY,2026-08-20T00:00:00Z,admin,2026-08-20T00:00:00Z,admin
a8c1a8d2-ab7e-45d0-9dae-eea85c24fbaa,c9bbe46b-558e-48b7-8c69-d3492588659e,Z00531ED,2026-08-20T00:00:00Z,admin,2026-08-20T00:00:00Z,admin
843e68c3-8296-46b5-8a13-0cd1034c2de6,c9bbe46b-558e-48b7-8c69-d3492588659e,Z00578UN,2026-08-20T00:00:00Z,admin,2026-08-20T00:00:00Z,admin
f6042b11-dacf-4f66-a333-f807dfa61cbd,c9bbe46b-558e-48b7-8c69-d3492588659e,Z0022MPU,2026-08-20T00:00:00Z,admin,2026-08-20T00:00:00Z,admin
34562a73-6a80-44de-9cc6-51a6c6a6d4da,c9bbe46b-558e-48b7-8c69-d3492588659e,Z00360RB,2026-08-20T00:00:00Z,admin,2026-08-20T00:00:00Z,admin
04dd5c40-80e1-455d-9c5f-002812c9aead,c9bbe46b-558e-48b7-8c69-d3492588659e,Z00580YJ,2026-08-20T00:00:00Z,admin,2026-08-20T00:00:00Z,admin
9b87f532-c498-4655-a7e7-471cb0e15975,c9bbe46b-558e-48b7-8c69-d3492588659e,Z004XVAB,2026-08-20T00:00:00Z,admin,2026-08-20T00:00:00Z,admin
cab020ba-8010-4031-af84-a7456253aa7b,c9bbe46b-558e-48b7-8c69-d3492588659e,Z00503ZF,2026-08-20T00:00:00Z,admin,2026-08-20T00:00:00Z,admin
5eeb4ebc-1b13-4e7c-a477-8a6c49d8311d,c9bbe46b-558e-48b7-8c69-d3492588659e,Z0053X3Z,2026-08-20T00:00:00Z,admin,2026-08-20T00:00:00Z,admin
32ea6c15-e557-4792-ac9a-ad0425c786a6,c9bbe46b-558e-48b7-8c69-d3492588659e,Z004Z8HY,2026-08-20T00:00:00Z,admin,2026-08-20T00:00:00Z,admin
952bb29d-83f5-4058-b82f-87c363ec85aa,c9bbe46b-558e-48b7-8c69-d3492588659e,Z00366PH,2026-08-20T00:00:00Z,admin,2026-08-20T00:00:00Z,admin
19454c71-b65c-4a77-9353-c002f4c4851e,c9bbe46b-558e-48b7-8c69-d3492588659e,Z002M9XR,2026-08-20T00:00:00Z,admin,2026-08-20T00:00:00Z,admin
95d34da4-123a-4c60-9187-2ffd382d07ea,c9bbe46b-558e-48b7-8c69-d3492588659e,Z0059DWT,2026-08-20T00:00:00Z,admin,2026-08-20T00:00:00Z,admin
a32622a5-88d0-41c2-8a34-ecd40771e488,c9bbe46b-558e-48b7-8c69-d3492588659e,Z005989N,2026-08-20T00:00:00Z,admin,2026-08-20T00:00:00Z,admin
85e036f1-1248-4009-9d4c-487a95f1511c,c9bbe46b-558e-48b7-8c69-d3492588659e,Z0059DYC,2026-08-20T00:00:00Z,admin,2026-08-20T00:00:00Z,admin
80a8c63e-a9e7-4906-b3af-d227a27c26b3,c9bbe46b-558e-48b7-8c69-d3492588659e,Z0047WTV,2026-08-20T00:00:00Z,admin,2026-08-20T00:00:00Z,admin
5886bbe0-4fc6-48b9-8e56-85b79bf12643,11b439c7-0c0a-4332-8f0c-849687950e62,Z004TAMU,2026-08-20T00:00:00Z,admin,2026-08-20T00:00:00Z,admin
87b2b671-37b2-44fc-8f1b-3576301c6145,11b439c7-0c0a-4332-8f0c-849687950e62,Z00531DY,2026-08-20T00:00:00Z,admin,2026-08-20T00:00:00Z,admin
e2058b28-4858-4280-ae63-5fbc76009418,11b439c7-0c0a-4332-8f0c-849687950e62,Z004XVAC,2026-08-20T00:00:00Z,admin,2026-08-20T00:00:00Z,admin
e8d934be-456a-4900-be83-21ead5764584,11b439c7-0c0a-4332-8f0c-849687950e62,Z0052TYP,2026-08-20T00:00:00Z,admin,2026-08-20T00:00:00Z,admin
db5d7e57-9667-4dd8-a0f3-3037bec0b871,11b439c7-0c0a-4332-8f0c-849687950e62,Z002Z66N,2026-08-20T00:00:00Z,admin,2026-08-20T00:00:00Z,admin
2b293ddd-3610-475d-9c97-c50740b27fe6,11b439c7-0c0a-4332-8f0c-849687950e62,Z004YK1R,2026-08-20T00:00:00Z,admin,2026-08-20T00:00:00Z,admin
997fd54b-e2c2-4ea7-a8f4-1fb1a5dfe32e,11b439c7-0c0a-4332-8f0c-849687950e62,Z004Z7ZE,2026-08-20T00:00:00Z,admin,2026-08-20T00:00:00Z,admin
0ac940d2-d271-474f-b779-3aa8892b6fef,11b439c7-0c0a-4332-8f0c-849687950e62,Z0054KNE,2026-08-20T00:00:00Z,admin,2026-08-20T00:00:00Z,admin
61b8d07b-2025-4f2b-bbcf-733c6cb74f9b,11b439c7-0c0a-4332-8f0c-849687950e62,Z0028XMJ,2026-08-20T00:00:00Z,admin,2026-08-20T00:00:00Z,admin
7891fcbd-8873-44d8-80a6-938385aeb8f0,11b439c7-0c0a-4332-8f0c-849687950e62,Z004FUJT,2026-08-20T00:00:00Z,admin,2026-08-20T00:00:00Z,admin
ae082cf5-8352-429f-8e1b-1f966626a751,11b439c7-0c0a-4332-8f0c-849687950e62,Z001WYDU,2026-08-20T00:00:00Z,admin,2026-08-20T00:00:00Z,admin
2335cb9a-4346-4c86-926f-e331bcc478db,11b439c7-0c0a-4332-8f0c-849687950e62,Z0014WKT,2026-08-20T00:00:00Z,admin,2026-08-20T00:00:00Z,admin
d3c968ab-d064-4d0c-9f68-45981888da42,11b439c7-0c0a-4332-8f0c-849687950e62,Z0039MYX,2026-08-20T00:00:00Z,admin,2026-08-20T00:00:00Z,admin
a32e0dc3-f09a-4ea5-b551-649c5531d197,11b439c7-0c0a-4332-8f0c-849687950e62,Z0051EJU,2026-08-20T00:00:00Z,admin,2026-08-20T00:00:00Z,admin
a171986f-fa01-409d-b796-6e78ce09f222,11b439c7-0c0a-4332-8f0c-849687950e62,Z003RN6R,2026-08-20T00:00:00Z,admin,2026-08-20T00:00:00Z,admin
a5768516-bcff-4c5d-a628-c03071ccad18,11b439c7-0c0a-4332-8f0c-849687950e62,Z0046D7W,2026-08-20T00:00:00Z,admin,2026-08-20T00:00:00Z,admin
c7cd6458-a21c-4327-b261-a5c4a1be9259,11b439c7-0c0a-4332-8f0c-849687950e62,Z000268E,2026-08-20T00:00:00Z,admin,2026-08-20T00:00:00Z,admin
275f8d11-df74-4247-b16f-3c138e8a453b,11b439c7-0c0a-4332-8f0c-849687950e62,Z002JB9N,2026-08-20T00:00:00Z,admin,2026-08-20T00:00:00Z,admin
133108cc-b4c8-4cfe-b2b5-a1f56d463adb,11b439c7-0c0a-4332-8f0c-849687950e62,Z002ZJEH,2026-08-20T00:00:00Z,admin,2026-08-20T00:00:00Z,admin
8d0900ce-a89b-43b1-a016-7cd142eafdbc,11b439c7-0c0a-4332-8f0c-849687950e62,Z0033TXK,2026-08-20T00:00:00Z,admin,2026-08-20T00:00:00Z,admin
64e04ad2-07fb-415e-a96b-149bd4967776,11b439c7-0c0a-4332-8f0c-849687950e62,Z0037XDV,2026-08-20T00:00:00Z,admin,2026-08-20T00:00:00Z,admin
3d44a211-759a-4bd3-b8a6-60795bf7c663,11b439c7-0c0a-4332-8f0c-849687950e62,Z0030F0C,2026-08-20T00:00:00Z,admin,2026-08-20T00:00:00Z,admin
b7bab0fa-c105-4b50-bd82-f94eb01f3f47,11b439c7-0c0a-4332-8f0c-849687950e62,Z0049ETY,2026-08-20T00:00:00Z,admin,2026-08-20T00:00:00Z,admin
2530d827-c6d9-40df-b785-9938c585d8f0,11b439c7-0c0a-4332-8f0c-849687950e62,Z00531ED,2026-08-20T00:00:00Z,admin,2026-08-20T00:00:00Z,admin
71f6884d-0dc6-4c97-8820-87b4280be27f,11b439c7-0c0a-4332-8f0c-849687950e62,Z00578UN,2026-08-20T00:00:00Z,admin,2026-08-20T00:00:00Z,admin
16c66e87-2242-43d8-b5ad-9c5251b49cdd,11b439c7-0c0a-4332-8f0c-849687950e62,Z0022MPU,2026-08-20T00:00:00Z,admin,2026-08-20T00:00:00Z,admin
8642641e-479d-49be-bdd6-10c6955d7aeb,11b439c7-0c0a-4332-8f0c-849687950e62,Z00360RB,2026-08-20T00:00:00Z,admin,2026-08-20T00:00:00Z,admin
563a15d0-2002-4cf0-be79-a3c687b43612,11b439c7-0c0a-4332-8f0c-849687950e62,Z00580YJ,2026-08-20T00:00:00Z,admin,2026-08-20T00:00:00Z,admin
63c5b350-2f52-40e7-89ce-0335ec0dbc2f,11b439c7-0c0a-4332-8f0c-849687950e62,Z004XVAB,2026-08-20T00:00:00Z,admin,2026-08-20T00:00:00Z,admin
d1a1f170-4e41-40c1-bf98-dd11af99feaf,11b439c7-0c0a-4332-8f0c-849687950e62,Z00503ZF,2026-08-20T00:00:00Z,admin,2026-08-20T00:00:00Z,admin
6135eaa0-a888-418d-ae92-5640a5bb228e,11b439c7-0c0a-4332-8f0c-849687950e62,Z0053X3Z,2026-08-20T00:00:00Z,admin,2026-08-20T00:00:00Z,admin
bc4b4487-d9c4-4473-9901-e1d3e8a7ebb7,11b439c7-0c0a-4332-8f0c-849687950e62,Z004Z8HY,2026-08-20T00:00:00Z,admin,2026-08-20T00:00:00Z,admin
f88e7e9f-d6d8-4cf3-a526-3ca49595b920,11b439c7-0c0a-4332-8f0c-849687950e62,Z00366PH,2026-08-20T00:00:00Z,admin,2026-08-20T00:00:00Z,admin
aa6a8985-651b-4efa-a9bf-1f6157d02f48,11b439c7-0c0a-4332-8f0c-849687950e62,Z002M9XR,2026-08-20T00:00:00Z,admin,2026-08-20T00:00:00Z,admin
e803ab76-9952-4ca7-90bd-f2e8bdc20ac6,11b439c7-0c0a-4332-8f0c-849687950e62,Z0059DWT,2026-08-20T00:00:00Z,admin,2026-08-20T00:00:00Z,admin
56f508b1-7c26-4cca-8839-64a86af1953b,11b439c7-0c0a-4332-8f0c-849687950e62,Z005989N,2026-08-20T00:00:00Z,admin,2026-08-20T00:00:00Z,admin
7bd7feab-664a-4059-9750-c236c127200b,11b439c7-0c0a-4332-8f0c-849687950e62,Z0059DYC,2026-08-20T00:00:00Z,admin,2026-08-20T00:00:00Z,admin
1c8b58d1-60fe-4b77-b14e-51630acdd85e,11b439c7-0c0a-4332-8f0c-849687950e62,Z0047WTV,2026-08-20T00:00:00Z,admin,2026-08-20T00:00:00Z,admin
a0fd1f19-de2b-4a39-b26f-d62248af8556,11b439c7-0c0a-4332-8f0c-849687950e62,Z0043CUZ,2026-08-20T00:00:00Z,admin,2026-08-20T00:00:00Z,admin
99c83105-0905-4484-b67e-1ded7bf8d5ac,11b439c7-0c0a-4332-8f0c-849687950e62,Z0054BAR,2026-08-20T00:00:00Z,admin,2026-08-20T00:00:00Z,admin
fe4c3cdf-becb-4032-b072-dd7cec5ae396,11b439c7-0c0a-4332-8f0c-849687950e62,Z004E75V,2026-08-20T00:00:00Z,admin,2026-08-20T00:00:00Z,admin
7f1659fb-3b87-444f-984f-dd09a80108c7,75b2a243-a55f-46a0-853d-af642f91fd2a,Z004TAMU,2026-08-20T00:00:00Z,admin,2026-08-20T00:00:00Z,admin
43fad509-4122-4fba-b4ce-d2cbc0d8c9b6,75b2a243-a55f-46a0-853d-af642f91fd2a,Z00531DY,2026-08-20T00:00:00Z,admin,2026-08-20T00:00:00Z,admin
07ed2627-f782-4aca-83d4-6a9c2f01b34b,75b2a243-a55f-46a0-853d-af642f91fd2a,Z004XVAC,2026-08-20T00:00:00Z,admin,2026-08-20T00:00:00Z,admin
8ff191d4-5d7e-49b2-baef-b3f0363b7414,75b2a243-a55f-46a0-853d-af642f91fd2a,Z0052TYP,2026-08-20T00:00:00Z,admin,2026-08-20T00:00:00Z,admin
7c06973b-7d4f-420a-aa71-8573e7cb439e,75b2a243-a55f-46a0-853d-af642f91fd2a,Z002Z66N,2026-08-20T00:00:00Z,admin,2026-08-20T00:00:00Z,admin
5c981367-a082-4f59-a4ac-9a0b72f28fd6,75b2a243-a55f-46a0-853d-af642f91fd2a,Z004YK1R,2026-08-20T00:00:00Z,admin,2026-08-20T00:00:00Z,admin
817ff44d-f3e7-4a4c-9b3b-06c5d75df564,75b2a243-a55f-46a0-853d-af642f91fd2a,Z004Z7ZE,2026-08-20T00:00:00Z,admin,2026-08-20T00:00:00Z,admin
476f5c1b-d95f-4def-b4e9-7535dcc9cdd1,75b2a243-a55f-46a0-853d-af642f91fd2a,Z0054KNE,2026-08-20T00:00:00Z,admin,2026-08-20T00:00:00Z,admin
6e6cf9f2-3162-40db-8aa7-4425e390c1e2,75b2a243-a55f-46a0-853d-af642f91fd2a,Z0028XMJ,2026-08-20T00:00:00Z,admin,2026-08-20T00:00:00Z,admin
fa903b1c-5b83-4453-b037-1bb38b35aaf0,75b2a243-a55f-46a0-853d-af642f91fd2a,Z004FUJT,2026-08-20T00:00:00Z,admin,2026-08-20T00:00:00Z,admin
bdd090d9-ba6c-4448-866a-e934737ed90a,75b2a243-a55f-46a0-853d-af642f91fd2a,Z001WYDU,2026-08-20T00:00:00Z,admin,2026-08-20T00:00:00Z,admin
92fa9686-6f62-432c-8b89-5defb65cb8ea,75b2a243-a55f-46a0-853d-af642f91fd2a,Z0014WKT,2026-08-20T00:00:00Z,admin,2026-08-20T00:00:00Z,admin
fb62e9f3-32d3-469d-bc11-0304f32301e3,75b2a243-a55f-46a0-853d-af642f91fd2a,Z0039MYX,2026-08-20T00:00:00Z,admin,2026-08-20T00:00:00Z,admin
ec1b715f-6f4c-4baa-8796-f840f68f96e1,75b2a243-a55f-46a0-853d-af642f91fd2a,Z0051EJU,2026-08-20T00:00:00Z,admin,2026-08-20T00:00:00Z,admin
96e9ead9-5e3d-4e0c-bcb9-14f2e2c7221c,75b2a243-a55f-46a0-853d-af642f91fd2a,Z003RN6R,2026-08-20T00:00:00Z,admin,2026-08-20T00:00:00Z,admin
b9d96652-35a5-4e08-9be6-0637d28a8520,75b2a243-a55f-46a0-853d-af642f91fd2a,Z0046D7W,2026-08-20T00:00:00Z,admin,2026-08-20T00:00:00Z,admin
47c180dd-778b-4314-a0e4-fb1e8d2fd109,75b2a243-a55f-46a0-853d-af642f91fd2a,Z000268E,2026-08-20T00:00:00Z,admin,2026-08-20T00:00:00Z,admin
5dbd0814-daea-4153-b6ef-4300c7c817e3,75b2a243-a55f-46a0-853d-af642f91fd2a,Z002JB9N,2026-08-20T00:00:00Z,admin,2026-08-20T00:00:00Z,admin
297b40b8-1777-40c3-9aed-2604663c4dca,75b2a243-a55f-46a0-853d-af642f91fd2a,Z002ZJEH,2026-08-20T00:00:00Z,admin,2026-08-20T00:00:00Z,admin
a10609f2-8f73-4508-a498-4765235757a7,75b2a243-a55f-46a0-853d-af642f91fd2a,Z0033TXK,2026-08-20T00:00:00Z,admin,2026-08-20T00:00:00Z,admin
4652f42a-62c6-45b2-85f5-0a96e71464fa,75b2a243-a55f-46a0-853d-af642f91fd2a,Z0037XDV,2026-08-20T00:00:00Z,admin,2026-08-20T00:00:00Z,admin
f99d7d7c-65a4-47a0-a786-5ce150a0e105,75b2a243-a55f-46a0-853d-af642f91fd2a,Z0030F0C,2026-08-20T00:00:00Z,admin,2026-08-20T00:00:00Z,admin
766328f9-d676-4762-94e6-3186ce122cb4,75b2a243-a55f-46a0-853d-af642f91fd2a,Z0049ETY,2026-08-20T00:00:00Z,admin,2026-08-20T00:00:00Z,admin
ab59f7a4-17fe-43fc-8780-6fe625330dc7,75b2a243-a55f-46a0-853d-af642f91fd2a,Z00531ED,2026-08-20T00:00:00Z,admin,2026-08-20T00:00:00Z,admin
12a4474e-3ac4-45ae-b846-c4199b10fd58,75b2a243-a55f-46a0-853d-af642f91fd2a,Z00578UN,2026-08-20T00:00:00Z,admin,2026-08-20T00:00:00Z,admin
c2d54168-2171-42d4-8f58-8c886d136e9f,75b2a243-a55f-46a0-853d-af642f91fd2a,Z0022MPU,2026-08-20T00:00:00Z,admin,2026-08-20T00:00:00Z,admin
69d9f7ec-56cd-4bfb-a6d4-e2f1dcfb4423,75b2a243-a55f-46a0-853d-af642f91fd2a,Z00360RB,2026-08-20T00:00:00Z,admin,2026-08-20T00:00:00Z,admin
1531c5b2-770d-42b1-9e6c-b2902d722c22,75b2a243-a55f-46a0-853d-af642f91fd2a,Z00580YJ,2026-08-20T00:00:00Z,admin,2026-08-20T00:00:00Z,admin
4fa51d1c-ca04-4667-b45b-68cefd9850ae,75b2a243-a55f-46a0-853d-af642f91fd2a,Z004XVAB,2026-08-20T00:00:00Z,admin,2026-08-20T00:00:00Z,admin
673c7e50-1b75-42f0-aa59-82059a9aab60,75b2a243-a55f-46a0-853d-af642f91fd2a,Z00503ZF,2026-08-20T00:00:00Z,admin,2026-08-20T00:00:00Z,admin
06934c88-377f-450e-b984-2d7d844c2258,75b2a243-a55f-46a0-853d-af642f91fd2a,Z0053X3Z,2026-08-20T00:00:00Z,admin,2026-08-20T00:00:00Z,admin
c9a9e3d7-2075-426c-a872-e9d6342faa66,75b2a243-a55f-46a0-853d-af642f91fd2a,Z004Z8HY,2026-08-20T00:00:00Z,admin,2026-08-20T00:00:00Z,admin
f952fe8b-cc64-4705-9c9c-bdeda5841ad9,75b2a243-a55f-46a0-853d-af642f91fd2a,Z00366PH,2026-08-20T00:00:00Z,admin,2026-08-20T00:00:00Z,admin
e607d27f-c39f-4bee-9158-f90b9987be72,75b2a243-a55f-46a0-853d-af642f91fd2a,Z002M9XR,2026-08-20T00:00:00Z,admin,2026-08-20T00:00:00Z,admin
cda29ef0-6d13-4f0a-ad9b-bf1ee700a884,75b2a243-a55f-46a0-853d-af642f91fd2a,Z0059DWT,2026-08-20T00:00:00Z,admin,2026-08-20T00:00:00Z,admin
4db29c06-2747-4912-8a83-cee6cb98e7e5,75b2a243-a55f-46a0-853d-af642f91fd2a,Z005989N,2026-08-20T00:00:00Z,admin,2026-08-20T00:00:00Z,admin
9f17ff5e-66d1-4f51-b76d-715004758f2e,75b2a243-a55f-46a0-853d-af642f91fd2a,Z0059DYC,2026-08-20T00:00:00Z,admin,2026-08-20T00:00:00Z,admin
bde0e6c7-a16c-42ee-b08d-e98495388328,75b2a243-a55f-46a0-853d-af642f91fd2a,Z0047WTV,2026-08-20T00:00:00Z,admin,2026-08-20T00:00:00Z,admin
2e9e8276-ef55-4128-b9a6-abbe536198d6,75b2a243-a55f-46a0-853d-af642f91fd2a,Z0043CUZ,2026-08-20T00:00:00Z,admin,2026-08-20T00:00:00Z,admin
8610ce19-928f-4341-a969-77e7ecc9d49f,75b2a243-a55f-46a0-853d-af642f91fd2a,Z0054BAR,2026-08-20T00:00:00Z,admin,2026-08-20T00:00:00Z,admin
3aef780b-4432-454c-a916-ab74227aad88,75b2a243-a55f-46a0-853d-af642f91fd2a,Z004E75V,2026-08-20T00:00:00Z,admin,2026-08-20T00:00:00Z,admin
e3390d75-4ec5-4414-9f6d-cf8817375e24,651c80d3-1d6c-4fed-8230-0ebd73248470,Z004TAMU,2026-08-20T00:00:00Z,admin,2026-08-20T00:00:00Z,admin
d406eb1f-2a6f-454e-a53d-32a1ff9758cc,651c80d3-1d6c-4fed-8230-0ebd73248470,Z00531DY,2026-08-20T00:00:00Z,admin,2026-08-20T00:00:00Z,admin
7c9148a7-db89-4162-8918-bad443b7492f,651c80d3-1d6c-4fed-8230-0ebd73248470,Z004XVAC,2026-08-20T00:00:00Z,admin,2026-08-20T00:00:00Z,admin
d19dff9a-abba-4062-99c8-f85ece5b665a,651c80d3-1d6c-4fed-8230-0ebd73248470,Z0052TYP,2026-08-20T00:00:00Z,admin,2026-08-20T00:00:00Z,admin
f28ce407-50f1-417a-be6c-331df02ff732,651c80d3-1d6c-4fed-8230-0ebd73248470,Z002Z66N,2026-08-20T00:00:00Z,admin,2026-08-20T00:00:00Z,admin
81ec8f8a-fb80-4a0b-9886-a69251da25bd,651c80d3-1d6c-4fed-8230-0ebd73248470,Z004YK1R,2026-08-20T00:00:00Z,admin,2026-08-20T00:00:00Z,admin
64ea6cac-6629-45be-abfb-1127871f493d,651c80d3-1d6c-4fed-8230-0ebd73248470,Z004Z7ZE,2026-08-20T00:00:00Z,admin,2026-08-20T00:00:00Z,admin
4b00fac5-bede-4f30-9c15-7ec4b8013eab,651c80d3-1d6c-4fed-8230-0ebd73248470,Z0054KNE,2026-08-20T00:00:00Z,admin,2026-08-20T00:00:00Z,admin
e4048b95-e281-46a1-8fc5-70aa9ac7785d,651c80d3-1d6c-4fed-8230-0ebd73248470,Z0028XMJ,2026-08-20T00:00:00Z,admin,2026-08-20T00:00:00Z,admin
395fc1f5-0257-4973-bb21-204835399df4,651c80d3-1d6c-4fed-8230-0ebd73248470,Z004FUJT,2026-08-20T00:00:00Z,admin,2026-08-20T00:00:00Z,admin
8fcda26d-d9df-4ab1-ae76-d210d9587e80,651c80d3-1d6c-4fed-8230-0ebd73248470,Z001WYDU,2026-08-20T00:00:00Z,admin,2026-08-20T00:00:00Z,admin
e080413b-4fb8-4d0d-b499-36962a5f7014,651c80d3-1d6c-4fed-8230-0ebd73248470,Z0014WKT,2026-08-20T00:00:00Z,admin,2026-08-20T00:00:00Z,admin
e415c19f-4972-455b-8a41-89f768a32d78,651c80d3-1d6c-4fed-8230-0ebd73248470,Z0039MYX,2026-08-20T00:00:00Z,admin,2026-08-20T00:00:00Z,admin
a7671a05-22b3-4eb6-8eae-8079a7b46a9f,651c80d3-1d6c-4fed-8230-0ebd73248470,Z0051EJU,2026-08-20T00:00:00Z,admin,2026-08-20T00:00:00Z,admin
534f1626-38cc-43e8-8c5f-2a15a8a7abcf,651c80d3-1d6c-4fed-8230-0ebd73248470,Z003RN6R,2026-08-20T00:00:00Z,admin,2026-08-20T00:00:00Z,admin
c0e8c79e-6946-4239-acac-571facc32b0c,651c80d3-1d6c-4fed-8230-0ebd73248470,Z0046D7W,2026-08-20T00:00:00Z,admin,2026-08-20T00:00:00Z,admin
11eed033-0375-40fd-9be9-79217f186735,651c80d3-1d6c-4fed-8230-0ebd73248470,Z000268E,2026-08-20T00:00:00Z,admin,2026-08-20T00:00:00Z,admin
0ab22cb1-226d-48cf-93a6-47bc05876c45,651c80d3-1d6c-4fed-8230-0ebd73248470,Z002JB9N,2026-08-20T00:00:00Z,admin,2026-08-20T00:00:00Z,admin
422f9f1d-e756-414f-be3f-13804d037c6b,651c80d3-1d6c-4fed-8230-0ebd73248470,Z002ZJEH,2026-08-20T00:00:00Z,admin,2026-08-20T00:00:00Z,admin
4649f340-d71d-40e8-8ec4-3482289b011b,651c80d3-1d6c-4fed-8230-0ebd73248470,Z0033TXK,2026-08-20T00:00:00Z,admin,2026-08-20T00:00:00Z,admin
4268bce2-9f2e-4e52-80ff-592ba3d9ec36,651c80d3-1d6c-4fed-8230-0ebd73248470,Z0037XDV,2026-08-20T00:00:00Z,admin,2026-08-20T00:00:00Z,admin
e6a4e026-43de-46f8-a1bb-f3153415e5a2,651c80d3-1d6c-4fed-8230-0ebd73248470,Z0030F0C,2026-08-20T00:00:00Z,admin,2026-08-20T00:00:00Z,admin
79f7a4e0-6830-430c-8455-f13d86f41c2d,651c80d3-1d6c-4fed-8230-0ebd73248470,Z0049ETY,2026-08-20T00:00:00Z,admin,2026-08-20T00:00:00Z,admin
256b0498-9ba2-47ff-80c1-ae8e1a473b5b,651c80d3-1d6c-4fed-8230-0ebd73248470,Z00531ED,2026-08-20T00:00:00Z,admin,2026-08-20T00:00:00Z,admin
607aa618-9d3e-4ee7-9554-3f562cbc94a3,651c80d3-1d6c-4fed-8230-0ebd73248470,Z00578UN,2026-08-20T00:00:00Z,admin,2026-08-20T00:00:00Z,admin
0d79be7c-0287-4476-b5d5-035f2eaf4927,651c80d3-1d6c-4fed-8230-0ebd73248470,Z0022MPU,2026-08-20T00:00:00Z,admin,2026-08-20T00:00:00Z,admin
6de254b9-64fb-4572-a7b1-85ccbd646d15,651c80d3-1d6c-4fed-8230-0ebd73248470,Z00360RB,2026-08-20T00:00:00Z,admin,2026-08-20T00:00:00Z,admin
33562789-d4b2-4f45-b59f-b2792370085c,651c80d3-1d6c-4fed-8230-0ebd73248470,Z00580YJ,2026-08-20T00:00:00Z,admin,2026-08-20T00:00:00Z,admin
8e175027-a5e0-4702-9651-8855314f5525,651c80d3-1d6c-4fed-8230-0ebd73248470,Z004XVAB,2026-08-20T00:00:00Z,admin,2026-08-20T00:00:00Z,admin
812d43b6-1ba6-4c06-8848-3d1970876328,651c80d3-1d6c-4fed-8230-0ebd73248470,Z00503ZF,2026-08-20T00:00:00Z,admin,2026-08-20T00:00:00Z,admin
d8da1ebe-0ca0-4d50-86f6-66248278b3df,651c80d3-1d6c-4fed-8230-0ebd73248470,Z0053X3Z,2026-08-20T00:00:00Z,admin,2026-08-20T00:00:00Z,admin
3a788862-71b8-4256-ab6c-c1e6f400f578,651c80d3-1d6c-4fed-8230-0ebd73248470,Z004Z8HY,2026-08-20T00:00:00Z,admin,2026-08-20T00:00:00Z,admin
3650d927-181b-41f6-9fef-0a1ad54588f4,651c80d3-1d6c-4fed-8230-0ebd73248470,Z00366PH,2026-08-20T00:00:00Z,admin,2026-08-20T00:00:00Z,admin
f6654c69-c79b-420c-b8c8-0143630eeef0,651c80d3-1d6c-4fed-8230-0ebd73248470,Z002M9XR,2026-08-20T00:00:00Z,admin,2026-08-20T00:00:00Z,admin
617fc80b-a00a-4174-ad6a-18a1dd11369c,651c80d3-1d6c-4fed-8230-0ebd73248470,Z0059DWT,2026-08-20T00:00:00Z,admin,2026-08-20T00:00:00Z,admin
f7af2f61-98bb-48ea-9fef-ea88f5afdb10,651c80d3-1d6c-4fed-8230-0ebd73248470,Z005989N,2026-08-20T00:00:00Z,admin,2026-08-20T00:00:00Z,admin
942df025-1f27-4b28-b2af-49998cb087fb,651c80d3-1d6c-4fed-8230-0ebd73248470,Z0059DYC,2026-08-20T00:00:00Z,admin,2026-08-20T00:00:00Z,admin
022c413b-6a55-4f65-bed6-76dbbbb3b1d5,651c80d3-1d6c-4fed-8230-0ebd73248470,Z0047WTV,2026-08-20T00:00:00Z,admin,2026-08-20T00:00:00Z,admin
